exception_id,exception_type,domain,source_system,region,asset_class,missing_field_count,age_days,break_amount,price_movement_pct,duplicate_flag,currency_mismatch_flag,refresh_delay_hours,severity,root_cause,owner,sla_hours,resolution_label,created_at,sla_status,recurrence_count,is_high_value_break,predicted_exception_type,confidence_score,owner_recommendation,root_cause_hint,recommended_action,sme_review_flag,priority_score,explainability_summary,anomaly_score,anomaly_flag,reason_code,severity_recommendation
EXC0000000,Position Reconciliation Break,Positions,Bloomberg,Americas,Derivative,1,19,244822.88,1.8,0,0,14,Critical,Position Reconciliation Break pattern detected from source controls,Reconciliation,8,Resolved,2026-04-13,Breached,32,1,Position Reconciliation Break,0.87,Reconciliation,Most similar historical pattern: Position Reconciliation Break,"Compare IBOR, ABOR, and custodian balances; prioritize material value gaps.",False,82.2,"Position Reconciliation Break in Positions from Bloomberg is ranked Critical because the item is 19 days old, has a break amount of 244822.88, and carries confidence 0.87.",0.6349,True,High-value reconciliation break,High
EXC0000001,Missing Client Mapping,Client Data,Aladdin,Americas,Corporate Bond,2,20,2065.98,0.71,0,0,15,High,Missing Client Mapping pattern detected from source controls,Client Data Ops,24,Resolved,2026-04-15,Breached,11,0,Missing Client Mapping,0.965,Client Data Ops,Most similar historical pattern: Missing Client Mapping,Route to client-data operations to complete portfolio and account mapping.,False,52.2,"Missing Client Mapping in Client Data from Aladdin is ranked High because the item is 20 days old, has a break amount of 2065.98, and carries confidence 0.965.",0.1265,False,Aging unresolved item,High
EXC0000002,Missing Client Mapping,Client Data,ABOR,APAC,Government Bond,1,21,1353.37,-3.61,0,0,12,Medium,Missing Client Mapping pattern detected from source controls,Client Data Ops,48,Open,2026-04-14,Breached,18,0,Missing Client Mapping,0.884,Client Data Ops,Most similar historical pattern: Missing Client Mapping,Route to client-data operations to complete portfolio and account mapping.,False,44.5,"Missing Client Mapping in Client Data from ABOR is ranked Medium because the item is 21 days old, has a break amount of 1353.37, and carries confidence 0.884.",0.3013,False,Aging unresolved item,Medium
EXC0000003,Position Reconciliation Break,Positions,Bloomberg,APAC,ETF,0,11,37258.03,-2.72,0,0,1,High,Position Reconciliation Break pattern detected from source controls,Reconciliation,24,Resolved,2026-05-15,Breached,32,0,Position Reconciliation Break,0.862,Reconciliation,Most similar historical pattern: Position Reconciliation Break,"Compare IBOR, ABOR, and custodian balances; prioritize material value gaps.",False,56.9,"Position Reconciliation Break in Positions from Bloomberg is ranked High because the item is 11 days old, has a break amount of 37258.03, and carries confidence 0.862.",0.2482,False,Multi-factor isolation signal,High
EXC0000004,Unknown / Needs SME Review,Reference Data,Refinitiv,EMEA,Equity,1,18,1341.89,8.49,0,0,4,Medium,Unknown / Needs SME Review pattern detected from source controls,Reference Data Ops,48,Resolved,2026-05-04,Breached,11,0,Unknown / Needs SME Review,0.628,Reference Data Ops,Most similar historical pattern: Unknown / Needs SME Review,Send to SME review with source evidence and model explanation.,True,46.8,"Unknown / Needs SME Review in Reference Data from Refinitiv is ranked Medium because the item is 18 days old, has a break amount of 1341.89, and carries confidence 0.628.",0.235,False,Aging unresolved item,Medium
EXC0000005,Stale Price,Pricing,Custodian,EMEA,Corporate Bond,1,19,4559.23,3.45,0,0,38,High,Stale Price pattern detected from source controls,Pricing Control,24,Resolved,2026-04-08,Breached,21,0,Stale Price,0.921,Pricing Control,Most similar historical pattern: Stale Price,"Check vendor price history, compare secondary source, and escalate material moves.",False,53.2,"Stale Price in Pricing from Custodian is ranked High because the item is 19 days old, has a break amount of 4559.23, and carries confidence 0.921.",0.3346,False,Aging unresolved item,High
EXC0000006,Missing Reference Data,Reference Data,Aladdin,Americas,ETF,1,6,3452.66,4.75,0,0,13,Medium,Missing Reference Data pattern detected from source controls,Reference Data Ops,48,Resolved,2026-05-04,Breached,22,0,Unknown / Needs SME Review,0.508,Reference Data Ops,Most similar historical pattern: Unknown / Needs SME Review,Send to SME review with source evidence and model explanation.,True,48.6,"Unknown / Needs SME Review in Reference Data from Aladdin is ranked Medium because the item is 6 days old, has a break amount of 3452.66, and carries confidence 0.508.",0.0815,False,Multi-factor isolation signal,Medium
EXC0000007,Trade Match Break,Trades,Custodian,EMEA,ETF,0,2,27130.14,7.9,0,0,19,Medium,Trade Match Break pattern detected from source controls,Trade Support,48,Open,2026-03-23,Within SLA,24,0,Trade Match Break,0.747,Trade Support,Most similar historical pattern: Trade Match Break,Review counterparty economic fields and run fuzzy security/client match.,False,28.2,"Trade Match Break in Trades from Custodian is ranked Medium because the item is 2 days old, has a break amount of 27130.14, and carries confidence 0.747.",0.3105,False,Multi-factor isolation signal,Medium
EXC0000008,Missing Client Mapping,Client Data,Murex,Americas,ETF,3,8,882.11,0.71,0,0,1,Low,Missing Client Mapping pattern detected from source controls,Client Data Ops,72,Resolved,2026-05-15,Breached,12,0,Missing Client Mapping,0.976,Client Data Ops,Most similar historical pattern: Missing Client Mapping,Route to client-data operations to complete portfolio and account mapping.,False,34.5,"Missing Client Mapping in Client Data from Murex is ranked Low because the item is 8 days old, has a break amount of 882.11, and carries confidence 0.976.",0.0887,False,Multi-factor isolation signal,Low
EXC0000009,Missing Reference Data,Reference Data,SimCorp,APAC,Equity,3,14,609.29,1.27,0,0,3,Low,Missing Reference Data pattern detected from source controls,Reference Data Ops,72,Resolved,2026-04-29,Breached,15,0,Missing Reference Data,0.812,Reference Data Ops,Most similar historical pattern: Missing Reference Data,"Validate security master fields, enrich ISIN/ticker, and rerun downstream load.",False,36.3,"Missing Reference Data in Reference Data from SimCorp is ranked Low because the item is 14 days old, has a break amount of 609.29, and carries confidence 0.812.",0.0454,False,Aging unresolved item,Low
EXC0000010,Position Reconciliation Break,Positions,Murex,EMEA,Corporate Bond,0,2,142843.68,-2.5,0,0,13,High,Position Reconciliation Break pattern detected from source controls,Reconciliation,24,Escalated,2026-04-28,Breached,23,1,Position Reconciliation Break,0.829,Reconciliation,Most similar historical pattern: Position Reconciliation Break,"Compare IBOR, ABOR, and custodian balances; prioritize material value gaps.",False,65.3,"Position Reconciliation Break in Positions from Murex is ranked High because the item is 2 days old, has a break amount of 142843.68, and carries confidence 0.829.",0.4765,True,High-value reconciliation break,High
EXC0000011,Position Reconciliation Break,Positions,Bloomberg,Americas,Derivative,1,14,68025.97,0.9,0,0,0,Critical,Position Reconciliation Break pattern detected from source controls,Reconciliation,8,Escalated,2026-05-12,Breached,32,1,Position Reconciliation Break,0.87,Reconciliation,Most similar historical pattern: Position Reconciliation Break,"Compare IBOR, ABOR, and custodian balances; prioritize material value gaps.",False,68.0,"Position Reconciliation Break in Positions from Bloomberg is ranked Critical because the item is 14 days old, has a break amount of 68025.97, and carries confidence 0.87.",0.2825,False,High-value reconciliation break,Critical
EXC0000012,Missing Client Mapping,Client Data,Aladdin,Americas,Derivative,3,7,1856.83,0.83,0,0,1,Low,Missing Client Mapping pattern detected from source controls,Client Data Ops,72,Open,2026-03-21,Breached,11,0,Missing Client Mapping,0.976,Client Data Ops,Most similar historical pattern: Missing Client Mapping,Route to client-data operations to complete portfolio and account mapping.,False,34.6,"Missing Client Mapping in Client Data from Aladdin is ranked Low because the item is 7 days old, has a break amount of 1856.83, and carries confidence 0.976.",0.092,False,Multi-factor isolation signal,Low
EXC0000013,Delayed Source Load,Source Control,Refinitiv,EMEA,Government Bond,1,9,1073.75,0.64,0,0,49,Low,Delayed Source Load pattern detected from source controls,Source Systems,72,Open,2026-05-04,Breached,14,0,Delayed Source Load,0.979,Source Systems,Most similar historical pattern: Delayed Source Load,Check source-system batch status and notify technology owner if SLA breached.,False,34.6,"Delayed Source Load in Source Control from Refinitiv is ranked Low because the item is 9 days old, has a break amount of 1073.75, and carries confidence 0.979.",0.2361,False,Late source refresh,Low
EXC0000014,Price Outlier,Pricing,SimCorp,EMEA,Government Bond,1,8,3649.12,14.69,0,0,13,Medium,Price Outlier pattern detected from source controls,Pricing Control,48,Resolved,2026-03-26,Breached,12,0,Price Outlier,0.959,Pricing Control,Most similar historical pattern: Price Outlier,"Check vendor price history, compare secondary source, and escalate material moves.",False,43.7,"Price Outlier in Pricing from SimCorp is ranked Medium because the item is 8 days old, has a break amount of 3649.12, and carries confidence 0.959.",0.2807,False,Large price/return move,Medium
EXC0000015,Price Outlier,Pricing,Refinitiv,Americas,Equity,0,16,2459.2,29.58,0,0,19,Medium,Price Outlier pattern detected from source controls,Pricing Control,48,Resolved,2026-04-11,Breached,13,0,Price Outlier,0.925,Pricing Control,Most similar historical pattern: Price Outlier,"Check vendor price history, compare secondary source, and escalate material moves.",False,44.0,"Price Outlier in Pricing from Refinitiv is ranked Medium because the item is 16 days old, has a break amount of 2459.2, and carries confidence 0.925.",0.5926,True,Large price/return move,High
EXC0000016,Invalid Currency,Reference Data,SimCorp,EMEA,ETF,0,7,216.8,3.92,0,1,19,Low,Invalid Currency pattern detected from source controls,Reference Data Ops,72,Resolved,2026-04-16,Breached,20,0,Invalid Currency,0.834,Reference Data Ops,Most similar historical pattern: Invalid Currency,"Validate security currency, trade currency, and portfolio base currency mapping.",False,36.2,"Invalid Currency in Reference Data from SimCorp is ranked Low because the item is 7 days old, has a break amount of 216.8, and carries confidence 0.834.",0.0865,False,Multi-factor isolation signal,Low
EXC0000017,Delayed Source Load,Source Control,IBOR,APAC,Equity,0,10,1973.05,-1.43,0,0,49,Medium,Delayed Source Load pattern detected from source controls,Source Systems,48,Open,2026-03-21,Breached,15,0,Delayed Source Load,0.968,Source Systems,Most similar historical pattern: Delayed Source Load,Check source-system batch status and notify technology owner if SLA breached.,False,43.6,"Delayed Source Load in Source Control from IBOR is ranked Medium because the item is 10 days old, has a break amount of 1973.05, and carries confidence 0.968.",0.2709,False,Late source refresh,Medium
EXC0000018,Stale Price,Pricing,Bloomberg,EMEA,Equity,1,13,3308.93,1.69,0,0,60,Medium,Stale Price pattern detected from source controls,Pricing Control,48,Resolved,2026-05-18,Breached,12,0,Stale Price,0.938,Pricing Control,Most similar historical pattern: Stale Price,"Check vendor price history, compare secondary source, and escalate material moves.",False,43.9,"Stale Price in Pricing from Bloomberg is ranked Medium because the item is 13 days old, has a break amount of 3308.93, and carries confidence 0.938.",0.3186,False,Late source refresh,Medium
EXC0000019,Invalid Currency,Reference Data,IBOR,EMEA,Government Bond,1,18,2125.89,2.48,0,1,6,Medium,Invalid Currency pattern detected from source controls,Reference Data Ops,48,Resolved,2026-04-01,Breached,11,0,Invalid Currency,0.846,Reference Data Ops,Most similar historical pattern: Invalid Currency,"Validate security currency, trade currency, and portfolio base currency mapping.",False,44.7,"Invalid Currency in Reference Data from IBOR is ranked Medium because the item is 18 days old, has a break amount of 2125.89, and carries confidence 0.846.",0.102,False,Aging unresolved item,Medium
EXC0000020,Price Outlier,Pricing,SimCorp,EMEA,Derivative,0,10,2879.02,18.74,0,0,14,Medium,Price Outlier pattern detected from source controls,Pricing Control,48,Open,2026-03-29,Breached,12,0,Price Outlier,0.94,Pricing Control,Most similar historical pattern: Price Outlier,"Check vendor price history, compare secondary source, and escalate material moves.",False,43.8,"Price Outlier in Pricing from SimCorp is ranked Medium because the item is 10 days old, has a break amount of 2879.02, and carries confidence 0.94.",0.3025,False,Large price/return move,Medium
EXC0000021,Stale Price,Pricing,Aladdin,APAC,Derivative,1,2,1464.43,1.91,0,0,38,Low,Stale Price pattern detected from source controls,Pricing Control,72,Resolved,2026-04-03,Within SLA,20,0,Stale Price,0.94,Pricing Control,Most similar historical pattern: Stale Price,"Check vendor price history, compare secondary source, and escalate material moves.",False,15.3,"Stale Price in Pricing from Aladdin is ranked Low because the item is 2 days old, has a break amount of 1464.43, and carries confidence 0.94.",0.2487,False,Multi-factor isolation signal,Low
EXC0000022,Trade Match Break,Trades,Bloomberg,EMEA,Government Bond,0,12,16936.79,1.21,0,0,12,High,Trade Match Break pattern detected from source controls,Trade Support,24,Open,2026-04-15,Breached,40,0,Trade Match Break,0.911,Trade Support,Most similar historical pattern: Trade Match Break,Review counterparty economic fields and run fuzzy security/client match.,False,55.1,"Trade Match Break in Trades from Bloomberg is ranked High because the item is 12 days old, has a break amount of 16936.79, and carries confidence 0.911.",0.0349,False,Multi-factor isolation signal,High
EXC0000023,Missing Client Mapping,Client Data,IBOR,APAC,Government Bond,4,0,1745.02,4.34,0,0,2,Low,Missing Client Mapping pattern detected from source controls,Client Data Ops,72,Resolved,2026-04-28,Within SLA,15,0,Missing Client Mapping,0.965,Client Data Ops,Most similar historical pattern: Missing Client Mapping,Route to client-data operations to complete portfolio and account mapping.,False,14.8,"Missing Client Mapping in Client Data from IBOR is ranked Low because the item is 0 days old, has a break amount of 1745.02, and carries confidence 0.965.",0.2529,False,Multi-factor isolation signal,Low
EXC0000024,Missing Client Mapping,Client Data,Murex,APAC,Government Bond,4,14,2094.91,0.98,0,0,5,Medium,Missing Client Mapping pattern detected from source controls,Client Data Ops,48,Escalated,2026-05-10,Breached,12,0,Missing Client Mapping,0.972,Client Data Ops,Most similar historical pattern: Missing Client Mapping,Route to client-data operations to complete portfolio and account mapping.,False,43.4,"Missing Client Mapping in Client Data from Murex is ranked Medium because the item is 14 days old, has a break amount of 2094.91, and carries confidence 0.972.",0.0401,False,Aging unresolved item,Medium
EXC0000025,Position Reconciliation Break,Positions,Murex,Americas,Government Bond,0,8,42428.1,2.8,0,0,18,High,Position Reconciliation Break pattern detected from source controls,Reconciliation,24,Suppressed,2026-04-13,Breached,23,0,Position Reconciliation Break,0.818,Reconciliation,Most similar historical pattern: Position Reconciliation Break,"Compare IBOR, ABOR, and custodian balances; prioritize material value gaps.",False,57.4,"Position Reconciliation Break in Positions from Murex is ranked High because the item is 8 days old, has a break amount of 42428.1, and carries confidence 0.818.",0.1334,False,Multi-factor isolation signal,High
EXC0000026,Invalid Currency,Reference Data,Aladdin,APAC,ETF,1,14,4332.88,2.72,0,1,15,High,Invalid Currency pattern detected from source controls,Reference Data Ops,24,Resolved,2026-04-23,Breached,7,0,Invalid Currency,0.93,Reference Data Ops,Most similar historical pattern: Invalid Currency,"Validate security currency, trade currency, and portfolio base currency mapping.",False,52.6,"Invalid Currency in Reference Data from Aladdin is ranked High because the item is 14 days old, has a break amount of 4332.88, and carries confidence 0.93.",0.0329,False,Aging unresolved item,High
EXC0000027,Trade Match Break,Trades,Murex,Americas,ETF,1,2,45481.16,0.32,0,0,16,Medium,Trade Match Break pattern detected from source controls,Trade Support,48,Resolved,2026-04-25,Within SLA,20,0,Trade Match Break,0.895,Trade Support,Most similar historical pattern: Trade Match Break,Review counterparty economic fields and run fuzzy security/client match.,False,28.0,"Trade Match Break in Trades from Murex is ranked Medium because the item is 2 days old, has a break amount of 45481.16, and carries confidence 0.895.",0.2159,False,Multi-factor isolation signal,Medium
EXC0000028,Stale Price,Pricing,Refinitiv,Americas,Government Bond,1,10,1182.26,-0.11,0,0,68,Low,Stale Price pattern detected from source controls,Pricing Control,72,Resolved,2026-03-23,Breached,21,0,Stale Price,0.923,Pricing Control,Most similar historical pattern: Stale Price,"Check vendor price history, compare secondary source, and escalate material moves.",False,35.5,"Stale Price in Pricing from Refinitiv is ranked Low because the item is 10 days old, has a break amount of 1182.26, and carries confidence 0.923.",0.3064,False,Late source refresh,Low
EXC0000029,Delayed Source Load,Source Control,Aladdin,Americas,Corporate Bond,0,3,709.84,1.42,0,0,24,Low,Delayed Source Load pattern detected from source controls,Source Systems,72,Escalated,2026-05-16,Within SLA,12,0,Delayed Source Load,0.917,Source Systems,Most similar historical pattern: Delayed Source Load,Check source-system batch status and notify technology owner if SLA breached.,False,15.1,"Delayed Source Load in Source Control from Aladdin is ranked Low because the item is 3 days old, has a break amount of 709.84, and carries confidence 0.917.",0.1694,False,Multi-factor isolation signal,Low
EXC0000030,Missing Reference Data,Reference Data,SimCorp,APAC,Derivative,1,12,616.34,0.42,0,0,10,Low,Missing Reference Data pattern detected from source controls,Reference Data Ops,72,Resolved,2026-05-07,Breached,15,0,Unknown / Needs SME Review,0.499,Reference Data Ops,Most similar historical pattern: Unknown / Needs SME Review,Send to SME review with source evidence and model explanation.,True,39.4,"Unknown / Needs SME Review in Reference Data from SimCorp is ranked Low because the item is 12 days old, has a break amount of 616.34, and carries confidence 0.499.",0.026,False,Multi-factor isolation signal,Low
EXC0000031,Performance Return Outlier,Positions,Murex,EMEA,ETF,1,1,75688.97,4.25,0,0,15,High,Performance Return Outlier pattern detected from source controls,Reconciliation,24,Open,2026-04-20,Within SLA,10,1,Position Reconciliation Break,0.499,Reconciliation,Most similar historical pattern: Position Reconciliation Break,"Compare IBOR, ABOR, and custodian balances; prioritize material value gaps.",True,42.7,"Position Reconciliation Break in Positions from Murex is ranked High because the item is 1 days old, has a break amount of 75688.97, and carries confidence 0.499.",0.3401,False,High-value reconciliation break,High
EXC0000032,Missing Client Mapping,Client Data,Custodian,EMEA,Government Bond,1,11,2893.64,3.3,0,0,2,Medium,Missing Client Mapping pattern detected from source controls,Client Data Ops,48,Resolved,2026-03-23,Breached,11,0,Missing Client Mapping,0.939,Client Data Ops,Most similar historical pattern: Missing Client Mapping,Route to client-data operations to complete portfolio and account mapping.,False,43.8,"Missing Client Mapping in Client Data from Custodian is ranked Medium because the item is 11 days old, has a break amount of 2893.64, and carries confidence 0.939.",0.0454,False,Multi-factor isolation signal,Medium
EXC0000033,Invalid Currency,Reference Data,SimCorp,Americas,Corporate Bond,0,9,2508.24,2.93,0,1,15,Medium,Invalid Currency pattern detected from source controls,Reference Data Ops,48,Escalated,2026-04-17,Breached,20,0,Invalid Currency,0.944,Reference Data Ops,Most similar historical pattern: Invalid Currency,"Validate security currency, trade currency, and portfolio base currency mapping.",False,44.1,"Invalid Currency in Reference Data from SimCorp is ranked Medium because the item is 9 days old, has a break amount of 2508.24, and carries confidence 0.944.",0.0296,False,Multi-factor isolation signal,Medium
EXC0000034,Position Reconciliation Break,Positions,ABOR,EMEA,Government Bond,1,2,28425.07,-0.36,0,0,12,Medium,Position Reconciliation Break pattern detected from source controls,Reconciliation,48,Resolved,2026-04-21,Within SLA,21,0,Position Reconciliation Break,0.819,Reconciliation,Most similar historical pattern: Position Reconciliation Break,"Compare IBOR, ABOR, and custodian balances; prioritize material value gaps.",False,27.4,"Position Reconciliation Break in Positions from ABOR is ranked Medium because the item is 2 days old, has a break amount of 28425.07, and carries confidence 0.819.",0.1809,False,Multi-factor isolation signal,Medium
EXC0000035,Delayed Source Load,Source Control,Bloomberg,EMEA,Derivative,0,16,1147.45,-0.6,0,0,72,Medium,Delayed Source Load pattern detected from source controls,Source Systems,48,Resolved,2026-03-30,Breached,10,0,Delayed Source Load,0.96,Source Systems,Most similar historical pattern: Delayed Source Load,Check source-system batch status and notify technology owner if SLA breached.,False,43.4,"Delayed Source Load in Source Control from Bloomberg is ranked Medium because the item is 16 days old, has a break amount of 1147.45, and carries confidence 0.96.",0.3864,False,Late source refresh,Medium
EXC0000036,Missing Reference Data,Reference Data,Aladdin,EMEA,Corporate Bond,1,18,367.93,2.72,0,0,17,Low,Missing Reference Data pattern detected from source controls,Reference Data Ops,72,Resolved,2026-04-05,Breached,22,0,Unknown / Needs SME Review,0.517,Reference Data Ops,Most similar historical pattern: Unknown / Needs SME Review,Send to SME review with source evidence and model explanation.,True,39.5,"Unknown / Needs SME Review in Reference Data from Aladdin is ranked Low because the item is 18 days old, has a break amount of 367.93, and carries confidence 0.517.",0.0816,False,Aging unresolved item,Low
EXC0000037,Duplicate Record,Trades,Refinitiv,EMEA,Derivative,0,12,156597.9,5.88,1,0,15,Critical,Duplicate Record pattern detected from source controls,Trade Support,8,Suppressed,2026-04-04,Breached,12,1,Duplicate Record,0.839,Trade Support,Most similar historical pattern: Duplicate Record,Confirm duplicate key collision and suppress or merge after control approval.,False,74.6,"Duplicate Record in Trades from Refinitiv is ranked Critical because the item is 12 days old, has a break amount of 156597.9, and carries confidence 0.839.",0.4899,True,High-value reconciliation break,Critical
EXC0000038,Price Outlier,Pricing,ABOR,APAC,Corporate Bond,1,11,6789.22,9.87,0,0,14,Medium,Price Outlier pattern detected from source controls,Pricing Control,48,Resolved,2026-04-11,Breached,19,0,Price Outlier,0.95,Pricing Control,Most similar historical pattern: Price Outlier,"Check vendor price history, compare secondary source, and escalate material moves.",False,44.3,"Price Outlier in Pricing from ABOR is ranked Medium because the item is 11 days old, has a break amount of 6789.22, and carries confidence 0.95.",0.1908,False,Multi-factor isolation signal,Medium
EXC0000039,Duplicate Record,Trades,Bloomberg,EMEA,Equity,0,7,17813.36,4.5,1,0,10,Medium,Duplicate Record pattern detected from source controls,Trade Support,48,Resolved,2026-04-22,Breached,17,0,Duplicate Record,0.896,Trade Support,Most similar historical pattern: Duplicate Record,Confirm duplicate key collision and suppress or merge after control approval.,False,45.6,"Duplicate Record in Trades from Bloomberg is ranked Medium because the item is 7 days old, has a break amount of 17813.36, and carries confidence 0.896.",0.1254,False,Multi-factor isolation signal,Medium
EXC0000040,Invalid Currency,Reference Data,SimCorp,Americas,Equity,0,6,2539.27,0.74,0,1,19,Medium,Invalid Currency pattern detected from source controls,Reference Data Ops,48,Resolved,2026-04-15,Breached,20,0,Invalid Currency,0.945,Reference Data Ops,Most similar historical pattern: Invalid Currency,"Validate security currency, trade currency, and portfolio base currency mapping.",False,44.1,"Invalid Currency in Reference Data from SimCorp is ranked Medium because the item is 6 days old, has a break amount of 2539.27, and carries confidence 0.945.",0.0565,False,Multi-factor isolation signal,Medium
EXC0000041,Stale Price,Pricing,Bloomberg,EMEA,Equity,1,0,3728.62,2.54,0,0,86,Low,Stale Price pattern detected from source controls,Pricing Control,72,Open,2026-04-20,Within SLA,12,0,Stale Price,0.938,Pricing Control,Most similar historical pattern: Stale Price,"Check vendor price history, compare secondary source, and escalate material moves.",False,15.1,"Stale Price in Pricing from Bloomberg is ranked Low because the item is 0 days old, has a break amount of 3728.62, and carries confidence 0.938.",0.5916,True,Late source refresh,High
EXC0000042,Stale Price,Pricing,ABOR,Americas,Corporate Bond,1,10,923.28,1.17,0,0,50,Low,Stale Price pattern detected from source controls,Pricing Control,72,Resolved,2026-04-22,Breached,23,0,Stale Price,0.963,Pricing Control,Most similar historical pattern: Stale Price,"Check vendor price history, compare secondary source, and escalate material moves.",False,35.1,"Stale Price in Pricing from ABOR is ranked Low because the item is 10 days old, has a break amount of 923.28, and carries confidence 0.963.",0.2184,False,Late source refresh,Low
EXC0000043,Duplicate Record,Trades,SimCorp,APAC,ETF,0,11,49089.9,-0.32,1,0,15,High,Duplicate Record pattern detected from source controls,Trade Support,24,Resolved,2026-04-02,Breached,19,1,Duplicate Record,0.893,Trade Support,Most similar historical pattern: Duplicate Record,Confirm duplicate key collision and suppress or merge after control approval.,False,57.0,"Duplicate Record in Trades from SimCorp is ranked High because the item is 11 days old, has a break amount of 49089.9, and carries confidence 0.893.",0.1385,False,Multi-factor isolation signal,High
EXC0000044,Unknown / Needs SME Review,Reference Data,Refinitiv,Americas,Government Bond,0,0,2723.75,1.99,0,0,11,Low,Unknown / Needs SME Review pattern detected from source controls,Reference Data Ops,72,Resolved,2026-04-15,Within SLA,11,0,Unknown / Needs SME Review,0.488,Reference Data Ops,Most similar historical pattern: Unknown / Needs SME Review,Send to SME review with source evidence and model explanation.,True,19.5,"Unknown / Needs SME Review in Reference Data from Refinitiv is ranked Low because the item is 0 days old, has a break amount of 2723.75, and carries confidence 0.488.",0.1956,False,Multi-factor isolation signal,Low
EXC0000045,Invalid Currency,Reference Data,IBOR,APAC,ETF,1,7,857.47,-0.67,0,1,18,Low,Invalid Currency pattern detected from source controls,Reference Data Ops,72,Resolved,2026-05-02,Breached,11,0,Invalid Currency,0.927,Reference Data Ops,Most similar historical pattern: Invalid Currency,"Validate security currency, trade currency, and portfolio base currency mapping.",False,35.0,"Invalid Currency in Reference Data from IBOR is ranked Low because the item is 7 days old, has a break amount of 857.47, and carries confidence 0.927.",0.0658,False,Multi-factor isolation signal,Low
EXC0000046,Position Reconciliation Break,Positions,Aladdin,Americas,Equity,1,12,80182.29,-0.36,0,0,7,Critical,Position Reconciliation Break pattern detected from source controls,Reconciliation,8,Open,2026-04-11,Breached,20,1,Position Reconciliation Break,0.887,Reconciliation,Most similar historical pattern: Position Reconciliation Break,"Compare IBOR, ABOR, and custodian balances; prioritize material value gaps.",False,68.3,"Position Reconciliation Break in Positions from Aladdin is ranked Critical because the item is 12 days old, has a break amount of 80182.29, and carries confidence 0.887.",0.2196,False,High-value reconciliation break,Critical
EXC0000047,Performance Return Outlier,Positions,Custodian,EMEA,ETF,1,5,9039.92,17.41,0,0,15,Medium,Performance Return Outlier pattern detected from source controls,Reconciliation,48,Resolved,2026-04-28,Breached,7,0,Performance Return Outlier,0.855,Reconciliation,Most similar historical pattern: Performance Return Outlier,"Check vendor price history, compare secondary source, and escalate material moves.",False,45.0,"Performance Return Outlier in Positions from Custodian is ranked Medium because the item is 5 days old, has a break amount of 9039.92, and carries confidence 0.855.",0.3555,False,Large price/return move,Medium
EXC0000048,Delayed Source Load,Source Control,ABOR,EMEA,ETF,0,13,1312.17,0.65,0,0,90,Medium,Delayed Source Load pattern detected from source controls,Source Systems,48,Escalated,2026-04-01,Breached,22,0,Delayed Source Load,0.965,Source Systems,Most similar historical pattern: Delayed Source Load,Check source-system batch status and notify technology owner if SLA breached.,False,43.8,"Delayed Source Load in Source Control from ABOR is ranked Medium because the item is 13 days old, has a break amount of 1312.17, and carries confidence 0.965.",0.4295,False,Late source refresh,Medium
EXC0000049,Missing Client Mapping,Client Data,Custodian,APAC,Government Bond,3,9,455.83,1.43,0,0,18,Low,Missing Client Mapping pattern detected from source controls,Client Data Ops,72,Resolved,2026-03-26,Breached,11,0,Missing Client Mapping,0.978,Client Data Ops,Most similar historical pattern: Missing Client Mapping,Route to client-data operations to complete portfolio and account mapping.,False,34.4,"Missing Client Mapping in Client Data from Custodian is ranked Low because the item is 9 days old, has a break amount of 455.83, and carries confidence 0.978.",0.0374,False,Multi-factor isolation signal,Low
EXC0000050,Trade Match Break,Trades,SimCorp,Americas,ETF,0,20,19736.69,-3.67,0,0,3,Critical,Trade Match Break pattern detected from source controls,Trade Support,8,Resolved,2026-04-13,Breached,25,0,Trade Match Break,0.904,Trade Support,Most similar historical pattern: Trade Match Break,Review counterparty economic fields and run fuzzy security/client match.,False,63.5,"Trade Match Break in Trades from SimCorp is ranked Critical because the item is 20 days old, has a break amount of 19736.69, and carries confidence 0.904.",0.3305,False,Aging unresolved item,Critical
EXC0000051,Position Reconciliation Break,Positions,Custodian,APAC,Equity,1,3,65029.35,-0.83,0,0,3,High,Position Reconciliation Break pattern detected from source controls,Reconciliation,24,Open,2026-04-04,Breached,18,1,Position Reconciliation Break,0.875,Reconciliation,Most similar historical pattern: Position Reconciliation Break,"Compare IBOR, ABOR, and custodian balances; prioritize material value gaps.",False,58.4,"Position Reconciliation Break in Positions from Custodian is ranked High because the item is 3 days old, has a break amount of 65029.35, and carries confidence 0.875.",0.3145,False,Multi-factor isolation signal,High
EXC0000052,Price Outlier,Pricing,Murex,EMEA,Government Bond,0,0,2089.89,16.83,0,0,19,Low,Price Outlier pattern detected from source controls,Pricing Control,72,Suppressed,2026-05-11,Within SLA,17,0,Price Outlier,0.931,Pricing Control,Most similar historical pattern: Price Outlier,"Check vendor price history, compare secondary source, and escalate material moves.",False,15.3,"Price Outlier in Pricing from Murex is ranked Low because the item is 0 days old, has a break amount of 2089.89, and carries confidence 0.931.",0.4988,True,Large price/return move,Low
EXC0000053,Delayed Source Load,Source Control,SimCorp,Americas,ETF,1,7,921.76,1.48,0,0,30,Low,Delayed Source Load pattern detected from source controls,Source Systems,72,Resolved,2026-03-24,Breached,11,0,Delayed Source Load,0.92,Source Systems,Most similar historical pattern: Delayed Source Load,Check source-system batch status and notify technology owner if SLA breached.,False,35.1,"Delayed Source Load in Source Control from SimCorp is ranked Low because the item is 7 days old, has a break amount of 921.76, and carries confidence 0.92.",0.1665,False,Multi-factor isolation signal,Low
EXC0000054,Price Outlier,Pricing,SimCorp,APAC,Equity,0,17,1898.42,1.45,0,0,10,Medium,Price Outlier pattern detected from source controls,Pricing Control,48,Open,2026-04-09,Breached,12,0,Price Outlier,0.706,Pricing Control,Most similar historical pattern: Price Outlier,"Check vendor price history, compare secondary source, and escalate material moves.",True,46.1,"Price Outlier in Pricing from SimCorp is ranked Medium because the item is 17 days old, has a break amount of 1898.42, and carries confidence 0.706.",0.0476,False,Aging unresolved item,Medium
EXC0000055,Invalid Currency,Reference Data,Custodian,EMEA,Equity,1,20,4826.03,2.54,0,1,9,High,Invalid Currency pattern detected from source controls,Reference Data Ops,24,Open,2026-03-28,Breached,11,0,Invalid Currency,0.811,Reference Data Ops,Most similar historical pattern: Invalid Currency,"Validate security currency, trade currency, and portfolio base currency mapping.",False,54.0,"Invalid Currency in Reference Data from Custodian is ranked High because the item is 20 days old, has a break amount of 4826.03, and carries confidence 0.811.",0.1268,False,Aging unresolved item,High
EXC0000056,Delayed Source Load,Source Control,Refinitiv,EMEA,ETF,0,13,1768.27,1.23,0,0,75,Medium,Delayed Source Load pattern detected from source controls,Source Systems,48,Escalated,2026-04-04,Breached,14,0,Delayed Source Load,0.97,Source Systems,Most similar historical pattern: Delayed Source Load,Check source-system batch status and notify technology owner if SLA breached.,False,43.5,"Delayed Source Load in Source Control from Refinitiv is ranked Medium because the item is 13 days old, has a break amount of 1768.27, and carries confidence 0.97.",0.3121,False,Late source refresh,Medium
EXC0000057,Position Reconciliation Break,Positions,IBOR,EMEA,Government Bond,0,13,10483.94,-0.71,0,0,4,High,Position Reconciliation Break pattern detected from source controls,Reconciliation,24,Escalated,2026-04-04,Breached,27,0,Position Reconciliation Break,0.897,Reconciliation,Most similar historical pattern: Position Reconciliation Break,"Compare IBOR, ABOR, and custodian balances; prioritize material value gaps.",False,54.2,"Position Reconciliation Break in Positions from IBOR is ranked High because the item is 13 days old, has a break amount of 10483.94, and carries confidence 0.897.",0.0804,False,Aging unresolved item,High
EXC0000058,Stale Price,Pricing,Custodian,EMEA,Corporate Bond,0,15,2442.02,0.13,0,0,50,Medium,Stale Price pattern detected from source controls,Pricing Control,48,Resolved,2026-05-13,Breached,21,0,Stale Price,0.958,Pricing Control,Most similar historical pattern: Stale Price,"Check vendor price history, compare secondary source, and escalate material moves.",False,44.0,"Stale Price in Pricing from Custodian is ranked Medium because the item is 15 days old, has a break amount of 2442.02, and carries confidence 0.958.",0.2419,False,Late source refresh,Medium
EXC0000059,Missing Reference Data,Reference Data,Aladdin,APAC,Corporate Bond,3,21,1837.07,6.4,0,0,17,High,Missing Reference Data pattern detected from source controls,Reference Data Ops,24,Escalated,2026-05-04,Breached,22,0,Missing Reference Data,0.791,Reference Data Ops,Most similar historical pattern: Missing Reference Data,"Validate security master fields, enrich ISIN/ticker, and rerun downstream load.",False,54.4,"Missing Reference Data in Reference Data from Aladdin is ranked High because the item is 21 days old, has a break amount of 1837.07, and carries confidence 0.791.",0.2608,False,Aging unresolved item,High
EXC0000060,Invalid Currency,Reference Data,IBOR,APAC,Derivative,1,20,2144.33,0.17,0,1,18,High,Invalid Currency pattern detected from source controls,Reference Data Ops,24,Escalated,2026-04-28,Breached,11,0,Invalid Currency,0.897,Reference Data Ops,Most similar historical pattern: Invalid Currency,"Validate security currency, trade currency, and portfolio base currency mapping.",False,52.9,"Invalid Currency in Reference Data from IBOR is ranked High because the item is 20 days old, has a break amount of 2144.33, and carries confidence 0.897.",0.1532,False,Aging unresolved item,High
EXC0000061,Price Outlier,Pricing,Murex,APAC,Corporate Bond,1,13,3938.51,19.88,0,0,3,Medium,Price Outlier pattern detected from source controls,Pricing Control,48,Resolved,2026-04-18,Breached,17,0,Price Outlier,0.939,Pricing Control,Most similar historical pattern: Price Outlier,"Check vendor price history, compare secondary source, and escalate material moves.",False,44.1,"Price Outlier in Pricing from Murex is ranked Medium because the item is 13 days old, has a break amount of 3938.51, and carries confidence 0.939.",0.352,False,Large price/return move,Medium
EXC0000062,Missing Reference Data,Reference Data,SimCorp,EMEA,Corporate Bond,1,7,1187.9,0.46,0,0,9,Low,Missing Reference Data pattern detected from source controls,Reference Data Ops,72,Open,2026-04-25,Breached,15,0,Missing Reference Data,0.473,Reference Data Ops,Most similar historical pattern: Missing Reference Data,"Validate security master fields, enrich ISIN/ticker, and rerun downstream load.",True,39.7,"Missing Reference Data in Reference Data from SimCorp is ranked Low because the item is 7 days old, has a break amount of 1187.9, and carries confidence 0.473.",0.0545,False,Multi-factor isolation signal,Low
EXC0000063,Trade Match Break,Trades,Custodian,EMEA,Derivative,1,2,49979.34,0.7,0,0,9,High,Trade Match Break pattern detected from source controls,Trade Support,24,Resolved,2026-04-24,Breached,24,1,Trade Match Break,0.891,Trade Support,Most similar historical pattern: Trade Match Break,Review counterparty economic fields and run fuzzy security/client match.,False,57.3,"Trade Match Break in Trades from Custodian is ranked High because the item is 2 days old, has a break amount of 49979.34, and carries confidence 0.891.",0.2189,False,Multi-factor isolation signal,High
EXC0000064,Duplicate Record,Trades,Bloomberg,APAC,Corporate Bond,0,3,16516.98,1.69,1,0,10,Medium,Duplicate Record pattern detected from source controls,Trade Support,48,Resolved,2026-04-17,Breached,17,0,Duplicate Record,0.901,Trade Support,Most similar historical pattern: Duplicate Record,Confirm duplicate key collision and suppress or merge after control approval.,False,45.5,"Duplicate Record in Trades from Bloomberg is ranked Medium because the item is 3 days old, has a break amount of 16516.98, and carries confidence 0.901.",0.1001,False,Multi-factor isolation signal,Medium
EXC0000065,Position Reconciliation Break,Positions,IBOR,EMEA,Government Bond,1,14,32294.81,1.06,0,0,10,High,Position Reconciliation Break pattern detected from source controls,Reconciliation,24,Resolved,2026-04-26,Breached,27,0,Position Reconciliation Break,0.882,Reconciliation,Most similar historical pattern: Position Reconciliation Break,"Compare IBOR, ABOR, and custodian balances; prioritize material value gaps.",False,56.1,"Position Reconciliation Break in Positions from IBOR is ranked High because the item is 14 days old, has a break amount of 32294.81, and carries confidence 0.882.",0.0826,False,Aging unresolved item,High
EXC0000066,Stale Price,Pricing,Custodian,Americas,Corporate Bond,0,1,2066.7,-0.85,0,0,41,Low,Stale Price pattern detected from source controls,Pricing Control,72,Resolved,2026-04-15,Within SLA,21,0,Stale Price,0.957,Pricing Control,Most similar historical pattern: Stale Price,"Check vendor price history, compare secondary source, and escalate material moves.",False,15.2,"Stale Price in Pricing from Custodian is ranked Low because the item is 1 days old, has a break amount of 2066.7, and carries confidence 0.957.",0.3469,False,Multi-factor isolation signal,Low
EXC0000067,Duplicate Record,Trades,Custodian,APAC,Government Bond,0,19,74070.14,1.46,1,0,17,Critical,Duplicate Record pattern detected from source controls,Trade Support,8,Resolved,2026-04-03,Breached,22,1,Duplicate Record,0.93,Trade Support,Most similar historical pattern: Duplicate Record,Confirm duplicate key collision and suppress or merge after control approval.,False,67.5,"Duplicate Record in Trades from Custodian is ranked Critical because the item is 19 days old, has a break amount of 74070.14, and carries confidence 0.93.",0.2957,False,High-value reconciliation break,Critical
EXC0000068,Trade Match Break,Trades,SimCorp,EMEA,Corporate Bond,0,10,43022.3,-2.18,0,0,4,High,Trade Match Break pattern detected from source controls,Trade Support,24,Escalated,2026-04-12,Breached,25,0,Trade Match Break,0.938,Trade Support,Most similar historical pattern: Trade Match Break,Review counterparty economic fields and run fuzzy security/client match.,False,56.3,"Trade Match Break in Trades from SimCorp is ranked High because the item is 10 days old, has a break amount of 43022.3, and carries confidence 0.938.",0.2124,False,Multi-factor isolation signal,High
EXC0000069,Position Reconciliation Break,Positions,IBOR,EMEA,Derivative,0,20,22743.28,2.41,0,0,5,Critical,Position Reconciliation Break pattern detected from source controls,Reconciliation,8,Resolved,2026-04-26,Breached,27,0,Position Reconciliation Break,0.891,Reconciliation,Most similar historical pattern: Position Reconciliation Break,"Compare IBOR, ABOR, and custodian balances; prioritize material value gaps.",False,64.0,"Position Reconciliation Break in Positions from IBOR is ranked Critical because the item is 20 days old, has a break amount of 22743.28, and carries confidence 0.891.",0.188,False,Aging unresolved item,Critical
EXC0000070,Delayed Source Load,Source Control,IBOR,Americas,Equity,1,18,2001.32,2.06,0,0,87,Medium,Delayed Source Load pattern detected from source controls,Source Systems,48,Resolved,2026-03-23,Breached,15,0,Delayed Source Load,0.976,Source Systems,Most similar historical pattern: Delayed Source Load,Check source-system batch status and notify technology owner if SLA breached.,False,43.5,"Delayed Source Load in Source Control from IBOR is ranked Medium because the item is 18 days old, has a break amount of 2001.32, and carries confidence 0.976.",0.4775,True,Late source refresh,Medium
EXC0000071,Missing Reference Data,Reference Data,IBOR,EMEA,Government Bond,2,12,2924.53,3.32,0,0,19,Medium,Missing Reference Data pattern detected from source controls,Reference Data Ops,48,Resolved,2026-05-11,Breached,25,0,Missing Reference Data,0.86,Reference Data Ops,Most similar historical pattern: Missing Reference Data,"Validate security master fields, enrich ISIN/ticker, and rerun downstream load.",False,45.1,"Missing Reference Data in Reference Data from IBOR is ranked Medium because the item is 12 days old, has a break amount of 2924.53, and carries confidence 0.86.",0.026,False,Multi-factor isolation signal,Medium
EXC0000072,Position Reconciliation Break,Positions,SimCorp,APAC,ETF,1,9,49676.83,0.26,0,0,18,High,Position Reconciliation Break pattern detected from source controls,Reconciliation,24,Open,2026-05-19,Breached,16,1,Position Reconciliation Break,0.853,Reconciliation,Most similar historical pattern: Position Reconciliation Break,"Compare IBOR, ABOR, and custodian balances; prioritize material value gaps.",False,57.3,"Position Reconciliation Break in Positions from SimCorp is ranked High because the item is 9 days old, has a break amount of 49676.83, and carries confidence 0.853.",0.1563,False,Multi-factor isolation signal,High
EXC0000073,Stale Price,Pricing,ABOR,EMEA,Derivative,1,2,602.55,3.35,0,0,31,Low,Stale Price pattern detected from source controls,Pricing Control,72,Resolved,2026-04-29,Within SLA,23,0,Stale Price,0.89,Pricing Control,Most similar historical pattern: Stale Price,"Check vendor price history, compare secondary source, and escalate material moves.",False,15.8,"Stale Price in Pricing from ABOR is ranked Low because the item is 2 days old, has a break amount of 602.55, and carries confidence 0.89.",0.2673,False,Multi-factor isolation signal,Low
EXC0000074,Stale Price,Pricing,SimCorp,Americas,Equity,1,21,465.78,2.58,0,0,85,Medium,Stale Price pattern detected from source controls,Pricing Control,48,Open,2026-04-17,Breached,16,0,Stale Price,0.918,Pricing Control,Most similar historical pattern: Stale Price,"Check vendor price history, compare secondary source, and escalate material moves.",False,44.0,"Stale Price in Pricing from SimCorp is ranked Medium because the item is 21 days old, has a break amount of 465.78, and carries confidence 0.918.",0.5984,True,Late source refresh,High
EXC0000075,Duplicate Record,Trades,SimCorp,APAC,Derivative,0,14,43187.05,1.82,1,0,3,High,Duplicate Record pattern detected from source controls,Trade Support,24,Resolved,2026-04-01,Breached,19,0,Duplicate Record,0.946,Trade Support,Most similar historical pattern: Duplicate Record,Confirm duplicate key collision and suppress or merge after control approval.,False,56.0,"Duplicate Record in Trades from SimCorp is ranked High because the item is 14 days old, has a break amount of 43187.05, and carries confidence 0.946.",0.1254,False,Aging unresolved item,High
EXC0000076,Invalid Currency,Reference Data,Bloomberg,EMEA,Corporate Bond,0,9,7010.9,6.44,0,1,8,Medium,Invalid Currency pattern detected from source controls,Reference Data Ops,48,Open,2026-04-14,Breached,17,0,Invalid Currency,0.766,Reference Data Ops,Most similar historical pattern: Invalid Currency,"Validate security currency, trade currency, and portfolio base currency mapping.",False,46.1,"Invalid Currency in Reference Data from Bloomberg is ranked Medium because the item is 9 days old, has a break amount of 7010.9, and carries confidence 0.766.",0.1242,False,Multi-factor isolation signal,Medium
EXC0000077,Duplicate Record,Trades,SimCorp,EMEA,ETF,0,3,65361.8,2.68,1,0,5,High,Duplicate Record pattern detected from source controls,Trade Support,24,Open,2026-04-19,Breached,19,1,Duplicate Record,0.895,Trade Support,Most similar historical pattern: Duplicate Record,Confirm duplicate key collision and suppress or merge after control approval.,False,58.3,"Duplicate Record in Trades from SimCorp is ranked High because the item is 3 days old, has a break amount of 65361.8, and carries confidence 0.895.",0.2593,False,High-value reconciliation break,High
EXC0000078,Performance Return Outlier,Positions,Bloomberg,Americas,Equity,0,18,53563.14,18.82,0,0,4,Critical,Performance Return Outlier pattern detected from source controls,Reconciliation,8,Open,2026-05-01,Breached,8,1,Performance Return Outlier,0.656,Reconciliation,Most similar historical pattern: Performance Return Outlier,"Check vendor price history, compare secondary source, and escalate material moves.",True,68.0,"Performance Return Outlier in Positions from Bloomberg is ranked Critical because the item is 18 days old, has a break amount of 53563.14, and carries confidence 0.656.",0.5222,True,Large price/return move,Critical
EXC0000079,Missing Client Mapping,Client Data,SimCorp,Americas,Equity,4,1,259.75,5.34,0,0,17,Low,Missing Client Mapping pattern detected from source controls,Client Data Ops,72,Open,2026-05-19,Within SLA,15,0,Missing Client Mapping,0.922,Client Data Ops,Most similar historical pattern: Missing Client Mapping,Route to client-data operations to complete portfolio and account mapping.,False,15.2,"Missing Client Mapping in Client Data from SimCorp is ranked Low because the item is 1 days old, has a break amount of 259.75, and carries confidence 0.922.",0.2059,False,Multi-factor isolation signal,Low
EXC0000080,Stale Price,Pricing,Aladdin,Americas,Government Bond,1,14,2437.23,2.78,0,0,20,Medium,Stale Price pattern detected from source controls,Pricing Control,48,Escalated,2026-04-26,Breached,20,0,Stale Price,0.779,Pricing Control,Most similar historical pattern: Stale Price,"Check vendor price history, compare secondary source, and escalate material moves.",False,45.7,"Stale Price in Pricing from Aladdin is ranked Medium because the item is 14 days old, has a break amount of 2437.23, and carries confidence 0.779.",0.05,False,Aging unresolved item,Medium
EXC0000081,Duplicate Record,Trades,Murex,Americas,Equity,0,4,2991.25,5.95,1,0,3,Medium,Duplicate Record pattern detected from source controls,Trade Support,48,Resolved,2026-04-12,Breached,22,0,Duplicate Record,0.853,Trade Support,Most similar historical pattern: Duplicate Record,Confirm duplicate key collision and suppress or merge after control approval.,False,45.1,"Duplicate Record in Trades from Murex is ranked Medium because the item is 4 days old, has a break amount of 2991.25, and carries confidence 0.853.",0.1439,False,Multi-factor isolation signal,Medium
EXC0000082,Duplicate Record,Trades,IBOR,EMEA,Government Bond,1,13,107962.7,-3.14,1,0,7,Critical,Duplicate Record pattern detected from source controls,Trade Support,8,Resolved,2026-03-31,Breached,13,1,Duplicate Record,0.84,Trade Support,Most similar historical pattern: Duplicate Record,Confirm duplicate key collision and suppress or merge after control approval.,False,70.8,"Duplicate Record in Trades from IBOR is ranked Critical because the item is 13 days old, has a break amount of 107962.7, and carries confidence 0.84.",0.3724,False,High-value reconciliation break,Critical
EXC0000083,Duplicate Record,Trades,Bloomberg,EMEA,Government Bond,0,2,30848.85,0.75,1,0,0,Medium,Duplicate Record pattern detected from source controls,Trade Support,48,Resolved,2026-05-09,Within SLA,17,0,Duplicate Record,0.942,Trade Support,Most similar historical pattern: Duplicate Record,Confirm duplicate key collision and suppress or merge after control approval.,False,26.2,"Duplicate Record in Trades from Bloomberg is ranked Medium because the item is 2 days old, has a break amount of 30848.85, and carries confidence 0.942.",0.2659,False,Multi-factor isolation signal,Medium
EXC0000084,Trade Match Break,Trades,Refinitiv,Americas,Government Bond,1,17,97787.16,0.75,0,0,16,Critical,Trade Match Break pattern detected from source controls,Trade Support,8,Suppressed,2026-05-04,Breached,15,1,Trade Match Break,0.893,Trade Support,Most similar historical pattern: Trade Match Break,Review counterparty economic fields and run fuzzy security/client match.,False,69.5,"Trade Match Break in Trades from Refinitiv is ranked Critical because the item is 17 days old, has a break amount of 97787.16, and carries confidence 0.893.",0.3106,False,High-value reconciliation break,Critical
EXC0000085,Unknown / Needs SME Review,Reference Data,Bloomberg,EMEA,Equity,0,9,22393.21,-3.22,0,0,5,High,Unknown / Needs SME Review pattern detected from source controls,Reference Data Ops,24,Resolved,2026-05-13,Breached,12,0,Unknown / Needs SME Review,0.545,Reference Data Ops,Most similar historical pattern: Unknown / Needs SME Review,Send to SME review with source evidence and model explanation.,True,58.1,"Unknown / Needs SME Review in Reference Data from Bloomberg is ranked High because the item is 9 days old, has a break amount of 22393.21, and carries confidence 0.545.",0.2093,False,Multi-factor isolation signal,High
EXC0000086,Position Reconciliation Break,Positions,IBOR,EMEA,ETF,1,9,23683.58,1.91,0,0,11,High,Position Reconciliation Break pattern detected from source controls,Reconciliation,24,Open,2026-04-07,Breached,27,0,Position Reconciliation Break,0.861,Reconciliation,Most similar historical pattern: Position Reconciliation Break,"Compare IBOR, ABOR, and custodian balances; prioritize material value gaps.",False,55.6,"Position Reconciliation Break in Positions from IBOR is ranked High because the item is 9 days old, has a break amount of 23683.58, and carries confidence 0.861.",0.075,False,Multi-factor isolation signal,High
EXC0000087,Missing Client Mapping,Client Data,SimCorp,EMEA,Corporate Bond,3,20,2938.36,0.57,0,0,10,High,Missing Client Mapping pattern detected from source controls,Client Data Ops,24,Escalated,2026-05-01,Breached,15,0,Missing Client Mapping,0.93,Client Data Ops,Most similar historical pattern: Missing Client Mapping,Route to client-data operations to complete portfolio and account mapping.,False,52.8,"Missing Client Mapping in Client Data from SimCorp is ranked High because the item is 20 days old, has a break amount of 2938.36, and carries confidence 0.93.",0.1246,False,Aging unresolved item,High
EXC0000088,Position Reconciliation Break,Positions,Aladdin,Americas,ETF,1,4,49743.26,-3.5,0,0,3,High,Position Reconciliation Break pattern detected from source controls,Reconciliation,24,Resolved,2026-03-28,Breached,20,1,Position Reconciliation Break,0.759,Reconciliation,Most similar historical pattern: Position Reconciliation Break,"Compare IBOR, ABOR, and custodian balances; prioritize material value gaps.",False,58.4,"Position Reconciliation Break in Positions from Aladdin is ranked High because the item is 4 days old, has a break amount of 49743.26, and carries confidence 0.759.",0.3591,False,Multi-factor isolation signal,High
EXC0000089,Missing Client Mapping,Client Data,Refinitiv,EMEA,Corporate Bond,1,14,2285.99,-0.42,0,0,7,Medium,Missing Client Mapping pattern detected from source controls,Client Data Ops,48,Resolved,2026-04-03,Breached,15,0,Missing Client Mapping,0.901,Client Data Ops,Most similar historical pattern: Missing Client Mapping,Route to client-data operations to complete portfolio and account mapping.,False,44.3,"Missing Client Mapping in Client Data from Refinitiv is ranked Medium because the item is 14 days old, has a break amount of 2285.99, and carries confidence 0.901.",0.0463,False,Aging unresolved item,Medium
EXC0000090,Trade Match Break,Trades,SimCorp,Americas,Corporate Bond,1,12,26064.29,4.97,0,0,2,High,Trade Match Break pattern detected from source controls,Trade Support,24,Resolved,2026-03-24,Breached,25,0,Trade Match Break,0.938,Trade Support,Most similar historical pattern: Trade Match Break,Review counterparty economic fields and run fuzzy security/client match.,False,55.0,"Trade Match Break in Trades from SimCorp is ranked High because the item is 12 days old, has a break amount of 26064.29, and carries confidence 0.938.",0.1261,False,Multi-factor isolation signal,High
EXC0000091,Missing Reference Data,Reference Data,Murex,APAC,Equity,3,15,1962.87,3.77,0,0,3,Medium,Missing Reference Data pattern detected from source controls,Reference Data Ops,48,Resolved,2026-05-16,Breached,15,0,Missing Reference Data,0.849,Reference Data Ops,Most similar historical pattern: Missing Reference Data,"Validate security master fields, enrich ISIN/ticker, and rerun downstream load.",False,44.8,"Missing Reference Data in Reference Data from Murex is ranked Medium because the item is 15 days old, has a break amount of 1962.87, and carries confidence 0.849.",0.0517,False,Aging unresolved item,Medium
EXC0000092,Position Reconciliation Break,Positions,Bloomberg,EMEA,Derivative,0,14,11090.52,-0.28,0,0,16,High,Position Reconciliation Break pattern detected from source controls,Reconciliation,24,Resolved,2026-03-29,Breached,32,0,Position Reconciliation Break,0.889,Reconciliation,Most similar historical pattern: Position Reconciliation Break,"Compare IBOR, ABOR, and custodian balances; prioritize material value gaps.",False,54.5,"Position Reconciliation Break in Positions from Bloomberg is ranked High because the item is 14 days old, has a break amount of 11090.52, and carries confidence 0.889.",0.0602,False,Aging unresolved item,High
EXC0000093,Position Reconciliation Break,Positions,IBOR,APAC,Corporate Bond,0,17,22716.67,-0.35,0,0,7,High,Position Reconciliation Break pattern detected from source controls,Reconciliation,24,Resolved,2026-05-07,Breached,27,0,Position Reconciliation Break,0.852,Reconciliation,Most similar historical pattern: Position Reconciliation Break,"Compare IBOR, ABOR, and custodian balances; prioritize material value gaps.",False,55.6,"Position Reconciliation Break in Positions from IBOR is ranked High because the item is 17 days old, has a break amount of 22716.67, and carries confidence 0.852.",0.1114,False,Aging unresolved item,High
EXC0000094,Missing Reference Data,Reference Data,Refinitiv,APAC,Equity,3,7,6915.46,3.65,0,0,9,Medium,Missing Reference Data pattern detected from source controls,Reference Data Ops,48,Resolved,2026-04-14,Breached,17,0,Missing Reference Data,0.823,Reference Data Ops,Most similar historical pattern: Missing Reference Data,"Validate security master fields, enrich ISIN/ticker, and rerun downstream load.",False,45.5,"Missing Reference Data in Reference Data from Refinitiv is ranked Medium because the item is 7 days old, has a break amount of 6915.46, and carries confidence 0.823.",0.0705,False,Multi-factor isolation signal,Medium
EXC0000095,Invalid Currency,Reference Data,SimCorp,EMEA,Corporate Bond,1,5,584.67,-3.41,0,1,13,Low,Invalid Currency pattern detected from source controls,Reference Data Ops,72,Resolved,2026-05-07,Breached,20,0,Invalid Currency,0.914,Reference Data Ops,Most similar historical pattern: Invalid Currency,"Validate security currency, trade currency, and portfolio base currency mapping.",False,35.5,"Invalid Currency in Reference Data from SimCorp is ranked Low because the item is 5 days old, has a break amount of 584.67, and carries confidence 0.914.",0.1794,False,Multi-factor isolation signal,Low
EXC0000096,Delayed Source Load,Source Control,Bloomberg,EMEA,Equity,0,14,935.11,2.98,0,0,46,Low,Delayed Source Load pattern detected from source controls,Source Systems,72,Resolved,2026-04-11,Breached,10,0,Delayed Source Load,0.953,Source Systems,Most similar historical pattern: Delayed Source Load,Check source-system batch status and notify technology owner if SLA breached.,False,34.7,"Delayed Source Load in Source Control from Bloomberg is ranked Low because the item is 14 days old, has a break amount of 935.11, and carries confidence 0.953.",0.2409,False,Aging unresolved item,Low
EXC0000097,Delayed Source Load,Source Control,ABOR,APAC,Equity,0,12,7965.58,-3.08,0,0,45,High,Delayed Source Load pattern detected from source controls,Source Systems,24,Resolved,2026-03-31,Breached,22,0,Delayed Source Load,0.909,Source Systems,Most similar historical pattern: Delayed Source Load,Check source-system batch status and notify technology owner if SLA breached.,False,53.7,"Delayed Source Load in Source Control from ABOR is ranked High because the item is 12 days old, has a break amount of 7965.58, and carries confidence 0.909.",0.3947,False,Multi-factor isolation signal,High
EXC0000098,Trade Match Break,Trades,Aladdin,EMEA,Equity,1,20,26790.53,5.6,0,0,17,Critical,Trade Match Break pattern detected from source controls,Trade Support,8,Resolved,2026-04-22,Breached,27,0,Trade Match Break,0.895,Trade Support,Most similar historical pattern: Trade Match Break,Review counterparty economic fields and run fuzzy security/client match.,False,64.3,"Trade Match Break in Trades from Aladdin is ranked Critical because the item is 20 days old, has a break amount of 26790.53, and carries confidence 0.895.",0.2768,False,Aging unresolved item,Critical
EXC0000099,Trade Match Break,Trades,Murex,EMEA,ETF,1,15,6239.37,3.15,0,0,11,High,Trade Match Break pattern detected from source controls,Trade Support,24,Resolved,2026-05-04,Breached,20,0,Trade Match Break,0.87,Trade Support,Most similar historical pattern: Trade Match Break,Review counterparty economic fields and run fuzzy security/client match.,False,53.8,"Trade Match Break in Trades from Murex is ranked High because the item is 15 days old, has a break amount of 6239.37, and carries confidence 0.87.",0.0129,False,Aging unresolved item,High
EXC0000100,Delayed Source Load,Source Control,Aladdin,EMEA,Government Bond,0,5,2468.5,-3.11,0,0,38,Low,Delayed Source Load pattern detected from source controls,Source Systems,72,Escalated,2026-04-20,Breached,12,0,Delayed Source Load,0.967,Source Systems,Most similar historical pattern: Delayed Source Load,Check source-system batch status and notify technology owner if SLA breached.,False,34.8,"Delayed Source Load in Source Control from Aladdin is ranked Low because the item is 5 days old, has a break amount of 2468.5, and carries confidence 0.967.",0.3264,False,Multi-factor isolation signal,Low
EXC0000101,Unknown / Needs SME Review,Reference Data,IBOR,EMEA,Derivative,1,6,1242.6,0.55,0,0,18,Low,Unknown / Needs SME Review pattern detected from source controls,Reference Data Ops,72,Resolved,2026-04-15,Breached,12,0,Unknown / Needs SME Review,0.625,Reference Data Ops,Most similar historical pattern: Unknown / Needs SME Review,Send to SME review with source evidence and model explanation.,True,38.1,"Unknown / Needs SME Review in Reference Data from IBOR is ranked Low because the item is 6 days old, has a break amount of 1242.6, and carries confidence 0.625.",0.064,False,Multi-factor isolation signal,Low
EXC0000102,Missing Reference Data,Reference Data,IBOR,Americas,Derivative,2,15,205.87,2.29,0,0,5,Low,Missing Reference Data pattern detected from source controls,Reference Data Ops,72,Resolved,2026-04-05,Breached,25,0,Missing Reference Data,0.838,Reference Data Ops,Most similar historical pattern: Missing Reference Data,"Validate security master fields, enrich ISIN/ticker, and rerun downstream load.",False,36.4,"Missing Reference Data in Reference Data from IBOR is ranked Low because the item is 15 days old, has a break amount of 205.87, and carries confidence 0.838.",0.0417,False,Aging unresolved item,Low
EXC0000103,Missing Reference Data,Reference Data,Custodian,Americas,ETF,1,8,608.89,-3.47,0,0,14,Low,Missing Reference Data pattern detected from source controls,Reference Data Ops,72,Resolved,2026-05-12,Breached,20,0,Unknown / Needs SME Review,0.517,Reference Data Ops,Most similar historical pattern: Unknown / Needs SME Review,Send to SME review with source evidence and model explanation.,True,39.4,"Unknown / Needs SME Review in Reference Data from Custodian is ranked Low because the item is 8 days old, has a break amount of 608.89, and carries confidence 0.517.",0.1831,False,Multi-factor isolation signal,Low
EXC0000104,Missing Reference Data,Reference Data,Aladdin,APAC,Government Bond,4,20,9373.05,1.39,0,0,17,High,Missing Reference Data pattern detected from source controls,Reference Data Ops,24,Resolved,2026-05-17,Breached,22,0,Missing Reference Data,0.636,Reference Data Ops,Most similar historical pattern: Missing Reference Data,"Validate security master fields, enrich ISIN/ticker, and rerun downstream load.",True,56.5,"Missing Reference Data in Reference Data from Aladdin is ranked High because the item is 20 days old, has a break amount of 9373.05, and carries confidence 0.636.",0.1343,False,Aging unresolved item,High
EXC0000105,Position Reconciliation Break,Positions,IBOR,EMEA,Derivative,1,15,10930.43,2.7,0,0,16,High,Position Reconciliation Break pattern detected from source controls,Reconciliation,24,Suppressed,2026-04-02,Breached,27,0,Position Reconciliation Break,0.892,Reconciliation,Most similar historical pattern: Position Reconciliation Break,"Compare IBOR, ABOR, and custodian balances; prioritize material value gaps.",False,54.3,"Position Reconciliation Break in Positions from IBOR is ranked High because the item is 15 days old, has a break amount of 10930.43, and carries confidence 0.892.",0.0317,False,Aging unresolved item,High
EXC0000106,Missing Client Mapping,Client Data,Aladdin,APAC,Derivative,3,8,5831.04,-3.67,0,0,12,Medium,Missing Client Mapping pattern detected from source controls,Client Data Ops,48,Open,2026-05-13,Breached,11,0,Missing Client Mapping,0.949,Client Data Ops,Most similar historical pattern: Missing Client Mapping,Route to client-data operations to complete portfolio and account mapping.,False,43.9,"Missing Client Mapping in Client Data from Aladdin is ranked Medium because the item is 8 days old, has a break amount of 5831.04, and carries confidence 0.949.",0.1911,False,Multi-factor isolation signal,Medium
EXC0000107,Missing Reference Data,Reference Data,IBOR,EMEA,Equity,3,17,793.65,3.37,0,0,5,Medium,Missing Reference Data pattern detected from source controls,Reference Data Ops,48,Resolved,2026-05-04,Breached,25,0,Missing Reference Data,0.899,Reference Data Ops,Most similar historical pattern: Missing Reference Data,"Validate security master fields, enrich ISIN/ticker, and rerun downstream load.",False,44.6,"Missing Reference Data in Reference Data from IBOR is ranked Medium because the item is 17 days old, has a break amount of 793.65, and carries confidence 0.899.",0.0864,False,Aging unresolved item,Medium
EXC0000108,Invalid Currency,Reference Data,ABOR,Americas,Government Bond,0,15,1730.16,1.19,0,1,12,Medium,Invalid Currency pattern detected from source controls,Reference Data Ops,48,Suppressed,2026-03-27,Breached,9,0,Invalid Currency,0.915,Reference Data Ops,Most similar historical pattern: Invalid Currency,"Validate security currency, trade currency, and portfolio base currency mapping.",False,43.8,"Invalid Currency in Reference Data from ABOR is ranked Medium because the item is 15 days old, has a break amount of 1730.16, and carries confidence 0.915.",0.0,False,Aging unresolved item,Medium
EXC0000109,Stale Price,Pricing,ABOR,EMEA,ETF,0,7,1579.53,3.79,0,0,68,Low,Stale Price pattern detected from source controls,Pricing Control,72,Open,2026-04-22,Breached,23,0,Stale Price,0.924,Pricing Control,Most similar historical pattern: Stale Price,"Check vendor price history, compare secondary source, and escalate material moves.",False,35.6,"Stale Price in Pricing from ABOR is ranked Low because the item is 7 days old, has a break amount of 1579.53, and carries confidence 0.924.",0.3518,False,Late source refresh,Low
EXC0000110,Missing Reference Data,Reference Data,Refinitiv,Americas,Derivative,4,9,1166.97,0.91,0,0,13,Low,Missing Reference Data pattern detected from source controls,Reference Data Ops,72,Open,2026-05-14,Breached,17,0,Missing Reference Data,0.942,Reference Data Ops,Most similar historical pattern: Missing Reference Data,"Validate security master fields, enrich ISIN/ticker, and rerun downstream load.",False,35.1,"Missing Reference Data in Reference Data from Refinitiv is ranked Low because the item is 9 days old, has a break amount of 1166.97, and carries confidence 0.942.",0.0302,False,Multi-factor isolation signal,Low
EXC0000111,Duplicate Record,Trades,IBOR,APAC,Government Bond,0,13,78940.88,-1.14,1,0,6,Critical,Duplicate Record pattern detected from source controls,Trade Support,8,Resolved,2026-04-30,Breached,13,1,Duplicate Record,0.94,Trade Support,Most similar historical pattern: Duplicate Record,Confirm duplicate key collision and suppress or merge after control approval.,False,67.4,"Duplicate Record in Trades from IBOR is ranked Critical because the item is 13 days old, has a break amount of 78940.88, and carries confidence 0.94.",0.2795,False,High-value reconciliation break,Critical
EXC0000112,Duplicate Record,Trades,SimCorp,EMEA,ETF,1,5,8486.62,-1.39,1,0,13,Medium,Duplicate Record pattern detected from source controls,Trade Support,48,Resolved,2026-03-29,Breached,19,0,Duplicate Record,0.808,Trade Support,Most similar historical pattern: Duplicate Record,Confirm duplicate key collision and suppress or merge after control approval.,False,45.9,"Duplicate Record in Trades from SimCorp is ranked Medium because the item is 5 days old, has a break amount of 8486.62, and carries confidence 0.808.",0.1007,False,Multi-factor isolation signal,Medium
EXC0000113,Price Outlier,Pricing,Custodian,Americas,Government Bond,0,14,4758.02,9.92,0,0,9,High,Price Outlier pattern detected from source controls,Pricing Control,24,Resolved,2026-04-10,Breached,14,0,Price Outlier,0.96,Pricing Control,Most similar historical pattern: Price Outlier,"Check vendor price history, compare secondary source, and escalate material moves.",False,52.6,"Price Outlier in Pricing from Custodian is ranked High because the item is 14 days old, has a break amount of 4758.02, and carries confidence 0.96.",0.196,False,Aging unresolved item,High
EXC0000114,Trade Match Break,Trades,IBOR,EMEA,ETF,0,7,95312.44,1.03,0,0,19,High,Trade Match Break pattern detected from source controls,Trade Support,24,Resolved,2026-04-03,Breached,21,1,Trade Match Break,0.913,Trade Support,Most similar historical pattern: Trade Match Break,Review counterparty economic fields and run fuzzy security/client match.,False,60.6,"Trade Match Break in Trades from IBOR is ranked High because the item is 7 days old, has a break amount of 95312.44, and carries confidence 0.913.",0.2712,False,High-value reconciliation break,High
EXC0000115,Trade Match Break,Trades,SimCorp,Americas,ETF,0,20,24034.95,4.16,0,0,2,Critical,Trade Match Break pattern detected from source controls,Trade Support,8,Suppressed,2026-05-04,Breached,25,0,Trade Match Break,0.891,Trade Support,Most similar historical pattern: Trade Match Break,Review counterparty economic fields and run fuzzy security/client match.,False,64.0,"Trade Match Break in Trades from SimCorp is ranked Critical because the item is 20 days old, has a break amount of 24034.95, and carries confidence 0.891.",0.2324,False,Aging unresolved item,Critical
EXC0000116,Performance Return Outlier,Positions,ABOR,EMEA,Government Bond,0,12,21017.76,14.11,0,0,14,High,Performance Return Outlier pattern detected from source controls,Reconciliation,24,Resolved,2026-03-31,Breached,10,0,Performance Return Outlier,0.824,Reconciliation,Most similar historical pattern: Performance Return Outlier,"Check vendor price history, compare secondary source, and escalate material moves.",False,55.1,"Performance Return Outlier in Positions from ABOR is ranked High because the item is 12 days old, has a break amount of 21017.76, and carries confidence 0.824.",0.3037,False,Large price/return move,High
EXC0000117,Delayed Source Load,Source Control,Bloomberg,APAC,ETF,1,17,1419.58,-2.4,0,0,45,Medium,Delayed Source Load pattern detected from source controls,Source Systems,48,Resolved,2026-05-19,Breached,10,0,Delayed Source Load,0.968,Source Systems,Most similar historical pattern: Delayed Source Load,Check source-system batch status and notify technology owner if SLA breached.,False,43.3,"Delayed Source Load in Source Control from Bloomberg is ranked Medium because the item is 17 days old, has a break amount of 1419.58, and carries confidence 0.968.",0.3684,False,Aging unresolved item,Medium
EXC0000118,Position Reconciliation Break,Positions,Murex,EMEA,Equity,1,12,268432.34,0.36,0,0,11,Critical,Position Reconciliation Break pattern detected from source controls,Reconciliation,8,Open,2026-05-09,Breached,23,1,Position Reconciliation Break,0.913,Reconciliation,Most similar historical pattern: Position Reconciliation Break,"Compare IBOR, ABOR, and custodian balances; prioritize material value gaps.",False,81.8,"Position Reconciliation Break in Positions from Murex is ranked Critical because the item is 12 days old, has a break amount of 268432.34, and carries confidence 0.913.",0.6549,True,High-value reconciliation break,High
EXC0000119,Unknown / Needs SME Review,Reference Data,Aladdin,EMEA,Equity,0,4,818.49,-2.31,0,0,10,Low,Unknown / Needs SME Review pattern detected from source controls,Reference Data Ops,72,Resolved,2026-04-18,Breached,9,0,Unknown / Needs SME Review,0.698,Reference Data Ops,Most similar historical pattern: Unknown / Needs SME Review,Send to SME review with source evidence and model explanation.,True,37.2,"Unknown / Needs SME Review in Reference Data from Aladdin is ranked Low because the item is 4 days old, has a break amount of 818.49, and carries confidence 0.698.",0.1531,False,Multi-factor isolation signal,Low
EXC0000120,Duplicate Record,Trades,SimCorp,EMEA,Derivative,0,14,27041.22,2.37,1,0,2,High,Duplicate Record pattern detected from source controls,Trade Support,24,Resolved,2026-03-28,Breached,19,0,Duplicate Record,0.918,Trade Support,Most similar historical pattern: Duplicate Record,Confirm duplicate key collision and suppress or merge after control approval.,False,55.0,"Duplicate Record in Trades from SimCorp is ranked High because the item is 14 days old, has a break amount of 27041.22, and carries confidence 0.918.",0.1054,False,Aging unresolved item,High
EXC0000121,Missing Reference Data,Reference Data,IBOR,Americas,Corporate Bond,2,13,1363.42,2.95,0,0,11,Medium,Missing Reference Data pattern detected from source controls,Reference Data Ops,48,Resolved,2026-03-22,Breached,25,0,Missing Reference Data,0.885,Reference Data Ops,Most similar historical pattern: Missing Reference Data,"Validate security master fields, enrich ISIN/ticker, and rerun downstream load.",False,44.8,"Missing Reference Data in Reference Data from IBOR is ranked Medium because the item is 13 days old, has a break amount of 1363.42, and carries confidence 0.885.",0.0301,False,Aging unresolved item,Medium
EXC0000122,Position Reconciliation Break,Positions,SimCorp,Americas,Corporate Bond,1,3,21459.01,3.38,0,0,8,Medium,Position Reconciliation Break pattern detected from source controls,Reconciliation,48,Resolved,2026-04-26,Breached,16,0,Position Reconciliation Break,0.83,Reconciliation,Most similar historical pattern: Position Reconciliation Break,"Compare IBOR, ABOR, and custodian balances; prioritize material value gaps.",False,46.6,"Position Reconciliation Break in Positions from SimCorp is ranked Medium because the item is 3 days old, has a break amount of 21459.01, and carries confidence 0.83.",0.1185,False,Multi-factor isolation signal,Medium
EXC0000123,Performance Return Outlier,Positions,Murex,EMEA,ETF,0,21,31082.21,15.35,0,0,4,Critical,Performance Return Outlier pattern detected from source controls,Reconciliation,8,Resolved,2026-03-31,Breached,10,0,Performance Return Outlier,0.865,Reconciliation,Most similar historical pattern: Performance Return Outlier,"Check vendor price history, compare secondary source, and escalate material moves.",False,64.2,"Performance Return Outlier in Positions from Murex is ranked Critical because the item is 21 days old, has a break amount of 31082.21, and carries confidence 0.865.",0.5109,True,Large price/return move,Critical
EXC0000124,Invalid Currency,Reference Data,Murex,EMEA,Government Bond,1,1,1155.31,-0.25,0,1,18,Low,Invalid Currency pattern detected from source controls,Reference Data Ops,72,Open,2026-05-04,Within SLA,12,0,Invalid Currency,0.839,Reference Data Ops,Most similar historical pattern: Invalid Currency,"Validate security currency, trade currency, and portfolio base currency mapping.",False,15.9,"Invalid Currency in Reference Data from Murex is ranked Low because the item is 1 days old, has a break amount of 1155.31, and carries confidence 0.839.",0.1672,False,Multi-factor isolation signal,Low
EXC0000125,Unknown / Needs SME Review,Reference Data,Aladdin,Americas,Government Bond,0,8,840.85,0.22,0,0,4,Low,Unknown / Needs SME Review pattern detected from source controls,Reference Data Ops,72,Resolved,2026-03-21,Breached,9,0,Unknown / Needs SME Review,0.489,Reference Data Ops,Most similar historical pattern: Unknown / Needs SME Review,Send to SME review with source evidence and model explanation.,True,39.3,"Unknown / Needs SME Review in Reference Data from Aladdin is ranked Low because the item is 8 days old, has a break amount of 840.85, and carries confidence 0.489.",0.0711,False,Multi-factor isolation signal,Low
EXC0000126,Position Reconciliation Break,Positions,ABOR,Americas,Derivative,1,2,20329.38,1.27,0,0,8,Medium,Position Reconciliation Break pattern detected from source controls,Reconciliation,48,Escalated,2026-05-13,Within SLA,21,0,Position Reconciliation Break,0.881,Reconciliation,Most similar historical pattern: Position Reconciliation Break,"Compare IBOR, ABOR, and custodian balances; prioritize material value gaps.",False,26.2,"Position Reconciliation Break in Positions from ABOR is ranked Medium because the item is 2 days old, has a break amount of 20329.38, and carries confidence 0.881.",0.123,False,Multi-factor isolation signal,Medium
EXC0000127,Performance Return Outlier,Positions,Refinitiv,APAC,Corporate Bond,0,16,23741.57,3.91,0,0,7,High,Performance Return Outlier pattern detected from source controls,Reconciliation,24,Resolved,2026-04-23,Breached,11,0,Position Reconciliation Break,0.527,Reconciliation,Most similar historical pattern: Position Reconciliation Break,"Compare IBOR, ABOR, and custodian balances; prioritize material value gaps.",True,58.3,"Position Reconciliation Break in Positions from Refinitiv is ranked High because the item is 16 days old, has a break amount of 23741.57, and carries confidence 0.527.",0.078,False,Aging unresolved item,High
EXC0000128,Missing Client Mapping,Client Data,ABOR,EMEA,Corporate Bond,3,9,1099.63,5.52,0,0,9,Low,Missing Client Mapping pattern detected from source controls,Client Data Ops,72,Escalated,2026-05-19,Breached,18,0,Missing Client Mapping,0.961,Client Data Ops,Most similar historical pattern: Missing Client Mapping,Route to client-data operations to complete portfolio and account mapping.,False,34.9,"Missing Client Mapping in Client Data from ABOR is ranked Low because the item is 9 days old, has a break amount of 1099.63, and carries confidence 0.961.",0.101,False,Multi-factor isolation signal,Low
EXC0000129,Delayed Source Load,Source Control,IBOR,Americas,Equity,1,11,725.18,0.58,0,0,85,Low,Delayed Source Load pattern detected from source controls,Source Systems,72,Escalated,2026-04-15,Breached,15,0,Delayed Source Load,0.972,Source Systems,Most similar historical pattern: Delayed Source Load,Check source-system batch status and notify technology owner if SLA breached.,False,34.7,"Delayed Source Load in Source Control from IBOR is ranked Low because the item is 11 days old, has a break amount of 725.18, and carries confidence 0.972.",0.3904,False,Late source refresh,Low
EXC0000130,Unknown / Needs SME Review,Reference Data,Bloomberg,APAC,Derivative,0,19,1052.93,1.24,0,0,12,Medium,Unknown / Needs SME Review pattern detected from source controls,Reference Data Ops,48,Resolved,2026-04-23,Breached,12,0,Unknown / Needs SME Review,0.783,Reference Data Ops,Most similar historical pattern: Unknown / Needs SME Review,Send to SME review with source evidence and model explanation.,True,45.2,"Unknown / Needs SME Review in Reference Data from Bloomberg is ranked Medium because the item is 19 days old, has a break amount of 1052.93, and carries confidence 0.783.",0.0838,False,Aging unresolved item,Medium
EXC0000131,Price Outlier,Pricing,Aladdin,APAC,Equity,1,9,2473.93,2.8,0,0,6,Medium,Price Outlier pattern detected from source controls,Pricing Control,48,Open,2026-04-02,Breached,17,0,Price Outlier,0.741,Pricing Control,Most similar historical pattern: Price Outlier,"Check vendor price history, compare secondary source, and escalate material moves.",False,46.0,"Price Outlier in Pricing from Aladdin is ranked Medium because the item is 9 days old, has a break amount of 2473.93, and carries confidence 0.741.",0.0493,False,Multi-factor isolation signal,Medium
EXC0000132,Duplicate Record,Trades,Bloomberg,APAC,Government Bond,0,10,18808.36,-0.32,1,0,6,High,Duplicate Record pattern detected from source controls,Trade Support,24,Resolved,2026-04-12,Breached,17,0,Duplicate Record,0.878,Trade Support,Most similar historical pattern: Duplicate Record,Confirm duplicate key collision and suppress or merge after control approval.,False,54.7,"Duplicate Record in Trades from Bloomberg is ranked High because the item is 10 days old, has a break amount of 18808.36, and carries confidence 0.878.",0.0742,False,Multi-factor isolation signal,High
EXC0000133,Price Outlier,Pricing,Refinitiv,Americas,Government Bond,1,12,1526.1,15.36,0,0,14,Medium,Price Outlier pattern detected from source controls,Pricing Control,48,Resolved,2026-04-29,Breached,13,0,Price Outlier,0.968,Pricing Control,Most similar historical pattern: Price Outlier,"Check vendor price history, compare secondary source, and escalate material moves.",False,43.5,"Price Outlier in Pricing from Refinitiv is ranked Medium because the item is 12 days old, has a break amount of 1526.1, and carries confidence 0.968.",0.2593,False,Large price/return move,Medium
EXC0000134,Delayed Source Load,Source Control,Custodian,APAC,Derivative,0,20,928.53,-1.07,0,0,35,Medium,Delayed Source Load pattern detected from source controls,Source Systems,48,Open,2026-03-24,Breached,10,0,Delayed Source Load,0.91,Source Systems,Most similar historical pattern: Delayed Source Load,Check source-system batch status and notify technology owner if SLA breached.,False,43.9,"Delayed Source Load in Source Control from Custodian is ranked Medium because the item is 20 days old, has a break amount of 928.53, and carries confidence 0.91.",0.3547,False,Aging unresolved item,Medium
EXC0000135,Duplicate Record,Trades,ABOR,EMEA,Government Bond,1,9,150669.3,6.18,1,0,11,High,Duplicate Record pattern detected from source controls,Trade Support,24,Resolved,2026-05-13,Breached,17,1,Duplicate Record,0.902,Trade Support,Most similar historical pattern: Duplicate Record,Confirm duplicate key collision and suppress or merge after control approval.,False,65.0,"Duplicate Record in Trades from ABOR is ranked High because the item is 9 days old, has a break amount of 150669.3, and carries confidence 0.902.",0.439,False,High-value reconciliation break,High
EXC0000136,Stale Price,Pricing,ABOR,Americas,Equity,1,5,1342.77,2.86,0,0,34,Low,Stale Price pattern detected from source controls,Pricing Control,72,Open,2026-05-15,Breached,23,0,Stale Price,0.948,Pricing Control,Most similar historical pattern: Stale Price,"Check vendor price history, compare secondary source, and escalate material moves.",False,35.3,"Stale Price in Pricing from ABOR is ranked Low because the item is 5 days old, has a break amount of 1342.77, and carries confidence 0.948.",0.2137,False,Multi-factor isolation signal,Low
EXC0000137,Trade Match Break,Trades,Bloomberg,EMEA,Corporate Bond,1,6,18817.32,0.65,0,0,2,Medium,Trade Match Break pattern detected from source controls,Trade Support,48,Resolved,2026-05-09,Breached,40,0,Trade Match Break,0.932,Trade Support,Most similar historical pattern: Trade Match Break,Review counterparty economic fields and run fuzzy security/client match.,False,46.3,"Trade Match Break in Trades from Bloomberg is ranked Medium because the item is 6 days old, has a break amount of 18817.32, and carries confidence 0.932.",0.1149,False,Multi-factor isolation signal,Medium
EXC0000138,Stale Price,Pricing,SimCorp,APAC,Government Bond,0,12,1305.26,-0.14,0,0,85,Low,Stale Price pattern detected from source controls,Pricing Control,72,Resolved,2026-04-15,Breached,16,0,Stale Price,0.857,Pricing Control,Most similar historical pattern: Stale Price,"Check vendor price history, compare secondary source, and escalate material moves.",False,35.9,"Stale Price in Pricing from SimCorp is ranked Low because the item is 12 days old, has a break amount of 1305.26, and carries confidence 0.857.",0.3905,False,Late source refresh,Low
EXC0000139,Position Reconciliation Break,Positions,IBOR,Americas,ETF,0,16,14732.47,4.59,0,0,4,High,Position Reconciliation Break pattern detected from source controls,Reconciliation,24,Resolved,2026-03-23,Breached,27,0,Position Reconciliation Break,0.816,Reconciliation,Most similar historical pattern: Position Reconciliation Break,"Compare IBOR, ABOR, and custodian balances; prioritize material value gaps.",False,55.3,"Position Reconciliation Break in Positions from IBOR is ranked High because the item is 16 days old, has a break amount of 14732.47, and carries confidence 0.816.",0.1159,False,Aging unresolved item,High
EXC0000140,Missing Reference Data,Reference Data,IBOR,Americas,Equity,4,18,4996.24,-0.59,0,0,1,High,Missing Reference Data pattern detected from source controls,Reference Data Ops,24,Escalated,2026-05-10,Breached,25,0,Missing Reference Data,0.897,Reference Data Ops,Most similar historical pattern: Missing Reference Data,"Validate security master fields, enrich ISIN/ticker, and rerun downstream load.",False,53.7,"Missing Reference Data in Reference Data from IBOR is ranked High because the item is 18 days old, has a break amount of 4996.24, and carries confidence 0.897.",0.1712,False,Aging unresolved item,High
EXC0000141,Unknown / Needs SME Review,Reference Data,Custodian,Americas,ETF,1,11,473.91,-2.76,0,0,12,Low,Unknown / Needs SME Review pattern detected from source controls,Reference Data Ops,72,Open,2026-04-02,Breached,10,0,Unknown / Needs SME Review,0.648,Reference Data Ops,Most similar historical pattern: Unknown / Needs SME Review,Send to SME review with source evidence and model explanation.,True,37.7,"Unknown / Needs SME Review in Reference Data from Custodian is ranked Low because the item is 11 days old, has a break amount of 473.91, and carries confidence 0.648.",0.1095,False,Multi-factor isolation signal,Low
EXC0000142,Duplicate Record,Trades,Custodian,APAC,Equity,0,10,4384.92,2.69,1,0,10,Medium,Duplicate Record pattern detected from source controls,Trade Support,48,Open,2026-04-04,Breached,22,0,Duplicate Record,0.871,Trade Support,Most similar historical pattern: Duplicate Record,Confirm duplicate key collision and suppress or merge after control approval.,False,45.0,"Duplicate Record in Trades from Custodian is ranked Medium because the item is 10 days old, has a break amount of 4384.92, and carries confidence 0.871.",0.0278,False,Multi-factor isolation signal,Medium
EXC0000143,Unknown / Needs SME Review,Reference Data,IBOR,Americas,Equity,0,20,1792.26,-0.82,0,0,10,Medium,Unknown / Needs SME Review pattern detected from source controls,Reference Data Ops,48,Open,2026-05-02,Breached,12,0,Unknown / Needs SME Review,0.777,Reference Data Ops,Most similar historical pattern: Unknown / Needs SME Review,Send to SME review with source evidence and model explanation.,True,45.4,"Unknown / Needs SME Review in Reference Data from IBOR is ranked Medium because the item is 20 days old, has a break amount of 1792.26, and carries confidence 0.777.",0.1394,False,Aging unresolved item,Medium
EXC0000144,Stale Price,Pricing,Refinitiv,EMEA,Equity,1,14,1158.23,-1.71,0,0,67,Medium,Stale Price pattern detected from source controls,Pricing Control,48,Escalated,2026-05-10,Breached,21,0,Stale Price,0.939,Pricing Control,Most similar historical pattern: Stale Price,"Check vendor price history, compare secondary source, and escalate material moves.",False,44.0,"Stale Price in Pricing from Refinitiv is ranked Medium because the item is 14 days old, has a break amount of 1158.23, and carries confidence 0.939.",0.4196,False,Late source refresh,Medium
EXC0000145,Trade Match Break,Trades,SimCorp,Americas,Equity,0,0,25837.79,-1.23,0,0,6,Medium,Trade Match Break pattern detected from source controls,Trade Support,48,Resolved,2026-04-03,Within SLA,25,0,Trade Match Break,0.882,Trade Support,Most similar historical pattern: Trade Match Break,Review counterparty economic fields and run fuzzy security/client match.,False,26.7,"Trade Match Break in Trades from SimCorp is ranked Medium because the item is 0 days old, has a break amount of 25837.79, and carries confidence 0.882.",0.3436,False,Multi-factor isolation signal,Medium
EXC0000146,Performance Return Outlier,Positions,ABOR,APAC,ETF,1,14,18775.47,24.32,0,0,6,High,Performance Return Outlier pattern detected from source controls,Reconciliation,24,Escalated,2026-04-02,Breached,10,0,Performance Return Outlier,0.843,Reconciliation,Most similar historical pattern: Performance Return Outlier,"Check vendor price history, compare secondary source, and escalate material moves.",False,54.7,"Performance Return Outlier in Positions from ABOR is ranked High because the item is 14 days old, has a break amount of 18775.47, and carries confidence 0.843.",0.5021,True,Large price/return move,High
EXC0000147,Invalid Currency,Reference Data,SimCorp,APAC,Derivative,0,16,1940.04,1.24,0,1,3,Medium,Invalid Currency pattern detected from source controls,Reference Data Ops,48,Resolved,2026-04-07,Breached,20,0,Invalid Currency,0.889,Reference Data Ops,Most similar historical pattern: Invalid Currency,"Validate security currency, trade currency, and portfolio base currency mapping.",False,44.6,"Invalid Currency in Reference Data from SimCorp is ranked Medium because the item is 16 days old, has a break amount of 1940.04, and carries confidence 0.889.",0.058,False,Aging unresolved item,Medium
EXC0000148,Missing Reference Data,Reference Data,Aladdin,EMEA,Equity,4,16,1260.09,-0.96,0,0,1,Medium,Missing Reference Data pattern detected from source controls,Reference Data Ops,48,Resolved,2026-04-04,Breached,22,0,Missing Reference Data,0.917,Reference Data Ops,Most similar historical pattern: Missing Reference Data,"Validate security master fields, enrich ISIN/ticker, and rerun downstream load.",False,44.3,"Missing Reference Data in Reference Data from Aladdin is ranked Medium because the item is 16 days old, has a break amount of 1260.09, and carries confidence 0.917.",0.1112,False,Aging unresolved item,Medium
EXC0000149,Delayed Source Load,Source Control,Aladdin,APAC,Derivative,1,3,1715.73,2.67,0,0,85,Low,Delayed Source Load pattern detected from source controls,Source Systems,72,Open,2026-04-21,Within SLA,12,0,Delayed Source Load,0.959,Source Systems,Most similar historical pattern: Delayed Source Load,Check source-system batch status and notify technology owner if SLA breached.,False,14.8,"Delayed Source Load in Source Control from Aladdin is ranked Low because the item is 3 days old, has a break amount of 1715.73, and carries confidence 0.959.",0.4358,False,Late source refresh,Low
EXC0000150,Stale Price,Pricing,Refinitiv,Americas,Corporate Bond,1,11,970.8,-0.57,0,0,78,Low,Stale Price pattern detected from source controls,Pricing Control,72,Escalated,2026-04-27,Breached,21,0,Stale Price,0.946,Pricing Control,Most similar historical pattern: Stale Price,"Check vendor price history, compare secondary source, and escalate material moves.",False,35.2,"Stale Price in Pricing from Refinitiv is ranked Low because the item is 11 days old, has a break amount of 970.8, and carries confidence 0.946.",0.3554,False,Late source refresh,Low
EXC0000151,Price Outlier,Pricing,Refinitiv,EMEA,Derivative,0,16,10358.25,9.98,0,0,8,High,Price Outlier pattern detected from source controls,Pricing Control,24,Resolved,2026-05-18,Breached,13,0,Price Outlier,0.745,Pricing Control,Most similar historical pattern: Price Outlier,"Check vendor price history, compare secondary source, and escalate material moves.",False,55.1,"Price Outlier in Pricing from Refinitiv is ranked High because the item is 16 days old, has a break amount of 10358.25, and carries confidence 0.745.",0.2079,False,Aging unresolved item,High
EXC0000152,Missing Client Mapping,Client Data,Custodian,APAC,Derivative,4,20,4053.82,-1.77,0,0,18,High,Missing Client Mapping pattern detected from source controls,Client Data Ops,24,Resolved,2026-04-19,Breached,11,0,Missing Client Mapping,0.94,Client Data Ops,Most similar historical pattern: Missing Client Mapping,Route to client-data operations to complete portfolio and account mapping.,False,52.6,"Missing Client Mapping in Client Data from Custodian is ranked High because the item is 20 days old, has a break amount of 4053.82, and carries confidence 0.94.",0.2109,False,Aging unresolved item,High
EXC0000153,Invalid Currency,Reference Data,SimCorp,EMEA,ETF,0,19,2672.71,1.55,0,1,4,High,Invalid Currency pattern detected from source controls,Reference Data Ops,24,Resolved,2026-04-06,Breached,20,0,Invalid Currency,0.885,Reference Data Ops,Most similar historical pattern: Invalid Currency,"Validate security currency, trade currency, and portfolio base currency mapping.",False,53.4,"Invalid Currency in Reference Data from SimCorp is ranked High because the item is 19 days old, has a break amount of 2672.71, and carries confidence 0.885.",0.1277,False,Aging unresolved item,High
EXC0000154,Invalid Currency,Reference Data,Refinitiv,Americas,Government Bond,1,17,1267.68,-0.46,0,1,3,Medium,Invalid Currency pattern detected from source controls,Reference Data Ops,48,Resolved,2026-05-08,Breached,9,0,Invalid Currency,0.92,Reference Data Ops,Most similar historical pattern: Invalid Currency,"Validate security currency, trade currency, and portfolio base currency mapping.",False,43.8,"Invalid Currency in Reference Data from Refinitiv is ranked Medium because the item is 17 days old, has a break amount of 1267.68, and carries confidence 0.92.",0.1139,False,Aging unresolved item,Medium
EXC0000155,Missing Reference Data,Reference Data,IBOR,EMEA,Derivative,4,17,3488.31,1.76,0,0,14,High,Missing Reference Data pattern detected from source controls,Reference Data Ops,24,Open,2026-05-02,Breached,25,0,Missing Reference Data,0.925,Reference Data Ops,Most similar historical pattern: Missing Reference Data,"Validate security master fields, enrich ISIN/ticker, and rerun downstream load.",False,53.3,"Missing Reference Data in Reference Data from IBOR is ranked High because the item is 17 days old, has a break amount of 3488.31, and carries confidence 0.925.",0.0502,False,Aging unresolved item,High
EXC0000156,Price Outlier,Pricing,Bloomberg,APAC,Government Bond,0,7,2297.16,18.81,0,0,7,Medium,Price Outlier pattern detected from source controls,Pricing Control,48,Open,2026-04-15,Breached,14,0,Price Outlier,0.977,Pricing Control,Most similar historical pattern: Price Outlier,"Check vendor price history, compare secondary source, and escalate material moves.",False,43.5,"Price Outlier in Pricing from Bloomberg is ranked Medium because the item is 7 days old, has a break amount of 2297.16, and carries confidence 0.977.",0.3363,False,Large price/return move,Medium
EXC0000157,Trade Match Break,Trades,Custodian,Americas,Equity,0,13,82235.88,-0.08,0,0,5,Critical,Trade Match Break pattern detected from source controls,Trade Support,8,Resolved,2026-05-03,Breached,24,1,Trade Match Break,0.909,Trade Support,Most similar historical pattern: Trade Match Break,Review counterparty economic fields and run fuzzy security/client match.,False,68.4,"Trade Match Break in Trades from Custodian is ranked Critical because the item is 13 days old, has a break amount of 82235.88, and carries confidence 0.909.",0.2588,False,High-value reconciliation break,Critical
EXC0000158,Trade Match Break,Trades,Bloomberg,APAC,Corporate Bond,1,0,102067.49,8.17,0,0,15,High,Trade Match Break pattern detected from source controls,Trade Support,24,Resolved,2026-03-28,Within SLA,40,1,Trade Match Break,0.716,Trade Support,Most similar historical pattern: Trade Match Break,Review counterparty economic fields and run fuzzy security/client match.,True,43.9,"Trade Match Break in Trades from Bloomberg is ranked High because the item is 0 days old, has a break amount of 102067.49, and carries confidence 0.716.",0.5333,True,High-value reconciliation break,High
EXC0000159,Missing Reference Data,Reference Data,ABOR,EMEA,Equity,3,2,2252.2,2.19,0,0,5,Low,Missing Reference Data pattern detected from source controls,Reference Data Ops,72,Resolved,2026-04-18,Within SLA,25,0,Missing Reference Data,0.921,Reference Data Ops,Most similar historical pattern: Missing Reference Data,"Validate security master fields, enrich ISIN/ticker, and rerun downstream load.",False,15.7,"Missing Reference Data in Reference Data from ABOR is ranked Low because the item is 2 days old, has a break amount of 2252.2, and carries confidence 0.921.",0.0985,False,Multi-factor isolation signal,Low
EXC0000160,Invalid Currency,Reference Data,Refinitiv,Americas,Corporate Bond,1,5,6952.44,1.06,0,1,0,Medium,Invalid Currency pattern detected from source controls,Reference Data Ops,48,Resolved,2026-04-24,Breached,9,0,Invalid Currency,0.904,Reference Data Ops,Most similar historical pattern: Invalid Currency,"Validate security currency, trade currency, and portfolio base currency mapping.",False,44.4,"Invalid Currency in Reference Data from Refinitiv is ranked Medium because the item is 5 days old, has a break amount of 6952.44, and carries confidence 0.904.",0.1433,False,Multi-factor isolation signal,Medium
EXC0000161,Performance Return Outlier,Positions,ABOR,APAC,Equity,1,21,48363.87,25.37,0,0,16,Critical,Performance Return Outlier pattern detected from source controls,Reconciliation,8,Resolved,2026-05-04,Breached,10,1,Performance Return Outlier,0.806,Reconciliation,Most similar historical pattern: Performance Return Outlier,"Check vendor price history, compare secondary source, and escalate material moves.",False,66.2,"Performance Return Outlier in Positions from ABOR is ranked Critical because the item is 21 days old, has a break amount of 48363.87, and carries confidence 0.806.",0.6801,True,Large price/return move,High
EXC0000162,Unknown / Needs SME Review,Reference Data,Bloomberg,EMEA,Government Bond,1,5,1464.19,0.63,0,0,19,Low,Unknown / Needs SME Review pattern detected from source controls,Reference Data Ops,72,Open,2026-03-26,Breached,12,0,Unknown / Needs SME Review,0.538,Reference Data Ops,Most similar historical pattern: Unknown / Needs SME Review,Send to SME review with source evidence and model explanation.,True,39.0,"Unknown / Needs SME Review in Reference Data from Bloomberg is ranked Low because the item is 5 days old, has a break amount of 1464.19, and carries confidence 0.538.",0.0691,False,Multi-factor isolation signal,Low
EXC0000163,Missing Client Mapping,Client Data,Bloomberg,Americas,Government Bond,1,7,1957.43,0.88,0,0,18,Low,Missing Client Mapping pattern detected from source controls,Client Data Ops,72,Resolved,2026-04-07,Breached,18,0,Missing Client Mapping,0.94,Client Data Ops,Most similar historical pattern: Missing Client Mapping,Route to client-data operations to complete portfolio and account mapping.,False,35.2,"Missing Client Mapping in Client Data from Bloomberg is ranked Low because the item is 7 days old, has a break amount of 1957.43, and carries confidence 0.94.",0.0515,False,Multi-factor isolation signal,Low
EXC0000164,Stale Price,Pricing,ABOR,Americas,Government Bond,1,17,1872.5,3.4,0,0,32,Medium,Stale Price pattern detected from source controls,Pricing Control,48,Escalated,2026-04-15,Breached,23,0,Stale Price,0.894,Pricing Control,Most similar historical pattern: Stale Price,"Check vendor price history, compare secondary source, and escalate material moves.",False,44.6,"Stale Price in Pricing from ABOR is ranked Medium because the item is 17 days old, has a break amount of 1872.5, and carries confidence 0.894.",0.2288,False,Aging unresolved item,Medium
EXC0000165,Position Reconciliation Break,Positions,Bloomberg,Americas,Corporate Bond,1,0,10740.0,0.01,0,0,9,Medium,Position Reconciliation Break pattern detected from source controls,Reconciliation,48,Open,2026-05-02,Within SLA,32,0,Position Reconciliation Break,0.836,Reconciliation,Most similar historical pattern: Position Reconciliation Break,"Compare IBOR, ABOR, and custodian balances; prioritize material value gaps.",False,26.3,"Position Reconciliation Break in Positions from Bloomberg is ranked Medium because the item is 0 days old, has a break amount of 10740.0, and carries confidence 0.836.",0.2647,False,Multi-factor isolation signal,Medium
EXC0000166,Performance Return Outlier,Positions,IBOR,EMEA,Corporate Bond,0,3,127846.31,18.01,0,0,17,High,Performance Return Outlier pattern detected from source controls,Reconciliation,24,Resolved,2026-05-12,Breached,5,1,Performance Return Outlier,0.789,Reconciliation,Most similar historical pattern: Performance Return Outlier,"Check vendor price history, compare secondary source, and escalate material moves.",False,63.8,"Performance Return Outlier in Positions from IBOR is ranked High because the item is 3 days old, has a break amount of 127846.31, and carries confidence 0.789.",0.6626,True,Large price/return move,High
EXC0000167,Missing Reference Data,Reference Data,Aladdin,Americas,Government Bond,4,0,3410.48,1.61,0,0,12,Low,Missing Reference Data pattern detected from source controls,Reference Data Ops,72,Resolved,2026-04-01,Within SLA,22,0,Missing Reference Data,0.896,Reference Data Ops,Most similar historical pattern: Missing Reference Data,"Validate security master fields, enrich ISIN/ticker, and rerun downstream load.",False,15.9,"Missing Reference Data in Reference Data from Aladdin is ranked Low because the item is 0 days old, has a break amount of 3410.48, and carries confidence 0.896.",0.2069,False,Multi-factor isolation signal,Low
EXC0000168,Price Outlier,Pricing,ABOR,Americas,Corporate Bond,1,13,4742.28,11.59,0,0,5,High,Price Outlier pattern detected from source controls,Pricing Control,24,Resolved,2026-05-17,Breached,19,0,Price Outlier,0.949,Pricing Control,Most similar historical pattern: Price Outlier,"Check vendor price history, compare secondary source, and escalate material moves.",False,52.9,"Price Outlier in Pricing from ABOR is ranked High because the item is 13 days old, has a break amount of 4742.28, and carries confidence 0.949.",0.2232,False,Aging unresolved item,High
EXC0000169,Price Outlier,Pricing,ABOR,EMEA,Equity,1,16,11077.45,16.44,0,0,7,High,Price Outlier pattern detected from source controls,Pricing Control,24,Escalated,2026-04-23,Breached,19,0,Price Outlier,0.758,Pricing Control,Most similar historical pattern: Price Outlier,"Check vendor price history, compare secondary source, and escalate material moves.",False,55.3,"Price Outlier in Pricing from ABOR is ranked High because the item is 16 days old, has a break amount of 11077.45, and carries confidence 0.758.",0.2882,False,Large price/return move,High
EXC0000170,Duplicate Record,Trades,Custodian,APAC,ETF,0,20,21446.02,2.33,1,0,6,Critical,Duplicate Record pattern detected from source controls,Trade Support,8,Resolved,2026-04-15,Breached,22,0,Duplicate Record,0.938,Trade Support,Most similar historical pattern: Duplicate Record,Confirm duplicate key collision and suppress or merge after control approval.,False,63.2,"Duplicate Record in Trades from Custodian is ranked Critical because the item is 20 days old, has a break amount of 21446.02, and carries confidence 0.938.",0.1751,False,Aging unresolved item,Critical
EXC0000171,Unknown / Needs SME Review,Reference Data,Refinitiv,APAC,Government Bond,1,18,1984.99,3.41,0,0,12,Medium,Unknown / Needs SME Review pattern detected from source controls,Reference Data Ops,48,Open,2026-04-19,Breached,11,0,Unknown / Needs SME Review,0.759,Reference Data Ops,Most similar historical pattern: Unknown / Needs SME Review,Send to SME review with source evidence and model explanation.,True,45.5,"Unknown / Needs SME Review in Reference Data from Refinitiv is ranked Medium because the item is 18 days old, has a break amount of 1984.99, and carries confidence 0.759.",0.0928,False,Aging unresolved item,Medium
EXC0000172,Position Reconciliation Break,Positions,Bloomberg,Americas,Equity,1,15,11474.0,4.31,0,0,13,High,Position Reconciliation Break pattern detected from source controls,Reconciliation,24,Open,2026-04-08,Breached,32,0,Position Reconciliation Break,0.823,Reconciliation,Most similar historical pattern: Position Reconciliation Break,"Compare IBOR, ABOR, and custodian balances; prioritize material value gaps.",False,55.2,"Position Reconciliation Break in Positions from Bloomberg is ranked High because the item is 15 days old, has a break amount of 11474.0, and carries confidence 0.823.",0.0447,False,Aging unresolved item,High
EXC0000173,Position Reconciliation Break,Positions,Bloomberg,EMEA,Derivative,1,17,87200.09,2.84,0,0,14,Critical,Position Reconciliation Break pattern detected from source controls,Reconciliation,8,Resolved,2026-05-17,Breached,32,1,Position Reconciliation Break,0.902,Reconciliation,Most similar historical pattern: Position Reconciliation Break,"Compare IBOR, ABOR, and custodian balances; prioritize material value gaps.",False,69.2,"Position Reconciliation Break in Positions from Bloomberg is ranked Critical because the item is 17 days old, has a break amount of 87200.09, and carries confidence 0.902.",0.2664,False,High-value reconciliation break,Critical
EXC0000174,Duplicate Record,Trades,Bloomberg,Americas,Corporate Bond,0,20,44177.65,2.19,1,0,5,Critical,Duplicate Record pattern detected from source controls,Trade Support,8,Resolved,2026-05-06,Breached,17,0,Duplicate Record,0.913,Trade Support,Most similar historical pattern: Duplicate Record,Confirm duplicate key collision and suppress or merge after control approval.,False,65.1,"Duplicate Record in Trades from Bloomberg is ranked Critical because the item is 20 days old, has a break amount of 44177.65, and carries confidence 0.913.",0.2688,False,Aging unresolved item,Critical
EXC0000175,Delayed Source Load,Source Control,IBOR,EMEA,ETF,1,12,4150.63,2.52,0,0,66,Medium,Delayed Source Load pattern detected from source controls,Source Systems,48,Resolved,2026-05-18,Breached,15,0,Delayed Source Load,0.965,Source Systems,Most similar historical pattern: Delayed Source Load,Check source-system batch status and notify technology owner if SLA breached.,False,43.8,"Delayed Source Load in Source Control from IBOR is ranked Medium because the item is 12 days old, has a break amount of 4150.63, and carries confidence 0.965.",0.3314,False,Late source refresh,Medium
EXC0000176,Price Outlier,Pricing,SimCorp,APAC,Equity,1,2,4102.61,8.24,0,0,8,Medium,Price Outlier pattern detected from source controls,Pricing Control,48,Open,2026-05-04,Within SLA,12,0,Price Outlier,0.861,Pricing Control,Most similar historical pattern: Price Outlier,"Check vendor price history, compare secondary source, and escalate material moves.",False,24.7,"Price Outlier in Pricing from SimCorp is ranked Medium because the item is 2 days old, has a break amount of 4102.61, and carries confidence 0.861.",0.1896,False,Multi-factor isolation signal,Medium
EXC0000177,Duplicate Record,Trades,Bloomberg,EMEA,Corporate Bond,0,13,35591.14,1.78,1,0,0,High,Duplicate Record pattern detected from source controls,Trade Support,24,Suppressed,2026-05-07,Breached,17,0,Duplicate Record,0.934,Trade Support,Most similar historical pattern: Duplicate Record,Confirm duplicate key collision and suppress or merge after control approval.,False,55.4,"Duplicate Record in Trades from Bloomberg is ranked High because the item is 13 days old, has a break amount of 35591.14, and carries confidence 0.934.",0.1845,False,Aging unresolved item,High
EXC0000178,Performance Return Outlier,Positions,Refinitiv,EMEA,Corporate Bond,1,6,56475.19,17.74,0,0,15,High,Performance Return Outlier pattern detected from source controls,Reconciliation,24,Suppressed,2026-03-29,Breached,11,1,Performance Return Outlier,0.782,Reconciliation,Most similar historical pattern: Performance Return Outlier,"Check vendor price history, compare secondary source, and escalate material moves.",False,58.4,"Performance Return Outlier in Positions from Refinitiv is ranked High because the item is 6 days old, has a break amount of 56475.19, and carries confidence 0.782.",0.4751,True,Large price/return move,High
EXC0000179,Performance Return Outlier,Positions,Refinitiv,APAC,Equity,1,19,29517.32,16.47,0,0,1,Critical,Performance Return Outlier pattern detected from source controls,Reconciliation,8,Resolved,2026-04-29,Breached,11,0,Performance Return Outlier,0.847,Reconciliation,Most similar historical pattern: Performance Return Outlier,"Check vendor price history, compare secondary source, and escalate material moves.",False,64.3,"Performance Return Outlier in Positions from Refinitiv is ranked Critical because the item is 19 days old, has a break amount of 29517.32, and carries confidence 0.847.",0.4794,True,Large price/return move,Critical
EXC0000180,Trade Match Break,Trades,Bloomberg,Americas,Government Bond,1,11,27150.31,5.25,0,0,0,High,Trade Match Break pattern detected from source controls,Trade Support,24,Open,2026-04-16,Breached,40,0,Trade Match Break,0.841,Trade Support,Most similar historical pattern: Trade Match Break,Review counterparty economic fields and run fuzzy security/client match.,False,56.6,"Trade Match Break in Trades from Bloomberg is ranked High because the item is 11 days old, has a break amount of 27150.31, and carries confidence 0.841.",0.2236,False,Multi-factor isolation signal,High
EXC0000181,Missing Reference Data,Reference Data,Refinitiv,EMEA,Corporate Bond,1,14,740.67,2.62,0,0,14,Low,Missing Reference Data pattern detected from source controls,Reference Data Ops,72,Resolved,2026-05-09,Breached,17,0,Unknown / Needs SME Review,0.471,Reference Data Ops,Most similar historical pattern: Unknown / Needs SME Review,Send to SME review with source evidence and model explanation.,True,39.8,"Unknown / Needs SME Review in Reference Data from Refinitiv is ranked Low because the item is 14 days old, has a break amount of 740.67, and carries confidence 0.471.",0.0243,False,Aging unresolved item,Low
EXC0000182,Performance Return Outlier,Positions,ABOR,APAC,Corporate Bond,0,11,142182.9,17.73,0,0,1,Critical,Performance Return Outlier pattern detected from source controls,Reconciliation,8,Escalated,2026-04-03,Breached,10,1,Performance Return Outlier,0.864,Reconciliation,Most similar historical pattern: Performance Return Outlier,"Check vendor price history, compare secondary source, and escalate material moves.",False,73.1,"Performance Return Outlier in Positions from ABOR is ranked Critical because the item is 11 days old, has a break amount of 142182.9, and carries confidence 0.864.",0.6658,True,Large price/return move,High
EXC0000183,Performance Return Outlier,Positions,Bloomberg,Americas,Government Bond,0,7,11350.07,14.8,0,0,10,Medium,Performance Return Outlier pattern detected from source controls,Reconciliation,48,Resolved,2026-04-19,Breached,8,0,Performance Return Outlier,0.701,Reconciliation,Most similar historical pattern: Performance Return Outlier,"Check vendor price history, compare secondary source, and escalate material moves.",True,46.7,"Performance Return Outlier in Positions from Bloomberg is ranked Medium because the item is 7 days old, has a break amount of 11350.07, and carries confidence 0.701.",0.3065,False,Large price/return move,Medium
EXC0000184,Missing Reference Data,Reference Data,SimCorp,APAC,Derivative,2,20,2833.43,0.95,0,0,6,High,Missing Reference Data pattern detected from source controls,Reference Data Ops,24,Resolved,2026-03-27,Breached,15,0,Missing Reference Data,0.791,Reference Data Ops,Most similar historical pattern: Missing Reference Data,"Validate security master fields, enrich ISIN/ticker, and rerun downstream load.",False,54.2,"Missing Reference Data in Reference Data from SimCorp is ranked High because the item is 20 days old, has a break amount of 2833.43, and carries confidence 0.791.",0.15,False,Aging unresolved item,High
EXC0000185,Missing Reference Data,Reference Data,ABOR,Americas,Corporate Bond,3,20,2037.56,1.51,0,0,18,High,Missing Reference Data pattern detected from source controls,Reference Data Ops,24,Resolved,2026-04-13,Breached,25,0,Missing Reference Data,0.821,Reference Data Ops,Most similar historical pattern: Missing Reference Data,"Validate security master fields, enrich ISIN/ticker, and rerun downstream load.",False,54.2,"Missing Reference Data in Reference Data from ABOR is ranked High because the item is 20 days old, has a break amount of 2037.56, and carries confidence 0.821.",0.1343,False,Aging unresolved item,High
EXC0000186,Stale Price,Pricing,Bloomberg,APAC,Equity,1,19,4042.62,2.02,0,0,93,High,Stale Price pattern detected from source controls,Pricing Control,24,Escalated,2026-04-02,Breached,12,0,Stale Price,0.901,Pricing Control,Most similar historical pattern: Stale Price,"Check vendor price history, compare secondary source, and escalate material moves.",False,53.0,"Stale Price in Pricing from Bloomberg is ranked High because the item is 19 days old, has a break amount of 4042.62, and carries confidence 0.901.",0.5691,True,Late source refresh,High
EXC0000187,Duplicate Record,Trades,IBOR,Americas,ETF,0,21,102973.46,1.01,1,0,2,Critical,Duplicate Record pattern detected from source controls,Trade Support,8,Open,2026-04-01,Breached,13,1,Duplicate Record,0.902,Trade Support,Most similar historical pattern: Duplicate Record,Confirm duplicate key collision and suppress or merge after control approval.,False,69.7,"Duplicate Record in Trades from IBOR is ranked Critical because the item is 21 days old, has a break amount of 102973.46, and carries confidence 0.902.",0.4499,False,High-value reconciliation break,Critical
EXC0000188,Price Outlier,Pricing,Murex,APAC,Government Bond,0,0,1116.54,30.1,0,0,2,Low,Price Outlier pattern detected from source controls,Pricing Control,72,Resolved,2026-05-15,Within SLA,17,0,Price Outlier,0.96,Pricing Control,Most similar historical pattern: Price Outlier,"Check vendor price history, compare secondary source, and escalate material moves.",False,14.9,"Price Outlier in Pricing from Murex is ranked Low because the item is 0 days old, has a break amount of 1116.54, and carries confidence 0.96.",0.6822,True,Large price/return move,High
EXC0000189,Price Outlier,Pricing,Custodian,APAC,Derivative,0,13,170.72,19.7,0,0,19,Low,Price Outlier pattern detected from source controls,Pricing Control,72,Escalated,2026-04-19,Breached,14,0,Price Outlier,0.887,Pricing Control,Most similar historical pattern: Price Outlier,"Check vendor price history, compare secondary source, and escalate material moves.",False,35.5,"Price Outlier in Pricing from Custodian is ranked Low because the item is 13 days old, has a break amount of 170.72, and carries confidence 0.887.",0.3991,False,Large price/return move,Low
EXC0000190,Missing Client Mapping,Client Data,Custodian,Americas,ETF,4,9,1387.6,2.17,0,0,19,Low,Missing Client Mapping pattern detected from source controls,Client Data Ops,72,Open,2026-04-28,Breached,11,0,Missing Client Mapping,0.966,Client Data Ops,Most similar historical pattern: Missing Client Mapping,Route to client-data operations to complete portfolio and account mapping.,False,34.6,"Missing Client Mapping in Client Data from Custodian is ranked Low because the item is 9 days old, has a break amount of 1387.6, and carries confidence 0.966.",0.0435,False,Multi-factor isolation signal,Low
EXC0000191,Price Outlier,Pricing,IBOR,EMEA,Equity,1,12,1865.42,1.47,0,0,2,Medium,Price Outlier pattern detected from source controls,Pricing Control,48,Resolved,2026-04-27,Breached,12,0,Price Outlier,0.659,Pricing Control,Most similar historical pattern: Price Outlier,"Check vendor price history, compare secondary source, and escalate material moves.",True,46.5,"Price Outlier in Pricing from IBOR is ranked Medium because the item is 12 days old, has a break amount of 1865.42, and carries confidence 0.659.",0.034,False,Multi-factor isolation signal,Medium
EXC0000192,Unknown / Needs SME Review,Reference Data,SimCorp,APAC,ETF,0,9,1877.85,1.38,0,0,6,Medium,Unknown / Needs SME Review pattern detected from source controls,Reference Data Ops,48,Resolved,2026-04-26,Breached,10,0,Unknown / Needs SME Review,0.676,Reference Data Ops,Most similar historical pattern: Unknown / Needs SME Review,Send to SME review with source evidence and model explanation.,True,46.3,"Unknown / Needs SME Review in Reference Data from SimCorp is ranked Medium because the item is 9 days old, has a break amount of 1877.85, and carries confidence 0.676.",0.0495,False,Multi-factor isolation signal,Medium
EXC0000193,Trade Match Break,Trades,Aladdin,Americas,Equity,1,20,32788.45,3.77,0,0,0,Critical,Trade Match Break pattern detected from source controls,Trade Support,8,Resolved,2026-03-25,Breached,27,0,Trade Match Break,0.809,Trade Support,Most similar historical pattern: Trade Match Break,Review counterparty economic fields and run fuzzy security/client match.,False,65.6,"Trade Match Break in Trades from Aladdin is ranked Critical because the item is 20 days old, has a break amount of 32788.45, and carries confidence 0.809.",0.3084,False,Aging unresolved item,Critical
EXC0000194,Trade Match Break,Trades,SimCorp,Americas,Government Bond,0,18,10639.23,1.62,0,0,16,High,Trade Match Break pattern detected from source controls,Trade Support,24,Resolved,2026-03-22,Breached,25,0,Trade Match Break,0.908,Trade Support,Most similar historical pattern: Trade Match Break,Review counterparty economic fields and run fuzzy security/client match.,False,54.0,"Trade Match Break in Trades from SimCorp is ranked High because the item is 18 days old, has a break amount of 10639.23, and carries confidence 0.908.",0.0882,False,Aging unresolved item,High
EXC0000195,Unknown / Needs SME Review,Reference Data,Refinitiv,APAC,Equity,1,17,918.33,0.72,0,0,17,Medium,Unknown / Needs SME Review pattern detected from source controls,Reference Data Ops,48,Resolved,2026-04-23,Breached,11,0,Unknown / Needs SME Review,0.72,Reference Data Ops,Most similar historical pattern: Unknown / Needs SME Review,Send to SME review with source evidence and model explanation.,True,45.8,"Unknown / Needs SME Review in Reference Data from Refinitiv is ranked Medium because the item is 17 days old, has a break amount of 918.33, and carries confidence 0.72.",0.0538,False,Aging unresolved item,Medium
EXC0000196,Stale Price,Pricing,ABOR,Americas,ETF,1,14,791.26,0.88,0,0,27,Low,Stale Price pattern detected from source controls,Pricing Control,72,Suppressed,2026-03-21,Breached,23,0,Stale Price,0.941,Pricing Control,Most similar historical pattern: Stale Price,"Check vendor price history, compare secondary source, and escalate material moves.",False,35.3,"Stale Price in Pricing from ABOR is ranked Low because the item is 14 days old, has a break amount of 791.26, and carries confidence 0.941.",0.1355,False,Aging unresolved item,Low
EXC0000197,Missing Reference Data,Reference Data,Custodian,APAC,Derivative,1,2,2560.52,4.63,0,0,10,Low,Missing Reference Data pattern detected from source controls,Reference Data Ops,72,Resolved,2026-05-03,Within SLA,20,0,Unknown / Needs SME Review,0.641,Reference Data Ops,Most similar historical pattern: Unknown / Needs SME Review,Send to SME review with source evidence and model explanation.,True,18.3,"Unknown / Needs SME Review in Reference Data from Custodian is ranked Low because the item is 2 days old, has a break amount of 2560.52, and carries confidence 0.641.",0.1122,False,Multi-factor isolation signal,Low
EXC0000198,Trade Match Break,Trades,ABOR,APAC,Derivative,0,3,41183.68,2.01,0,0,7,High,Trade Match Break pattern detected from source controls,Trade Support,24,Resolved,2026-04-05,Breached,28,0,Trade Match Break,0.921,Trade Support,Most similar historical pattern: Trade Match Break,Review counterparty economic fields and run fuzzy security/client match.,False,56.5,"Trade Match Break in Trades from ABOR is ranked High because the item is 3 days old, has a break amount of 41183.68, and carries confidence 0.921.",0.1766,False,Multi-factor isolation signal,High
EXC0000199,Duplicate Record,Trades,Refinitiv,Americas,Equity,0,21,16615.43,1.41,1,0,5,Critical,Duplicate Record pattern detected from source controls,Trade Support,8,Resolved,2026-05-15,Breached,12,0,Duplicate Record,0.916,Trade Support,Most similar historical pattern: Duplicate Record,Confirm duplicate key collision and suppress or merge after control approval.,False,62.6,"Duplicate Record in Trades from Refinitiv is ranked Critical because the item is 21 days old, has a break amount of 16615.43, and carries confidence 0.916.",0.2523,False,Aging unresolved item,Critical
EXC0000200,Position Reconciliation Break,Positions,ABOR,Americas,Derivative,0,0,27718.43,0.41,0,0,14,Medium,Position Reconciliation Break pattern detected from source controls,Reconciliation,48,Resolved,2026-05-10,Within SLA,21,0,Position Reconciliation Break,0.909,Reconciliation,Most similar historical pattern: Position Reconciliation Break,"Compare IBOR, ABOR, and custodian balances; prioritize material value gaps.",False,26.5,"Position Reconciliation Break in Positions from ABOR is ranked Medium because the item is 0 days old, has a break amount of 27718.43, and carries confidence 0.909.",0.3231,False,Multi-factor isolation signal,Medium
EXC0000201,Unknown / Needs SME Review,Reference Data,IBOR,Americas,ETF,0,15,3398.13,0.7,0,0,11,High,Unknown / Needs SME Review pattern detected from source controls,Reference Data Ops,24,Open,2026-05-08,Breached,12,0,Unknown / Needs SME Review,0.759,Reference Data Ops,Most similar historical pattern: Unknown / Needs SME Review,Send to SME review with source evidence and model explanation.,True,54.4,"Unknown / Needs SME Review in Reference Data from IBOR is ranked High because the item is 15 days old, has a break amount of 3398.13, and carries confidence 0.759.",0.0047,False,Aging unresolved item,High
EXC0000202,Unknown / Needs SME Review,Reference Data,Aladdin,EMEA,Derivative,1,12,1554.47,4.2,0,0,9,Medium,Unknown / Needs SME Review pattern detected from source controls,Reference Data Ops,48,Open,2026-04-15,Breached,9,0,Unknown / Needs SME Review,0.723,Reference Data Ops,Most similar historical pattern: Unknown / Needs SME Review,Send to SME review with source evidence and model explanation.,True,45.8,"Unknown / Needs SME Review in Reference Data from Aladdin is ranked Medium because the item is 12 days old, has a break amount of 1554.47, and carries confidence 0.723.",0.0306,False,Multi-factor isolation signal,Medium
EXC0000203,Missing Reference Data,Reference Data,Custodian,APAC,Government Bond,2,16,3206.08,-0.79,0,0,7,High,Missing Reference Data pattern detected from source controls,Reference Data Ops,24,Escalated,2026-04-08,Breached,20,0,Missing Reference Data,0.873,Reference Data Ops,Most similar historical pattern: Missing Reference Data,"Validate security master fields, enrich ISIN/ticker, and rerun downstream load.",False,53.6,"Missing Reference Data in Reference Data from Custodian is ranked High because the item is 16 days old, has a break amount of 3206.08, and carries confidence 0.873.",0.0641,False,Aging unresolved item,High
EXC0000204,Stale Price,Pricing,IBOR,APAC,ETF,1,21,4284.15,3.17,0,0,89,High,Stale Price pattern detected from source controls,Pricing Control,24,Resolved,2026-05-18,Breached,22,0,Stale Price,0.914,Pricing Control,Most similar historical pattern: Stale Price,"Check vendor price history, compare secondary source, and escalate material moves.",False,53.3,"Stale Price in Pricing from IBOR is ranked High because the item is 21 days old, has a break amount of 4284.15, and carries confidence 0.914.",0.6529,True,Late source refresh,High
EXC0000205,Position Reconciliation Break,Positions,Refinitiv,Americas,Government Bond,1,8,35263.78,3.27,0,0,19,High,Position Reconciliation Break pattern detected from source controls,Reconciliation,24,Resolved,2026-05-08,Breached,17,0,Position Reconciliation Break,0.746,Reconciliation,Most similar historical pattern: Position Reconciliation Break,"Compare IBOR, ABOR, and custodian balances; prioritize material value gaps.",False,57.3,"Position Reconciliation Break in Positions from Refinitiv is ranked High because the item is 8 days old, has a break amount of 35263.78, and carries confidence 0.746.",0.1445,False,Multi-factor isolation signal,High
EXC0000206,Unknown / Needs SME Review,Reference Data,ABOR,EMEA,ETF,0,13,1216.17,2.04,0,0,2,Medium,Unknown / Needs SME Review pattern detected from source controls,Reference Data Ops,48,Resolved,2026-03-27,Breached,11,0,Unknown / Needs SME Review,0.777,Reference Data Ops,Most similar historical pattern: Unknown / Needs SME Review,Send to SME review with source evidence and model explanation.,True,45.3,"Unknown / Needs SME Review in Reference Data from ABOR is ranked Medium because the item is 13 days old, has a break amount of 1216.17, and carries confidence 0.777.",0.0451,False,Aging unresolved item,Medium
EXC0000207,Price Outlier,Pricing,Refinitiv,Americas,ETF,0,0,5177.34,17.06,0,0,15,Medium,Price Outlier pattern detected from source controls,Pricing Control,48,Resolved,2026-04-28,Within SLA,13,0,Price Outlier,0.941,Pricing Control,Most similar historical pattern: Price Outlier,"Check vendor price history, compare secondary source, and escalate material moves.",False,24.0,"Price Outlier in Pricing from Refinitiv is ranked Medium because the item is 0 days old, has a break amount of 5177.34, and carries confidence 0.941.",0.4977,True,Large price/return move,Medium
EXC0000208,Trade Match Break,Trades,IBOR,EMEA,Corporate Bond,0,7,59963.03,-2.21,0,0,9,High,Trade Match Break pattern detected from source controls,Trade Support,24,Open,2026-04-06,Breached,21,1,Trade Match Break,0.932,Trade Support,Most similar historical pattern: Trade Match Break,Review counterparty economic fields and run fuzzy security/client match.,False,57.6,"Trade Match Break in Trades from IBOR is ranked High because the item is 7 days old, has a break amount of 59963.03, and carries confidence 0.932.",0.256,False,Multi-factor isolation signal,High
EXC0000209,Price Outlier,Pricing,IBOR,EMEA,Corporate Bond,0,5,1459.8,22.4,0,0,13,Low,Price Outlier pattern detected from source controls,Pricing Control,72,Resolved,2026-05-18,Breached,12,0,Price Outlier,0.944,Pricing Control,Most similar historical pattern: Price Outlier,"Check vendor price history, compare secondary source, and escalate material moves.",False,34.9,"Price Outlier in Pricing from IBOR is ranked Low because the item is 5 days old, has a break amount of 1459.8, and carries confidence 0.944.",0.4152,False,Large price/return move,Low
EXC0000210,Unknown / Needs SME Review,Reference Data,SimCorp,EMEA,Derivative,0,18,2729.6,-2.49,0,0,15,High,Unknown / Needs SME Review pattern detected from source controls,Reference Data Ops,24,Escalated,2026-04-24,Breached,10,0,Unknown / Needs SME Review,0.593,Reference Data Ops,Most similar historical pattern: Unknown / Needs SME Review,Send to SME review with source evidence and model explanation.,True,55.9,"Unknown / Needs SME Review in Reference Data from SimCorp is ranked High because the item is 18 days old, has a break amount of 2729.6, and carries confidence 0.593.",0.1663,False,Aging unresolved item,High
EXC0000211,Stale Price,Pricing,Aladdin,APAC,Derivative,1,7,1420.58,1.92,0,0,30,Low,Stale Price pattern detected from source controls,Pricing Control,72,Escalated,2026-04-27,Breached,20,0,Stale Price,0.94,Pricing Control,Most similar historical pattern: Stale Price,"Check vendor price history, compare secondary source, and escalate material moves.",False,35.3,"Stale Price in Pricing from Aladdin is ranked Low because the item is 7 days old, has a break amount of 1420.58, and carries confidence 0.94.",0.1617,False,Multi-factor isolation signal,Low
EXC0000212,Position Reconciliation Break,Positions,Murex,Americas,Equity,1,6,15469.59,1.63,0,0,4,Medium,Position Reconciliation Break pattern detected from source controls,Reconciliation,48,Open,2026-04-02,Breached,23,0,Position Reconciliation Break,0.83,Reconciliation,Most similar historical pattern: Position Reconciliation Break,"Compare IBOR, ABOR, and custodian balances; prioritize material value gaps.",False,46.4,"Position Reconciliation Break in Positions from Murex is ranked Medium because the item is 6 days old, has a break amount of 15469.59, and carries confidence 0.83.",0.1111,False,Multi-factor isolation signal,Medium
EXC0000213,Missing Reference Data,Reference Data,ABOR,EMEA,Equity,3,10,1340.78,3.42,0,0,0,Low,Missing Reference Data pattern detected from source controls,Reference Data Ops,72,Resolved,2026-04-11,Breached,25,0,Missing Reference Data,0.9,Reference Data Ops,Most similar historical pattern: Missing Reference Data,"Validate security master fields, enrich ISIN/ticker, and rerun downstream load.",False,35.9,"Missing Reference Data in Reference Data from ABOR is ranked Low because the item is 10 days old, has a break amount of 1340.78, and carries confidence 0.9.",0.1109,False,Multi-factor isolation signal,Low
EXC0000214,Duplicate Record,Trades,Murex,Americas,ETF,0,12,43059.63,-0.74,1,0,19,High,Duplicate Record pattern detected from source controls,Trade Support,24,Resolved,2026-05-15,Breached,22,0,Duplicate Record,0.921,Trade Support,Most similar historical pattern: Duplicate Record,Confirm duplicate key collision and suppress or merge after control approval.,False,56.4,"Duplicate Record in Trades from Murex is ranked High because the item is 12 days old, has a break amount of 43059.63, and carries confidence 0.921.",0.1548,False,Multi-factor isolation signal,High
EXC0000215,Trade Match Break,Trades,Aladdin,EMEA,ETF,1,15,29184.76,-0.86,0,0,15,High,Trade Match Break pattern detected from source controls,Trade Support,24,Open,2026-05-06,Breached,27,0,Trade Match Break,0.92,Trade Support,Most similar historical pattern: Trade Match Break,Review counterparty economic fields and run fuzzy security/client match.,False,55.5,"Trade Match Break in Trades from Aladdin is ranked High because the item is 15 days old, has a break amount of 29184.76, and carries confidence 0.92.",0.1097,False,Aging unresolved item,High
EXC0000216,Position Reconciliation Break,Positions,IBOR,APAC,Corporate Bond,0,21,62550.86,2.84,0,0,14,Critical,Position Reconciliation Break pattern detected from source controls,Reconciliation,8,Resolved,2026-04-16,Breached,27,1,Position Reconciliation Break,0.76,Reconciliation,Most similar historical pattern: Position Reconciliation Break,"Compare IBOR, ABOR, and custodian balances; prioritize material value gaps.",False,68.5,"Position Reconciliation Break in Positions from IBOR is ranked Critical because the item is 21 days old, has a break amount of 62550.86, and carries confidence 0.76.",0.3252,False,Aging unresolved item,Critical
EXC0000217,Missing Reference Data,Reference Data,SimCorp,APAC,Derivative,2,9,1671.81,1.07,0,0,0,Low,Missing Reference Data pattern detected from source controls,Reference Data Ops,72,Resolved,2026-05-19,Breached,15,0,Missing Reference Data,0.853,Reference Data Ops,Most similar historical pattern: Missing Reference Data,"Validate security master fields, enrich ISIN/ticker, and rerun downstream load.",False,36.0,"Missing Reference Data in Reference Data from SimCorp is ranked Low because the item is 9 days old, has a break amount of 1671.81, and carries confidence 0.853.",0.1156,False,Multi-factor isolation signal,Low
EXC0000218,Missing Reference Data,Reference Data,Refinitiv,APAC,Equity,4,13,440.55,-3.54,0,0,18,Low,Missing Reference Data pattern detected from source controls,Reference Data Ops,72,Open,2026-05-13,Breached,17,0,Missing Reference Data,0.84,Reference Data Ops,Most similar historical pattern: Missing Reference Data,"Validate security master fields, enrich ISIN/ticker, and rerun downstream load.",False,36.1,"Missing Reference Data in Reference Data from Refinitiv is ranked Low because the item is 13 days old, has a break amount of 440.55, and carries confidence 0.84.",0.1711,False,Aging unresolved item,Low
EXC0000219,Missing Reference Data,Reference Data,ABOR,APAC,Equity,4,8,1306.0,1.48,0,0,2,Low,Missing Reference Data pattern detected from source controls,Reference Data Ops,72,Resolved,2026-03-30,Breached,25,0,Missing Reference Data,0.908,Reference Data Ops,Most similar historical pattern: Missing Reference Data,"Validate security master fields, enrich ISIN/ticker, and rerun downstream load.",False,35.8,"Missing Reference Data in Reference Data from ABOR is ranked Low because the item is 8 days old, has a break amount of 1306.0, and carries confidence 0.908.",0.0578,False,Multi-factor isolation signal,Low
EXC0000220,Delayed Source Load,Source Control,Bloomberg,EMEA,Government Bond,1,12,2369.63,6.02,0,0,76,Medium,Delayed Source Load pattern detected from source controls,Source Systems,48,Resolved,2026-05-18,Breached,10,0,Delayed Source Load,0.959,Source Systems,Most similar historical pattern: Delayed Source Load,Check source-system batch status and notify technology owner if SLA breached.,False,43.5,"Delayed Source Load in Source Control from Bloomberg is ranked Medium because the item is 12 days old, has a break amount of 2369.63, and carries confidence 0.959.",0.4576,True,Late source refresh,Medium
EXC0000221,Invalid Currency,Reference Data,Bloomberg,Americas,Government Bond,0,5,1391.34,2.87,0,1,11,Low,Invalid Currency pattern detected from source controls,Reference Data Ops,72,Resolved,2026-04-06,Breached,17,0,Invalid Currency,0.942,Reference Data Ops,Most similar historical pattern: Invalid Currency,"Validate security currency, trade currency, and portfolio base currency mapping.",False,35.1,"Invalid Currency in Reference Data from Bloomberg is ranked Low because the item is 5 days old, has a break amount of 1391.34, and carries confidence 0.942.",0.0597,False,Multi-factor isolation signal,Low
EXC0000222,Stale Price,Pricing,Refinitiv,EMEA,Corporate Bond,1,5,3172.77,-1.46,0,0,91,Medium,Stale Price pattern detected from source controls,Pricing Control,48,Resolved,2026-04-17,Breached,21,0,Stale Price,0.95,Pricing Control,Most similar historical pattern: Stale Price,"Check vendor price history, compare secondary source, and escalate material moves.",False,44.1,"Stale Price in Pricing from Refinitiv is ranked Medium because the item is 5 days old, has a break amount of 3172.77, and carries confidence 0.95.",0.5248,True,Late source refresh,Medium
EXC0000223,Trade Match Break,Trades,Refinitiv,Americas,ETF,0,16,194262.46,2.67,0,0,15,Critical,Trade Match Break pattern detected from source controls,Trade Support,8,Resolved,2026-03-21,Breached,15,1,Trade Match Break,0.909,Trade Support,Most similar historical pattern: Trade Match Break,Review counterparty economic fields and run fuzzy security/client match.,False,77.1,"Trade Match Break in Trades from Refinitiv is ranked Critical because the item is 16 days old, has a break amount of 194262.46, and carries confidence 0.909.",0.4962,True,High-value reconciliation break,Critical
EXC0000224,Trade Match Break,Trades,Aladdin,Americas,Derivative,0,14,57049.05,3.96,0,0,18,Critical,Trade Match Break pattern detected from source controls,Trade Support,8,Escalated,2026-04-14,Breached,27,1,Trade Match Break,0.928,Trade Support,Most similar historical pattern: Trade Match Break,Review counterparty economic fields and run fuzzy security/client match.,False,66.4,"Trade Match Break in Trades from Aladdin is ranked Critical because the item is 14 days old, has a break amount of 57049.05, and carries confidence 0.928.",0.1679,False,Aging unresolved item,Critical
EXC0000225,Missing Reference Data,Reference Data,Bloomberg,EMEA,Equity,2,17,4714.3,-2.81,0,0,8,High,Missing Reference Data pattern detected from source controls,Reference Data Ops,24,Resolved,2026-05-11,Breached,18,0,Missing Reference Data,0.889,Reference Data Ops,Most similar historical pattern: Missing Reference Data,"Validate security master fields, enrich ISIN/ticker, and rerun downstream load.",False,53.5,"Missing Reference Data in Reference Data from Bloomberg is ranked High because the item is 17 days old, has a break amount of 4714.3, and carries confidence 0.889.",0.1655,False,Aging unresolved item,High
EXC0000226,Delayed Source Load,Source Control,ABOR,APAC,ETF,0,15,2207.8,0.78,0,0,22,Medium,Delayed Source Load pattern detected from source controls,Source Systems,48,Resolved,2026-04-13,Breached,22,0,Delayed Source Load,0.946,Source Systems,Most similar historical pattern: Delayed Source Load,Check source-system batch status and notify technology owner if SLA breached.,False,44.1,"Delayed Source Load in Source Control from ABOR is ranked Medium because the item is 15 days old, has a break amount of 2207.8, and carries confidence 0.946.",0.0563,False,Aging unresolved item,Medium
EXC0000227,Trade Match Break,Trades,Aladdin,Americas,Government Bond,0,7,20263.11,4.75,0,0,11,High,Trade Match Break pattern detected from source controls,Trade Support,24,Resolved,2026-04-09,Breached,27,0,Trade Match Break,0.896,Trade Support,Most similar historical pattern: Trade Match Break,Review counterparty economic fields and run fuzzy security/client match.,False,55.0,"Trade Match Break in Trades from Aladdin is ranked High because the item is 7 days old, has a break amount of 20263.11, and carries confidence 0.896.",0.1189,False,Multi-factor isolation signal,High
EXC0000228,Invalid Currency,Reference Data,Bloomberg,Americas,Derivative,1,17,1241.61,-2.31,0,1,15,Medium,Invalid Currency pattern detected from source controls,Reference Data Ops,48,Resolved,2026-05-02,Breached,17,0,Invalid Currency,0.91,Reference Data Ops,Most similar historical pattern: Invalid Currency,"Validate security currency, trade currency, and portfolio base currency mapping.",False,44.2,"Invalid Currency in Reference Data from Bloomberg is ranked Medium because the item is 17 days old, has a break amount of 1241.61, and carries confidence 0.91.",0.1323,False,Aging unresolved item,Medium
EXC0000229,Duplicate Record,Trades,Custodian,APAC,Corporate Bond,0,4,19245.83,0.8,1,0,19,Medium,Duplicate Record pattern detected from source controls,Trade Support,48,Resolved,2026-05-04,Breached,22,0,Duplicate Record,0.872,Trade Support,Most similar historical pattern: Duplicate Record,Confirm duplicate key collision and suppress or merge after control approval.,False,46.2,"Duplicate Record in Trades from Custodian is ranked Medium because the item is 4 days old, has a break amount of 19245.83, and carries confidence 0.872.",0.1374,False,Multi-factor isolation signal,Medium
EXC0000230,Performance Return Outlier,Positions,Refinitiv,Americas,ETF,1,0,461614.85,13.75,0,0,5,High,Performance Return Outlier pattern detected from source controls,Reconciliation,24,Resolved,2026-04-25,Within SLA,11,1,Performance Return Outlier,0.829,Reconciliation,Most similar historical pattern: Performance Return Outlier,"Check vendor price history, compare secondary source, and escalate material moves.",False,53.4,"Performance Return Outlier in Positions from Refinitiv is ranked High because the item is 0 days old, has a break amount of 461614.85, and carries confidence 0.829.",1.0,True,Large price/return move,Critical
EXC0000231,Missing Client Mapping,Client Data,IBOR,Americas,ETF,4,4,3044.11,0.46,0,0,5,Medium,Missing Client Mapping pattern detected from source controls,Client Data Ops,48,Escalated,2026-04-19,Breached,15,0,Missing Client Mapping,0.941,Client Data Ops,Most similar historical pattern: Missing Client Mapping,Route to client-data operations to complete portfolio and account mapping.,False,43.9,"Missing Client Mapping in Client Data from IBOR is ranked Medium because the item is 4 days old, has a break amount of 3044.11, and carries confidence 0.941.",0.0968,False,Multi-factor isolation signal,Medium
EXC0000232,Missing Reference Data,Reference Data,Bloomberg,Americas,Corporate Bond,4,15,1049.42,4.94,0,0,1,Medium,Missing Reference Data pattern detected from source controls,Reference Data Ops,48,Escalated,2026-05-04,Breached,18,0,Missing Reference Data,0.846,Reference Data Ops,Most similar historical pattern: Missing Reference Data,"Validate security master fields, enrich ISIN/ticker, and rerun downstream load.",False,44.8,"Missing Reference Data in Reference Data from Bloomberg is ranked Medium because the item is 15 days old, has a break amount of 1049.42, and carries confidence 0.846.",0.0912,False,Aging unresolved item,Medium
EXC0000233,Stale Price,Pricing,SimCorp,APAC,Government Bond,1,14,876.59,4.56,0,0,95,Low,Stale Price pattern detected from source controls,Pricing Control,72,Resolved,2026-04-05,Breached,16,0,Stale Price,0.879,Pricing Control,Most similar historical pattern: Stale Price,"Check vendor price history, compare secondary source, and escalate material moves.",False,35.7,"Stale Price in Pricing from SimCorp is ranked Low because the item is 14 days old, has a break amount of 876.59, and carries confidence 0.879.",0.5689,True,Late source refresh,High
EXC0000234,Trade Match Break,Trades,Murex,EMEA,ETF,1,16,28307.12,0.74,0,0,14,High,Trade Match Break pattern detected from source controls,Trade Support,24,Resolved,2026-03-29,Breached,20,0,Trade Match Break,0.925,Trade Support,Most similar historical pattern: Trade Match Break,Review counterparty economic fields and run fuzzy security/client match.,False,55.1,"Trade Match Break in Trades from Murex is ranked High because the item is 16 days old, has a break amount of 28307.12, and carries confidence 0.925.",0.1031,False,Aging unresolved item,High
EXC0000235,Missing Reference Data,Reference Data,ABOR,Americas,Government Bond,3,16,4701.95,-1.04,0,0,4,High,Missing Reference Data pattern detected from source controls,Reference Data Ops,24,Open,2026-05-09,Breached,25,0,Missing Reference Data,0.9,Reference Data Ops,Most similar historical pattern: Missing Reference Data,"Validate security master fields, enrich ISIN/ticker, and rerun downstream load.",False,53.6,"Missing Reference Data in Reference Data from ABOR is ranked High because the item is 16 days old, has a break amount of 4701.95, and carries confidence 0.9.",0.0939,False,Aging unresolved item,High
EXC0000236,Trade Match Break,Trades,Bloomberg,APAC,ETF,1,4,34794.91,4.68,0,0,6,High,Trade Match Break pattern detected from source controls,Trade Support,24,Open,2026-04-05,Breached,40,0,Trade Match Break,0.908,Trade Support,Most similar historical pattern: Trade Match Break,Review counterparty economic fields and run fuzzy security/client match.,False,56.6,"Trade Match Break in Trades from Bloomberg is ranked High because the item is 4 days old, has a break amount of 34794.91, and carries confidence 0.908.",0.2022,False,Multi-factor isolation signal,High
EXC0000237,Unknown / Needs SME Review,Reference Data,Aladdin,EMEA,ETF,0,17,3509.19,3.44,0,0,8,High,Unknown / Needs SME Review pattern detected from source controls,Reference Data Ops,24,Resolved,2026-04-22,Breached,9,0,Unknown / Needs SME Review,0.812,Reference Data Ops,Most similar historical pattern: Unknown / Needs SME Review,Send to SME review with source evidence and model explanation.,True,53.8,"Unknown / Needs SME Review in Reference Data from Aladdin is ranked High because the item is 17 days old, has a break amount of 3509.19, and carries confidence 0.812.",0.073,False,Aging unresolved item,High
EXC0000238,Stale Price,Pricing,Refinitiv,APAC,Corporate Bond,0,10,9100.69,1.46,0,0,74,Medium,Stale Price pattern detected from source controls,Pricing Control,48,Escalated,2026-05-11,Breached,21,0,Stale Price,0.865,Pricing Control,Most similar historical pattern: Stale Price,"Check vendor price history, compare secondary source, and escalate material moves.",False,45.4,"Stale Price in Pricing from Refinitiv is ranked Medium because the item is 10 days old, has a break amount of 9100.69, and carries confidence 0.865.",0.4711,True,Late source refresh,Medium
EXC0000239,Invalid Currency,Reference Data,ABOR,Americas,ETF,0,19,3787.56,3.14,0,1,15,High,Invalid Currency pattern detected from source controls,Reference Data Ops,24,Resolved,2026-05-03,Breached,9,0,Invalid Currency,0.894,Reference Data Ops,Most similar historical pattern: Invalid Currency,"Validate security currency, trade currency, and portfolio base currency mapping.",False,53.0,"Invalid Currency in Reference Data from ABOR is ranked High because the item is 19 days old, has a break amount of 3787.56, and carries confidence 0.894.",0.1004,False,Aging unresolved item,High
EXC0000240,Price Outlier,Pricing,Custodian,APAC,Government Bond,0,0,4561.16,32.69,0,0,11,Low,Price Outlier pattern detected from source controls,Pricing Control,72,Escalated,2026-03-25,Within SLA,14,0,Price Outlier,0.956,Pricing Control,Most similar historical pattern: Price Outlier,"Check vendor price history, compare secondary source, and escalate material moves.",False,15.1,"Price Outlier in Pricing from Custodian is ranked Low because the item is 0 days old, has a break amount of 4561.16, and carries confidence 0.956.",0.682,True,Large price/return move,High
EXC0000241,Missing Reference Data,Reference Data,IBOR,Americas,Corporate Bond,4,16,1938.49,-0.69,0,0,8,Medium,Missing Reference Data pattern detected from source controls,Reference Data Ops,48,Escalated,2026-05-10,Breached,25,0,Missing Reference Data,0.844,Reference Data Ops,Most similar historical pattern: Missing Reference Data,"Validate security master fields, enrich ISIN/ticker, and rerun downstream load.",False,45.2,"Missing Reference Data in Reference Data from IBOR is ranked Medium because the item is 16 days old, has a break amount of 1938.49, and carries confidence 0.844.",0.0447,False,Aging unresolved item,Medium
EXC0000242,Missing Reference Data,Reference Data,Custodian,EMEA,Derivative,3,15,1370.12,0.02,0,0,4,Medium,Missing Reference Data pattern detected from source controls,Reference Data Ops,48,Escalated,2026-05-17,Breached,20,0,Missing Reference Data,0.913,Reference Data Ops,Most similar historical pattern: Missing Reference Data,"Validate security master fields, enrich ISIN/ticker, and rerun downstream load.",False,44.3,"Missing Reference Data in Reference Data from Custodian is ranked Medium because the item is 15 days old, has a break amount of 1370.12, and carries confidence 0.913.",0.0427,False,Aging unresolved item,Medium
EXC0000243,Missing Reference Data,Reference Data,Murex,EMEA,Equity,4,10,4481.63,1.51,0,0,11,Medium,Missing Reference Data pattern detected from source controls,Reference Data Ops,48,Resolved,2026-04-06,Breached,15,0,Missing Reference Data,0.854,Reference Data Ops,Most similar historical pattern: Missing Reference Data,"Validate security master fields, enrich ISIN/ticker, and rerun downstream load.",False,44.9,"Missing Reference Data in Reference Data from Murex is ranked Medium because the item is 10 days old, has a break amount of 4481.63, and carries confidence 0.854.",0.0242,False,Multi-factor isolation signal,Medium
EXC0000244,Price Outlier,Pricing,Aladdin,EMEA,ETF,0,19,824.82,21.11,0,0,14,Medium,Price Outlier pattern detected from source controls,Pricing Control,48,Resolved,2026-04-17,Breached,17,0,Price Outlier,0.943,Pricing Control,Most similar historical pattern: Price Outlier,"Check vendor price history, compare secondary source, and escalate material moves.",False,43.8,"Price Outlier in Pricing from Aladdin is ranked Medium because the item is 19 days old, has a break amount of 824.82, and carries confidence 0.943.",0.4614,True,Large price/return move,Medium
EXC0000245,Unknown / Needs SME Review,Reference Data,ABOR,EMEA,Corporate Bond,0,5,2537.74,0.64,0,0,11,Low,Unknown / Needs SME Review pattern detected from source controls,Reference Data Ops,72,Resolved,2026-05-04,Breached,11,0,Unknown / Needs SME Review,0.761,Reference Data Ops,Most similar historical pattern: Unknown / Needs SME Review,Send to SME review with source evidence and model explanation.,True,36.8,"Unknown / Needs SME Review in Reference Data from ABOR is ranked Low because the item is 5 days old, has a break amount of 2537.74, and carries confidence 0.761.",0.0445,False,Multi-factor isolation signal,Low
EXC0000246,Duplicate Record,Trades,Murex,APAC,ETF,0,8,39661.52,-0.48,1,0,15,High,Duplicate Record pattern detected from source controls,Trade Support,24,Open,2026-04-05,Breached,22,0,Duplicate Record,0.907,Trade Support,Most similar historical pattern: Duplicate Record,Confirm duplicate key collision and suppress or merge after control approval.,False,56.2,"Duplicate Record in Trades from Murex is ranked High because the item is 8 days old, has a break amount of 39661.52, and carries confidence 0.907.",0.1285,False,Multi-factor isolation signal,High
EXC0000247,Stale Price,Pricing,ABOR,APAC,Derivative,1,8,2371.79,1.93,0,0,58,Medium,Stale Price pattern detected from source controls,Pricing Control,48,Resolved,2026-04-18,Breached,23,0,Stale Price,0.942,Pricing Control,Most similar historical pattern: Stale Price,"Check vendor price history, compare secondary source, and escalate material moves.",False,44.2,"Stale Price in Pricing from ABOR is ranked Medium because the item is 8 days old, has a break amount of 2371.79, and carries confidence 0.942.",0.2652,False,Late source refresh,Medium
EXC0000248,Missing Reference Data,Reference Data,Bloomberg,EMEA,ETF,4,10,2240.2,-1.32,0,0,2,Medium,Missing Reference Data pattern detected from source controls,Reference Data Ops,48,Resolved,2026-05-05,Breached,18,0,Missing Reference Data,0.892,Reference Data Ops,Most similar historical pattern: Missing Reference Data,"Validate security master fields, enrich ISIN/ticker, and rerun downstream load.",False,44.5,"Missing Reference Data in Reference Data from Bloomberg is ranked Medium because the item is 10 days old, has a break amount of 2240.2, and carries confidence 0.892.",0.0891,False,Multi-factor isolation signal,Medium
EXC0000249,Unknown / Needs SME Review,Reference Data,Murex,EMEA,Corporate Bond,1,6,2059.84,2.57,0,0,3,Low,Unknown / Needs SME Review pattern detected from source controls,Reference Data Ops,72,Resolved,2026-04-08,Breached,14,0,Unknown / Needs SME Review,0.773,Reference Data Ops,Most similar historical pattern: Unknown / Needs SME Review,Send to SME review with source evidence and model explanation.,True,36.7,"Unknown / Needs SME Review in Reference Data from Murex is ranked Low because the item is 6 days old, has a break amount of 2059.84, and carries confidence 0.773.",0.0596,False,Multi-factor isolation signal,Low
EXC0000250,Stale Price,Pricing,Murex,EMEA,ETF,1,14,1782.6,2.06,0,0,53,Medium,Stale Price pattern detected from source controls,Pricing Control,48,Resolved,2026-03-30,Breached,15,0,Stale Price,0.931,Pricing Control,Most similar historical pattern: Stale Price,"Check vendor price history, compare secondary source, and escalate material moves.",False,43.9,"Stale Price in Pricing from Murex is ranked Medium because the item is 14 days old, has a break amount of 1782.6, and carries confidence 0.931.",0.2471,False,Late source refresh,Medium
EXC0000251,Price Outlier,Pricing,ABOR,EMEA,Corporate Bond,1,2,2768.41,17.03,0,0,1,Low,Price Outlier pattern detected from source controls,Pricing Control,72,Open,2026-04-23,Within SLA,19,0,Price Outlier,0.935,Pricing Control,Most similar historical pattern: Price Outlier,"Check vendor price history, compare secondary source, and escalate material moves.",False,15.4,"Price Outlier in Pricing from ABOR is ranked Low because the item is 2 days old, has a break amount of 2768.41, and carries confidence 0.935.",0.4099,False,Large price/return move,Low
EXC0000252,Delayed Source Load,Source Control,Bloomberg,EMEA,Equity,1,0,3147.11,2.67,0,0,64,Low,Delayed Source Load pattern detected from source controls,Source Systems,72,Suppressed,2026-04-02,Within SLA,10,0,Delayed Source Load,0.952,Source Systems,Most similar historical pattern: Delayed Source Load,Check source-system batch status and notify technology owner if SLA breached.,False,14.9,"Delayed Source Load in Source Control from Bloomberg is ranked Low because the item is 0 days old, has a break amount of 3147.11, and carries confidence 0.952.",0.4752,True,Late source refresh,Low
EXC0000253,Position Reconciliation Break,Positions,ABOR,APAC,Corporate Bond,1,3,36345.09,2.98,0,0,4,Medium,Position Reconciliation Break pattern detected from source controls,Reconciliation,48,Resolved,2026-05-11,Breached,21,0,Position Reconciliation Break,0.81,Reconciliation,Most similar historical pattern: Position Reconciliation Break,"Compare IBOR, ABOR, and custodian balances; prioritize material value gaps.",False,48.1,"Position Reconciliation Break in Positions from ABOR is ranked Medium because the item is 3 days old, has a break amount of 36345.09, and carries confidence 0.81.",0.1772,False,Multi-factor isolation signal,Medium
EXC0000254,Price Outlier,Pricing,ABOR,APAC,ETF,1,9,1743.6,20.04,0,0,15,Low,Price Outlier pattern detected from source controls,Pricing Control,72,Resolved,2026-05-16,Breached,19,0,Price Outlier,0.965,Pricing Control,Most similar historical pattern: Price Outlier,"Check vendor price history, compare secondary source, and escalate material moves.",False,35.0,"Price Outlier in Pricing from ABOR is ranked Low because the item is 9 days old, has a break amount of 1743.6, and carries confidence 0.965.",0.351,False,Large price/return move,Low
EXC0000255,Invalid Currency,Reference Data,SimCorp,Americas,Corporate Bond,1,0,1294.05,1.59,0,1,5,Low,Invalid Currency pattern detected from source controls,Reference Data Ops,72,Open,2026-05-19,Within SLA,20,0,Invalid Currency,0.912,Reference Data Ops,Most similar historical pattern: Invalid Currency,"Validate security currency, trade currency, and portfolio base currency mapping.",False,15.5,"Invalid Currency in Reference Data from SimCorp is ranked Low because the item is 0 days old, has a break amount of 1294.05, and carries confidence 0.912.",0.2186,False,Multi-factor isolation signal,Low
EXC0000256,Trade Match Break,Trades,Bloomberg,Americas,Equity,0,13,16741.35,-0.2,0,0,15,High,Trade Match Break pattern detected from source controls,Trade Support,24,Resolved,2026-04-29,Breached,40,0,Trade Match Break,0.91,Trade Support,Most similar historical pattern: Trade Match Break,Review counterparty economic fields and run fuzzy security/client match.,False,55.1,"Trade Match Break in Trades from Bloomberg is ranked High because the item is 13 days old, has a break amount of 16741.35, and carries confidence 0.91.",0.07,False,Aging unresolved item,High
EXC0000257,Duplicate Record,Trades,ABOR,APAC,Government Bond,1,4,25179.3,-0.23,1,0,3,Medium,Duplicate Record pattern detected from source controls,Trade Support,48,Resolved,2026-04-27,Breached,17,0,Duplicate Record,0.935,Trade Support,Most similar historical pattern: Duplicate Record,Confirm duplicate key collision and suppress or merge after control approval.,False,45.8,"Duplicate Record in Trades from ABOR is ranked Medium because the item is 4 days old, has a break amount of 25179.3, and carries confidence 0.935.",0.1553,False,Multi-factor isolation signal,Medium
EXC0000258,Missing Reference Data,Reference Data,ABOR,EMEA,Derivative,2,16,5014.44,5.45,0,0,12,High,Missing Reference Data pattern detected from source controls,Reference Data Ops,24,Resolved,2026-03-28,Breached,25,0,Missing Reference Data,0.887,Reference Data Ops,Most similar historical pattern: Missing Reference Data,"Validate security master fields, enrich ISIN/ticker, and rerun downstream load.",False,53.8,"Missing Reference Data in Reference Data from ABOR is ranked High because the item is 16 days old, has a break amount of 5014.44, and carries confidence 0.887.",0.0946,False,Aging unresolved item,High
EXC0000259,Delayed Source Load,Source Control,IBOR,EMEA,Government Bond,1,18,1711.95,0.99,0,0,36,Medium,Delayed Source Load pattern detected from source controls,Source Systems,48,Resolved,2026-03-21,Breached,15,0,Delayed Source Load,0.968,Source Systems,Most similar historical pattern: Delayed Source Load,Check source-system batch status and notify technology owner if SLA breached.,False,43.6,"Delayed Source Load in Source Control from IBOR is ranked Medium because the item is 18 days old, has a break amount of 1711.95, and carries confidence 0.968.",0.2477,False,Aging unresolved item,Medium
EXC0000260,Duplicate Record,Trades,Custodian,APAC,Government Bond,0,18,73416.42,1.47,1,0,9,Critical,Duplicate Record pattern detected from source controls,Trade Support,8,Resolved,2026-04-11,Breached,22,1,Duplicate Record,0.949,Trade Support,Most similar historical pattern: Duplicate Record,Confirm duplicate key collision and suppress or merge after control approval.,False,67.3,"Duplicate Record in Trades from Custodian is ranked Critical because the item is 18 days old, has a break amount of 73416.42, and carries confidence 0.949.",0.249,False,High-value reconciliation break,Critical
EXC0000261,Missing Reference Data,Reference Data,Murex,Americas,Corporate Bond,1,11,844.09,1.31,0,0,12,Low,Missing Reference Data pattern detected from source controls,Reference Data Ops,72,Resolved,2026-03-22,Breached,15,0,Missing Reference Data,0.474,Reference Data Ops,Most similar historical pattern: Missing Reference Data,"Validate security master fields, enrich ISIN/ticker, and rerun downstream load.",True,39.7,"Missing Reference Data in Reference Data from Murex is ranked Low because the item is 11 days old, has a break amount of 844.09, and carries confidence 0.474.",0.0123,False,Multi-factor isolation signal,Low
EXC0000262,Position Reconciliation Break,Positions,Bloomberg,Americas,Government Bond,0,11,18010.28,2.43,0,0,3,High,Position Reconciliation Break pattern detected from source controls,Reconciliation,24,Escalated,2026-03-22,Breached,32,0,Position Reconciliation Break,0.883,Reconciliation,Most similar historical pattern: Position Reconciliation Break,"Compare IBOR, ABOR, and custodian balances; prioritize material value gaps.",False,55.1,"Position Reconciliation Break in Positions from Bloomberg is ranked High because the item is 11 days old, has a break amount of 18010.28, and carries confidence 0.883.",0.0801,False,Multi-factor isolation signal,High
EXC0000263,Trade Match Break,Trades,IBOR,EMEA,Corporate Bond,1,8,112679.23,0.14,0,0,9,High,Trade Match Break pattern detected from source controls,Trade Support,24,Escalated,2026-04-23,Breached,21,1,Trade Match Break,0.894,Trade Support,Most similar historical pattern: Trade Match Break,Review counterparty economic fields and run fuzzy security/client match.,False,62.2,"Trade Match Break in Trades from IBOR is ranked High because the item is 8 days old, has a break amount of 112679.23, and carries confidence 0.894.",0.3095,False,High-value reconciliation break,High
EXC0000264,Performance Return Outlier,Positions,Murex,APAC,Derivative,0,2,105212.34,15.31,0,0,14,High,Performance Return Outlier pattern detected from source controls,Reconciliation,24,Open,2026-05-04,Breached,10,1,Performance Return Outlier,0.812,Reconciliation,Most similar historical pattern: Performance Return Outlier,"Check vendor price history, compare secondary source, and escalate material moves.",False,61.9,"Performance Return Outlier in Positions from Murex is ranked High because the item is 2 days old, has a break amount of 105212.34, and carries confidence 0.812.",0.573,True,Large price/return move,High
EXC0000265,Stale Price,Pricing,Bloomberg,APAC,ETF,1,5,700.66,3.84,0,0,28,Low,Stale Price pattern detected from source controls,Pricing Control,72,Resolved,2026-04-25,Breached,12,0,Stale Price,0.904,Pricing Control,Most similar historical pattern: Stale Price,"Check vendor price history, compare secondary source, and escalate material moves.",False,35.2,"Stale Price in Pricing from Bloomberg is ranked Low because the item is 5 days old, has a break amount of 700.66, and carries confidence 0.904.",0.191,False,Multi-factor isolation signal,Low
EXC0000266,Trade Match Break,Trades,Aladdin,APAC,ETF,0,5,28055.32,-2.22,0,0,1,High,Trade Match Break pattern detected from source controls,Trade Support,24,Escalated,2026-05-19,Breached,27,0,Trade Match Break,0.896,Trade Support,Most similar historical pattern: Trade Match Break,Review counterparty economic fields and run fuzzy security/client match.,False,55.6,"Trade Match Break in Trades from Aladdin is ranked High because the item is 5 days old, has a break amount of 28055.32, and carries confidence 0.896.",0.2277,False,Multi-factor isolation signal,High
EXC0000267,Missing Client Mapping,Client Data,SimCorp,EMEA,ETF,2,12,1096.1,1.97,0,0,4,Low,Missing Client Mapping pattern detected from source controls,Client Data Ops,72,Open,2026-04-11,Breached,15,0,Missing Client Mapping,0.961,Client Data Ops,Most similar historical pattern: Missing Client Mapping,Route to client-data operations to complete portfolio and account mapping.,False,34.8,"Missing Client Mapping in Client Data from SimCorp is ranked Low because the item is 12 days old, has a break amount of 1096.1, and carries confidence 0.961.",0.042,False,Multi-factor isolation signal,Low
EXC0000268,Price Outlier,Pricing,IBOR,Americas,Corporate Bond,1,0,2832.41,27.18,0,0,7,Low,Price Outlier pattern detected from source controls,Pricing Control,72,Resolved,2026-03-28,Within SLA,12,0,Price Outlier,0.903,Pricing Control,Most similar historical pattern: Price Outlier,"Check vendor price history, compare secondary source, and escalate material moves.",False,15.4,"Price Outlier in Pricing from IBOR is ranked Low because the item is 0 days old, has a break amount of 2832.41, and carries confidence 0.903.",0.6106,True,Large price/return move,High
EXC0000269,Trade Match Break,Trades,Bloomberg,EMEA,ETF,0,21,7982.75,-3.52,0,0,2,High,Trade Match Break pattern detected from source controls,Trade Support,24,Resolved,2026-03-31,Breached,40,0,Trade Match Break,0.894,Trade Support,Most similar historical pattern: Trade Match Break,Review counterparty economic fields and run fuzzy security/client match.,False,54.5,"Trade Match Break in Trades from Bloomberg is ranked High because the item is 21 days old, has a break amount of 7982.75, and carries confidence 0.894.",0.3754,False,Aging unresolved item,High
EXC0000270,Missing Client Mapping,Client Data,IBOR,Americas,Derivative,4,2,2236.04,1.3,0,0,16,Low,Missing Client Mapping pattern detected from source controls,Client Data Ops,72,Open,2026-05-04,Within SLA,15,0,Missing Client Mapping,0.964,Client Data Ops,Most similar historical pattern: Missing Client Mapping,Route to client-data operations to complete portfolio and account mapping.,False,14.9,"Missing Client Mapping in Client Data from IBOR is ranked Low because the item is 2 days old, has a break amount of 2236.04, and carries confidence 0.964.",0.0879,False,Multi-factor isolation signal,Low
EXC0000271,Invalid Currency,Reference Data,Refinitiv,EMEA,Equity,1,7,1077.23,-1.39,0,1,13,Low,Invalid Currency pattern detected from source controls,Reference Data Ops,72,Open,2026-04-15,Breached,9,0,Invalid Currency,0.89,Reference Data Ops,Most similar historical pattern: Invalid Currency,"Validate security currency, trade currency, and portfolio base currency mapping.",False,35.3,"Invalid Currency in Reference Data from Refinitiv is ranked Low because the item is 7 days old, has a break amount of 1077.23, and carries confidence 0.89.",0.0857,False,Multi-factor isolation signal,Low
EXC0000272,Trade Match Break,Trades,ABOR,Americas,Derivative,1,7,70027.28,-1.83,0,0,10,High,Trade Match Break pattern detected from source controls,Trade Support,24,Resolved,2026-03-27,Breached,28,1,Trade Match Break,0.946,Trade Support,Most similar historical pattern: Trade Match Break,Review counterparty economic fields and run fuzzy security/client match.,False,58.5,"Trade Match Break in Trades from ABOR is ranked High because the item is 7 days old, has a break amount of 70027.28, and carries confidence 0.946.",0.2724,False,High-value reconciliation break,High
EXC0000273,Position Reconciliation Break,Positions,IBOR,EMEA,Derivative,0,18,22767.27,7.99,0,0,9,High,Position Reconciliation Break pattern detected from source controls,Reconciliation,24,Resolved,2026-04-06,Breached,27,0,Position Reconciliation Break,0.528,Reconciliation,Most similar historical pattern: Position Reconciliation Break,"Compare IBOR, ABOR, and custodian balances; prioritize material value gaps.",True,58.9,"Position Reconciliation Break in Positions from IBOR is ranked High because the item is 18 days old, has a break amount of 22767.27, and carries confidence 0.528.",0.259,False,Aging unresolved item,High
EXC0000274,Position Reconciliation Break,Positions,Custodian,APAC,Equity,0,13,25701.75,2.86,0,0,15,High,Position Reconciliation Break pattern detected from source controls,Reconciliation,24,Resolved,2026-05-16,Breached,18,0,Position Reconciliation Break,0.893,Reconciliation,Most similar historical pattern: Position Reconciliation Break,"Compare IBOR, ABOR, and custodian balances; prioritize material value gaps.",False,55.1,"Position Reconciliation Break in Positions from Custodian is ranked High because the item is 13 days old, has a break amount of 25701.75, and carries confidence 0.893.",0.0898,False,Aging unresolved item,High
EXC0000275,Delayed Source Load,Source Control,SimCorp,Americas,Equity,0,20,1751.34,2.92,0,0,92,Medium,Delayed Source Load pattern detected from source controls,Source Systems,48,Open,2026-05-18,Breached,11,0,Delayed Source Load,0.895,Source Systems,Most similar historical pattern: Delayed Source Load,Check source-system batch status and notify technology owner if SLA breached.,False,44.1,"Delayed Source Load in Source Control from SimCorp is ranked Medium because the item is 20 days old, has a break amount of 1751.34, and carries confidence 0.895.",0.577,True,Late source refresh,High
EXC0000276,Invalid Currency,Reference Data,Bloomberg,APAC,Government Bond,0,20,1871.16,1.37,0,1,13,Medium,Invalid Currency pattern detected from source controls,Reference Data Ops,48,Resolved,2026-03-26,Breached,17,0,Invalid Currency,0.905,Reference Data Ops,Most similar historical pattern: Invalid Currency,"Validate security currency, trade currency, and portfolio base currency mapping.",False,44.3,"Invalid Currency in Reference Data from Bloomberg is ranked Medium because the item is 20 days old, has a break amount of 1871.16, and carries confidence 0.905.",0.1209,False,Aging unresolved item,Medium
EXC0000277,Duplicate Record,Trades,SimCorp,Americas,ETF,0,17,62771.28,-1.49,1,0,7,Critical,Duplicate Record pattern detected from source controls,Trade Support,8,Resolved,2026-03-28,Breached,19,1,Duplicate Record,0.846,Trade Support,Most similar historical pattern: Duplicate Record,Confirm duplicate key collision and suppress or merge after control approval.,False,67.3,"Duplicate Record in Trades from SimCorp is ranked Critical because the item is 17 days old, has a break amount of 62771.28, and carries confidence 0.846.",0.2664,False,Aging unresolved item,Critical
EXC0000278,Delayed Source Load,Source Control,Aladdin,Americas,Government Bond,1,3,791.51,1.09,0,0,89,Low,Delayed Source Load pattern detected from source controls,Source Systems,72,Resolved,2026-04-04,Within SLA,12,0,Delayed Source Load,0.926,Source Systems,Most similar historical pattern: Delayed Source Load,Check source-system batch status and notify technology owner if SLA breached.,False,15.0,"Delayed Source Load in Source Control from Aladdin is ranked Low because the item is 3 days old, has a break amount of 791.51, and carries confidence 0.926.",0.4772,True,Late source refresh,Low
EXC0000279,Price Outlier,Pricing,Bloomberg,Americas,ETF,1,13,5139.98,19.4,0,0,1,High,Price Outlier pattern detected from source controls,Pricing Control,24,Open,2026-04-17,Breached,14,0,Price Outlier,0.96,Pricing Control,Most similar historical pattern: Price Outlier,"Check vendor price history, compare secondary source, and escalate material moves.",False,52.6,"Price Outlier in Pricing from Bloomberg is ranked High because the item is 13 days old, has a break amount of 5139.98, and carries confidence 0.96.",0.3592,False,Large price/return move,High
EXC0000280,Trade Match Break,Trades,Murex,APAC,Derivative,1,13,33165.02,-3.31,0,0,14,High,Trade Match Break pattern detected from source controls,Trade Support,24,Resolved,2026-03-22,Breached,20,0,Trade Match Break,0.899,Trade Support,Most similar historical pattern: Trade Match Break,Review counterparty economic fields and run fuzzy security/client match.,False,55.7,"Trade Match Break in Trades from Murex is ranked High because the item is 13 days old, has a break amount of 33165.02, and carries confidence 0.899.",0.2344,False,Aging unresolved item,High
EXC0000281,Invalid Currency,Reference Data,ABOR,APAC,Corporate Bond,0,6,2414.66,5.98,0,1,16,Medium,Invalid Currency pattern detected from source controls,Reference Data Ops,48,Resolved,2026-04-20,Breached,9,0,Invalid Currency,0.821,Reference Data Ops,Most similar historical pattern: Invalid Currency,"Validate security currency, trade currency, and portfolio base currency mapping.",False,44.8,"Invalid Currency in Reference Data from ABOR is ranked Medium because the item is 6 days old, has a break amount of 2414.66, and carries confidence 0.821.",0.1148,False,Multi-factor isolation signal,Medium
EXC0000282,Trade Match Break,Trades,SimCorp,Americas,Government Bond,1,0,29390.1,1.28,0,0,1,Medium,Trade Match Break pattern detected from source controls,Trade Support,48,Escalated,2026-04-13,Within SLA,25,0,Trade Match Break,0.882,Trade Support,Most similar historical pattern: Trade Match Break,Review counterparty economic fields and run fuzzy security/client match.,False,27.0,"Trade Match Break in Trades from SimCorp is ranked Medium because the item is 0 days old, has a break amount of 29390.1, and carries confidence 0.882.",0.3486,False,Multi-factor isolation signal,Medium
EXC0000283,Position Reconciliation Break,Positions,Bloomberg,Americas,Equity,1,0,5765.43,-0.58,0,0,0,Medium,Position Reconciliation Break pattern detected from source controls,Reconciliation,48,Resolved,2026-05-07,Within SLA,32,0,Position Reconciliation Break,0.682,Reconciliation,Most similar historical pattern: Position Reconciliation Break,"Compare IBOR, ABOR, and custodian balances; prioritize material value gaps.",True,27.4,"Position Reconciliation Break in Positions from Bloomberg is ranked Medium because the item is 0 days old, has a break amount of 5765.43, and carries confidence 0.682.",0.3393,False,Multi-factor isolation signal,Medium
EXC0000284,Stale Price,Pricing,IBOR,APAC,Equity,0,8,4519.37,1.81,0,0,95,Medium,Stale Price pattern detected from source controls,Pricing Control,48,Resolved,2026-04-29,Breached,22,0,Stale Price,0.933,Pricing Control,Most similar historical pattern: Stale Price,"Check vendor price history, compare secondary source, and escalate material moves.",False,44.4,"Stale Price in Pricing from IBOR is ranked Medium because the item is 8 days old, has a break amount of 4519.37, and carries confidence 0.933.",0.5179,True,Late source refresh,Medium
EXC0000285,Duplicate Record,Trades,Aladdin,EMEA,ETF,1,16,17133.45,-1.95,1,0,7,High,Duplicate Record pattern detected from source controls,Trade Support,24,Resolved,2026-05-11,Breached,15,0,Duplicate Record,0.835,Trade Support,Most similar historical pattern: Duplicate Record,Confirm duplicate key collision and suppress or merge after control approval.,False,54.9,"Duplicate Record in Trades from Aladdin is ranked High because the item is 16 days old, has a break amount of 17133.45, and carries confidence 0.835.",0.1321,False,Aging unresolved item,High
EXC0000286,Duplicate Record,Trades,IBOR,Americas,Derivative,0,3,16829.15,-0.84,1,0,3,Medium,Duplicate Record pattern detected from source controls,Trade Support,48,Open,2026-04-18,Breached,13,0,Duplicate Record,0.918,Trade Support,Most similar historical pattern: Duplicate Record,Confirm duplicate key collision and suppress or merge after control approval.,False,45.2,"Duplicate Record in Trades from IBOR is ranked Medium because the item is 3 days old, has a break amount of 16829.15, and carries confidence 0.918.",0.149,False,Multi-factor isolation signal,Medium
EXC0000287,Delayed Source Load,Source Control,Custodian,Americas,Government Bond,0,21,3649.71,5.34,0,0,46,High,Delayed Source Load pattern detected from source controls,Source Systems,24,Resolved,2026-04-27,Breached,10,0,Delayed Source Load,0.904,Source Systems,Most similar historical pattern: Delayed Source Load,Check source-system batch status and notify technology owner if SLA breached.,False,52.9,"Delayed Source Load in Source Control from Custodian is ranked High because the item is 21 days old, has a break amount of 3649.71, and carries confidence 0.904.",0.4877,True,Aging unresolved item,High
EXC0000288,Missing Reference Data,Reference Data,IBOR,EMEA,ETF,1,6,3183.95,0.2,0,0,17,Medium,Missing Reference Data pattern detected from source controls,Reference Data Ops,48,Resolved,2026-04-07,Breached,25,0,Unknown / Needs SME Review,0.637,Reference Data Ops,Most similar historical pattern: Unknown / Needs SME Review,Send to SME review with source evidence and model explanation.,True,47.4,"Unknown / Needs SME Review in Reference Data from IBOR is ranked Medium because the item is 6 days old, has a break amount of 3183.95, and carries confidence 0.637.",0.0588,False,Multi-factor isolation signal,Medium
EXC0000289,Performance Return Outlier,Positions,Aladdin,Americas,Derivative,1,15,32160.51,-15.25,0,0,13,High,Performance Return Outlier pattern detected from source controls,Reconciliation,24,Resolved,2026-03-25,Breached,8,0,Position Reconciliation Break,0.551,Reconciliation,Most similar historical pattern: Position Reconciliation Break,"Compare IBOR, ABOR, and custodian balances; prioritize material value gaps.",True,58.6,"Position Reconciliation Break in Positions from Aladdin is ranked High because the item is 15 days old, has a break amount of 32160.51, and carries confidence 0.551.",0.3874,False,Large price/return move,High
EXC0000290,Missing Reference Data,Reference Data,Murex,EMEA,Equity,1,1,2337.17,1.76,0,0,6,Low,Missing Reference Data pattern detected from source controls,Reference Data Ops,72,Open,2026-03-30,Within SLA,15,0,Unknown / Needs SME Review,0.688,Reference Data Ops,Most similar historical pattern: Unknown / Needs SME Review,Send to SME review with source evidence and model explanation.,True,17.7,"Unknown / Needs SME Review in Reference Data from Murex is ranked Low because the item is 1 days old, has a break amount of 2337.17, and carries confidence 0.688.",0.1534,False,Multi-factor isolation signal,Low
EXC0000291,Missing Client Mapping,Client Data,IBOR,EMEA,ETF,1,0,2336.15,1.06,0,0,9,Low,Missing Client Mapping pattern detected from source controls,Client Data Ops,72,Resolved,2026-04-16,Within SLA,15,0,Missing Client Mapping,0.912,Client Data Ops,Most similar historical pattern: Missing Client Mapping,Route to client-data operations to complete portfolio and account mapping.,False,15.4,"Missing Client Mapping in Client Data from IBOR is ranked Low because the item is 0 days old, has a break amount of 2336.15, and carries confidence 0.912.",0.1942,False,Multi-factor isolation signal,Low
EXC0000292,Duplicate Record,Trades,SimCorp,EMEA,ETF,1,11,28019.57,0.15,1,0,18,High,Duplicate Record pattern detected from source controls,Trade Support,24,Resolved,2026-04-02,Breached,19,0,Duplicate Record,0.919,Trade Support,Most similar historical pattern: Duplicate Record,Confirm duplicate key collision and suppress or merge after control approval.,False,55.1,"Duplicate Record in Trades from SimCorp is ranked High because the item is 11 days old, has a break amount of 28019.57, and carries confidence 0.919.",0.0848,False,Multi-factor isolation signal,High
EXC0000293,Trade Match Break,Trades,ABOR,EMEA,Derivative,1,3,19967.42,7.17,0,0,15,Medium,Trade Match Break pattern detected from source controls,Trade Support,48,Open,2026-04-25,Breached,28,0,Trade Match Break,0.819,Trade Support,Most similar historical pattern: Trade Match Break,Review counterparty economic fields and run fuzzy security/client match.,False,47.0,"Trade Match Break in Trades from ABOR is ranked Medium because the item is 3 days old, has a break amount of 19967.42, and carries confidence 0.819.",0.2175,False,Multi-factor isolation signal,Medium
EXC0000294,Performance Return Outlier,Positions,Aladdin,Americas,Corporate Bond,1,13,31939.2,20.81,0,0,3,High,Performance Return Outlier pattern detected from source controls,Reconciliation,24,Open,2026-04-12,Breached,8,0,Performance Return Outlier,0.899,Reconciliation,Most similar historical pattern: Performance Return Outlier,"Check vendor price history, compare secondary source, and escalate material moves.",False,55.1,"Performance Return Outlier in Positions from Aladdin is ranked High because the item is 13 days old, has a break amount of 31939.2, and carries confidence 0.899.",0.4944,True,Large price/return move,High
EXC0000295,Position Reconciliation Break,Positions,SimCorp,EMEA,ETF,1,8,14858.65,-0.73,0,0,9,Medium,Position Reconciliation Break pattern detected from source controls,Reconciliation,48,Open,2026-05-11,Breached,16,0,Position Reconciliation Break,0.837,Reconciliation,Most similar historical pattern: Position Reconciliation Break,"Compare IBOR, ABOR, and custodian balances; prioritize material value gaps.",False,46.0,"Position Reconciliation Break in Positions from SimCorp is ranked Medium because the item is 8 days old, has a break amount of 14858.65, and carries confidence 0.837.",0.0847,False,Multi-factor isolation signal,Medium
EXC0000296,Missing Reference Data,Reference Data,ABOR,Americas,Derivative,3,5,11361.09,2.73,0,0,1,Medium,Missing Reference Data pattern detected from source controls,Reference Data Ops,48,Resolved,2026-05-14,Breached,25,0,Missing Reference Data,0.737,Reference Data Ops,Most similar historical pattern: Missing Reference Data,"Validate security master fields, enrich ISIN/ticker, and rerun downstream load.",False,47.0,"Missing Reference Data in Reference Data from ABOR is ranked Medium because the item is 5 days old, has a break amount of 11361.09, and carries confidence 0.737.",0.1162,False,Multi-factor isolation signal,Medium
EXC0000297,Position Reconciliation Break,Positions,ABOR,APAC,Government Bond,0,21,14099.21,-1.71,0,0,16,Critical,Position Reconciliation Break pattern detected from source controls,Reconciliation,8,Suppressed,2026-05-16,Breached,21,0,Position Reconciliation Break,0.789,Reconciliation,Most similar historical pattern: Position Reconciliation Break,"Compare IBOR, ABOR, and custodian balances; prioritize material value gaps.",False,64.1,"Position Reconciliation Break in Positions from ABOR is ranked Critical because the item is 21 days old, has a break amount of 14099.21, and carries confidence 0.789.",0.2879,False,Aging unresolved item,Critical
EXC0000298,Position Reconciliation Break,Positions,Aladdin,EMEA,Corporate Bond,0,8,304742.29,4.05,0,0,13,High,Position Reconciliation Break pattern detected from source controls,Reconciliation,24,Resolved,2026-05-02,Breached,20,1,Position Reconciliation Break,0.791,Reconciliation,Most similar historical pattern: Position Reconciliation Break,"Compare IBOR, ABOR, and custodian balances; prioritize material value gaps.",False,74.1,"Position Reconciliation Break in Positions from Aladdin is ranked High because the item is 8 days old, has a break amount of 304742.29, and carries confidence 0.791.",0.6393,True,High-value reconciliation break,High
EXC0000299,Missing Client Mapping,Client Data,IBOR,EMEA,Derivative,1,1,1433.5,1.0,0,0,4,Low,Missing Client Mapping pattern detected from source controls,Client Data Ops,72,Open,2026-04-13,Within SLA,15,0,Missing Client Mapping,0.92,Client Data Ops,Most similar historical pattern: Missing Client Mapping,Route to client-data operations to complete portfolio and account mapping.,False,15.3,"Missing Client Mapping in Client Data from IBOR is ranked Low because the item is 1 days old, has a break amount of 1433.5, and carries confidence 0.92.",0.168,False,Multi-factor isolation signal,Low
EXC0000300,Trade Match Break,Trades,ABOR,EMEA,Equity,1,3,21208.79,1.82,0,0,14,Medium,Trade Match Break pattern detected from source controls,Trade Support,48,Resolved,2026-04-21,Breached,28,0,Trade Match Break,0.916,Trade Support,Most similar historical pattern: Trade Match Break,Review counterparty economic fields and run fuzzy security/client match.,False,46.2,"Trade Match Break in Trades from ABOR is ranked Medium because the item is 3 days old, has a break amount of 21208.79, and carries confidence 0.916.",0.1185,False,Multi-factor isolation signal,Medium
EXC0000301,Missing Reference Data,Reference Data,Aladdin,Americas,Derivative,1,6,1057.35,2.24,0,0,9,Low,Missing Reference Data pattern detected from source controls,Reference Data Ops,72,Resolved,2026-03-23,Breached,22,0,Missing Reference Data,0.529,Reference Data Ops,Most similar historical pattern: Missing Reference Data,"Validate security master fields, enrich ISIN/ticker, and rerun downstream load.",True,39.4,"Missing Reference Data in Reference Data from Aladdin is ranked Low because the item is 6 days old, has a break amount of 1057.35, and carries confidence 0.529.",0.0488,False,Multi-factor isolation signal,Low
EXC0000302,Trade Match Break,Trades,Aladdin,APAC,Derivative,0,10,10592.94,0.65,0,0,15,High,Trade Match Break pattern detected from source controls,Trade Support,24,Resolved,2026-05-15,Breached,27,0,Trade Match Break,0.912,Trade Support,Most similar historical pattern: Trade Match Break,Review counterparty economic fields and run fuzzy security/client match.,False,54.1,"Trade Match Break in Trades from Aladdin is ranked High because the item is 10 days old, has a break amount of 10592.94, and carries confidence 0.912.",0.032,False,Multi-factor isolation signal,High
EXC0000303,Duplicate Record,Trades,SimCorp,Americas,Equity,1,12,17826.47,3.79,1,0,0,High,Duplicate Record pattern detected from source controls,Trade Support,24,Resolved,2026-04-23,Breached,19,0,Duplicate Record,0.916,Trade Support,Most similar historical pattern: Duplicate Record,Confirm duplicate key collision and suppress or merge after control approval.,False,54.3,"Duplicate Record in Trades from SimCorp is ranked High because the item is 12 days old, has a break amount of 17826.47, and carries confidence 0.916.",0.1216,False,Multi-factor isolation signal,High
EXC0000304,Position Reconciliation Break,Positions,SimCorp,EMEA,Corporate Bond,1,9,55480.74,3.12,0,0,8,High,Position Reconciliation Break pattern detected from source controls,Reconciliation,24,Resolved,2026-04-26,Breached,16,1,Position Reconciliation Break,0.904,Reconciliation,Most similar historical pattern: Position Reconciliation Break,"Compare IBOR, ABOR, and custodian balances; prioritize material value gaps.",False,57.3,"Position Reconciliation Break in Positions from SimCorp is ranked High because the item is 9 days old, has a break amount of 55480.74, and carries confidence 0.904.",0.1766,False,Multi-factor isolation signal,High
EXC0000305,Delayed Source Load,Source Control,SimCorp,Americas,Government Bond,1,2,6564.08,2.79,0,0,68,Medium,Delayed Source Load pattern detected from source controls,Source Systems,48,Open,2026-05-05,Within SLA,11,0,Delayed Source Load,0.89,Source Systems,Most similar historical pattern: Delayed Source Load,Check source-system batch status and notify technology owner if SLA breached.,False,24.6,"Delayed Source Load in Source Control from SimCorp is ranked Medium because the item is 2 days old, has a break amount of 6564.08, and carries confidence 0.89.",0.458,True,Late source refresh,Medium
EXC0000306,Price Outlier,Pricing,ABOR,EMEA,Equity,0,5,1182.1,16.09,0,0,2,Low,Price Outlier pattern detected from source controls,Pricing Control,72,Resolved,2026-04-17,Breached,19,0,Price Outlier,0.942,Pricing Control,Most similar historical pattern: Price Outlier,"Check vendor price history, compare secondary source, and escalate material moves.",False,35.2,"Price Outlier in Pricing from ABOR is ranked Low because the item is 5 days old, has a break amount of 1182.1, and carries confidence 0.942.",0.3412,False,Large price/return move,Low
EXC0000307,Position Reconciliation Break,Positions,SimCorp,EMEA,Equity,0,2,2369.45,0.63,0,0,8,Low,Position Reconciliation Break pattern detected from source controls,Reconciliation,72,Open,2026-04-27,Within SLA,16,0,Position Reconciliation Break,0.702,Reconciliation,Most similar historical pattern: Position Reconciliation Break,"Compare IBOR, ABOR, and custodian balances; prioritize material value gaps.",True,17.6,"Position Reconciliation Break in Positions from SimCorp is ranked Low because the item is 2 days old, has a break amount of 2369.45, and carries confidence 0.702.",0.081,False,Multi-factor isolation signal,Low
EXC0000308,Unknown / Needs SME Review,Reference Data,Custodian,EMEA,Corporate Bond,0,11,1446.3,1.22,0,0,14,Low,Unknown / Needs SME Review pattern detected from source controls,Reference Data Ops,72,Resolved,2026-05-07,Breached,10,0,Unknown / Needs SME Review,0.592,Reference Data Ops,Most similar historical pattern: Unknown / Needs SME Review,Send to SME review with source evidence and model explanation.,True,38.3,"Unknown / Needs SME Review in Reference Data from Custodian is ranked Low because the item is 11 days old, has a break amount of 1446.3, and carries confidence 0.592.",0.015,False,Multi-factor isolation signal,Low
EXC0000309,Trade Match Break,Trades,Bloomberg,Americas,Derivative,0,1,21091.72,5.84,0,0,13,Medium,Trade Match Break pattern detected from source controls,Trade Support,48,Resolved,2026-04-19,Within SLA,40,0,Trade Match Break,0.857,Trade Support,Most similar historical pattern: Trade Match Break,Review counterparty economic fields and run fuzzy security/client match.,False,27.2,"Trade Match Break in Trades from Bloomberg is ranked Medium because the item is 1 days old, has a break amount of 21091.72, and carries confidence 0.857.",0.2437,False,Multi-factor isolation signal,Medium
EXC0000310,Trade Match Break,Trades,Bloomberg,Americas,Government Bond,0,17,11268.26,-2.04,0,0,2,High,Trade Match Break pattern detected from source controls,Trade Support,24,Resolved,2026-05-06,Breached,40,0,Trade Match Break,0.941,Trade Support,Most similar historical pattern: Trade Match Break,Review counterparty economic fields and run fuzzy security/client match.,False,54.3,"Trade Match Break in Trades from Bloomberg is ranked High because the item is 17 days old, has a break amount of 11268.26, and carries confidence 0.941.",0.1899,False,Aging unresolved item,High
EXC0000311,Unknown / Needs SME Review,Reference Data,Murex,EMEA,ETF,1,11,530.09,-0.1,0,0,14,Low,Unknown / Needs SME Review pattern detected from source controls,Reference Data Ops,72,Resolved,2026-04-04,Breached,14,0,Unknown / Needs SME Review,0.662,Reference Data Ops,Most similar historical pattern: Unknown / Needs SME Review,Send to SME review with source evidence and model explanation.,True,37.7,"Unknown / Needs SME Review in Reference Data from Murex is ranked Low because the item is 11 days old, has a break amount of 530.09, and carries confidence 0.662.",0.0325,False,Multi-factor isolation signal,Low
EXC0000312,Stale Price,Pricing,Bloomberg,Americas,ETF,1,6,6873.95,4.2,0,0,61,Medium,Stale Price pattern detected from source controls,Pricing Control,48,Open,2026-04-28,Breached,12,0,Stale Price,0.911,Pricing Control,Most similar historical pattern: Stale Price,"Check vendor price history, compare secondary source, and escalate material moves.",False,44.4,"Stale Price in Pricing from Bloomberg is ranked Medium because the item is 6 days old, has a break amount of 6873.95, and carries confidence 0.911.",0.4527,False,Late source refresh,Medium
EXC0000313,Position Reconciliation Break,Positions,SimCorp,Americas,Government Bond,1,6,178078.3,-0.85,0,0,8,High,Position Reconciliation Break pattern detected from source controls,Reconciliation,24,Resolved,2026-04-22,Breached,16,1,Position Reconciliation Break,0.852,Reconciliation,Most similar historical pattern: Position Reconciliation Break,"Compare IBOR, ABOR, and custodian balances; prioritize material value gaps.",False,67.6,"Position Reconciliation Break in Positions from SimCorp is ranked High because the item is 6 days old, has a break amount of 178078.3, and carries confidence 0.852.",0.4698,True,High-value reconciliation break,High
EXC0000314,Trade Match Break,Trades,SimCorp,APAC,Equity,1,0,95713.05,-0.14,0,0,16,High,Trade Match Break pattern detected from source controls,Trade Support,24,Resolved,2026-05-09,Within SLA,25,1,Trade Match Break,0.855,Trade Support,Most similar historical pattern: Trade Match Break,Review counterparty economic fields and run fuzzy security/client match.,False,41.4,"Trade Match Break in Trades from SimCorp is ranked High because the item is 0 days old, has a break amount of 95713.05, and carries confidence 0.855.",0.4961,True,High-value reconciliation break,High
EXC0000315,Missing Reference Data,Reference Data,Murex,EMEA,Derivative,1,0,1471.0,5.68,0,0,12,Low,Missing Reference Data pattern detected from source controls,Reference Data Ops,72,Resolved,2026-03-25,Within SLA,15,0,Unknown / Needs SME Review,0.619,Reference Data Ops,Most similar historical pattern: Unknown / Needs SME Review,Send to SME review with source evidence and model explanation.,True,18.3,"Unknown / Needs SME Review in Reference Data from Murex is ranked Low because the item is 0 days old, has a break amount of 1471.0, and carries confidence 0.619.",0.2407,False,Multi-factor isolation signal,Low
EXC0000316,Missing Client Mapping,Client Data,ABOR,Americas,Government Bond,1,14,2689.5,2.41,0,0,19,Medium,Missing Client Mapping pattern detected from source controls,Client Data Ops,48,Resolved,2026-05-09,Breached,18,0,Missing Client Mapping,0.913,Client Data Ops,Most similar historical pattern: Missing Client Mapping,Route to client-data operations to complete portfolio and account mapping.,False,44.3,"Missing Client Mapping in Client Data from ABOR is ranked Medium because the item is 14 days old, has a break amount of 2689.5, and carries confidence 0.913.",0.0334,False,Aging unresolved item,Medium
EXC0000317,Stale Price,Pricing,Custodian,EMEA,Corporate Bond,0,11,3813.28,3.64,0,0,55,Medium,Stale Price pattern detected from source controls,Pricing Control,48,Resolved,2026-04-11,Breached,21,0,Stale Price,0.96,Pricing Control,Most similar historical pattern: Stale Price,"Check vendor price history, compare secondary source, and escalate material moves.",False,44.0,"Stale Price in Pricing from Custodian is ranked Medium because the item is 11 days old, has a break amount of 3813.28, and carries confidence 0.96.",0.2737,False,Late source refresh,Medium
EXC0000318,Performance Return Outlier,Positions,Custodian,Americas,Government Bond,1,2,7485.48,13.28,0,0,19,Medium,Performance Return Outlier pattern detected from source controls,Reconciliation,48,Open,2026-04-11,Within SLA,7,0,Performance Return Outlier,0.744,Reconciliation,Most similar historical pattern: Performance Return Outlier,"Check vendor price history, compare secondary source, and escalate material moves.",False,25.9,"Performance Return Outlier in Positions from Custodian is ranked Medium because the item is 2 days old, has a break amount of 7485.48, and carries confidence 0.744.",0.3809,False,Large price/return move,Medium
EXC0000319,Trade Match Break,Trades,Custodian,APAC,Government Bond,0,16,7484.11,1.79,0,0,16,High,Trade Match Break pattern detected from source controls,Trade Support,24,Resolved,2026-05-12,Breached,24,0,Trade Match Break,0.803,Trade Support,Most similar historical pattern: Trade Match Break,Review counterparty economic fields and run fuzzy security/client match.,False,54.8,"Trade Match Break in Trades from Custodian is ranked High because the item is 16 days old, has a break amount of 7484.11, and carries confidence 0.803.",0.0432,False,Aging unresolved item,High
EXC0000320,Stale Price,Pricing,Custodian,EMEA,Derivative,0,21,850.22,1.73,0,0,27,Medium,Stale Price pattern detected from source controls,Pricing Control,48,Open,2026-05-11,Breached,21,0,Stale Price,0.917,Pricing Control,Most similar historical pattern: Stale Price,"Check vendor price history, compare secondary source, and escalate material moves.",False,44.2,"Stale Price in Pricing from Custodian is ranked Medium because the item is 21 days old, has a break amount of 850.22, and carries confidence 0.917.",0.31,False,Aging unresolved item,Medium
EXC0000321,Price Outlier,Pricing,IBOR,APAC,Corporate Bond,0,14,1289.16,5.38,0,0,2,Medium,Price Outlier pattern detected from source controls,Pricing Control,48,Resolved,2026-05-13,Breached,12,0,Price Outlier,0.668,Pricing Control,Most similar historical pattern: Price Outlier,"Check vendor price history, compare secondary source, and escalate material moves.",True,46.4,"Price Outlier in Pricing from IBOR is ranked Medium because the item is 14 days old, has a break amount of 1289.16, and carries confidence 0.668.",0.0978,False,Aging unresolved item,Medium
EXC0000322,Delayed Source Load,Source Control,Aladdin,EMEA,Derivative,1,19,2168.06,-0.62,0,0,83,High,Delayed Source Load pattern detected from source controls,Source Systems,24,Resolved,2026-03-25,Breached,12,0,Delayed Source Load,0.968,Source Systems,Most similar historical pattern: Delayed Source Load,Check source-system batch status and notify technology owner if SLA breached.,False,52.2,"Delayed Source Load in Source Control from Aladdin is ranked High because the item is 19 days old, has a break amount of 2168.06, and carries confidence 0.968.",0.4935,True,Late source refresh,High
EXC0000323,Trade Match Break,Trades,ABOR,APAC,Equity,1,15,37921.34,5.84,0,0,10,High,Trade Match Break pattern detected from source controls,Trade Support,24,Resolved,2026-04-16,Breached,28,0,Trade Match Break,0.906,Trade Support,Most similar historical pattern: Trade Match Break,Review counterparty economic fields and run fuzzy security/client match.,False,56.3,"Trade Match Break in Trades from ABOR is ranked High because the item is 15 days old, has a break amount of 37921.34, and carries confidence 0.906.",0.1562,False,Aging unresolved item,High
EXC0000324,Price Outlier,Pricing,ABOR,APAC,Corporate Bond,0,20,1222.27,8.13,0,0,19,Medium,Price Outlier pattern detected from source controls,Pricing Control,48,Resolved,2026-05-11,Breached,19,0,Price Outlier,0.9,Pricing Control,Most similar historical pattern: Price Outlier,"Check vendor price history, compare secondary source, and escalate material moves.",False,44.4,"Price Outlier in Pricing from ABOR is ranked Medium because the item is 20 days old, has a break amount of 1222.27, and carries confidence 0.9.",0.2793,False,Aging unresolved item,Medium
EXC0000325,Price Outlier,Pricing,Murex,EMEA,Equity,1,12,3110.13,9.88,0,0,18,Medium,Price Outlier pattern detected from source controls,Pricing Control,48,Resolved,2026-04-01,Breached,17,0,Price Outlier,0.957,Pricing Control,Most similar historical pattern: Price Outlier,"Check vendor price history, compare secondary source, and escalate material moves.",False,43.9,"Price Outlier in Pricing from Murex is ranked Medium because the item is 12 days old, has a break amount of 3110.13, and carries confidence 0.957.",0.1897,False,Multi-factor isolation signal,Medium
EXC0000326,Duplicate Record,Trades,Refinitiv,EMEA,Derivative,0,17,9317.8,2.76,1,0,0,High,Duplicate Record pattern detected from source controls,Trade Support,24,Resolved,2026-03-25,Breached,12,0,Duplicate Record,0.912,Trade Support,Most similar historical pattern: Duplicate Record,Confirm duplicate key collision and suppress or merge after control approval.,False,53.4,"Duplicate Record in Trades from Refinitiv is ranked High because the item is 17 days old, has a break amount of 9317.8, and carries confidence 0.912.",0.1412,False,Aging unresolved item,High
EXC0000327,Price Outlier,Pricing,Aladdin,APAC,Government Bond,1,17,1120.93,15.24,0,0,5,Medium,Price Outlier pattern detected from source controls,Pricing Control,48,Open,2026-04-18,Breached,17,0,Price Outlier,0.97,Pricing Control,Most similar historical pattern: Price Outlier,"Check vendor price history, compare secondary source, and escalate material moves.",False,43.6,"Price Outlier in Pricing from Aladdin is ranked Medium because the item is 17 days old, has a break amount of 1120.93, and carries confidence 0.97.",0.3315,False,Large price/return move,Medium
EXC0000328,Performance Return Outlier,Positions,Bloomberg,EMEA,Government Bond,0,7,40941.88,15.02,0,0,10,High,Performance Return Outlier pattern detected from source controls,Reconciliation,24,Resolved,2026-04-16,Breached,8,0,Performance Return Outlier,0.717,Reconciliation,Most similar historical pattern: Performance Return Outlier,"Check vendor price history, compare secondary source, and escalate material moves.",True,57.7,"Performance Return Outlier in Positions from Bloomberg is ranked High because the item is 7 days old, has a break amount of 40941.88, and carries confidence 0.717.",0.4172,False,Large price/return move,High
EXC0000329,Missing Reference Data,Reference Data,Refinitiv,Americas,Equity,2,1,2808.62,1.82,0,0,12,Low,Missing Reference Data pattern detected from source controls,Reference Data Ops,72,Resolved,2026-04-01,Within SLA,17,0,Missing Reference Data,0.93,Reference Data Ops,Most similar historical pattern: Missing Reference Data,"Validate security master fields, enrich ISIN/ticker, and rerun downstream load.",False,15.4,"Missing Reference Data in Reference Data from Refinitiv is ranked Low because the item is 1 days old, has a break amount of 2808.62, and carries confidence 0.93.",0.1334,False,Multi-factor isolation signal,Low
EXC0000330,Stale Price,Pricing,Custodian,Americas,Equity,0,9,678.56,-2.91,0,0,50,Low,Stale Price pattern detected from source controls,Pricing Control,72,Resolved,2026-04-24,Breached,21,0,Stale Price,0.966,Pricing Control,Most similar historical pattern: Stale Price,"Check vendor price history, compare secondary source, and escalate material moves.",False,35.0,"Stale Price in Pricing from Custodian is ranked Low because the item is 9 days old, has a break amount of 678.56, and carries confidence 0.966.",0.3519,False,Late source refresh,Low
EXC0000331,Trade Match Break,Trades,SimCorp,EMEA,Derivative,0,4,29608.81,1.28,0,0,5,Medium,Trade Match Break pattern detected from source controls,Trade Support,48,Escalated,2026-05-15,Breached,25,0,Trade Match Break,0.918,Trade Support,Most similar historical pattern: Trade Match Break,Review counterparty economic fields and run fuzzy security/client match.,False,46.7,"Trade Match Break in Trades from SimCorp is ranked Medium because the item is 4 days old, has a break amount of 29608.81, and carries confidence 0.918.",0.1768,False,Multi-factor isolation signal,Medium
EXC0000332,Stale Price,Pricing,Aladdin,Americas,Derivative,0,19,745.32,-1.62,0,0,29,Medium,Stale Price pattern detected from source controls,Pricing Control,48,Resolved,2026-04-05,Breached,20,0,Stale Price,0.938,Pricing Control,Most similar historical pattern: Stale Price,"Check vendor price history, compare secondary source, and escalate material moves.",False,44.0,"Stale Price in Pricing from Aladdin is ranked Medium because the item is 19 days old, has a break amount of 745.32, and carries confidence 0.938.",0.3114,False,Aging unresolved item,Medium
EXC0000333,Missing Client Mapping,Client Data,SimCorp,APAC,Corporate Bond,2,15,1764.28,2.77,0,0,16,Medium,Missing Client Mapping pattern detected from source controls,Client Data Ops,48,Resolved,2026-04-30,Breached,15,0,Missing Client Mapping,0.96,Client Data Ops,Most similar historical pattern: Missing Client Mapping,Route to client-data operations to complete portfolio and account mapping.,False,43.6,"Missing Client Mapping in Client Data from SimCorp is ranked Medium because the item is 15 days old, has a break amount of 1764.28, and carries confidence 0.96.",0.0194,False,Aging unresolved item,Medium
EXC0000334,Performance Return Outlier,Positions,IBOR,EMEA,ETF,1,19,104154.53,15.61,0,0,18,Critical,Performance Return Outlier pattern detected from source controls,Reconciliation,8,Resolved,2026-04-10,Breached,5,1,Performance Return Outlier,0.701,Reconciliation,Most similar historical pattern: Performance Return Outlier,"Check vendor price history, compare secondary source, and escalate material moves.",True,71.5,"Performance Return Outlier in Positions from IBOR is ranked Critical because the item is 19 days old, has a break amount of 104154.53, and carries confidence 0.701.",0.625,True,Large price/return move,High
EXC0000335,Duplicate Record,Trades,SimCorp,EMEA,Corporate Bond,1,7,52514.56,3.69,1,0,14,High,Duplicate Record pattern detected from source controls,Trade Support,24,Suppressed,2026-05-17,Breached,19,1,Duplicate Record,0.87,Trade Support,Most similar historical pattern: Duplicate Record,Confirm duplicate key collision and suppress or merge after control approval.,False,57.5,"Duplicate Record in Trades from SimCorp is ranked High because the item is 7 days old, has a break amount of 52514.56, and carries confidence 0.87.",0.1605,False,Multi-factor isolation signal,High
EXC0000336,Delayed Source Load,Source Control,IBOR,Americas,Derivative,1,11,3295.76,-0.24,0,0,37,Medium,Delayed Source Load pattern detected from source controls,Source Systems,48,Open,2026-04-29,Breached,15,0,Delayed Source Load,0.976,Source Systems,Most similar historical pattern: Delayed Source Load,Check source-system batch status and notify technology owner if SLA breached.,False,43.6,"Delayed Source Load in Source Control from IBOR is ranked Medium because the item is 11 days old, has a break amount of 3295.76, and carries confidence 0.976.",0.1771,False,Multi-factor isolation signal,Medium
EXC0000337,Missing Client Mapping,Client Data,IBOR,Americas,Equity,1,5,8352.42,-1.74,0,0,18,Medium,Missing Client Mapping pattern detected from source controls,Client Data Ops,48,Resolved,2026-04-28,Breached,15,0,Missing Client Mapping,0.661,Client Data Ops,Most similar historical pattern: Missing Client Mapping,Route to client-data operations to complete portfolio and account mapping.,True,47.2,"Missing Client Mapping in Client Data from IBOR is ranked Medium because the item is 5 days old, has a break amount of 8352.42, and carries confidence 0.661.",0.1254,False,Multi-factor isolation signal,Medium
EXC0000338,Stale Price,Pricing,Custodian,Americas,Equity,0,10,2124.52,-1.19,0,0,39,Medium,Stale Price pattern detected from source controls,Pricing Control,48,Resolved,2026-05-01,Breached,21,0,Stale Price,0.952,Pricing Control,Most similar historical pattern: Stale Price,"Check vendor price history, compare secondary source, and escalate material moves.",False,44.0,"Stale Price in Pricing from Custodian is ranked Medium because the item is 10 days old, has a break amount of 2124.52, and carries confidence 0.952.",0.2175,False,Multi-factor isolation signal,Medium
EXC0000339,Missing Reference Data,Reference Data,Aladdin,EMEA,Corporate Bond,3,0,4390.6,6.55,0,0,13,Low,Missing Reference Data pattern detected from source controls,Reference Data Ops,72,Open,2026-04-15,Within SLA,22,0,Missing Reference Data,0.85,Reference Data Ops,Most similar historical pattern: Missing Reference Data,"Validate security master fields, enrich ISIN/ticker, and rerun downstream load.",False,16.5,"Missing Reference Data in Reference Data from Aladdin is ranked Low because the item is 0 days old, has a break amount of 4390.6, and carries confidence 0.85.",0.2838,False,Multi-factor isolation signal,Low
EXC0000340,Duplicate Record,Trades,Aladdin,APAC,Equity,1,7,10160.66,9.07,1,0,13,Medium,Duplicate Record pattern detected from source controls,Trade Support,48,Escalated,2026-04-23,Breached,15,0,Duplicate Record,0.8,Trade Support,Most similar historical pattern: Duplicate Record,Confirm duplicate key collision and suppress or merge after control approval.,False,45.9,"Duplicate Record in Trades from Aladdin is ranked Medium because the item is 7 days old, has a break amount of 10160.66, and carries confidence 0.8.",0.1912,False,Multi-factor isolation signal,Medium
EXC0000341,Unknown / Needs SME Review,Reference Data,ABOR,APAC,ETF,0,19,520.67,6.5,0,0,9,Medium,Unknown / Needs SME Review pattern detected from source controls,Reference Data Ops,48,Resolved,2026-03-25,Breached,11,0,Unknown / Needs SME Review,0.803,Reference Data Ops,Most similar historical pattern: Unknown / Needs SME Review,Send to SME review with source evidence and model explanation.,True,45.0,"Unknown / Needs SME Review in Reference Data from ABOR is ranked Medium because the item is 19 days old, has a break amount of 520.67, and carries confidence 0.803.",0.1805,False,Aging unresolved item,Medium
EXC0000342,Delayed Source Load,Source Control,Custodian,APAC,Derivative,0,13,1412.45,-2.35,0,0,44,Medium,Delayed Source Load pattern detected from source controls,Source Systems,48,Resolved,2026-04-06,Breached,10,0,Delayed Source Load,0.926,Source Systems,Most similar historical pattern: Delayed Source Load,Check source-system batch status and notify technology owner if SLA breached.,False,43.8,"Delayed Source Load in Source Control from Custodian is ranked Medium because the item is 13 days old, has a break amount of 1412.45, and carries confidence 0.926.",0.3158,False,Aging unresolved item,Medium
EXC0000343,Duplicate Record,Trades,ABOR,EMEA,Derivative,0,18,70883.2,-1.94,1,0,10,Critical,Duplicate Record pattern detected from source controls,Trade Support,8,Resolved,2026-04-22,Breached,17,1,Duplicate Record,0.844,Trade Support,Most similar historical pattern: Duplicate Record,Confirm duplicate key collision and suppress or merge after control approval.,False,67.9,"Duplicate Record in Trades from ABOR is ranked Critical because the item is 18 days old, has a break amount of 70883.2, and carries confidence 0.844.",0.3128,False,High-value reconciliation break,Critical
EXC0000344,Missing Reference Data,Reference Data,Murex,APAC,Derivative,4,16,14298.27,-1.16,0,0,2,High,Missing Reference Data pattern detected from source controls,Reference Data Ops,24,Resolved,2026-05-03,Breached,15,0,Missing Reference Data,0.675,Reference Data Ops,Most similar historical pattern: Missing Reference Data,"Validate security master fields, enrich ISIN/ticker, and rerun downstream load.",True,56.2,"Missing Reference Data in Reference Data from Murex is ranked High because the item is 16 days old, has a break amount of 14298.27, and carries confidence 0.675.",0.1361,False,Aging unresolved item,High
EXC0000345,Missing Client Mapping,Client Data,Refinitiv,Americas,Equity,1,1,1807.42,3.44,0,0,15,Low,Missing Client Mapping pattern detected from source controls,Client Data Ops,72,Resolved,2026-04-27,Within SLA,15,0,Missing Client Mapping,0.873,Client Data Ops,Most similar historical pattern: Missing Client Mapping,Route to client-data operations to complete portfolio and account mapping.,False,15.8,"Missing Client Mapping in Client Data from Refinitiv is ranked Low because the item is 1 days old, has a break amount of 1807.42, and carries confidence 0.873.",0.1456,False,Multi-factor isolation signal,Low
EXC0000346,Invalid Currency,Reference Data,Murex,APAC,Equity,1,10,800.91,6.77,0,1,6,Low,Invalid Currency pattern detected from source controls,Reference Data Ops,72,Resolved,2026-05-01,Breached,12,0,Invalid Currency,0.815,Reference Data Ops,Most similar historical pattern: Invalid Currency,"Validate security currency, trade currency, and portfolio base currency mapping.",False,36.1,"Invalid Currency in Reference Data from Murex is ranked Low because the item is 10 days old, has a break amount of 800.91, and carries confidence 0.815.",0.1191,False,Multi-factor isolation signal,Low
EXC0000347,Performance Return Outlier,Positions,Refinitiv,Americas,Equity,0,6,26530.49,16.11,0,0,14,High,Performance Return Outlier pattern detected from source controls,Reconciliation,24,Resolved,2026-04-09,Breached,11,0,Performance Return Outlier,0.804,Reconciliation,Most similar historical pattern: Performance Return Outlier,"Check vendor price history, compare secondary source, and escalate material moves.",False,55.8,"Performance Return Outlier in Positions from Refinitiv is ranked High because the item is 6 days old, has a break amount of 26530.49, and carries confidence 0.804.",0.4103,False,Large price/return move,High
EXC0000348,Invalid Currency,Reference Data,Murex,APAC,ETF,1,2,984.69,1.97,0,1,0,Low,Invalid Currency pattern detected from source controls,Reference Data Ops,72,Open,2026-03-25,Within SLA,12,0,Invalid Currency,0.864,Reference Data Ops,Most similar historical pattern: Invalid Currency,"Validate security currency, trade currency, and portfolio base currency mapping.",False,15.7,"Invalid Currency in Reference Data from Murex is ranked Low because the item is 2 days old, has a break amount of 984.69, and carries confidence 0.864.",0.1783,False,Multi-factor isolation signal,Low
EXC0000349,Missing Reference Data,Reference Data,IBOR,Americas,Equity,1,4,2028.05,-0.81,0,0,2,Low,Missing Reference Data pattern detected from source controls,Reference Data Ops,72,Resolved,2026-04-06,Breached,25,0,Unknown / Needs SME Review,0.577,Reference Data Ops,Most similar historical pattern: Unknown / Needs SME Review,Send to SME review with source evidence and model explanation.,True,39.1,"Unknown / Needs SME Review in Reference Data from IBOR is ranked Low because the item is 4 days old, has a break amount of 2028.05, and carries confidence 0.577.",0.1238,False,Multi-factor isolation signal,Low
EXC0000350,Duplicate Record,Trades,SimCorp,APAC,ETF,1,0,3042.81,0.79,1,0,5,Low,Duplicate Record pattern detected from source controls,Trade Support,72,Resolved,2026-03-24,Within SLA,19,0,Duplicate Record,0.789,Trade Support,Most similar historical pattern: Duplicate Record,Confirm duplicate key collision and suppress or merge after control approval.,False,16.9,"Duplicate Record in Trades from SimCorp is ranked Low because the item is 0 days old, has a break amount of 3042.81, and carries confidence 0.789.",0.2324,False,Multi-factor isolation signal,Low
EXC0000351,Trade Match Break,Trades,Aladdin,APAC,Government Bond,1,4,17088.93,1.72,0,0,5,Medium,Trade Match Break pattern detected from source controls,Trade Support,48,Suppressed,2026-05-09,Breached,27,0,Trade Match Break,0.918,Trade Support,Most similar historical pattern: Trade Match Break,Review counterparty economic fields and run fuzzy security/client match.,False,45.8,"Trade Match Break in Trades from Aladdin is ranked Medium because the item is 4 days old, has a break amount of 17088.93, and carries confidence 0.918.",0.1244,False,Multi-factor isolation signal,Medium
EXC0000352,Trade Match Break,Trades,Murex,EMEA,ETF,1,14,51379.97,3.71,0,0,2,Critical,Trade Match Break pattern detected from source controls,Trade Support,8,Resolved,2026-05-14,Breached,20,1,Trade Match Break,0.921,Trade Support,Most similar historical pattern: Trade Match Break,Review counterparty economic fields and run fuzzy security/client match.,False,65.7,"Trade Match Break in Trades from Murex is ranked Critical because the item is 14 days old, has a break amount of 51379.97, and carries confidence 0.921.",0.1799,False,Aging unresolved item,Critical
EXC0000353,Duplicate Record,Trades,Refinitiv,EMEA,Equity,1,5,139974.48,0.25,1,0,13,High,Duplicate Record pattern detected from source controls,Trade Support,24,Resolved,2026-04-07,Breached,12,1,Duplicate Record,0.888,Trade Support,Most similar historical pattern: Duplicate Record,Confirm duplicate key collision and suppress or merge after control approval.,False,64.0,"Duplicate Record in Trades from Refinitiv is ranked High because the item is 5 days old, has a break amount of 139974.48, and carries confidence 0.888.",0.3395,False,High-value reconciliation break,High
EXC0000354,Performance Return Outlier,Positions,ABOR,Americas,Government Bond,0,15,54477.29,11.53,0,0,1,Critical,Performance Return Outlier pattern detected from source controls,Reconciliation,8,Resolved,2026-03-22,Breached,10,1,Performance Return Outlier,0.871,Reconciliation,Most similar historical pattern: Performance Return Outlier,"Check vendor price history, compare secondary source, and escalate material moves.",False,66.0,"Performance Return Outlier in Positions from ABOR is ranked Critical because the item is 15 days old, has a break amount of 54477.29, and carries confidence 0.871.",0.3881,False,Aging unresolved item,Critical
EXC0000355,Missing Client Mapping,Client Data,SimCorp,Americas,Equity,3,6,7341.84,2.19,0,0,2,Medium,Missing Client Mapping pattern detected from source controls,Client Data Ops,48,Resolved,2026-04-17,Breached,15,0,Missing Client Mapping,0.876,Client Data Ops,Most similar historical pattern: Missing Client Mapping,Route to client-data operations to complete portfolio and account mapping.,False,44.9,"Missing Client Mapping in Client Data from SimCorp is ranked Medium because the item is 6 days old, has a break amount of 7341.84, and carries confidence 0.876.",0.0778,False,Multi-factor isolation signal,Medium
EXC0000356,Missing Reference Data,Reference Data,Refinitiv,Americas,Equity,4,1,1331.69,1.75,0,0,12,Low,Missing Reference Data pattern detected from source controls,Reference Data Ops,72,Resolved,2026-04-22,Within SLA,17,0,Missing Reference Data,0.935,Reference Data Ops,Most similar historical pattern: Missing Reference Data,"Validate security master fields, enrich ISIN/ticker, and rerun downstream load.",False,15.2,"Missing Reference Data in Reference Data from Refinitiv is ranked Low because the item is 1 days old, has a break amount of 1331.69, and carries confidence 0.935.",0.1376,False,Multi-factor isolation signal,Low
EXC0000357,Stale Price,Pricing,SimCorp,APAC,ETF,1,15,3412.96,0.51,0,0,35,High,Stale Price pattern detected from source controls,Pricing Control,24,Resolved,2026-04-19,Breached,16,0,Stale Price,0.893,Pricing Control,Most similar historical pattern: Stale Price,"Check vendor price history, compare secondary source, and escalate material moves.",False,53.2,"Stale Price in Pricing from SimCorp is ranked High because the item is 15 days old, has a break amount of 3412.96, and carries confidence 0.893.",0.1626,False,Aging unresolved item,High
EXC0000358,Trade Match Break,Trades,Aladdin,Americas,Government Bond,0,3,51178.63,1.8,0,0,13,High,Trade Match Break pattern detected from source controls,Trade Support,24,Resolved,2026-05-10,Breached,27,1,Trade Match Break,0.893,Trade Support,Most similar historical pattern: Trade Match Break,Review counterparty economic fields and run fuzzy security/client match.,False,57.5,"Trade Match Break in Trades from Aladdin is ranked High because the item is 3 days old, has a break amount of 51178.63, and carries confidence 0.893.",0.183,False,Multi-factor isolation signal,High
EXC0000359,Invalid Currency,Reference Data,Custodian,EMEA,ETF,0,21,1085.42,1.26,0,1,17,Medium,Invalid Currency pattern detected from source controls,Reference Data Ops,48,Resolved,2026-03-22,Breached,11,0,Invalid Currency,0.907,Reference Data Ops,Most similar historical pattern: Invalid Currency,"Validate security currency, trade currency, and portfolio base currency mapping.",False,44.0,"Invalid Currency in Reference Data from Custodian is ranked Medium because the item is 21 days old, has a break amount of 1085.42, and carries confidence 0.907.",0.1643,False,Aging unresolved item,Medium
EXC0000360,Duplicate Record,Trades,Refinitiv,APAC,Equity,1,9,111580.86,-0.45,1,0,15,High,Duplicate Record pattern detected from source controls,Trade Support,24,Escalated,2026-05-16,Breached,12,1,Duplicate Record,0.91,Trade Support,Most similar historical pattern: Duplicate Record,Confirm duplicate key collision and suppress or merge after control approval.,False,61.6,"Duplicate Record in Trades from Refinitiv is ranked High because the item is 9 days old, has a break amount of 111580.86, and carries confidence 0.91.",0.3159,False,High-value reconciliation break,High
EXC0000361,Position Reconciliation Break,Positions,SimCorp,APAC,Corporate Bond,1,0,8905.39,3.71,0,0,7,Medium,Position Reconciliation Break pattern detected from source controls,Reconciliation,48,Resolved,2026-04-03,Within SLA,16,0,Position Reconciliation Break,0.747,Reconciliation,Most similar historical pattern: Position Reconciliation Break,"Compare IBOR, ABOR, and custodian balances; prioritize material value gaps.",False,26.4,"Position Reconciliation Break in Positions from SimCorp is ranked Medium because the item is 0 days old, has a break amount of 8905.39, and carries confidence 0.747.",0.2354,False,Multi-factor isolation signal,Medium
EXC0000362,Trade Match Break,Trades,Bloomberg,Americas,Equity,1,5,86051.29,5.44,0,0,12,High,Trade Match Break pattern detected from source controls,Trade Support,24,Resolved,2026-04-24,Breached,40,1,Trade Match Break,0.906,Trade Support,Most similar historical pattern: Trade Match Break,Review counterparty economic fields and run fuzzy security/client match.,False,60.7,"Trade Match Break in Trades from Bloomberg is ranked High because the item is 5 days old, has a break amount of 86051.29, and carries confidence 0.906.",0.2735,False,High-value reconciliation break,High
EXC0000363,Missing Client Mapping,Client Data,Refinitiv,APAC,Government Bond,4,7,3683.45,1.93,0,0,4,Medium,Missing Client Mapping pattern detected from source controls,Client Data Ops,48,Escalated,2026-04-01,Breached,15,0,Missing Client Mapping,0.941,Client Data Ops,Most similar historical pattern: Missing Client Mapping,Route to client-data operations to complete portfolio and account mapping.,False,44.0,"Missing Client Mapping in Client Data from Refinitiv is ranked Medium because the item is 7 days old, has a break amount of 3683.45, and carries confidence 0.941.",0.0606,False,Multi-factor isolation signal,Medium
EXC0000364,Missing Reference Data,Reference Data,SimCorp,Americas,Government Bond,4,10,1096.4,1.39,0,0,16,Low,Missing Reference Data pattern detected from source controls,Reference Data Ops,72,Resolved,2026-04-06,Breached,15,0,Missing Reference Data,0.904,Reference Data Ops,Most similar historical pattern: Missing Reference Data,"Validate security master fields, enrich ISIN/ticker, and rerun downstream load.",False,35.4,"Missing Reference Data in Reference Data from SimCorp is ranked Low because the item is 10 days old, has a break amount of 1096.4, and carries confidence 0.904.",0.0197,False,Multi-factor isolation signal,Low
EXC0000365,Duplicate Record,Trades,IBOR,APAC,ETF,1,14,90465.56,3.4,1,0,17,Critical,Duplicate Record pattern detected from source controls,Trade Support,8,Resolved,2026-03-31,Breached,13,1,Duplicate Record,0.924,Trade Support,Most similar historical pattern: Duplicate Record,Confirm duplicate key collision and suppress or merge after control approval.,False,68.5,"Duplicate Record in Trades from IBOR is ranked Critical because the item is 14 days old, has a break amount of 90465.56, and carries confidence 0.924.",0.2493,False,High-value reconciliation break,Critical
EXC0000366,Missing Client Mapping,Client Data,Bloomberg,Americas,Equity,4,6,1346.92,1.96,0,0,11,Low,Missing Client Mapping pattern detected from source controls,Client Data Ops,72,Resolved,2026-04-06,Breached,18,0,Missing Client Mapping,0.958,Client Data Ops,Most similar historical pattern: Missing Client Mapping,Route to client-data operations to complete portfolio and account mapping.,False,35.0,"Missing Client Mapping in Client Data from Bloomberg is ranked Low because the item is 6 days old, has a break amount of 1346.92, and carries confidence 0.958.",0.0455,False,Multi-factor isolation signal,Low
EXC0000367,Price Outlier,Pricing,Custodian,APAC,Equity,0,6,7033.44,19.42,0,0,9,Medium,Price Outlier pattern detected from source controls,Pricing Control,48,Resolved,2026-04-11,Breached,14,0,Price Outlier,0.937,Pricing Control,Most similar historical pattern: Price Outlier,"Check vendor price history, compare secondary source, and escalate material moves.",False,44.3,"Price Outlier in Pricing from Custodian is ranked Medium because the item is 6 days old, has a break amount of 7033.44, and carries confidence 0.937.",0.3611,False,Large price/return move,Medium
EXC0000368,Stale Price,Pricing,IBOR,Americas,Derivative,0,20,4771.06,1.77,0,0,30,High,Stale Price pattern detected from source controls,Pricing Control,24,Escalated,2026-04-18,Breached,22,0,Stale Price,0.93,Pricing Control,Most similar historical pattern: Stale Price,"Check vendor price history, compare secondary source, and escalate material moves.",False,53.2,"Stale Price in Pricing from IBOR is ranked High because the item is 20 days old, has a break amount of 4771.06, and carries confidence 0.93.",0.2814,False,Aging unresolved item,High
EXC0000369,Invalid Currency,Reference Data,Bloomberg,APAC,ETF,1,4,3772.38,2.97,0,1,16,Medium,Invalid Currency pattern detected from source controls,Reference Data Ops,48,Escalated,2026-05-18,Breached,17,0,Invalid Currency,0.932,Reference Data Ops,Most similar historical pattern: Invalid Currency,"Validate security currency, trade currency, and portfolio base currency mapping.",False,44.2,"Invalid Currency in Reference Data from Bloomberg is ranked Medium because the item is 4 days old, has a break amount of 3772.38, and carries confidence 0.932.",0.0878,False,Multi-factor isolation signal,Medium
EXC0000370,Stale Price,Pricing,Aladdin,APAC,Equity,0,16,3478.01,5.83,0,0,58,High,Stale Price pattern detected from source controls,Pricing Control,24,Open,2026-03-31,Breached,20,0,Stale Price,0.889,Pricing Control,Most similar historical pattern: Stale Price,"Check vendor price history, compare secondary source, and escalate material moves.",False,53.4,"Stale Price in Pricing from Aladdin is ranked High because the item is 16 days old, has a break amount of 3478.01, and carries confidence 0.889.",0.4098,False,Late source refresh,High
EXC0000371,Position Reconciliation Break,Positions,Aladdin,Americas,Corporate Bond,1,3,49099.22,4.67,0,0,1,High,Position Reconciliation Break pattern detected from source controls,Reconciliation,24,Resolved,2026-04-27,Breached,20,1,Position Reconciliation Break,0.678,Reconciliation,Most similar historical pattern: Position Reconciliation Break,"Compare IBOR, ABOR, and custodian balances; prioritize material value gaps.",True,59.2,"Position Reconciliation Break in Positions from Aladdin is ranked High because the item is 3 days old, has a break amount of 49099.22, and carries confidence 0.678.",0.2904,False,Multi-factor isolation signal,High
EXC0000372,Performance Return Outlier,Positions,Custodian,APAC,Government Bond,1,5,33948.26,10.18,0,0,12,High,Performance Return Outlier pattern detected from source controls,Reconciliation,24,Resolved,2026-04-26,Breached,7,0,Performance Return Outlier,0.87,Reconciliation,Most similar historical pattern: Performance Return Outlier,"Check vendor price history, compare secondary source, and escalate material moves.",False,55.5,"Performance Return Outlier in Positions from Custodian is ranked High because the item is 5 days old, has a break amount of 33948.26, and carries confidence 0.87.",0.3227,False,Multi-factor isolation signal,High
EXC0000373,Missing Reference Data,Reference Data,Aladdin,EMEA,Government Bond,3,13,6204.73,4.2,0,0,4,High,Missing Reference Data pattern detected from source controls,Reference Data Ops,24,Resolved,2026-04-03,Breached,22,0,Missing Reference Data,0.855,Reference Data Ops,Most similar historical pattern: Missing Reference Data,"Validate security master fields, enrich ISIN/ticker, and rerun downstream load.",False,54.1,"Missing Reference Data in Reference Data from Aladdin is ranked High because the item is 13 days old, has a break amount of 6204.73, and carries confidence 0.855.",0.0644,False,Aging unresolved item,High
EXC0000374,Performance Return Outlier,Positions,Aladdin,APAC,ETF,0,2,68507.23,14.22,0,0,1,High,Performance Return Outlier pattern detected from source controls,Reconciliation,24,Resolved,2026-05-15,Breached,8,1,Performance Return Outlier,0.888,Reconciliation,Most similar historical pattern: Performance Return Outlier,"Check vendor price history, compare secondary source, and escalate material moves.",False,58.2,"Performance Return Outlier in Positions from Aladdin is ranked High because the item is 2 days old, has a break amount of 68507.23, and carries confidence 0.888.",0.6028,True,Large price/return move,High
EXC0000375,Stale Price,Pricing,Refinitiv,APAC,Corporate Bond,0,3,922.81,1.0,0,0,87,Low,Stale Price pattern detected from source controls,Pricing Control,72,Suppressed,2026-05-09,Within SLA,21,0,Stale Price,0.956,Pricing Control,Most similar historical pattern: Stale Price,"Check vendor price history, compare secondary source, and escalate material moves.",False,15.1,"Stale Price in Pricing from Refinitiv is ranked Low because the item is 3 days old, has a break amount of 922.81, and carries confidence 0.956.",0.4441,False,Late source refresh,Low
EXC0000376,Position Reconciliation Break,Positions,Bloomberg,APAC,Government Bond,1,18,22541.94,3.58,0,0,1,High,Position Reconciliation Break pattern detected from source controls,Reconciliation,24,Resolved,2026-03-25,Breached,32,0,Position Reconciliation Break,0.831,Reconciliation,Most similar historical pattern: Position Reconciliation Break,"Compare IBOR, ABOR, and custodian balances; prioritize material value gaps.",False,56.0,"Position Reconciliation Break in Positions from Bloomberg is ranked High because the item is 18 days old, has a break amount of 22541.94, and carries confidence 0.831.",0.1805,False,Aging unresolved item,High
EXC0000377,Stale Price,Pricing,Refinitiv,EMEA,ETF,1,2,1049.91,5.32,0,0,75,Low,Stale Price pattern detected from source controls,Pricing Control,72,Resolved,2026-03-23,Within SLA,21,0,Stale Price,0.932,Pricing Control,Most similar historical pattern: Stale Price,"Check vendor price history, compare secondary source, and escalate material moves.",False,15.4,"Stale Price in Pricing from Refinitiv is ranked Low because the item is 2 days old, has a break amount of 1049.91, and carries confidence 0.932.",0.499,True,Late source refresh,Low
EXC0000378,Invalid Currency,Reference Data,IBOR,APAC,Equity,1,3,1765.79,-0.38,0,1,17,Low,Invalid Currency pattern detected from source controls,Reference Data Ops,72,Resolved,2026-03-25,Within SLA,11,0,Invalid Currency,0.911,Reference Data Ops,Most similar historical pattern: Invalid Currency,"Validate security currency, trade currency, and portfolio base currency mapping.",False,15.2,"Invalid Currency in Reference Data from IBOR is ranked Low because the item is 3 days old, has a break amount of 1765.79, and carries confidence 0.911.",0.0991,False,Multi-factor isolation signal,Low
EXC0000379,Unknown / Needs SME Review,Reference Data,ABOR,EMEA,Government Bond,1,16,1237.76,1.43,0,0,17,Medium,Unknown / Needs SME Review pattern detected from source controls,Reference Data Ops,48,Open,2026-05-19,Breached,11,0,Unknown / Needs SME Review,0.682,Reference Data Ops,Most similar historical pattern: Unknown / Needs SME Review,Send to SME review with source evidence and model explanation.,True,46.2,"Unknown / Needs SME Review in Reference Data from ABOR is ranked Medium because the item is 16 days old, has a break amount of 1237.76, and carries confidence 0.682.",0.0303,False,Aging unresolved item,Medium
EXC0000380,Price Outlier,Pricing,Refinitiv,Americas,Corporate Bond,1,10,224.26,15.0,0,0,15,Low,Price Outlier pattern detected from source controls,Pricing Control,72,Resolved,2026-04-26,Breached,13,0,Price Outlier,0.922,Pricing Control,Most similar historical pattern: Price Outlier,"Check vendor price history, compare secondary source, and escalate material moves.",False,35.1,"Price Outlier in Pricing from Refinitiv is ranked Low because the item is 10 days old, has a break amount of 224.26, and carries confidence 0.922.",0.2853,False,Large price/return move,Low
EXC0000381,Performance Return Outlier,Positions,Aladdin,APAC,ETF,1,7,42131.44,11.54,0,0,12,High,Performance Return Outlier pattern detected from source controls,Reconciliation,24,Resolved,2026-04-16,Breached,8,0,Performance Return Outlier,0.868,Reconciliation,Most similar historical pattern: Performance Return Outlier,"Check vendor price history, compare secondary source, and escalate material moves.",False,56.3,"Performance Return Outlier in Positions from Aladdin is ranked High because the item is 7 days old, has a break amount of 42131.44, and carries confidence 0.868.",0.3293,False,Multi-factor isolation signal,High
EXC0000382,Invalid Currency,Reference Data,SimCorp,Americas,Equity,0,18,10282.71,-1.54,0,1,12,High,Invalid Currency pattern detected from source controls,Reference Data Ops,24,Open,2026-05-01,Breached,20,0,Invalid Currency,0.879,Reference Data Ops,Most similar historical pattern: Invalid Currency,"Validate security currency, trade currency, and portfolio base currency mapping.",False,54.1,"Invalid Currency in Reference Data from SimCorp is ranked High because the item is 18 days old, has a break amount of 10282.71, and carries confidence 0.879.",0.1534,False,Aging unresolved item,High
EXC0000383,Unknown / Needs SME Review,Reference Data,ABOR,EMEA,Corporate Bond,0,19,2335.52,2.75,0,0,0,High,Unknown / Needs SME Review pattern detected from source controls,Reference Data Ops,24,Resolved,2026-05-14,Breached,11,0,Unknown / Needs SME Review,0.797,Reference Data Ops,Most similar historical pattern: Unknown / Needs SME Review,Send to SME review with source evidence and model explanation.,True,53.9,"Unknown / Needs SME Review in Reference Data from ABOR is ranked High because the item is 19 days old, has a break amount of 2335.52, and carries confidence 0.797.",0.1721,False,Aging unresolved item,High
EXC0000384,Invalid Currency,Reference Data,Aladdin,EMEA,ETF,0,2,19353.75,-1.69,0,1,16,Medium,Invalid Currency pattern detected from source controls,Reference Data Ops,48,Resolved,2026-05-17,Within SLA,7,0,Invalid Currency,0.843,Reference Data Ops,Most similar historical pattern: Invalid Currency,"Validate security currency, trade currency, and portfolio base currency mapping.",False,25.9,"Invalid Currency in Reference Data from Aladdin is ranked Medium because the item is 2 days old, has a break amount of 19353.75, and carries confidence 0.843.",0.2051,False,Multi-factor isolation signal,Medium
EXC0000385,Invalid Currency,Reference Data,SimCorp,EMEA,Government Bond,0,10,1599.47,4.34,0,1,0,Low,Invalid Currency pattern detected from source controls,Reference Data Ops,72,Resolved,2026-04-04,Breached,20,0,Invalid Currency,0.811,Reference Data Ops,Most similar historical pattern: Invalid Currency,"Validate security currency, trade currency, and portfolio base currency mapping.",False,36.6,"Invalid Currency in Reference Data from SimCorp is ranked Low because the item is 10 days old, has a break amount of 1599.47, and carries confidence 0.811.",0.1207,False,Multi-factor isolation signal,Low
EXC0000386,Unknown / Needs SME Review,Reference Data,Murex,APAC,Equity,0,20,2158.48,4.87,0,0,15,High,Unknown / Needs SME Review pattern detected from source controls,Reference Data Ops,24,Resolved,2026-04-01,Breached,14,0,Unknown / Needs SME Review,0.732,Reference Data Ops,Most similar historical pattern: Unknown / Needs SME Review,Send to SME review with source evidence and model explanation.,True,54.7,"Unknown / Needs SME Review in Reference Data from Murex is ranked High because the item is 20 days old, has a break amount of 2158.48, and carries confidence 0.732.",0.1734,False,Aging unresolved item,High
EXC0000387,Invalid Currency,Reference Data,Bloomberg,Americas,Derivative,0,2,1663.39,-0.1,0,1,14,Low,Invalid Currency pattern detected from source controls,Reference Data Ops,72,Resolved,2026-04-12,Within SLA,17,0,Invalid Currency,0.903,Reference Data Ops,Most similar historical pattern: Invalid Currency,"Validate security currency, trade currency, and portfolio base currency mapping.",False,15.5,"Invalid Currency in Reference Data from Bloomberg is ranked Low because the item is 2 days old, has a break amount of 1663.39, and carries confidence 0.903.",0.109,False,Multi-factor isolation signal,Low
EXC0000388,Delayed Source Load,Source Control,Aladdin,APAC,Equity,1,9,1897.45,-1.67,0,0,89,Medium,Delayed Source Load pattern detected from source controls,Source Systems,48,Resolved,2026-05-13,Breached,12,0,Delayed Source Load,0.97,Source Systems,Most similar historical pattern: Delayed Source Load,Check source-system batch status and notify technology owner if SLA breached.,False,43.4,"Delayed Source Load in Source Control from Aladdin is ranked Medium because the item is 9 days old, has a break amount of 1897.45, and carries confidence 0.97.",0.4776,True,Late source refresh,Medium
EXC0000389,Price Outlier,Pricing,ABOR,APAC,Government Bond,1,4,2430.86,22.14,0,0,1,Low,Price Outlier pattern detected from source controls,Pricing Control,72,Resolved,2026-04-25,Breached,19,0,Price Outlier,0.961,Pricing Control,Most similar historical pattern: Price Outlier,"Check vendor price history, compare secondary source, and escalate material moves.",False,35.1,"Price Outlier in Pricing from ABOR is ranked Low because the item is 4 days old, has a break amount of 2430.86, and carries confidence 0.961.",0.4777,True,Large price/return move,Low
EXC0000390,Stale Price,Pricing,IBOR,APAC,Equity,0,3,6052.58,0.2,0,0,47,Medium,Stale Price pattern detected from source controls,Pricing Control,48,Escalated,2026-04-22,Breached,22,0,Stale Price,0.937,Pricing Control,Most similar historical pattern: Stale Price,"Check vendor price history, compare secondary source, and escalate material moves.",False,44.5,"Stale Price in Pricing from IBOR is ranked Medium because the item is 3 days old, has a break amount of 6052.58, and carries confidence 0.937.",0.3178,False,Multi-factor isolation signal,Medium
EXC0000391,Duplicate Record,Trades,ABOR,APAC,Government Bond,1,19,71033.35,0.98,1,0,4,Critical,Duplicate Record pattern detected from source controls,Trade Support,8,Resolved,2026-05-13,Breached,17,1,Duplicate Record,0.957,Trade Support,Most similar historical pattern: Duplicate Record,Confirm duplicate key collision and suppress or merge after control approval.,False,66.8,"Duplicate Record in Trades from ABOR is ranked Critical because the item is 19 days old, has a break amount of 71033.35, and carries confidence 0.957.",0.3013,False,High-value reconciliation break,Critical
EXC0000392,Price Outlier,Pricing,IBOR,APAC,Corporate Bond,1,14,1820.69,11.9,0,0,10,Medium,Price Outlier pattern detected from source controls,Pricing Control,48,Resolved,2026-05-08,Breached,12,0,Price Outlier,0.941,Pricing Control,Most similar historical pattern: Price Outlier,"Check vendor price history, compare secondary source, and escalate material moves.",False,43.7,"Price Outlier in Pricing from IBOR is ranked Medium because the item is 14 days old, has a break amount of 1820.69, and carries confidence 0.941.",0.2201,False,Aging unresolved item,Medium
EXC0000393,Trade Match Break,Trades,Custodian,APAC,ETF,0,2,41826.17,-0.83,0,0,13,Medium,Trade Match Break pattern detected from source controls,Trade Support,48,Resolved,2026-04-22,Within SLA,24,0,Trade Match Break,0.897,Trade Support,Most similar historical pattern: Trade Match Break,Review counterparty economic fields and run fuzzy security/client match.,False,27.8,"Trade Match Break in Trades from Custodian is ranked Medium because the item is 2 days old, has a break amount of 41826.17, and carries confidence 0.897.",0.2083,False,Multi-factor isolation signal,Medium
EXC0000394,Delayed Source Load,Source Control,IBOR,APAC,ETF,0,7,5034.48,5.65,0,0,89,Medium,Delayed Source Load pattern detected from source controls,Source Systems,48,Resolved,2026-05-04,Breached,15,0,Delayed Source Load,0.944,Source Systems,Most similar historical pattern: Delayed Source Load,Check source-system batch status and notify technology owner if SLA breached.,False,44.1,"Delayed Source Load in Source Control from IBOR is ranked Medium because the item is 7 days old, has a break amount of 5034.48, and carries confidence 0.944.",0.6117,True,Late source refresh,High
EXC0000395,Duplicate Record,Trades,Aladdin,APAC,Derivative,0,6,32407.1,-0.1,1,0,4,High,Duplicate Record pattern detected from source controls,Trade Support,24,Open,2026-04-29,Breached,15,0,Duplicate Record,0.911,Trade Support,Most similar historical pattern: Duplicate Record,Confirm duplicate key collision and suppress or merge after control approval.,False,55.3,"Duplicate Record in Trades from Aladdin is ranked High because the item is 6 days old, has a break amount of 32407.1, and carries confidence 0.911.",0.1521,False,Multi-factor isolation signal,High
EXC0000396,Unknown / Needs SME Review,Reference Data,Aladdin,APAC,Equity,0,20,590.7,3.84,0,0,9,Medium,Unknown / Needs SME Review pattern detected from source controls,Reference Data Ops,48,Open,2026-05-06,Breached,9,0,Unknown / Needs SME Review,0.792,Reference Data Ops,Most similar historical pattern: Unknown / Needs SME Review,Send to SME review with source evidence and model explanation.,True,45.0,"Unknown / Needs SME Review in Reference Data from Aladdin is ranked Medium because the item is 20 days old, has a break amount of 590.7, and carries confidence 0.792.",0.1498,False,Aging unresolved item,Medium
EXC0000397,Trade Match Break,Trades,Custodian,Americas,ETF,1,6,45578.38,-0.72,0,0,9,High,Trade Match Break pattern detected from source controls,Trade Support,24,Resolved,2026-05-08,Breached,24,0,Trade Match Break,0.902,Trade Support,Most similar historical pattern: Trade Match Break,Review counterparty economic fields and run fuzzy security/client match.,False,56.8,"Trade Match Break in Trades from Custodian is ranked High because the item is 6 days old, has a break amount of 45578.38, and carries confidence 0.902.",0.1466,False,Multi-factor isolation signal,High
EXC0000398,Price Outlier,Pricing,Refinitiv,Americas,Corporate Bond,1,2,4426.82,13.88,0,0,8,Medium,Price Outlier pattern detected from source controls,Pricing Control,48,Escalated,2026-03-21,Within SLA,13,0,Price Outlier,0.955,Pricing Control,Most similar historical pattern: Price Outlier,"Check vendor price history, compare secondary source, and escalate material moves.",False,23.8,"Price Outlier in Pricing from Refinitiv is ranked Medium because the item is 2 days old, has a break amount of 4426.82, and carries confidence 0.955.",0.3194,False,Large price/return move,Medium
EXC0000399,Stale Price,Pricing,ABOR,EMEA,ETF,0,21,1230.87,2.63,0,0,73,Medium,Stale Price pattern detected from source controls,Pricing Control,48,Resolved,2026-05-08,Breached,23,0,Stale Price,0.914,Pricing Control,Most similar historical pattern: Stale Price,"Check vendor price history, compare secondary source, and escalate material moves.",False,44.4,"Stale Price in Pricing from ABOR is ranked Medium because the item is 21 days old, has a break amount of 1230.87, and carries confidence 0.914.",0.5021,True,Late source refresh,Medium
EXC0000400,Unknown / Needs SME Review,Reference Data,Murex,EMEA,Derivative,1,1,3087.66,1.84,0,0,1,Low,Unknown / Needs SME Review pattern detected from source controls,Reference Data Ops,72,Open,2026-04-14,Within SLA,14,0,Unknown / Needs SME Review,0.728,Reference Data Ops,Most similar historical pattern: Unknown / Needs SME Review,Send to SME review with source evidence and model explanation.,True,17.3,"Unknown / Needs SME Review in Reference Data from Murex is ranked Low because the item is 1 days old, has a break amount of 3087.66, and carries confidence 0.728.",0.1875,False,Multi-factor isolation signal,Low
EXC0000401,Trade Match Break,Trades,Bloomberg,Americas,Derivative,0,21,9284.67,0.87,0,0,6,High,Trade Match Break pattern detected from source controls,Trade Support,24,Escalated,2026-03-30,Breached,40,0,Trade Match Break,0.914,Trade Support,Most similar historical pattern: Trade Match Break,Review counterparty economic fields and run fuzzy security/client match.,False,54.5,"Trade Match Break in Trades from Bloomberg is ranked High because the item is 21 days old, has a break amount of 9284.67, and carries confidence 0.914.",0.2235,False,Aging unresolved item,High
EXC0000402,Performance Return Outlier,Positions,Bloomberg,Americas,Derivative,1,7,76286.81,13.85,0,0,7,High,Performance Return Outlier pattern detected from source controls,Reconciliation,24,Resolved,2026-05-02,Breached,8,1,Performance Return Outlier,0.661,Reconciliation,Most similar historical pattern: Performance Return Outlier,"Check vendor price history, compare secondary source, and escalate material moves.",True,61.1,"Performance Return Outlier in Positions from Bloomberg is ranked High because the item is 7 days old, has a break amount of 76286.81, and carries confidence 0.661.",0.4457,False,Large price/return move,High
EXC0000403,Trade Match Break,Trades,SimCorp,Americas,Derivative,1,15,11094.0,0.48,0,0,5,High,Trade Match Break pattern detected from source controls,Trade Support,24,Resolved,2026-04-30,Breached,25,0,Trade Match Break,0.937,Trade Support,Most similar historical pattern: Trade Match Break,Review counterparty economic fields and run fuzzy security/client match.,False,53.8,"Trade Match Break in Trades from SimCorp is ranked High because the item is 15 days old, has a break amount of 11094.0, and carries confidence 0.937.",0.05,False,Aging unresolved item,High
EXC0000404,Price Outlier,Pricing,ABOR,EMEA,ETF,1,11,2637.23,18.81,0,0,2,Medium,Price Outlier pattern detected from source controls,Pricing Control,48,Suppressed,2026-04-15,Breached,19,0,Price Outlier,0.946,Pricing Control,Most similar historical pattern: Price Outlier,"Check vendor price history, compare secondary source, and escalate material moves.",False,44.0,"Price Outlier in Pricing from ABOR is ranked Medium because the item is 11 days old, has a break amount of 2637.23, and carries confidence 0.946.",0.3469,False,Large price/return move,Medium
EXC0000405,Missing Client Mapping,Client Data,Refinitiv,APAC,Derivative,1,5,2088.12,2.33,0,0,8,Low,Missing Client Mapping pattern detected from source controls,Client Data Ops,72,Resolved,2026-05-14,Breached,15,0,Missing Client Mapping,0.947,Client Data Ops,Most similar historical pattern: Missing Client Mapping,Route to client-data operations to complete portfolio and account mapping.,False,35.0,"Missing Client Mapping in Client Data from Refinitiv is ranked Low because the item is 5 days old, has a break amount of 2088.12, and carries confidence 0.947.",0.0521,False,Multi-factor isolation signal,Low
EXC0000406,Duplicate Record,Trades,Bloomberg,APAC,ETF,1,11,33748.68,6.08,1,0,18,High,Duplicate Record pattern detected from source controls,Trade Support,24,Open,2026-04-11,Breached,17,0,Duplicate Record,0.891,Trade Support,Most similar historical pattern: Duplicate Record,Confirm duplicate key collision and suppress or merge after control approval.,False,55.7,"Duplicate Record in Trades from Bloomberg is ranked High because the item is 11 days old, has a break amount of 33748.68, and carries confidence 0.891.",0.1738,False,Multi-factor isolation signal,High
EXC0000407,Position Reconciliation Break,Positions,IBOR,Americas,Equity,1,3,19452.2,2.4,0,0,3,Medium,Position Reconciliation Break pattern detected from source controls,Reconciliation,48,Resolved,2026-05-10,Breached,27,0,Position Reconciliation Break,0.888,Reconciliation,Most similar historical pattern: Position Reconciliation Break,"Compare IBOR, ABOR, and custodian balances; prioritize material value gaps.",False,46.3,"Position Reconciliation Break in Positions from IBOR is ranked Medium because the item is 3 days old, has a break amount of 19452.2, and carries confidence 0.888.",0.1228,False,Multi-factor isolation signal,Medium
EXC0000408,Trade Match Break,Trades,Refinitiv,EMEA,Derivative,1,11,13443.86,2.99,0,0,13,High,Trade Match Break pattern detected from source controls,Trade Support,24,Open,2026-04-04,Breached,15,0,Trade Match Break,0.9,Trade Support,Most similar historical pattern: Trade Match Break,Review counterparty economic fields and run fuzzy security/client match.,False,53.9,"Trade Match Break in Trades from Refinitiv is ranked High because the item is 11 days old, has a break amount of 13443.86, and carries confidence 0.9.",0.0484,False,Multi-factor isolation signal,High
EXC0000409,Position Reconciliation Break,Positions,Custodian,EMEA,ETF,1,1,16982.15,4.21,0,0,19,Medium,Position Reconciliation Break pattern detected from source controls,Reconciliation,48,Resolved,2026-04-10,Within SLA,18,0,Position Reconciliation Break,0.675,Reconciliation,Most similar historical pattern: Position Reconciliation Break,"Compare IBOR, ABOR, and custodian balances; prioritize material value gaps.",True,27.8,"Position Reconciliation Break in Positions from Custodian is ranked Medium because the item is 1 days old, has a break amount of 16982.15, and carries confidence 0.675.",0.2247,False,Multi-factor isolation signal,Medium
EXC0000410,Delayed Source Load,Source Control,ABOR,APAC,Derivative,1,5,2953.16,0.37,0,0,73,Medium,Delayed Source Load pattern detected from source controls,Source Systems,48,Resolved,2026-04-26,Breached,22,0,Delayed Source Load,0.967,Source Systems,Most similar historical pattern: Delayed Source Load,Check source-system batch status and notify technology owner if SLA breached.,False,43.9,"Delayed Source Load in Source Control from ABOR is ranked Medium because the item is 5 days old, has a break amount of 2953.16, and carries confidence 0.967.",0.3664,False,Late source refresh,Medium
EXC0000411,Stale Price,Pricing,SimCorp,APAC,Corporate Bond,1,1,786.98,-3.01,0,0,79,Low,Stale Price pattern detected from source controls,Pricing Control,72,Resolved,2026-04-27,Within SLA,16,0,Stale Price,0.905,Pricing Control,Most similar historical pattern: Stale Price,"Check vendor price history, compare secondary source, and escalate material moves.",False,15.4,"Stale Price in Pricing from SimCorp is ranked Low because the item is 1 days old, has a break amount of 786.98, and carries confidence 0.905.",0.5733,True,Late source refresh,High
EXC0000412,Missing Reference Data,Reference Data,IBOR,Americas,Government Bond,2,13,940.39,1.51,0,0,2,Low,Missing Reference Data pattern detected from source controls,Reference Data Ops,72,Resolved,2026-05-09,Breached,25,0,Missing Reference Data,0.857,Reference Data Ops,Most similar historical pattern: Missing Reference Data,"Validate security master fields, enrich ISIN/ticker, and rerun downstream load.",False,36.3,"Missing Reference Data in Reference Data from IBOR is ranked Low because the item is 13 days old, has a break amount of 940.39, and carries confidence 0.857.",0.0481,False,Aging unresolved item,Low
EXC0000413,Missing Reference Data,Reference Data,ABOR,APAC,Government Bond,2,20,693.47,3.64,0,0,14,Medium,Missing Reference Data pattern detected from source controls,Reference Data Ops,48,Escalated,2026-05-16,Breached,25,0,Missing Reference Data,0.819,Reference Data Ops,Most similar historical pattern: Missing Reference Data,"Validate security master fields, enrich ISIN/ticker, and rerun downstream load.",False,45.4,"Missing Reference Data in Reference Data from ABOR is ranked Medium because the item is 20 days old, has a break amount of 693.47, and carries confidence 0.819.",0.1468,False,Aging unresolved item,Medium
EXC0000414,Position Reconciliation Break,Positions,Murex,EMEA,Equity,1,0,27194.82,6.53,0,0,6,Medium,Position Reconciliation Break pattern detected from source controls,Reconciliation,48,Resolved,2026-03-22,Within SLA,23,0,Position Reconciliation Break,0.703,Reconciliation,Most similar historical pattern: Position Reconciliation Break,"Compare IBOR, ABOR, and custodian balances; prioritize material value gaps.",True,28.6,"Position Reconciliation Break in Positions from Murex is ranked Medium because the item is 0 days old, has a break amount of 27194.82, and carries confidence 0.703.",0.353,False,Multi-factor isolation signal,Medium
EXC0000415,Delayed Source Load,Source Control,ABOR,Americas,ETF,1,13,1845.94,-0.95,0,0,66,Medium,Delayed Source Load pattern detected from source controls,Source Systems,48,Open,2026-05-16,Breached,22,0,Delayed Source Load,0.977,Source Systems,Most similar historical pattern: Delayed Source Load,Check source-system batch status and notify technology owner if SLA breached.,False,43.8,"Delayed Source Load in Source Control from ABOR is ranked Medium because the item is 13 days old, has a break amount of 1845.94, and carries confidence 0.977.",0.3406,False,Late source refresh,Medium
EXC0000416,Invalid Currency,Reference Data,SimCorp,EMEA,Corporate Bond,1,11,750.12,4.25,0,1,14,Low,Invalid Currency pattern detected from source controls,Reference Data Ops,72,Resolved,2026-05-09,Breached,20,0,Invalid Currency,0.86,Reference Data Ops,Most similar historical pattern: Invalid Currency,"Validate security currency, trade currency, and portfolio base currency mapping.",False,36.0,"Invalid Currency in Reference Data from SimCorp is ranked Low because the item is 11 days old, has a break amount of 750.12, and carries confidence 0.86.",0.0427,False,Multi-factor isolation signal,Low
EXC0000417,Unknown / Needs SME Review,Reference Data,IBOR,Americas,Equity,1,4,1461.1,2.15,0,0,5,Low,Unknown / Needs SME Review pattern detected from source controls,Reference Data Ops,72,Resolved,2026-05-16,Breached,12,0,Unknown / Needs SME Review,0.525,Reference Data Ops,Most similar historical pattern: Unknown / Needs SME Review,Send to SME review with source evidence and model explanation.,True,39.1,"Unknown / Needs SME Review in Reference Data from IBOR is ranked Low because the item is 4 days old, has a break amount of 1461.1, and carries confidence 0.525.",0.0863,False,Multi-factor isolation signal,Low
EXC0000418,Duplicate Record,Trades,Custodian,Americas,Corporate Bond,1,15,138963.5,0.53,1,0,10,Critical,Duplicate Record pattern detected from source controls,Trade Support,8,Escalated,2026-04-21,Breached,22,1,Duplicate Record,0.928,Trade Support,Most similar historical pattern: Duplicate Record,Confirm duplicate key collision and suppress or merge after control approval.,False,72.7,"Duplicate Record in Trades from Custodian is ranked Critical because the item is 15 days old, has a break amount of 138963.5, and carries confidence 0.928.",0.3234,False,High-value reconciliation break,Critical
EXC0000419,Position Reconciliation Break,Positions,Aladdin,EMEA,ETF,1,17,69409.66,-1.11,0,0,9,Critical,Position Reconciliation Break pattern detected from source controls,Reconciliation,8,Resolved,2026-04-05,Breached,20,1,Position Reconciliation Break,0.789,Reconciliation,Most similar historical pattern: Position Reconciliation Break,"Compare IBOR, ABOR, and custodian balances; prioritize material value gaps.",False,68.5,"Position Reconciliation Break in Positions from Aladdin is ranked Critical because the item is 17 days old, has a break amount of 69409.66, and carries confidence 0.789.",0.2623,False,High-value reconciliation break,Critical
EXC0000420,Duplicate Record,Trades,Custodian,APAC,ETF,0,20,12231.26,0.04,1,0,16,High,Duplicate Record pattern detected from source controls,Trade Support,24,Open,2026-05-04,Breached,22,0,Duplicate Record,0.85,Trade Support,Most similar historical pattern: Duplicate Record,Confirm duplicate key collision and suppress or merge after control approval.,False,54.6,"Duplicate Record in Trades from Custodian is ranked High because the item is 20 days old, has a break amount of 12231.26, and carries confidence 0.85.",0.1825,False,Aging unresolved item,High
EXC0000421,Delayed Source Load,Source Control,SimCorp,EMEA,Corporate Bond,0,1,7659.64,2.93,0,0,46,Medium,Delayed Source Load pattern detected from source controls,Source Systems,48,Resolved,2026-03-29,Within SLA,11,0,Delayed Source Load,0.892,Source Systems,Most similar historical pattern: Delayed Source Load,Check source-system batch status and notify technology owner if SLA breached.,False,24.6,"Delayed Source Load in Source Control from SimCorp is ranked Medium because the item is 1 days old, has a break amount of 7659.64, and carries confidence 0.892.",0.3803,False,Multi-factor isolation signal,Medium
EXC0000422,Missing Reference Data,Reference Data,Custodian,APAC,Corporate Bond,1,3,1025.67,4.56,0,0,7,Low,Missing Reference Data pattern detected from source controls,Reference Data Ops,72,Resolved,2026-04-13,Within SLA,20,0,Unknown / Needs SME Review,0.476,Reference Data Ops,Most similar historical pattern: Unknown / Needs SME Review,Send to SME review with source evidence and model explanation.,True,19.9,"Unknown / Needs SME Review in Reference Data from Custodian is ranked Low because the item is 3 days old, has a break amount of 1025.67, and carries confidence 0.476.",0.0976,False,Multi-factor isolation signal,Low
EXC0000423,Position Reconciliation Break,Positions,Custodian,APAC,Derivative,1,11,21970.76,-5.31,0,0,0,High,Position Reconciliation Break pattern detected from source controls,Reconciliation,24,Open,2026-03-30,Breached,18,0,Position Reconciliation Break,0.764,Reconciliation,Most similar historical pattern: Position Reconciliation Break,"Compare IBOR, ABOR, and custodian balances; prioritize material value gaps.",False,56.1,"Position Reconciliation Break in Positions from Custodian is ranked High because the item is 11 days old, has a break amount of 21970.76, and carries confidence 0.764.",0.3565,False,Multi-factor isolation signal,High
EXC0000424,Trade Match Break,Trades,IBOR,EMEA,Government Bond,0,16,7273.79,2.78,0,0,4,High,Trade Match Break pattern detected from source controls,Trade Support,24,Resolved,2026-04-26,Breached,21,0,Trade Match Break,0.772,Trade Support,Most similar historical pattern: Trade Match Break,Review counterparty economic fields and run fuzzy security/client match.,False,55.0,"Trade Match Break in Trades from IBOR is ranked High because the item is 16 days old, has a break amount of 7273.79, and carries confidence 0.772.",0.0526,False,Aging unresolved item,High
EXC0000425,Unknown / Needs SME Review,Reference Data,ABOR,EMEA,Corporate Bond,1,4,2121.94,0.07,0,0,3,Low,Unknown / Needs SME Review pattern detected from source controls,Reference Data Ops,72,Resolved,2026-04-17,Breached,11,0,Unknown / Needs SME Review,0.717,Reference Data Ops,Most similar historical pattern: Unknown / Needs SME Review,Send to SME review with source evidence and model explanation.,True,37.2,"Unknown / Needs SME Review in Reference Data from ABOR is ranked Low because the item is 4 days old, has a break amount of 2121.94, and carries confidence 0.717.",0.0956,False,Multi-factor isolation signal,Low
EXC0000426,Stale Price,Pricing,Custodian,Americas,Derivative,0,7,955.43,0.3,0,0,84,Low,Stale Price pattern detected from source controls,Pricing Control,72,Resolved,2026-05-06,Breached,21,0,Stale Price,0.962,Pricing Control,Most similar historical pattern: Stale Price,"Check vendor price history, compare secondary source, and escalate material moves.",False,35.0,"Stale Price in Pricing from Custodian is ranked Low because the item is 7 days old, has a break amount of 955.43, and carries confidence 0.962.",0.4031,False,Late source refresh,Low
EXC0000427,Missing Reference Data,Reference Data,Refinitiv,Americas,Equity,2,9,394.89,2.54,0,0,15,Low,Missing Reference Data pattern detected from source controls,Reference Data Ops,72,Suppressed,2026-04-26,Breached,17,0,Missing Reference Data,0.896,Reference Data Ops,Most similar historical pattern: Missing Reference Data,"Validate security master fields, enrich ISIN/ticker, and rerun downstream load.",False,35.5,"Missing Reference Data in Reference Data from Refinitiv is ranked Low because the item is 9 days old, has a break amount of 394.89, and carries confidence 0.896.",0.0387,False,Multi-factor isolation signal,Low
EXC0000428,Duplicate Record,Trades,Murex,APAC,ETF,0,14,47989.97,6.3,1,0,0,High,Duplicate Record pattern detected from source controls,Trade Support,24,Escalated,2026-03-26,Breached,22,0,Duplicate Record,0.914,Trade Support,Most similar historical pattern: Duplicate Record,Confirm duplicate key collision and suppress or merge after control approval.,False,56.8,"Duplicate Record in Trades from Murex is ranked High because the item is 14 days old, has a break amount of 47989.97, and carries confidence 0.914.",0.2846,False,Aging unresolved item,High
EXC0000429,Duplicate Record,Trades,Bloomberg,APAC,Government Bond,1,5,19761.62,-0.29,1,0,7,Medium,Duplicate Record pattern detected from source controls,Trade Support,48,Resolved,2026-04-30,Breached,17,0,Duplicate Record,0.912,Trade Support,Most similar historical pattern: Duplicate Record,Confirm duplicate key collision and suppress or merge after control approval.,False,45.6,"Duplicate Record in Trades from Bloomberg is ranked Medium because the item is 5 days old, has a break amount of 19761.62, and carries confidence 0.912.",0.0967,False,Multi-factor isolation signal,Medium
EXC0000430,Trade Match Break,Trades,Bloomberg,Americas,Corporate Bond,0,6,16950.34,1.26,0,0,2,Medium,Trade Match Break pattern detected from source controls,Trade Support,48,Escalated,2026-04-25,Breached,40,0,Trade Match Break,0.91,Trade Support,Most similar historical pattern: Trade Match Break,Review counterparty economic fields and run fuzzy security/client match.,False,46.4,"Trade Match Break in Trades from Bloomberg is ranked Medium because the item is 6 days old, has a break amount of 16950.34, and carries confidence 0.91.",0.1145,False,Multi-factor isolation signal,Medium
EXC0000431,Position Reconciliation Break,Positions,Murex,EMEA,ETF,0,3,200387.38,-2.44,0,0,17,High,Position Reconciliation Break pattern detected from source controls,Reconciliation,24,Resolved,2026-04-05,Breached,23,1,Position Reconciliation Break,0.762,Reconciliation,Most similar historical pattern: Position Reconciliation Break,"Compare IBOR, ABOR, and custodian balances; prioritize material value gaps.",False,70.6,"Position Reconciliation Break in Positions from Murex is ranked High because the item is 3 days old, has a break amount of 200387.38, and carries confidence 0.762.",0.617,True,High-value reconciliation break,High
EXC0000432,Duplicate Record,Trades,Murex,APAC,Corporate Bond,1,4,35135.47,2.6,1,0,14,High,Duplicate Record pattern detected from source controls,Trade Support,24,Suppressed,2026-05-03,Breached,22,0,Duplicate Record,0.891,Trade Support,Most similar historical pattern: Duplicate Record,Confirm duplicate key collision and suppress or merge after control approval.,False,56.0,"Duplicate Record in Trades from Murex is ranked High because the item is 4 days old, has a break amount of 35135.47, and carries confidence 0.891.",0.1683,False,Multi-factor isolation signal,High
EXC0000433,Trade Match Break,Trades,Refinitiv,APAC,ETF,0,20,40620.05,-0.23,0,0,2,Critical,Trade Match Break pattern detected from source controls,Trade Support,8,Resolved,2026-04-01,Breached,15,0,Trade Match Break,0.866,Trade Support,Most similar historical pattern: Trade Match Break,Review counterparty economic fields and run fuzzy security/client match.,False,65.2,"Trade Match Break in Trades from Refinitiv is ranked Critical because the item is 20 days old, has a break amount of 40620.05, and carries confidence 0.866.",0.3177,False,Aging unresolved item,Critical
EXC0000434,Trade Match Break,Trades,ABOR,EMEA,Corporate Bond,1,16,84477.72,5.44,0,0,13,Critical,Trade Match Break pattern detected from source controls,Trade Support,8,Resolved,2026-05-03,Breached,28,1,Trade Match Break,0.936,Trade Support,Most similar historical pattern: Trade Match Break,Review counterparty economic fields and run fuzzy security/client match.,False,68.5,"Trade Match Break in Trades from ABOR is ranked Critical because the item is 16 days old, has a break amount of 84477.72, and carries confidence 0.936.",0.2637,False,High-value reconciliation break,Critical
EXC0000435,Stale Price,Pricing,Murex,Americas,ETF,0,20,1065.74,2.4,0,0,26,Medium,Stale Price pattern detected from source controls,Pricing Control,48,Escalated,2026-03-24,Breached,15,0,Stale Price,0.936,Pricing Control,Most similar historical pattern: Stale Price,"Check vendor price history, compare secondary source, and escalate material moves.",False,43.8,"Stale Price in Pricing from Murex is ranked Medium because the item is 20 days old, has a break amount of 1065.74, and carries confidence 0.936.",0.2582,False,Aging unresolved item,Medium
EXC0000436,Missing Client Mapping,Client Data,ABOR,EMEA,Government Bond,1,20,825.36,0.79,0,0,1,Medium,Missing Client Mapping pattern detected from source controls,Client Data Ops,48,Escalated,2026-04-08,Breached,18,0,Missing Client Mapping,0.895,Client Data Ops,Most similar historical pattern: Missing Client Mapping,Route to client-data operations to complete portfolio and account mapping.,False,44.3,"Missing Client Mapping in Client Data from ABOR is ranked Medium because the item is 20 days old, has a break amount of 825.36, and carries confidence 0.895.",0.1896,False,Aging unresolved item,Medium
EXC0000437,Trade Match Break,Trades,Custodian,EMEA,Derivative,1,10,103358.64,0.81,0,0,12,High,Trade Match Break pattern detected from source controls,Trade Support,24,Resolved,2026-03-21,Breached,24,1,Trade Match Break,0.895,Trade Support,Most similar historical pattern: Trade Match Break,Review counterparty economic fields and run fuzzy security/client match.,False,61.5,"Trade Match Break in Trades from Custodian is ranked High because the item is 10 days old, has a break amount of 103358.64, and carries confidence 0.895.",0.2363,False,High-value reconciliation break,High
EXC0000438,Duplicate Record,Trades,ABOR,Americas,Government Bond,0,3,23181.94,2.41,1,0,10,Medium,Duplicate Record pattern detected from source controls,Trade Support,48,Resolved,2026-04-15,Breached,17,0,Duplicate Record,0.899,Trade Support,Most similar historical pattern: Duplicate Record,Confirm duplicate key collision and suppress or merge after control approval.,False,46.0,"Duplicate Record in Trades from ABOR is ranked Medium because the item is 3 days old, has a break amount of 23181.94, and carries confidence 0.899.",0.1149,False,Multi-factor isolation signal,Medium
EXC0000439,Trade Match Break,Trades,Custodian,EMEA,Equity,0,17,100332.5,3.23,0,0,3,Critical,Trade Match Break pattern detected from source controls,Trade Support,8,Open,2026-04-07,Breached,24,1,Trade Match Break,0.903,Trade Support,Most similar historical pattern: Trade Match Break,Review counterparty economic fields and run fuzzy security/client match.,False,70.0,"Trade Match Break in Trades from Custodian is ranked Critical because the item is 17 days old, has a break amount of 100332.5, and carries confidence 0.903.",0.3149,False,High-value reconciliation break,Critical
EXC0000440,Stale Price,Pricing,Aladdin,EMEA,ETF,1,21,612.58,-1.42,0,0,95,Medium,Stale Price pattern detected from source controls,Pricing Control,48,Resolved,2026-04-08,Breached,20,0,Stale Price,0.923,Pricing Control,Most similar historical pattern: Stale Price,"Check vendor price history, compare secondary source, and escalate material moves.",False,44.1,"Stale Price in Pricing from Aladdin is ranked Medium because the item is 21 days old, has a break amount of 612.58, and carries confidence 0.923.",0.6928,True,Late source refresh,High
EXC0000441,Invalid Currency,Reference Data,Aladdin,EMEA,Equity,1,4,1251.02,1.13,0,1,0,Low,Invalid Currency pattern detected from source controls,Reference Data Ops,72,Escalated,2026-05-08,Breached,7,0,Invalid Currency,0.888,Reference Data Ops,Most similar historical pattern: Invalid Currency,"Validate security currency, trade currency, and portfolio base currency mapping.",False,35.3,"Invalid Currency in Reference Data from Aladdin is ranked Low because the item is 4 days old, has a break amount of 1251.02, and carries confidence 0.888.",0.1517,False,Multi-factor isolation signal,Low
EXC0000442,Trade Match Break,Trades,Murex,Americas,ETF,0,16,45369.67,1.49,0,0,9,Critical,Trade Match Break pattern detected from source controls,Trade Support,8,Escalated,2026-05-18,Breached,20,0,Trade Match Break,0.902,Trade Support,Most similar historical pattern: Trade Match Break,Review counterparty economic fields and run fuzzy security/client match.,False,65.4,"Trade Match Break in Trades from Murex is ranked Critical because the item is 16 days old, has a break amount of 45369.67, and carries confidence 0.902.",0.1287,False,Aging unresolved item,Critical
EXC0000443,Stale Price,Pricing,Bloomberg,EMEA,Corporate Bond,0,8,2545.43,2.03,0,0,66,Medium,Stale Price pattern detected from source controls,Pricing Control,48,Resolved,2026-03-23,Breached,12,0,Stale Price,0.946,Pricing Control,Most similar historical pattern: Stale Price,"Check vendor price history, compare secondary source, and escalate material moves.",False,43.7,"Stale Price in Pricing from Bloomberg is ranked Medium because the item is 8 days old, has a break amount of 2545.43, and carries confidence 0.946.",0.3242,False,Late source refresh,Medium
EXC0000444,Performance Return Outlier,Positions,SimCorp,APAC,Derivative,0,20,15621.36,12.14,0,0,6,High,Performance Return Outlier pattern detected from source controls,Reconciliation,24,Resolved,2026-04-14,Breached,4,0,Performance Return Outlier,0.693,Reconciliation,Most similar historical pattern: Performance Return Outlier,"Check vendor price history, compare secondary source, and escalate material moves.",True,55.7,"Performance Return Outlier in Positions from SimCorp is ranked High because the item is 20 days old, has a break amount of 15621.36, and carries confidence 0.693.",0.3574,False,Large price/return move,High
EXC0000445,Performance Return Outlier,Positions,Murex,EMEA,Corporate Bond,0,4,6983.04,17.31,0,0,5,Medium,Performance Return Outlier pattern detected from source controls,Reconciliation,48,Resolved,2026-05-12,Breached,10,0,Performance Return Outlier,0.672,Reconciliation,Most similar historical pattern: Performance Return Outlier,"Check vendor price history, compare secondary source, and escalate material moves.",True,46.7,"Performance Return Outlier in Positions from Murex is ranked Medium because the item is 4 days old, has a break amount of 6983.04, and carries confidence 0.672.",0.3794,False,Large price/return move,Medium
EXC0000446,Invalid Currency,Reference Data,Bloomberg,Americas,Government Bond,1,14,2680.59,3.89,0,1,14,Medium,Invalid Currency pattern detected from source controls,Reference Data Ops,48,Suppressed,2026-04-13,Breached,17,0,Invalid Currency,0.909,Reference Data Ops,Most similar historical pattern: Invalid Currency,"Validate security currency, trade currency, and portfolio base currency mapping.",False,44.3,"Invalid Currency in Reference Data from Bloomberg is ranked Medium because the item is 14 days old, has a break amount of 2680.59, and carries confidence 0.909.",0.039,False,Aging unresolved item,Medium
EXC0000447,Position Reconciliation Break,Positions,IBOR,APAC,Government Bond,0,1,29534.11,2.41,0,0,4,Medium,Position Reconciliation Break pattern detected from source controls,Reconciliation,48,Open,2026-05-03,Within SLA,27,0,Position Reconciliation Break,0.89,Reconciliation,Most similar historical pattern: Position Reconciliation Break,"Compare IBOR, ABOR, and custodian balances; prioritize material value gaps.",False,27.0,"Position Reconciliation Break in Positions from IBOR is ranked Medium because the item is 1 days old, has a break amount of 29534.11, and carries confidence 0.89.",0.2639,False,Multi-factor isolation signal,Medium
EXC0000448,Duplicate Record,Trades,ABOR,Americas,Equity,1,20,24569.23,0.26,1,0,10,Critical,Duplicate Record pattern detected from source controls,Trade Support,8,Resolved,2026-04-29,Breached,17,0,Duplicate Record,0.932,Trade Support,Most similar historical pattern: Duplicate Record,Confirm duplicate key collision and suppress or merge after control approval.,False,63.3,"Duplicate Record in Trades from ABOR is ranked Critical because the item is 20 days old, has a break amount of 24569.23, and carries confidence 0.932.",0.172,False,Aging unresolved item,Critical
EXC0000449,Trade Match Break,Trades,Refinitiv,Americas,Corporate Bond,1,9,189928.38,3.52,0,0,3,High,Trade Match Break pattern detected from source controls,Trade Support,24,Escalated,2026-03-31,Breached,15,1,Trade Match Break,0.88,Trade Support,Most similar historical pattern: Trade Match Break,Review counterparty economic fields and run fuzzy security/client match.,False,68.2,"Trade Match Break in Trades from Refinitiv is ranked High because the item is 9 days old, has a break amount of 189928.38, and carries confidence 0.88.",0.5196,True,High-value reconciliation break,High
EXC0000450,Price Outlier,Pricing,IBOR,APAC,Derivative,0,10,2899.68,15.62,0,0,1,Medium,Price Outlier pattern detected from source controls,Pricing Control,48,Escalated,2026-04-17,Breached,12,0,Price Outlier,0.897,Pricing Control,Most similar historical pattern: Price Outlier,"Check vendor price history, compare secondary source, and escalate material moves.",False,44.2,"Price Outlier in Pricing from IBOR is ranked Medium because the item is 10 days old, has a break amount of 2899.68, and carries confidence 0.897.",0.3196,False,Large price/return move,Medium
EXC0000451,Duplicate Record,Trades,Custodian,Americas,Corporate Bond,0,16,21656.72,-3.03,1,0,7,High,Duplicate Record pattern detected from source controls,Trade Support,24,Escalated,2026-04-19,Breached,22,0,Duplicate Record,0.856,Trade Support,Most similar historical pattern: Duplicate Record,Confirm duplicate key collision and suppress or merge after control approval.,False,55.3,"Duplicate Record in Trades from Custodian is ranked High because the item is 16 days old, has a break amount of 21656.72, and carries confidence 0.856.",0.1811,False,Aging unresolved item,High
EXC0000452,Missing Client Mapping,Client Data,Refinitiv,Americas,ETF,2,5,1910.53,-7.08,0,0,2,Low,Missing Client Mapping pattern detected from source controls,Client Data Ops,72,Resolved,2026-04-16,Breached,15,0,Missing Client Mapping,0.962,Client Data Ops,Most similar historical pattern: Missing Client Mapping,Route to client-data operations to complete portfolio and account mapping.,False,34.9,"Missing Client Mapping in Client Data from Refinitiv is ranked Low because the item is 5 days old, has a break amount of 1910.53, and carries confidence 0.962.",0.2904,False,Multi-factor isolation signal,Low
EXC0000453,Position Reconciliation Break,Positions,Aladdin,Americas,Government Bond,1,16,12298.09,-1.54,0,0,10,High,Position Reconciliation Break pattern detected from source controls,Reconciliation,24,Escalated,2026-05-05,Breached,20,0,Position Reconciliation Break,0.839,Reconciliation,Most similar historical pattern: Position Reconciliation Break,"Compare IBOR, ABOR, and custodian balances; prioritize material value gaps.",False,54.6,"Position Reconciliation Break in Positions from Aladdin is ranked High because the item is 16 days old, has a break amount of 12298.09, and carries confidence 0.839.",0.1022,False,Aging unresolved item,High
EXC0000454,Performance Return Outlier,Positions,Aladdin,APAC,Corporate Bond,0,2,87187.74,7.51,0,0,9,High,Performance Return Outlier pattern detected from source controls,Reconciliation,24,Resolved,2026-04-02,Breached,8,1,Performance Return Outlier,0.786,Reconciliation,Most similar historical pattern: Performance Return Outlier,"Check vendor price history, compare secondary source, and escalate material moves.",False,60.7,"Performance Return Outlier in Positions from Aladdin is ranked High because the item is 2 days old, has a break amount of 87187.74, and carries confidence 0.786.",0.3902,False,High-value reconciliation break,High
EXC0000455,Trade Match Break,Trades,ABOR,Americas,ETF,1,9,17581.02,1.93,0,0,9,High,Trade Match Break pattern detected from source controls,Trade Support,24,Resolved,2026-04-18,Breached,28,0,Trade Match Break,0.942,Trade Support,Most similar historical pattern: Trade Match Break,Review counterparty economic fields and run fuzzy security/client match.,False,54.4,"Trade Match Break in Trades from ABOR is ranked High because the item is 9 days old, has a break amount of 17581.02, and carries confidence 0.942.",0.0724,False,Multi-factor isolation signal,High
EXC0000456,Trade Match Break,Trades,ABOR,EMEA,Equity,0,7,68084.8,2.99,0,0,19,High,Trade Match Break pattern detected from source controls,Trade Support,24,Open,2026-04-26,Breached,28,1,Trade Match Break,0.941,Trade Support,Most similar historical pattern: Trade Match Break,Review counterparty economic fields and run fuzzy security/client match.,False,58.4,"Trade Match Break in Trades from ABOR is ranked High because the item is 7 days old, has a break amount of 68084.8, and carries confidence 0.941.",0.2291,False,High-value reconciliation break,High
EXC0000457,Trade Match Break,Trades,Aladdin,EMEA,Derivative,1,9,9971.61,0.85,0,0,17,Medium,Trade Match Break pattern detected from source controls,Trade Support,48,Resolved,2026-04-03,Breached,27,0,Trade Match Break,0.918,Trade Support,Most similar historical pattern: Trade Match Break,Review counterparty economic fields and run fuzzy security/client match.,False,45.2,"Trade Match Break in Trades from Aladdin is ranked Medium because the item is 9 days old, has a break amount of 9971.61, and carries confidence 0.918.",0.0425,False,Multi-factor isolation signal,Medium
EXC0000458,Invalid Currency,Reference Data,Bloomberg,Americas,ETF,0,12,4542.91,-2.03,0,1,8,Medium,Invalid Currency pattern detected from source controls,Reference Data Ops,48,Resolved,2026-04-14,Breached,17,0,Invalid Currency,0.896,Reference Data Ops,Most similar historical pattern: Invalid Currency,"Validate security currency, trade currency, and portfolio base currency mapping.",False,44.6,"Invalid Currency in Reference Data from Bloomberg is ranked Medium because the item is 12 days old, has a break amount of 4542.91, and carries confidence 0.896.",0.0866,False,Multi-factor isolation signal,Medium
EXC0000459,Missing Reference Data,Reference Data,Refinitiv,Americas,ETF,4,13,2732.77,0.55,0,0,3,Medium,Missing Reference Data pattern detected from source controls,Reference Data Ops,48,Resolved,2026-05-03,Breached,17,0,Missing Reference Data,0.872,Reference Data Ops,Most similar historical pattern: Missing Reference Data,"Validate security master fields, enrich ISIN/ticker, and rerun downstream load.",False,44.7,"Missing Reference Data in Reference Data from Refinitiv is ranked Medium because the item is 13 days old, has a break amount of 2732.77, and carries confidence 0.872.",0.0334,False,Aging unresolved item,Medium
EXC0000460,Trade Match Break,Trades,Aladdin,Americas,Equity,1,4,58498.92,0.95,0,0,4,High,Trade Match Break pattern detected from source controls,Trade Support,24,Resolved,2026-04-03,Breached,27,1,Trade Match Break,0.939,Trade Support,Most similar historical pattern: Trade Match Break,Review counterparty economic fields and run fuzzy security/client match.,False,57.6,"Trade Match Break in Trades from Aladdin is ranked High because the item is 4 days old, has a break amount of 58498.92, and carries confidence 0.939.",0.2527,False,Multi-factor isolation signal,High
EXC0000461,Missing Client Mapping,Client Data,Refinitiv,Americas,Corporate Bond,3,20,1065.62,5.84,0,0,14,Medium,Missing Client Mapping pattern detected from source controls,Client Data Ops,48,Resolved,2026-04-19,Breached,15,0,Missing Client Mapping,0.933,Client Data Ops,Most similar historical pattern: Missing Client Mapping,Route to client-data operations to complete portfolio and account mapping.,False,43.9,"Missing Client Mapping in Client Data from Refinitiv is ranked Medium because the item is 20 days old, has a break amount of 1065.62, and carries confidence 0.933.",0.193,False,Aging unresolved item,Medium
EXC0000462,Position Reconciliation Break,Positions,Murex,APAC,Corporate Bond,0,14,11960.5,2.89,0,0,16,High,Position Reconciliation Break pattern detected from source controls,Reconciliation,24,Escalated,2026-05-13,Breached,23,0,Position Reconciliation Break,0.796,Reconciliation,Most similar historical pattern: Position Reconciliation Break,"Compare IBOR, ABOR, and custodian balances; prioritize material value gaps.",False,55.2,"Position Reconciliation Break in Positions from Murex is ranked High because the item is 14 days old, has a break amount of 11960.5, and carries confidence 0.796.",0.0493,False,Aging unresolved item,High
EXC0000463,Price Outlier,Pricing,Custodian,APAC,Corporate Bond,1,3,778.59,24.27,0,0,18,Low,Price Outlier pattern detected from source controls,Pricing Control,72,Resolved,2026-05-02,Within SLA,14,0,Price Outlier,0.909,Pricing Control,Most similar historical pattern: Price Outlier,"Check vendor price history, compare secondary source, and escalate material moves.",False,15.3,"Price Outlier in Pricing from Custodian is ranked Low because the item is 3 days old, has a break amount of 778.59, and carries confidence 0.909.",0.494,True,Large price/return move,Low
EXC0000464,Duplicate Record,Trades,Murex,EMEA,Equity,0,3,59533.74,0.71,1,0,18,High,Duplicate Record pattern detected from source controls,Trade Support,24,Resolved,2026-04-07,Breached,22,1,Duplicate Record,0.911,Trade Support,Most similar historical pattern: Duplicate Record,Confirm duplicate key collision and suppress or merge after control approval.,False,57.8,"Duplicate Record in Trades from Murex is ranked High because the item is 3 days old, has a break amount of 59533.74, and carries confidence 0.911.",0.2471,False,Multi-factor isolation signal,High
EXC0000465,Performance Return Outlier,Positions,Refinitiv,EMEA,Equity,0,8,51043.39,9.32,0,0,0,High,Performance Return Outlier pattern detected from source controls,Reconciliation,24,Open,2026-04-26,Breached,11,1,Performance Return Outlier,0.791,Reconciliation,Most similar historical pattern: Performance Return Outlier,"Check vendor price history, compare secondary source, and escalate material moves.",False,57.9,"Performance Return Outlier in Positions from Refinitiv is ranked High because the item is 8 days old, has a break amount of 51043.39, and carries confidence 0.791.",0.4175,False,Multi-factor isolation signal,High
EXC0000466,Position Reconciliation Break,Positions,ABOR,APAC,Government Bond,1,21,48788.18,1.55,0,0,16,Critical,Position Reconciliation Break pattern detected from source controls,Reconciliation,8,Open,2026-04-07,Breached,21,1,Position Reconciliation Break,0.774,Reconciliation,Most similar historical pattern: Position Reconciliation Break,"Compare IBOR, ABOR, and custodian balances; prioritize material value gaps.",False,67.0,"Position Reconciliation Break in Positions from ABOR is ranked Critical because the item is 21 days old, has a break amount of 48788.18, and carries confidence 0.774.",0.3068,False,Aging unresolved item,Critical
EXC0000467,Missing Client Mapping,Client Data,Murex,APAC,Government Bond,4,19,778.92,-2.56,0,0,15,Medium,Missing Client Mapping pattern detected from source controls,Client Data Ops,48,Resolved,2026-05-07,Breached,12,0,Missing Client Mapping,0.942,Client Data Ops,Most similar historical pattern: Missing Client Mapping,Route to client-data operations to complete portfolio and account mapping.,False,43.6,"Missing Client Mapping in Client Data from Murex is ranked Medium because the item is 19 days old, has a break amount of 778.92, and carries confidence 0.942.",0.1848,False,Aging unresolved item,Medium
EXC0000468,Stale Price,Pricing,Custodian,EMEA,Corporate Bond,0,5,357.78,3.55,0,0,43,Low,Stale Price pattern detected from source controls,Pricing Control,72,Open,2026-03-23,Breached,21,0,Stale Price,0.941,Pricing Control,Most similar historical pattern: Stale Price,"Check vendor price history, compare secondary source, and escalate material moves.",False,35.2,"Stale Price in Pricing from Custodian is ranked Low because the item is 5 days old, has a break amount of 357.78, and carries confidence 0.941.",0.2858,False,Multi-factor isolation signal,Low
EXC0000469,Position Reconciliation Break,Positions,ABOR,APAC,Government Bond,1,12,32825.52,2.41,0,0,5,High,Position Reconciliation Break pattern detected from source controls,Reconciliation,24,Escalated,2026-04-07,Breached,21,0,Position Reconciliation Break,0.869,Reconciliation,Most similar historical pattern: Position Reconciliation Break,"Compare IBOR, ABOR, and custodian balances; prioritize material value gaps.",False,56.0,"Position Reconciliation Break in Positions from ABOR is ranked High because the item is 12 days old, has a break amount of 32825.52, and carries confidence 0.869.",0.1015,False,Multi-factor isolation signal,High
EXC0000470,Price Outlier,Pricing,SimCorp,Americas,Derivative,1,7,1874.75,10.48,0,0,19,Low,Price Outlier pattern detected from source controls,Pricing Control,72,Escalated,2026-05-05,Breached,12,0,Price Outlier,0.919,Pricing Control,Most similar historical pattern: Price Outlier,"Check vendor price history, compare secondary source, and escalate material moves.",False,35.2,"Price Outlier in Pricing from SimCorp is ranked Low because the item is 7 days old, has a break amount of 1874.75, and carries confidence 0.919.",0.2464,False,Multi-factor isolation signal,Low
EXC0000471,Unknown / Needs SME Review,Reference Data,Murex,Americas,Derivative,1,17,2717.16,-0.52,0,0,8,High,Unknown / Needs SME Review pattern detected from source controls,Reference Data Ops,24,Resolved,2026-05-01,Breached,14,0,Unknown / Needs SME Review,0.748,Reference Data Ops,Most similar historical pattern: Unknown / Needs SME Review,Send to SME review with source evidence and model explanation.,True,54.5,"Unknown / Needs SME Review in Reference Data from Murex is ranked High because the item is 17 days old, has a break amount of 2717.16, and carries confidence 0.748.",0.0725,False,Aging unresolved item,High
EXC0000472,Stale Price,Pricing,Murex,APAC,Derivative,1,16,1811.56,4.03,0,0,20,Medium,Stale Price pattern detected from source controls,Pricing Control,48,Open,2026-04-30,Breached,15,0,Stale Price,0.815,Pricing Control,Most similar historical pattern: Stale Price,"Check vendor price history, compare secondary source, and escalate material moves.",False,45.1,"Stale Price in Pricing from Murex is ranked Medium because the item is 16 days old, has a break amount of 1811.56, and carries confidence 0.815.",0.064,False,Aging unresolved item,Medium
EXC0000473,Unknown / Needs SME Review,Reference Data,Custodian,EMEA,Corporate Bond,1,10,3859.3,-3.03,0,0,1,Medium,Unknown / Needs SME Review pattern detected from source controls,Reference Data Ops,48,Open,2026-04-19,Breached,10,0,Unknown / Needs SME Review,0.701,Reference Data Ops,Most similar historical pattern: Unknown / Needs SME Review,Send to SME review with source evidence and model explanation.,True,46.2,"Unknown / Needs SME Review in Reference Data from Custodian is ranked Medium because the item is 10 days old, has a break amount of 3859.3, and carries confidence 0.701.",0.1601,False,Multi-factor isolation signal,Medium
EXC0000474,Trade Match Break,Trades,Aladdin,APAC,Equity,1,7,35345.78,-2.39,0,0,12,High,Trade Match Break pattern detected from source controls,Trade Support,24,Resolved,2026-04-29,Breached,27,0,Trade Match Break,0.938,Trade Support,Most similar historical pattern: Trade Match Break,Review counterparty economic fields and run fuzzy security/client match.,False,55.8,"Trade Match Break in Trades from Aladdin is ranked High because the item is 7 days old, has a break amount of 35345.78, and carries confidence 0.938.",0.1772,False,Multi-factor isolation signal,High
EXC0000475,Position Reconciliation Break,Positions,Bloomberg,EMEA,Corporate Bond,1,20,37548.79,-0.34,0,0,5,Critical,Position Reconciliation Break pattern detected from source controls,Reconciliation,8,Open,2026-04-01,Breached,32,0,Position Reconciliation Break,0.853,Reconciliation,Most similar historical pattern: Position Reconciliation Break,"Compare IBOR, ABOR, and custodian balances; prioritize material value gaps.",False,65.8,"Position Reconciliation Break in Positions from Bloomberg is ranked Critical because the item is 20 days old, has a break amount of 37548.79, and carries confidence 0.853.",0.2552,False,Aging unresolved item,Critical
EXC0000476,Position Reconciliation Break,Positions,Bloomberg,Americas,Corporate Bond,0,9,24040.18,2.26,0,0,15,High,Position Reconciliation Break pattern detected from source controls,Reconciliation,24,Resolved,2026-05-08,Breached,32,0,Position Reconciliation Break,0.851,Reconciliation,Most similar historical pattern: Position Reconciliation Break,"Compare IBOR, ABOR, and custodian balances; prioritize material value gaps.",False,55.9,"Position Reconciliation Break in Positions from Bloomberg is ranked High because the item is 9 days old, has a break amount of 24040.18, and carries confidence 0.851.",0.0898,False,Multi-factor isolation signal,High
EXC0000477,Price Outlier,Pricing,Murex,Americas,Equity,1,19,714.63,29.33,0,0,2,Medium,Price Outlier pattern detected from source controls,Pricing Control,48,Resolved,2026-05-11,Breached,17,0,Price Outlier,0.924,Pricing Control,Most similar historical pattern: Price Outlier,"Check vendor price history, compare secondary source, and escalate material moves.",False,44.0,"Price Outlier in Pricing from Murex is ranked Medium because the item is 19 days old, has a break amount of 714.63, and carries confidence 0.924.",0.6455,True,Large price/return move,High
EXC0000478,Price Outlier,Pricing,Aladdin,EMEA,Corporate Bond,1,0,1013.91,4.6,0,0,19,Low,Price Outlier pattern detected from source controls,Pricing Control,72,Resolved,2026-05-16,Within SLA,17,0,Price Outlier,0.722,Pricing Control,Most similar historical pattern: Price Outlier,"Check vendor price history, compare secondary source, and escalate material moves.",False,17.3,"Price Outlier in Pricing from Aladdin is ranked Low because the item is 0 days old, has a break amount of 1013.91, and carries confidence 0.722.",0.2724,False,Multi-factor isolation signal,Low
EXC0000479,Trade Match Break,Trades,Aladdin,Americas,Government Bond,0,9,42543.98,0.65,0,0,4,High,Trade Match Break pattern detected from source controls,Trade Support,24,Resolved,2026-04-10,Breached,27,0,Trade Match Break,0.932,Trade Support,Most similar historical pattern: Trade Match Break,Review counterparty economic fields and run fuzzy security/client match.,False,56.4,"Trade Match Break in Trades from Aladdin is ranked High because the item is 9 days old, has a break amount of 42543.98, and carries confidence 0.932.",0.1464,False,Multi-factor isolation signal,High
EXC0000480,Missing Client Mapping,Client Data,ABOR,APAC,Corporate Bond,3,11,2337.41,2.36,0,0,8,Medium,Missing Client Mapping pattern detected from source controls,Client Data Ops,48,Resolved,2026-03-27,Breached,18,0,Missing Client Mapping,0.971,Client Data Ops,Most similar historical pattern: Missing Client Mapping,Route to client-data operations to complete portfolio and account mapping.,False,43.7,"Missing Client Mapping in Client Data from ABOR is ranked Medium because the item is 11 days old, has a break amount of 2337.41, and carries confidence 0.971.",0.023,False,Multi-factor isolation signal,Medium
EXC0000481,Invalid Currency,Reference Data,Murex,Americas,Derivative,0,0,5490.3,0.81,0,1,0,Medium,Invalid Currency pattern detected from source controls,Reference Data Ops,48,Escalated,2026-04-30,Within SLA,12,0,Invalid Currency,0.815,Reference Data Ops,Most similar historical pattern: Invalid Currency,"Validate security currency, trade currency, and portfolio base currency mapping.",False,25.3,"Invalid Currency in Reference Data from Murex is ranked Medium because the item is 0 days old, has a break amount of 5490.3, and carries confidence 0.815.",0.3215,False,Multi-factor isolation signal,Medium
EXC0000482,Unknown / Needs SME Review,Reference Data,Bloomberg,APAC,Derivative,1,1,1983.44,0.82,0,0,1,Low,Unknown / Needs SME Review pattern detected from source controls,Reference Data Ops,72,Resolved,2026-04-01,Within SLA,12,0,Unknown / Needs SME Review,0.632,Reference Data Ops,Most similar historical pattern: Unknown / Needs SME Review,Send to SME review with source evidence and model explanation.,True,18.1,"Unknown / Needs SME Review in Reference Data from Bloomberg is ranked Low because the item is 1 days old, has a break amount of 1983.44, and carries confidence 0.632.",0.1996,False,Multi-factor isolation signal,Low
EXC0000483,Missing Reference Data,Reference Data,Aladdin,Americas,Corporate Bond,4,12,1685.52,-0.26,0,0,18,Medium,Missing Reference Data pattern detected from source controls,Reference Data Ops,48,Resolved,2026-04-20,Breached,22,0,Missing Reference Data,0.903,Reference Data Ops,Most similar historical pattern: Missing Reference Data,"Validate security master fields, enrich ISIN/ticker, and rerun downstream load.",False,44.5,"Missing Reference Data in Reference Data from Aladdin is ranked Medium because the item is 12 days old, has a break amount of 1685.52, and carries confidence 0.903.",0.0202,False,Multi-factor isolation signal,Medium
EXC0000484,Missing Client Mapping,Client Data,Murex,APAC,Government Bond,1,16,2316.89,4.22,0,0,14,Medium,Missing Client Mapping pattern detected from source controls,Client Data Ops,48,Open,2026-05-02,Breached,12,0,Missing Client Mapping,0.933,Client Data Ops,Most similar historical pattern: Missing Client Mapping,Route to client-data operations to complete portfolio and account mapping.,False,43.8,"Missing Client Mapping in Client Data from Murex is ranked Medium because the item is 16 days old, has a break amount of 2316.89, and carries confidence 0.933.",0.0481,False,Aging unresolved item,Medium
EXC0000485,Stale Price,Pricing,ABOR,Americas,Government Bond,1,4,1594.55,3.15,0,0,35,Low,Stale Price pattern detected from source controls,Pricing Control,72,Open,2026-04-07,Breached,23,0,Stale Price,0.919,Pricing Control,Most similar historical pattern: Stale Price,"Check vendor price history, compare secondary source, and escalate material moves.",False,35.6,"Stale Price in Pricing from ABOR is ranked Low because the item is 4 days old, has a break amount of 1594.55, and carries confidence 0.919.",0.232,False,Multi-factor isolation signal,Low
EXC0000486,Position Reconciliation Break,Positions,IBOR,EMEA,Corporate Bond,1,19,158125.25,3.06,0,0,16,Critical,Position Reconciliation Break pattern detected from source controls,Reconciliation,8,Open,2026-05-19,Breached,27,1,Position Reconciliation Break,0.847,Reconciliation,Most similar historical pattern: Position Reconciliation Break,"Compare IBOR, ABOR, and custodian balances; prioritize material value gaps.",False,75.3,"Position Reconciliation Break in Positions from IBOR is ranked Critical because the item is 19 days old, has a break amount of 158125.25, and carries confidence 0.847.",0.4669,True,High-value reconciliation break,Critical
EXC0000487,Stale Price,Pricing,ABOR,Americas,Equity,1,5,6079.8,-0.45,0,0,59,Medium,Stale Price pattern detected from source controls,Pricing Control,48,Escalated,2026-03-25,Breached,23,0,Stale Price,0.946,Pricing Control,Most similar historical pattern: Stale Price,"Check vendor price history, compare secondary source, and escalate material moves.",False,44.4,"Stale Price in Pricing from ABOR is ranked Medium because the item is 5 days old, has a break amount of 6079.8, and carries confidence 0.946.",0.3651,False,Late source refresh,Medium
EXC0000488,Performance Return Outlier,Positions,Murex,APAC,Corporate Bond,0,1,37588.41,18.6,0,0,12,Medium,Performance Return Outlier pattern detected from source controls,Reconciliation,48,Open,2026-03-21,Within SLA,10,0,Performance Return Outlier,0.864,Reconciliation,Most similar historical pattern: Performance Return Outlier,"Check vendor price history, compare secondary source, and escalate material moves.",False,27.3,"Performance Return Outlier in Positions from Murex is ranked Medium because the item is 1 days old, has a break amount of 37588.41, and carries confidence 0.864.",0.5452,True,Large price/return move,Medium
EXC0000489,Position Reconciliation Break,Positions,IBOR,EMEA,Government Bond,0,9,18962.66,2.69,0,0,6,High,Position Reconciliation Break pattern detected from source controls,Reconciliation,24,Open,2026-03-29,Breached,27,0,Position Reconciliation Break,0.92,Reconciliation,Most similar historical pattern: Position Reconciliation Break,"Compare IBOR, ABOR, and custodian balances; prioritize material value gaps.",False,54.6,"Position Reconciliation Break in Positions from IBOR is ranked High because the item is 9 days old, has a break amount of 18962.66, and carries confidence 0.92.",0.091,False,Multi-factor isolation signal,High
EXC0000490,Position Reconciliation Break,Positions,Aladdin,EMEA,Corporate Bond,1,2,52057.82,0.03,0,0,14,High,Position Reconciliation Break pattern detected from source controls,Reconciliation,24,Resolved,2026-03-28,Breached,20,1,Position Reconciliation Break,0.85,Reconciliation,Most similar historical pattern: Position Reconciliation Break,"Compare IBOR, ABOR, and custodian balances; prioritize material value gaps.",False,57.7,"Position Reconciliation Break in Positions from Aladdin is ranked High because the item is 2 days old, has a break amount of 52057.82, and carries confidence 0.85.",0.2338,False,Multi-factor isolation signal,High
EXC0000491,Price Outlier,Pricing,ABOR,Americas,Corporate Bond,0,9,4957.58,18.3,0,0,18,Medium,Price Outlier pattern detected from source controls,Pricing Control,48,Resolved,2026-03-26,Breached,19,0,Price Outlier,0.97,Pricing Control,Most similar historical pattern: Price Outlier,"Check vendor price history, compare secondary source, and escalate material moves.",False,44.0,"Price Outlier in Pricing from ABOR is ranked Medium because the item is 9 days old, has a break amount of 4957.58, and carries confidence 0.97.",0.3557,False,Large price/return move,Medium
EXC0000492,Trade Match Break,Trades,Aladdin,Americas,Government Bond,1,0,24315.01,2.22,0,0,4,Medium,Trade Match Break pattern detected from source controls,Trade Support,48,Open,2026-04-23,Within SLA,27,0,Trade Match Break,0.917,Trade Support,Most similar historical pattern: Trade Match Break,Review counterparty economic fields and run fuzzy security/client match.,False,26.4,"Trade Match Break in Trades from Aladdin is ranked Medium because the item is 0 days old, has a break amount of 24315.01, and carries confidence 0.917.",0.2881,False,Multi-factor isolation signal,Medium
EXC0000493,Missing Reference Data,Reference Data,Aladdin,APAC,Equity,2,18,1707.0,-1.77,0,0,19,Medium,Missing Reference Data pattern detected from source controls,Reference Data Ops,48,Resolved,2026-05-17,Breached,22,0,Missing Reference Data,0.881,Reference Data Ops,Most similar historical pattern: Missing Reference Data,"Validate security master fields, enrich ISIN/ticker, and rerun downstream load.",False,44.7,"Missing Reference Data in Reference Data from Aladdin is ranked Medium because the item is 18 days old, has a break amount of 1707.0, and carries confidence 0.881.",0.1711,False,Aging unresolved item,Medium
EXC0000494,Invalid Currency,Reference Data,Refinitiv,Americas,ETF,1,14,3967.93,0.98,0,1,10,High,Invalid Currency pattern detected from source controls,Reference Data Ops,24,Resolved,2026-04-16,Breached,9,0,Invalid Currency,0.925,Reference Data Ops,Most similar historical pattern: Invalid Currency,"Validate security currency, trade currency, and portfolio base currency mapping.",False,52.7,"Invalid Currency in Reference Data from Refinitiv is ranked High because the item is 14 days old, has a break amount of 3967.93, and carries confidence 0.925.",0.0282,False,Aging unresolved item,High
EXC0000495,Position Reconciliation Break,Positions,Bloomberg,Americas,ETF,1,0,72211.62,3.73,0,0,15,High,Position Reconciliation Break pattern detected from source controls,Reconciliation,24,Resolved,2026-04-24,Within SLA,32,1,Position Reconciliation Break,0.737,Reconciliation,Most similar historical pattern: Position Reconciliation Break,"Compare IBOR, ABOR, and custodian balances; prioritize material value gaps.",False,40.9,"Position Reconciliation Break in Positions from Bloomberg is ranked High because the item is 0 days old, has a break amount of 72211.62, and carries confidence 0.737.",0.4212,False,High-value reconciliation break,High
EXC0000496,Missing Reference Data,Reference Data,Custodian,EMEA,Derivative,4,20,3620.28,1.86,0,0,7,High,Missing Reference Data pattern detected from source controls,Reference Data Ops,24,Resolved,2026-04-02,Breached,20,0,Missing Reference Data,0.873,Reference Data Ops,Most similar historical pattern: Missing Reference Data,"Validate security master fields, enrich ISIN/ticker, and rerun downstream load.",False,53.6,"Missing Reference Data in Reference Data from Custodian is ranked High because the item is 20 days old, has a break amount of 3620.28, and carries confidence 0.873.",0.1311,False,Aging unresolved item,High
EXC0000497,Missing Reference Data,Reference Data,Bloomberg,EMEA,Equity,1,6,350.98,-1.12,0,0,13,Low,Missing Reference Data pattern detected from source controls,Reference Data Ops,72,Resolved,2026-04-01,Breached,18,0,Unknown / Needs SME Review,0.478,Reference Data Ops,Most similar historical pattern: Unknown / Needs SME Review,Send to SME review with source evidence and model explanation.,True,39.7,"Unknown / Needs SME Review in Reference Data from Bloomberg is ranked Low because the item is 6 days old, has a break amount of 350.98, and carries confidence 0.478.",0.0804,False,Multi-factor isolation signal,Low
EXC0000498,Price Outlier,Pricing,ABOR,Americas,ETF,0,11,754.8,16.3,0,0,11,Low,Price Outlier pattern detected from source controls,Pricing Control,72,Open,2026-03-31,Breached,19,0,Price Outlier,0.917,Pricing Control,Most similar historical pattern: Price Outlier,"Check vendor price history, compare secondary source, and escalate material moves.",False,35.4,"Price Outlier in Pricing from ABOR is ranked Low because the item is 11 days old, has a break amount of 754.8, and carries confidence 0.917.",0.2871,False,Large price/return move,Low
EXC0000499,Position Reconciliation Break,Positions,Murex,APAC,Equity,0,13,48843.11,-0.0,0,0,6,High,Position Reconciliation Break pattern detected from source controls,Reconciliation,24,Open,2026-04-01,Breached,23,1,Position Reconciliation Break,0.843,Reconciliation,Most similar historical pattern: Position Reconciliation Break,"Compare IBOR, ABOR, and custodian balances; prioritize material value gaps.",False,57.6,"Position Reconciliation Break in Positions from Murex is ranked High because the item is 13 days old, has a break amount of 48843.11, and carries confidence 0.843.",0.1725,False,Aging unresolved item,High
EXC0000500,Price Outlier,Pricing,Murex,Americas,ETF,0,8,12428.06,20.04,0,0,0,Medium,Price Outlier pattern detected from source controls,Pricing Control,48,Resolved,2026-03-30,Breached,17,0,Price Outlier,0.779,Pricing Control,Most similar historical pattern: Price Outlier,"Check vendor price history, compare secondary source, and escalate material moves.",False,46.4,"Price Outlier in Pricing from Murex is ranked Medium because the item is 8 days old, has a break amount of 12428.06, and carries confidence 0.779.",0.482,True,Large price/return move,Medium
EXC0000501,Stale Price,Pricing,Refinitiv,EMEA,Corporate Bond,0,13,2031.19,2.77,0,0,53,Medium,Stale Price pattern detected from source controls,Pricing Control,48,Resolved,2026-04-24,Breached,21,0,Stale Price,0.95,Pricing Control,Most similar historical pattern: Stale Price,"Check vendor price history, compare secondary source, and escalate material moves.",False,44.0,"Stale Price in Pricing from Refinitiv is ranked Medium because the item is 13 days old, has a break amount of 2031.19, and carries confidence 0.95.",0.2554,False,Late source refresh,Medium
EXC0000502,Missing Reference Data,Reference Data,Custodian,APAC,Derivative,1,3,2066.09,0.63,0,0,13,Low,Missing Reference Data pattern detected from source controls,Reference Data Ops,72,Resolved,2026-04-11,Within SLA,20,0,Unknown / Needs SME Review,0.526,Reference Data Ops,Most similar historical pattern: Unknown / Needs SME Review,Send to SME review with source evidence and model explanation.,True,19.5,"Unknown / Needs SME Review in Reference Data from Custodian is ranked Low because the item is 3 days old, has a break amount of 2066.09, and carries confidence 0.526.",0.0645,False,Multi-factor isolation signal,Low
EXC0000503,Price Outlier,Pricing,Aladdin,Americas,Equity,1,6,4528.65,21.5,0,0,9,Medium,Price Outlier pattern detected from source controls,Pricing Control,48,Resolved,2026-05-02,Breached,17,0,Price Outlier,0.959,Pricing Control,Most similar historical pattern: Price Outlier,"Check vendor price history, compare secondary source, and escalate material moves.",False,44.0,"Price Outlier in Pricing from Aladdin is ranked Medium because the item is 6 days old, has a break amount of 4528.65, and carries confidence 0.959.",0.4046,False,Large price/return move,Medium
EXC0000504,Duplicate Record,Trades,Murex,APAC,Derivative,1,14,18595.92,-0.62,1,0,10,High,Duplicate Record pattern detected from source controls,Trade Support,24,Resolved,2026-04-13,Breached,22,0,Duplicate Record,0.927,Trade Support,Most similar historical pattern: Duplicate Record,Confirm duplicate key collision and suppress or merge after control approval.,False,54.3,"Duplicate Record in Trades from Murex is ranked High because the item is 14 days old, has a break amount of 18595.92, and carries confidence 0.927.",0.0631,False,Aging unresolved item,High
EXC0000505,Invalid Currency,Reference Data,Bloomberg,Americas,ETF,0,3,159.71,7.97,0,1,12,Low,Invalid Currency pattern detected from source controls,Reference Data Ops,72,Escalated,2026-04-17,Within SLA,17,0,Invalid Currency,0.723,Reference Data Ops,Most similar historical pattern: Invalid Currency,"Validate security currency, trade currency, and portfolio base currency mapping.",False,17.2,"Invalid Currency in Reference Data from Bloomberg is ranked Low because the item is 3 days old, has a break amount of 159.71, and carries confidence 0.723.",0.1906,False,Multi-factor isolation signal,Low
EXC0000506,Price Outlier,Pricing,SimCorp,Americas,Equity,1,6,7237.86,9.75,0,0,0,Medium,Price Outlier pattern detected from source controls,Pricing Control,48,Resolved,2026-05-17,Breached,12,0,Price Outlier,0.893,Pricing Control,Most similar historical pattern: Price Outlier,"Check vendor price history, compare secondary source, and escalate material moves.",False,44.6,"Price Outlier in Pricing from SimCorp is ranked Medium because the item is 6 days old, has a break amount of 7237.86, and carries confidence 0.893.",0.2904,False,Multi-factor isolation signal,Medium
EXC0000507,Trade Match Break,Trades,ABOR,Americas,Corporate Bond,0,6,41610.35,-2.9,0,0,3,High,Trade Match Break pattern detected from source controls,Trade Support,24,Escalated,2026-04-05,Breached,28,0,Trade Match Break,0.933,Trade Support,Most similar historical pattern: Trade Match Break,Review counterparty economic fields and run fuzzy security/client match.,False,56.4,"Trade Match Break in Trades from ABOR is ranked High because the item is 6 days old, has a break amount of 41610.35, and carries confidence 0.933.",0.2525,False,Multi-factor isolation signal,High
EXC0000508,Duplicate Record,Trades,Murex,Americas,Government Bond,1,2,48659.16,4.26,1,0,19,High,Duplicate Record pattern detected from source controls,Trade Support,24,Resolved,2026-04-09,Breached,22,1,Duplicate Record,0.923,Trade Support,Most similar historical pattern: Duplicate Record,Confirm duplicate key collision and suppress or merge after control approval.,False,56.8,"Duplicate Record in Trades from Murex is ranked High because the item is 2 days old, has a break amount of 48659.16, and carries confidence 0.923.",0.2679,False,Multi-factor isolation signal,High
EXC0000509,Trade Match Break,Trades,Murex,Americas,ETF,0,19,246489.68,3.72,0,0,0,Critical,Trade Match Break pattern detected from source controls,Trade Support,8,Open,2026-04-08,Breached,20,1,Trade Match Break,0.854,Trade Support,Most similar historical pattern: Trade Match Break,Review counterparty economic fields and run fuzzy security/client match.,False,82.0,"Trade Match Break in Trades from Murex is ranked Critical because the item is 19 days old, has a break amount of 246489.68, and carries confidence 0.854.",0.7185,True,High-value reconciliation break,High
EXC0000510,Unknown / Needs SME Review,Reference Data,Aladdin,APAC,ETF,1,21,4195.25,2.4,0,0,2,High,Unknown / Needs SME Review pattern detected from source controls,Reference Data Ops,24,Resolved,2026-05-06,Breached,9,0,Unknown / Needs SME Review,0.782,Reference Data Ops,Most similar historical pattern: Unknown / Needs SME Review,Send to SME review with source evidence and model explanation.,True,54.1,"Unknown / Needs SME Review in Reference Data from Aladdin is ranked High because the item is 21 days old, has a break amount of 4195.25, and carries confidence 0.782.",0.2418,False,Aging unresolved item,High
EXC0000511,Invalid Currency,Reference Data,Murex,EMEA,Government Bond,1,5,1630.41,-3.48,0,1,19,Low,Invalid Currency pattern detected from source controls,Reference Data Ops,72,Open,2026-05-04,Breached,12,0,Invalid Currency,0.84,Reference Data Ops,Most similar historical pattern: Invalid Currency,"Validate security currency, trade currency, and portfolio base currency mapping.",False,36.0,"Invalid Currency in Reference Data from Murex is ranked Low because the item is 5 days old, has a break amount of 1630.41, and carries confidence 0.84.",0.1985,False,Multi-factor isolation signal,Low
EXC0000512,Position Reconciliation Break,Positions,Refinitiv,APAC,ETF,1,18,23099.78,2.85,0,0,15,High,Position Reconciliation Break pattern detected from source controls,Reconciliation,24,Escalated,2026-05-17,Breached,17,0,Position Reconciliation Break,0.716,Reconciliation,Most similar historical pattern: Position Reconciliation Break,"Compare IBOR, ABOR, and custodian balances; prioritize material value gaps.",True,56.6,"Position Reconciliation Break in Positions from Refinitiv is ranked High because the item is 18 days old, has a break amount of 23099.78, and carries confidence 0.716.",0.1307,False,Aging unresolved item,High
EXC0000513,Position Reconciliation Break,Positions,SimCorp,EMEA,Corporate Bond,0,10,11227.6,-0.95,0,0,12,High,Position Reconciliation Break pattern detected from source controls,Reconciliation,24,Escalated,2026-05-19,Breached,16,0,Position Reconciliation Break,0.852,Reconciliation,Most similar historical pattern: Position Reconciliation Break,"Compare IBOR, ABOR, and custodian balances; prioritize material value gaps.",False,54.3,"Position Reconciliation Break in Positions from SimCorp is ranked High because the item is 10 days old, has a break amount of 11227.6, and carries confidence 0.852.",0.0497,False,Multi-factor isolation signal,High
EXC0000514,Position Reconciliation Break,Positions,SimCorp,APAC,Corporate Bond,1,5,4793.79,1.25,0,0,18,Medium,Position Reconciliation Break pattern detected from source controls,Reconciliation,48,Escalated,2026-04-06,Breached,16,0,Position Reconciliation Break,0.597,Reconciliation,Most similar historical pattern: Position Reconciliation Break,"Compare IBOR, ABOR, and custodian balances; prioritize material value gaps.",True,47.6,"Position Reconciliation Break in Positions from SimCorp is ranked Medium because the item is 5 days old, has a break amount of 4793.79, and carries confidence 0.597.",0.0609,False,Multi-factor isolation signal,Medium
EXC0000515,Price Outlier,Pricing,IBOR,EMEA,Equity,0,20,2734.68,11.72,0,0,13,High,Price Outlier pattern detected from source controls,Pricing Control,24,Resolved,2026-03-27,Breached,12,0,Price Outlier,0.936,Pricing Control,Most similar historical pattern: Price Outlier,"Check vendor price history, compare secondary source, and escalate material moves.",False,52.6,"Price Outlier in Pricing from IBOR is ranked High because the item is 20 days old, has a break amount of 2734.68, and carries confidence 0.936.",0.3066,False,Aging unresolved item,High
EXC0000516,Missing Reference Data,Reference Data,ABOR,Americas,ETF,1,2,680.2,2.77,0,0,1,Low,Missing Reference Data pattern detected from source controls,Reference Data Ops,72,Resolved,2026-04-26,Within SLA,25,0,Unknown / Needs SME Review,0.483,Reference Data Ops,Most similar historical pattern: Unknown / Needs SME Review,Send to SME review with source evidence and model explanation.,True,20.0,"Unknown / Needs SME Review in Reference Data from ABOR is ranked Low because the item is 2 days old, has a break amount of 680.2, and carries confidence 0.483.",0.1436,False,Multi-factor isolation signal,Low
EXC0000517,Delayed Source Load,Source Control,Refinitiv,APAC,ETF,0,2,6314.31,-0.13,0,0,30,Medium,Delayed Source Load pattern detected from source controls,Source Systems,48,Escalated,2026-04-23,Within SLA,14,0,Delayed Source Load,0.936,Source Systems,Most similar historical pattern: Delayed Source Load,Check source-system batch status and notify technology owner if SLA breached.,False,24.2,"Delayed Source Load in Source Control from Refinitiv is ranked Medium because the item is 2 days old, has a break amount of 6314.31, and carries confidence 0.936.",0.2694,False,Multi-factor isolation signal,Medium
EXC0000518,Performance Return Outlier,Positions,Custodian,APAC,Derivative,1,9,55859.31,10.1,0,0,17,High,Performance Return Outlier pattern detected from source controls,Reconciliation,24,Escalated,2026-04-26,Breached,7,1,Performance Return Outlier,0.823,Reconciliation,Most similar historical pattern: Performance Return Outlier,"Check vendor price history, compare secondary source, and escalate material moves.",False,57.8,"Performance Return Outlier in Positions from Custodian is ranked High because the item is 9 days old, has a break amount of 55859.31, and carries confidence 0.823.",0.3542,False,Multi-factor isolation signal,High
EXC0000519,Unknown / Needs SME Review,Reference Data,IBOR,APAC,Government Bond,1,19,1043.71,3.53,0,0,8,Medium,Unknown / Needs SME Review pattern detected from source controls,Reference Data Ops,48,Resolved,2026-03-31,Breached,12,0,Unknown / Needs SME Review,0.761,Reference Data Ops,Most similar historical pattern: Unknown / Needs SME Review,Send to SME review with source evidence and model explanation.,True,45.5,"Unknown / Needs SME Review in Reference Data from IBOR is ranked Medium because the item is 19 days old, has a break amount of 1043.71, and carries confidence 0.761.",0.1104,False,Aging unresolved item,Medium
EXC0000520,Trade Match Break,Trades,Refinitiv,APAC,ETF,0,6,15765.6,-0.9,0,0,7,Medium,Trade Match Break pattern detected from source controls,Trade Support,48,Resolved,2026-03-30,Breached,15,0,Trade Match Break,0.89,Trade Support,Most similar historical pattern: Trade Match Break,Review counterparty economic fields and run fuzzy security/client match.,False,45.5,"Trade Match Break in Trades from Refinitiv is ranked Medium because the item is 6 days old, has a break amount of 15765.6, and carries confidence 0.89.",0.1005,False,Multi-factor isolation signal,Medium
EXC0000521,Unknown / Needs SME Review,Reference Data,ABOR,Americas,ETF,1,16,1366.28,0.3,0,0,5,Medium,Unknown / Needs SME Review pattern detected from source controls,Reference Data Ops,48,Resolved,2026-03-28,Breached,11,0,Unknown / Needs SME Review,0.648,Reference Data Ops,Most similar historical pattern: Unknown / Needs SME Review,Send to SME review with source evidence and model explanation.,True,46.6,"Unknown / Needs SME Review in Reference Data from ABOR is ranked Medium because the item is 16 days old, has a break amount of 1366.28, and carries confidence 0.648.",0.0548,False,Aging unresolved item,Medium
EXC0000522,Invalid Currency,Reference Data,Bloomberg,EMEA,Derivative,1,19,2097.5,-0.4,0,1,15,Medium,Invalid Currency pattern detected from source controls,Reference Data Ops,48,Resolved,2026-05-14,Breached,17,0,Invalid Currency,0.923,Reference Data Ops,Most similar historical pattern: Invalid Currency,"Validate security currency, trade currency, and portfolio base currency mapping.",False,44.1,"Invalid Currency in Reference Data from Bloomberg is ranked Medium because the item is 19 days old, has a break amount of 2097.5, and carries confidence 0.923.",0.1064,False,Aging unresolved item,Medium
EXC0000523,Trade Match Break,Trades,Bloomberg,APAC,Government Bond,1,10,10138.59,1.34,0,0,16,High,Trade Match Break pattern detected from source controls,Trade Support,24,Resolved,2026-03-24,Breached,40,0,Trade Match Break,0.889,Trade Support,Most similar historical pattern: Trade Match Break,Review counterparty economic fields and run fuzzy security/client match.,False,54.8,"Trade Match Break in Trades from Bloomberg is ranked High because the item is 10 days old, has a break amount of 10138.59, and carries confidence 0.889.",0.0304,False,Multi-factor isolation signal,High
EXC0000524,Performance Return Outlier,Positions,Refinitiv,APAC,ETF,1,2,66648.4,13.3,0,0,12,High,Performance Return Outlier pattern detected from source controls,Reconciliation,24,Escalated,2026-05-19,Breached,11,1,Performance Return Outlier,0.914,Reconciliation,Most similar historical pattern: Performance Return Outlier,"Check vendor price history, compare secondary source, and escalate material moves.",False,57.9,"Performance Return Outlier in Positions from Refinitiv is ranked High because the item is 2 days old, has a break amount of 66648.4, and carries confidence 0.914.",0.5024,True,Large price/return move,High
EXC0000525,Unknown / Needs SME Review,Reference Data,Custodian,Americas,Derivative,0,20,934.77,-3.13,0,0,9,Medium,Unknown / Needs SME Review pattern detected from source controls,Reference Data Ops,48,Resolved,2026-04-28,Breached,10,0,Unknown / Needs SME Review,0.72,Reference Data Ops,Most similar historical pattern: Unknown / Needs SME Review,Send to SME review with source evidence and model explanation.,True,45.8,"Unknown / Needs SME Review in Reference Data from Custodian is ranked Medium because the item is 20 days old, has a break amount of 934.77, and carries confidence 0.72.",0.2299,False,Aging unresolved item,Medium
EXC0000526,Position Reconciliation Break,Positions,Bloomberg,APAC,Government Bond,1,17,41637.24,-3.46,0,0,11,Critical,Position Reconciliation Break pattern detected from source controls,Reconciliation,8,Resolved,2026-05-02,Breached,32,0,Position Reconciliation Break,0.872,Reconciliation,Most similar historical pattern: Position Reconciliation Break,"Compare IBOR, ABOR, and custodian balances; prioritize material value gaps.",False,65.9,"Position Reconciliation Break in Positions from Bloomberg is ranked Critical because the item is 17 days old, has a break amount of 41637.24, and carries confidence 0.872.",0.2865,False,Aging unresolved item,Critical
EXC0000527,Missing Client Mapping,Client Data,Bloomberg,APAC,Government Bond,2,1,972.48,-0.58,0,0,7,Low,Missing Client Mapping pattern detected from source controls,Client Data Ops,72,Resolved,2026-04-10,Within SLA,18,0,Missing Client Mapping,0.966,Client Data Ops,Most similar historical pattern: Missing Client Mapping,Route to client-data operations to complete portfolio and account mapping.,False,14.9,"Missing Client Mapping in Client Data from Bloomberg is ranked Low because the item is 1 days old, has a break amount of 972.48, and carries confidence 0.966.",0.1676,False,Multi-factor isolation signal,Low
EXC0000528,Missing Client Mapping,Client Data,Bloomberg,EMEA,ETF,2,12,1197.94,4.88,0,0,7,Low,Missing Client Mapping pattern detected from source controls,Client Data Ops,72,Resolved,2026-05-04,Breached,18,0,Missing Client Mapping,0.976,Client Data Ops,Most similar historical pattern: Missing Client Mapping,Route to client-data operations to complete portfolio and account mapping.,False,34.8,"Missing Client Mapping in Client Data from Bloomberg is ranked Low because the item is 12 days old, has a break amount of 1197.94, and carries confidence 0.976.",0.052,False,Multi-factor isolation signal,Low
EXC0000529,Duplicate Record,Trades,Refinitiv,APAC,Derivative,0,18,51692.54,2.09,1,0,2,Critical,Duplicate Record pattern detected from source controls,Trade Support,8,Open,2026-04-14,Breached,12,1,Duplicate Record,0.93,Trade Support,Most similar historical pattern: Duplicate Record,Confirm duplicate key collision and suppress or merge after control approval.,False,65.3,"Duplicate Record in Trades from Refinitiv is ranked Critical because the item is 18 days old, has a break amount of 51692.54, and carries confidence 0.93.",0.2622,False,Aging unresolved item,Critical
EXC0000530,Trade Match Break,Trades,IBOR,Americas,Government Bond,1,12,15327.48,5.44,0,0,9,High,Trade Match Break pattern detected from source controls,Trade Support,24,Resolved,2026-03-27,Breached,21,0,Trade Match Break,0.916,Trade Support,Most similar historical pattern: Trade Match Break,Review counterparty economic fields and run fuzzy security/client match.,False,54.2,"Trade Match Break in Trades from IBOR is ranked High because the item is 12 days old, has a break amount of 15327.48, and carries confidence 0.916.",0.1059,False,Multi-factor isolation signal,High
EXC0000531,Stale Price,Pricing,Bloomberg,EMEA,Government Bond,1,4,1228.62,1.11,0,0,92,Low,Stale Price pattern detected from source controls,Pricing Control,72,Suppressed,2026-05-10,Breached,12,0,Stale Price,0.933,Pricing Control,Most similar historical pattern: Stale Price,"Check vendor price history, compare secondary source, and escalate material moves.",False,35.0,"Stale Price in Pricing from Bloomberg is ranked Low because the item is 4 days old, has a break amount of 1228.62, and carries confidence 0.933.",0.4735,True,Late source refresh,Low
EXC0000532,Unknown / Needs SME Review,Reference Data,IBOR,Americas,Corporate Bond,1,20,1823.74,-0.61,0,0,5,Medium,Unknown / Needs SME Review pattern detected from source controls,Reference Data Ops,48,Resolved,2026-03-28,Breached,12,0,Unknown / Needs SME Review,0.77,Reference Data Ops,Most similar historical pattern: Unknown / Needs SME Review,Send to SME review with source evidence and model explanation.,True,45.4,"Unknown / Needs SME Review in Reference Data from IBOR is ranked Medium because the item is 20 days old, has a break amount of 1823.74, and carries confidence 0.77.",0.1795,False,Aging unresolved item,Medium
EXC0000533,Missing Reference Data,Reference Data,Bloomberg,EMEA,Derivative,1,7,2306.4,-2.69,0,0,7,Medium,Missing Reference Data pattern detected from source controls,Reference Data Ops,48,Open,2026-04-23,Breached,18,0,Unknown / Needs SME Review,0.503,Reference Data Ops,Most similar historical pattern: Unknown / Needs SME Review,Send to SME review with source evidence and model explanation.,True,48.4,"Unknown / Needs SME Review in Reference Data from Bloomberg is ranked Medium because the item is 7 days old, has a break amount of 2306.4, and carries confidence 0.503.",0.1199,False,Multi-factor isolation signal,Medium
EXC0000534,Stale Price,Pricing,SimCorp,Americas,Equity,0,0,599.73,-0.57,0,0,85,Low,Stale Price pattern detected from source controls,Pricing Control,72,Resolved,2026-04-14,Within SLA,16,0,Stale Price,0.932,Pricing Control,Most similar historical pattern: Stale Price,"Check vendor price history, compare secondary source, and escalate material moves.",False,15.1,"Stale Price in Pricing from SimCorp is ranked Low because the item is 0 days old, has a break amount of 599.73, and carries confidence 0.932.",0.5874,True,Late source refresh,High
EXC0000535,Trade Match Break,Trades,Bloomberg,EMEA,Derivative,0,2,3485.95,-0.05,0,0,15,Low,Trade Match Break pattern detected from source controls,Trade Support,72,Open,2026-04-24,Within SLA,40,0,Trade Match Break,0.816,Trade Support,Most similar historical pattern: Trade Match Break,Review counterparty economic fields and run fuzzy security/client match.,False,17.5,"Trade Match Break in Trades from Bloomberg is ranked Low because the item is 2 days old, has a break amount of 3485.95, and carries confidence 0.816.",0.1044,False,Multi-factor isolation signal,Low
EXC0000536,Trade Match Break,Trades,ABOR,EMEA,Corporate Bond,1,10,19762.14,-4.56,0,0,16,High,Trade Match Break pattern detected from source controls,Trade Support,24,Open,2026-05-08,Breached,28,0,Trade Match Break,0.928,Trade Support,Most similar historical pattern: Trade Match Break,Review counterparty economic fields and run fuzzy security/client match.,False,54.7,"Trade Match Break in Trades from ABOR is ranked High because the item is 10 days old, has a break amount of 19762.14, and carries confidence 0.928.",0.2542,False,Multi-factor isolation signal,High
EXC0000537,Price Outlier,Pricing,Bloomberg,Americas,Corporate Bond,1,10,2139.63,19.93,0,0,16,Medium,Price Outlier pattern detected from source controls,Pricing Control,48,Resolved,2026-05-08,Breached,14,0,Price Outlier,0.983,Pricing Control,Most similar historical pattern: Price Outlier,"Check vendor price history, compare secondary source, and escalate material moves.",False,43.4,"Price Outlier in Pricing from Bloomberg is ranked Medium because the item is 10 days old, has a break amount of 2139.63, and carries confidence 0.983.",0.3431,False,Large price/return move,Medium
EXC0000538,Missing Reference Data,Reference Data,IBOR,EMEA,Corporate Bond,4,13,1625.15,-0.62,0,0,19,Medium,Missing Reference Data pattern detected from source controls,Reference Data Ops,48,Resolved,2026-05-17,Breached,25,0,Missing Reference Data,0.894,Reference Data Ops,Most similar historical pattern: Missing Reference Data,"Validate security master fields, enrich ISIN/ticker, and rerun downstream load.",False,44.7,"Missing Reference Data in Reference Data from IBOR is ranked Medium because the item is 13 days old, has a break amount of 1625.15, and carries confidence 0.894.",0.0548,False,Aging unresolved item,Medium
EXC0000539,Performance Return Outlier,Positions,Custodian,EMEA,ETF,0,3,200506.34,20.4,0,0,7,High,Performance Return Outlier pattern detected from source controls,Reconciliation,24,Open,2026-04-27,Breached,7,1,Performance Return Outlier,0.848,Reconciliation,Most similar historical pattern: Performance Return Outlier,"Check vendor price history, compare secondary source, and escalate material moves.",False,69.1,"Performance Return Outlier in Positions from Custodian is ranked High because the item is 3 days old, has a break amount of 200506.34, and carries confidence 0.848.",0.7744,True,Large price/return move,High
EXC0000540,Position Reconciliation Break,Positions,IBOR,APAC,Corporate Bond,0,2,3863.48,1.39,0,0,17,Medium,Position Reconciliation Break pattern detected from source controls,Reconciliation,48,Resolved,2026-05-14,Within SLA,27,0,Position Reconciliation Break,0.569,Reconciliation,Most similar historical pattern: Position Reconciliation Break,"Compare IBOR, ABOR, and custodian balances; prioritize material value gaps.",True,28.2,"Position Reconciliation Break in Positions from IBOR is ranked Medium because the item is 2 days old, has a break amount of 3863.48, and carries confidence 0.569.",0.1012,False,Multi-factor isolation signal,Medium
EXC0000541,Unknown / Needs SME Review,Reference Data,Custodian,APAC,Equity,1,5,1951.91,2.3,0,0,8,Low,Unknown / Needs SME Review pattern detected from source controls,Reference Data Ops,72,Resolved,2026-04-23,Breached,10,0,Unknown / Needs SME Review,0.712,Reference Data Ops,Most similar historical pattern: Unknown / Needs SME Review,Send to SME review with source evidence and model explanation.,True,37.2,"Unknown / Needs SME Review in Reference Data from Custodian is ranked Low because the item is 5 days old, has a break amount of 1951.91, and carries confidence 0.712.",0.0584,False,Multi-factor isolation signal,Low
EXC0000542,Delayed Source Load,Source Control,Murex,Americas,Government Bond,1,1,703.35,-2.56,0,0,79,Low,Delayed Source Load pattern detected from source controls,Source Systems,72,Resolved,2026-04-21,Within SLA,7,0,Delayed Source Load,0.932,Source Systems,Most similar historical pattern: Delayed Source Load,Check source-system batch status and notify technology owner if SLA breached.,False,14.8,"Delayed Source Load in Source Control from Murex is ranked Low because the item is 1 days old, has a break amount of 703.35, and carries confidence 0.932.",0.559,True,Late source refresh,High
EXC0000543,Position Reconciliation Break,Positions,Murex,EMEA,Derivative,1,1,90950.72,-1.34,0,0,19,High,Position Reconciliation Break pattern detected from source controls,Reconciliation,24,Open,2026-04-02,Within SLA,23,1,Position Reconciliation Break,0.784,Reconciliation,Most similar historical pattern: Position Reconciliation Break,"Compare IBOR, ABOR, and custodian balances; prioritize material value gaps.",False,41.6,"Position Reconciliation Break in Positions from Murex is ranked High because the item is 1 days old, has a break amount of 90950.72, and carries confidence 0.784.",0.4532,False,High-value reconciliation break,High
EXC0000544,Trade Match Break,Trades,Bloomberg,APAC,Derivative,1,14,69737.66,3.81,0,0,15,Critical,Trade Match Break pattern detected from source controls,Trade Support,8,Resolved,2026-04-06,Breached,40,1,Trade Match Break,0.895,Trade Support,Most similar historical pattern: Trade Match Break,Review counterparty economic fields and run fuzzy security/client match.,False,68.2,"Trade Match Break in Trades from Bloomberg is ranked Critical because the item is 14 days old, has a break amount of 69737.66, and carries confidence 0.895.",0.2114,False,High-value reconciliation break,Critical
EXC0000545,Price Outlier,Pricing,Refinitiv,Americas,Corporate Bond,0,6,1907.15,4.82,0,0,7,Low,Price Outlier pattern detected from source controls,Pricing Control,72,Open,2026-03-29,Breached,13,0,Price Outlier,0.768,Pricing Control,Most similar historical pattern: Price Outlier,"Check vendor price history, compare secondary source, and escalate material moves.",False,36.7,"Price Outlier in Pricing from Refinitiv is ranked Low because the item is 6 days old, has a break amount of 1907.15, and carries confidence 0.768.",0.0759,False,Multi-factor isolation signal,Low
EXC0000546,Unknown / Needs SME Review,Reference Data,Bloomberg,APAC,ETF,1,3,4592.42,3.62,0,0,7,Medium,Unknown / Needs SME Review pattern detected from source controls,Reference Data Ops,48,Escalated,2026-05-18,Breached,12,0,Unknown / Needs SME Review,0.661,Reference Data Ops,Most similar historical pattern: Unknown / Needs SME Review,Send to SME review with source evidence and model explanation.,True,46.7,"Unknown / Needs SME Review in Reference Data from Bloomberg is ranked Medium because the item is 3 days old, has a break amount of 4592.42, and carries confidence 0.661.",0.082,False,Multi-factor isolation signal,Medium
EXC0000547,Duplicate Record,Trades,IBOR,EMEA,Government Bond,1,3,10954.84,1.15,1,0,12,Medium,Duplicate Record pattern detected from source controls,Trade Support,48,Open,2026-04-06,Breached,13,0,Duplicate Record,0.909,Trade Support,Most similar historical pattern: Duplicate Record,Confirm duplicate key collision and suppress or merge after control approval.,False,44.8,"Duplicate Record in Trades from IBOR is ranked Medium because the item is 3 days old, has a break amount of 10954.84, and carries confidence 0.909.",0.1033,False,Multi-factor isolation signal,Medium
EXC0000548,Delayed Source Load,Source Control,Refinitiv,Americas,Corporate Bond,0,17,2185.46,1.97,0,0,75,Medium,Delayed Source Load pattern detected from source controls,Source Systems,48,Resolved,2026-05-03,Breached,14,0,Delayed Source Load,0.973,Source Systems,Most similar historical pattern: Delayed Source Load,Check source-system batch status and notify technology owner if SLA breached.,False,43.5,"Delayed Source Load in Source Control from Refinitiv is ranked Medium because the item is 17 days old, has a break amount of 2185.46, and carries confidence 0.973.",0.3802,False,Late source refresh,Medium
EXC0000549,Unknown / Needs SME Review,Reference Data,Murex,EMEA,Equity,1,15,313.25,2.82,0,0,2,Low,Unknown / Needs SME Review pattern detected from source controls,Reference Data Ops,72,Resolved,2026-04-01,Breached,14,0,Unknown / Needs SME Review,0.698,Reference Data Ops,Most similar historical pattern: Unknown / Needs SME Review,Send to SME review with source evidence and model explanation.,True,37.4,"Unknown / Needs SME Review in Reference Data from Murex is ranked Low because the item is 15 days old, has a break amount of 313.25, and carries confidence 0.698.",0.0477,False,Aging unresolved item,Low
EXC0000550,Price Outlier,Pricing,IBOR,Americas,Equity,0,0,370.39,18.48,0,0,5,Low,Price Outlier pattern detected from source controls,Pricing Control,72,Resolved,2026-03-26,Within SLA,12,0,Price Outlier,0.862,Pricing Control,Most similar historical pattern: Price Outlier,"Check vendor price history, compare secondary source, and escalate material moves.",False,15.6,"Price Outlier in Pricing from IBOR is ranked Low because the item is 0 days old, has a break amount of 370.39, and carries confidence 0.862.",0.496,True,Large price/return move,Low
EXC0000551,Performance Return Outlier,Positions,Refinitiv,EMEA,Derivative,1,14,33733.43,-0.39,0,0,8,High,Performance Return Outlier pattern detected from source controls,Reconciliation,24,Resolved,2026-05-14,Breached,11,0,Position Reconciliation Break,0.558,Reconciliation,Most similar historical pattern: Position Reconciliation Break,"Compare IBOR, ABOR, and custodian balances; prioritize material value gaps.",True,58.8,"Position Reconciliation Break in Positions from Refinitiv is ranked High because the item is 14 days old, has a break amount of 33733.43, and carries confidence 0.558.",0.1044,False,Aging unresolved item,High
EXC0000552,Missing Client Mapping,Client Data,Bloomberg,Americas,Derivative,3,13,2103.95,-0.2,0,0,16,Medium,Missing Client Mapping pattern detected from source controls,Client Data Ops,48,Resolved,2026-04-19,Breached,18,0,Missing Client Mapping,0.966,Client Data Ops,Most similar historical pattern: Missing Client Mapping,Route to client-data operations to complete portfolio and account mapping.,False,43.7,"Missing Client Mapping in Client Data from Bloomberg is ranked Medium because the item is 13 days old, has a break amount of 2103.95, and carries confidence 0.966.",0.0321,False,Aging unresolved item,Medium
EXC0000553,Position Reconciliation Break,Positions,ABOR,Americas,Derivative,0,14,6312.85,1.31,0,0,4,High,Position Reconciliation Break pattern detected from source controls,Reconciliation,24,Resolved,2026-04-16,Breached,21,0,Position Reconciliation Break,0.766,Reconciliation,Most similar historical pattern: Position Reconciliation Break,"Compare IBOR, ABOR, and custodian balances; prioritize material value gaps.",False,54.9,"Position Reconciliation Break in Positions from ABOR is ranked High because the item is 14 days old, has a break amount of 6312.85, and carries confidence 0.766.",0.045,False,Aging unresolved item,High
EXC0000554,Unknown / Needs SME Review,Reference Data,ABOR,APAC,Derivative,1,17,3432.09,2.94,0,0,9,High,Unknown / Needs SME Review pattern detected from source controls,Reference Data Ops,24,Escalated,2026-05-03,Breached,11,0,Unknown / Needs SME Review,0.766,Reference Data Ops,Most similar historical pattern: Unknown / Needs SME Review,Send to SME review with source evidence and model explanation.,True,54.3,"Unknown / Needs SME Review in Reference Data from ABOR is ranked High because the item is 17 days old, has a break amount of 3432.09, and carries confidence 0.766.",0.0521,False,Aging unresolved item,High
EXC0000555,Duplicate Record,Trades,Murex,APAC,Government Bond,1,14,9831.27,0.48,1,0,4,High,Duplicate Record pattern detected from source controls,Trade Support,24,Open,2026-05-04,Breached,22,0,Duplicate Record,0.917,Trade Support,Most similar historical pattern: Duplicate Record,Confirm duplicate key collision and suppress or merge after control approval.,False,53.7,"Duplicate Record in Trades from Murex is ranked High because the item is 14 days old, has a break amount of 9831.27, and carries confidence 0.917.",0.056,False,Aging unresolved item,High
EXC0000556,Trade Match Break,Trades,Custodian,Americas,Equity,1,15,17543.87,4.39,0,0,14,High,Trade Match Break pattern detected from source controls,Trade Support,24,Resolved,2026-05-11,Breached,24,0,Trade Match Break,0.918,Trade Support,Most similar historical pattern: Trade Match Break,Review counterparty economic fields and run fuzzy security/client match.,False,54.4,"Trade Match Break in Trades from Custodian is ranked High because the item is 15 days old, has a break amount of 17543.87, and carries confidence 0.918.",0.0741,False,Aging unresolved item,High
EXC0000557,Stale Price,Pricing,ABOR,Americas,Equity,1,2,697.53,5.87,0,0,60,Low,Stale Price pattern detected from source controls,Pricing Control,72,Resolved,2026-04-24,Within SLA,23,0,Stale Price,0.904,Pricing Control,Most similar historical pattern: Stale Price,"Check vendor price history, compare secondary source, and escalate material moves.",False,15.7,"Stale Price in Pricing from ABOR is ranked Low because the item is 2 days old, has a break amount of 697.53, and carries confidence 0.904.",0.4508,False,Late source refresh,Low
EXC0000558,Invalid Currency,Reference Data,Murex,APAC,ETF,0,20,3605.53,-0.7,0,1,1,High,Invalid Currency pattern detected from source controls,Reference Data Ops,24,Open,2026-04-07,Breached,12,0,Invalid Currency,0.823,Reference Data Ops,Most similar historical pattern: Invalid Currency,"Validate security currency, trade currency, and portfolio base currency mapping.",False,53.8,"Invalid Currency in Reference Data from Murex is ranked High because the item is 20 days old, has a break amount of 3605.53, and carries confidence 0.823.",0.2132,False,Aging unresolved item,High
EXC0000559,Missing Client Mapping,Client Data,Aladdin,EMEA,ETF,4,4,1259.7,4.47,0,0,9,Low,Missing Client Mapping pattern detected from source controls,Client Data Ops,72,Resolved,2026-04-07,Breached,11,0,Missing Client Mapping,0.979,Client Data Ops,Most similar historical pattern: Missing Client Mapping,Route to client-data operations to complete portfolio and account mapping.,False,34.5,"Missing Client Mapping in Client Data from Aladdin is ranked Low because the item is 4 days old, has a break amount of 1259.7, and carries confidence 0.979.",0.0998,False,Multi-factor isolation signal,Low
EXC0000560,Stale Price,Pricing,SimCorp,APAC,Derivative,0,16,15877.18,1.46,0,0,33,High,Stale Price pattern detected from source controls,Pricing Control,24,Resolved,2026-04-03,Breached,16,0,Stale Price,0.783,Pricing Control,Most similar historical pattern: Stale Price,"Check vendor price history, compare secondary source, and escalate material moves.",False,55.3,"Stale Price in Pricing from SimCorp is ranked High because the item is 16 days old, has a break amount of 15877.18, and carries confidence 0.783.",0.2381,False,Aging unresolved item,High
EXC0000561,Trade Match Break,Trades,SimCorp,EMEA,Corporate Bond,1,16,49336.31,2.45,0,0,5,Critical,Trade Match Break pattern detected from source controls,Trade Support,8,Escalated,2026-03-24,Breached,25,1,Trade Match Break,0.931,Trade Support,Most similar historical pattern: Trade Match Break,Review counterparty economic fields and run fuzzy security/client match.,False,65.6,"Trade Match Break in Trades from SimCorp is ranked Critical because the item is 16 days old, has a break amount of 49336.31, and carries confidence 0.931.",0.1777,False,Aging unresolved item,Critical
EXC0000562,Missing Reference Data,Reference Data,SimCorp,APAC,Corporate Bond,2,10,1704.07,1.17,0,0,19,Medium,Missing Reference Data pattern detected from source controls,Reference Data Ops,48,Open,2026-04-11,Breached,15,0,Missing Reference Data,0.834,Reference Data Ops,Most similar historical pattern: Missing Reference Data,"Validate security master fields, enrich ISIN/ticker, and rerun downstream load.",False,44.9,"Missing Reference Data in Reference Data from SimCorp is ranked Medium because the item is 10 days old, has a break amount of 1704.07, and carries confidence 0.834.",0.0227,False,Multi-factor isolation signal,Medium
EXC0000563,Position Reconciliation Break,Positions,Bloomberg,APAC,Derivative,1,10,261847.95,4.55,0,0,16,Critical,Position Reconciliation Break pattern detected from source controls,Reconciliation,8,Escalated,2026-04-28,Breached,32,1,Position Reconciliation Break,0.824,Reconciliation,Most similar historical pattern: Position Reconciliation Break,"Compare IBOR, ABOR, and custodian balances; prioritize material value gaps.",False,83.0,"Position Reconciliation Break in Positions from Bloomberg is ranked Critical because the item is 10 days old, has a break amount of 261847.95, and carries confidence 0.824.",0.6268,True,High-value reconciliation break,High
EXC0000564,Duplicate Record,Trades,Aladdin,APAC,Derivative,0,19,32666.19,2.37,1,0,12,Critical,Duplicate Record pattern detected from source controls,Trade Support,8,Open,2026-05-03,Breached,15,0,Duplicate Record,0.933,Trade Support,Most similar historical pattern: Duplicate Record,Confirm duplicate key collision and suppress or merge after control approval.,False,63.9,"Duplicate Record in Trades from Aladdin is ranked Critical because the item is 19 days old, has a break amount of 32666.19, and carries confidence 0.933.",0.1635,False,Aging unresolved item,Critical
EXC0000565,Delayed Source Load,Source Control,IBOR,APAC,Corporate Bond,1,13,814.25,0.63,0,0,37,Low,Delayed Source Load pattern detected from source controls,Source Systems,72,Open,2026-04-15,Breached,15,0,Delayed Source Load,0.974,Source Systems,Most similar historical pattern: Delayed Source Load,Check source-system batch status and notify technology owner if SLA breached.,False,34.7,"Delayed Source Load in Source Control from IBOR is ranked Low because the item is 13 days old, has a break amount of 814.25, and carries confidence 0.974.",0.1648,False,Aging unresolved item,Low
EXC0000566,Missing Reference Data,Reference Data,Custodian,Americas,Derivative,1,5,10543.68,0.46,0,0,16,Medium,Missing Reference Data pattern detected from source controls,Reference Data Ops,48,Open,2026-04-23,Breached,20,0,Unknown / Needs SME Review,0.377,Reference Data Ops,Most similar historical pattern: Unknown / Needs SME Review,Send to SME review with source evidence and model explanation.,True,50.4,"Unknown / Needs SME Review in Reference Data from Custodian is ranked Medium because the item is 5 days old, has a break amount of 10543.68, and carries confidence 0.377.",0.0756,False,Multi-factor isolation signal,Medium
EXC0000567,Missing Reference Data,Reference Data,IBOR,APAC,Government Bond,1,1,1109.28,-1.5,0,0,1,Low,Missing Reference Data pattern detected from source controls,Reference Data Ops,72,Resolved,2026-05-13,Within SLA,25,0,Missing Reference Data,0.476,Reference Data Ops,Most similar historical pattern: Missing Reference Data,"Validate security master fields, enrich ISIN/ticker, and rerun downstream load.",True,20.1,"Missing Reference Data in Reference Data from IBOR is ranked Low because the item is 1 days old, has a break amount of 1109.28, and carries confidence 0.476.",0.2452,False,Multi-factor isolation signal,Low
EXC0000568,Missing Reference Data,Reference Data,ABOR,APAC,Derivative,2,2,1077.94,0.07,0,0,8,Low,Missing Reference Data pattern detected from source controls,Reference Data Ops,72,Resolved,2026-04-26,Within SLA,25,0,Missing Reference Data,0.874,Reference Data Ops,Most similar historical pattern: Missing Reference Data,"Validate security master fields, enrich ISIN/ticker, and rerun downstream load.",False,16.1,"Missing Reference Data in Reference Data from ABOR is ranked Low because the item is 2 days old, has a break amount of 1077.94, and carries confidence 0.874.",0.1069,False,Multi-factor isolation signal,Low
EXC0000569,Unknown / Needs SME Review,Reference Data,SimCorp,APAC,Equity,1,8,1656.53,4.55,0,0,8,Low,Unknown / Needs SME Review pattern detected from source controls,Reference Data Ops,72,Resolved,2026-04-09,Breached,10,0,Unknown / Needs SME Review,0.68,Reference Data Ops,Most similar historical pattern: Unknown / Needs SME Review,Send to SME review with source evidence and model explanation.,True,37.5,"Unknown / Needs SME Review in Reference Data from SimCorp is ranked Low because the item is 8 days old, has a break amount of 1656.53, and carries confidence 0.68.",0.0662,False,Multi-factor isolation signal,Low
EXC0000570,Position Reconciliation Break,Positions,Bloomberg,EMEA,Government Bond,1,14,164453.14,4.21,0,0,0,Critical,Position Reconciliation Break pattern detected from source controls,Reconciliation,8,Resolved,2026-05-09,Breached,32,1,Position Reconciliation Break,0.831,Reconciliation,Most similar historical pattern: Position Reconciliation Break,"Compare IBOR, ABOR, and custodian balances; prioritize material value gaps.",False,76.1,"Position Reconciliation Break in Positions from Bloomberg is ranked Critical because the item is 14 days old, has a break amount of 164453.14, and carries confidence 0.831.",0.5144,True,High-value reconciliation break,Critical
EXC0000571,Price Outlier,Pricing,Refinitiv,Americas,Derivative,1,9,1045.35,10.43,0,0,1,Low,Price Outlier pattern detected from source controls,Pricing Control,72,Resolved,2026-05-05,Breached,13,0,Price Outlier,0.919,Pricing Control,Most similar historical pattern: Price Outlier,"Check vendor price history, compare secondary source, and escalate material moves.",False,35.2,"Price Outlier in Pricing from Refinitiv is ranked Low because the item is 9 days old, has a break amount of 1045.35, and carries confidence 0.919.",0.2641,False,Multi-factor isolation signal,Low
EXC0000572,Missing Reference Data,Reference Data,Bloomberg,EMEA,Derivative,3,16,3876.9,-1.25,0,0,8,High,Missing Reference Data pattern detected from source controls,Reference Data Ops,24,Escalated,2026-05-03,Breached,18,0,Missing Reference Data,0.933,Reference Data Ops,Most similar historical pattern: Missing Reference Data,"Validate security master fields, enrich ISIN/ticker, and rerun downstream load.",False,53.0,"Missing Reference Data in Reference Data from Bloomberg is ranked High because the item is 16 days old, has a break amount of 3876.9, and carries confidence 0.933.",0.075,False,Aging unresolved item,High
EXC0000573,Missing Reference Data,Reference Data,Refinitiv,APAC,Government Bond,2,15,2043.01,3.88,0,0,2,Medium,Missing Reference Data pattern detected from source controls,Reference Data Ops,48,Resolved,2026-04-21,Breached,17,0,Missing Reference Data,0.789,Reference Data Ops,Most similar historical pattern: Missing Reference Data,"Validate security master fields, enrich ISIN/ticker, and rerun downstream load.",False,45.5,"Missing Reference Data in Reference Data from Refinitiv is ranked Medium because the item is 15 days old, has a break amount of 2043.01, and carries confidence 0.789.",0.0507,False,Aging unresolved item,Medium
EXC0000574,Invalid Currency,Reference Data,Refinitiv,APAC,Equity,0,15,1837.34,2.57,0,1,19,Medium,Invalid Currency pattern detected from source controls,Reference Data Ops,48,Suppressed,2026-04-01,Breached,9,0,Invalid Currency,0.891,Reference Data Ops,Most similar historical pattern: Invalid Currency,"Validate security currency, trade currency, and portfolio base currency mapping.",False,44.1,"Invalid Currency in Reference Data from Refinitiv is ranked Medium because the item is 15 days old, has a break amount of 1837.34, and carries confidence 0.891.",0.021,False,Aging unresolved item,Medium
EXC0000575,Position Reconciliation Break,Positions,IBOR,APAC,Derivative,1,20,12115.97,-3.44,0,0,2,High,Position Reconciliation Break pattern detected from source controls,Reconciliation,24,Resolved,2026-04-30,Breached,27,0,Position Reconciliation Break,0.847,Reconciliation,Most similar historical pattern: Position Reconciliation Break,"Compare IBOR, ABOR, and custodian balances; prioritize material value gaps.",False,54.8,"Position Reconciliation Break in Positions from IBOR is ranked High because the item is 20 days old, has a break amount of 12115.97, and carries confidence 0.847.",0.3071,False,Aging unresolved item,High
EXC0000576,Missing Client Mapping,Client Data,SimCorp,APAC,Equity,3,1,917.01,8.7,0,0,0,Low,Missing Client Mapping pattern detected from source controls,Client Data Ops,72,Resolved,2026-05-12,Within SLA,15,0,Missing Client Mapping,0.799,Client Data Ops,Most similar historical pattern: Missing Client Mapping,Route to client-data operations to complete portfolio and account mapping.,False,16.4,"Missing Client Mapping in Client Data from SimCorp is ranked Low because the item is 1 days old, has a break amount of 917.01, and carries confidence 0.799.",0.3426,False,Multi-factor isolation signal,Low
EXC0000577,Price Outlier,Pricing,Bloomberg,APAC,Corporate Bond,0,12,1132.26,11.28,0,0,15,Low,Price Outlier pattern detected from source controls,Pricing Control,72,Resolved,2026-05-16,Breached,14,0,Price Outlier,0.982,Pricing Control,Most similar historical pattern: Price Outlier,"Check vendor price history, compare secondary source, and escalate material moves.",False,34.6,"Price Outlier in Pricing from Bloomberg is ranked Low because the item is 12 days old, has a break amount of 1132.26, and carries confidence 0.982.",0.21,False,Multi-factor isolation signal,Low
EXC0000578,Trade Match Break,Trades,Bloomberg,Americas,Derivative,1,7,21133.31,5.75,0,0,8,High,Trade Match Break pattern detected from source controls,Trade Support,24,Resolved,2026-04-13,Breached,40,0,Trade Match Break,0.945,Trade Support,Most similar historical pattern: Trade Match Break,Review counterparty economic fields and run fuzzy security/client match.,False,55.1,"Trade Match Break in Trades from Bloomberg is ranked High because the item is 7 days old, has a break amount of 21133.31, and carries confidence 0.945.",0.1564,False,Multi-factor isolation signal,High
EXC0000579,Duplicate Record,Trades,SimCorp,APAC,Government Bond,1,16,49730.36,1.94,1,0,8,Critical,Duplicate Record pattern detected from source controls,Trade Support,8,Resolved,2026-04-05,Breached,19,1,Duplicate Record,0.937,Trade Support,Most similar historical pattern: Duplicate Record,Confirm duplicate key collision and suppress or merge after control approval.,False,65.4,"Duplicate Record in Trades from SimCorp is ranked Critical because the item is 16 days old, has a break amount of 49730.36, and carries confidence 0.937.",0.1482,False,Aging unresolved item,Critical
EXC0000580,Stale Price,Pricing,ABOR,APAC,Corporate Bond,0,17,1487.56,-1.1,0,0,80,Medium,Stale Price pattern detected from source controls,Pricing Control,48,Resolved,2026-05-14,Breached,23,0,Stale Price,0.924,Pricing Control,Most similar historical pattern: Stale Price,"Check vendor price history, compare secondary source, and escalate material moves.",False,44.3,"Stale Price in Pricing from ABOR is ranked Medium because the item is 17 days old, has a break amount of 1487.56, and carries confidence 0.924.",0.4651,True,Late source refresh,Medium
EXC0000581,Price Outlier,Pricing,Custodian,Americas,Equity,1,14,1402.93,11.48,0,0,0,Medium,Price Outlier pattern detected from source controls,Pricing Control,48,Escalated,2026-04-12,Breached,14,0,Price Outlier,0.93,Pricing Control,Most similar historical pattern: Price Outlier,"Check vendor price history, compare secondary source, and escalate material moves.",False,43.9,"Price Outlier in Pricing from Custodian is ranked Medium because the item is 14 days old, has a break amount of 1402.93, and carries confidence 0.93.",0.2701,False,Aging unresolved item,Medium
EXC0000582,Stale Price,Pricing,ABOR,Americas,Equity,1,16,334.71,-2.17,0,0,38,Low,Stale Price pattern detected from source controls,Pricing Control,72,Resolved,2026-03-26,Breached,23,0,Stale Price,0.928,Pricing Control,Most similar historical pattern: Stale Price,"Check vendor price history, compare secondary source, and escalate material moves.",False,35.4,"Stale Price in Pricing from ABOR is ranked Low because the item is 16 days old, has a break amount of 334.71, and carries confidence 0.928.",0.3052,False,Aging unresolved item,Low
EXC0000583,Invalid Currency,Reference Data,Aladdin,Americas,ETF,0,20,1038.14,1.19,0,1,10,Medium,Invalid Currency pattern detected from source controls,Reference Data Ops,48,Escalated,2026-03-31,Breached,7,0,Invalid Currency,0.874,Reference Data Ops,Most similar historical pattern: Invalid Currency,"Validate security currency, trade currency, and portfolio base currency mapping.",False,44.1,"Invalid Currency in Reference Data from Aladdin is ranked Medium because the item is 20 days old, has a break amount of 1038.14, and carries confidence 0.874.",0.1219,False,Aging unresolved item,Medium
EXC0000584,Duplicate Record,Trades,IBOR,EMEA,ETF,1,12,66176.72,-1.22,1,0,7,High,Duplicate Record pattern detected from source controls,Trade Support,24,Resolved,2026-03-24,Breached,13,1,Duplicate Record,0.917,Trade Support,Most similar historical pattern: Duplicate Record,Confirm duplicate key collision and suppress or merge after control approval.,False,57.9,"Duplicate Record in Trades from IBOR is ranked High because the item is 12 days old, has a break amount of 66176.72, and carries confidence 0.917.",0.2261,False,High-value reconciliation break,High
EXC0000585,Trade Match Break,Trades,IBOR,APAC,Equity,0,17,56571.89,0.99,0,0,4,Critical,Trade Match Break pattern detected from source controls,Trade Support,8,Resolved,2026-03-24,Breached,21,1,Trade Match Break,0.89,Trade Support,Most similar historical pattern: Trade Match Break,Review counterparty economic fields and run fuzzy security/client match.,False,66.5,"Trade Match Break in Trades from IBOR is ranked Critical because the item is 17 days old, has a break amount of 56571.89, and carries confidence 0.89.",0.2071,False,Aging unresolved item,Critical
EXC0000586,Position Reconciliation Break,Positions,ABOR,APAC,Derivative,0,2,157203.88,2.12,0,0,2,High,Position Reconciliation Break pattern detected from source controls,Reconciliation,24,Suppressed,2026-04-02,Breached,21,1,Position Reconciliation Break,0.858,Reconciliation,Most similar historical pattern: Position Reconciliation Break,"Compare IBOR, ABOR, and custodian balances; prioritize material value gaps.",False,66.1,"Position Reconciliation Break in Positions from ABOR is ranked High because the item is 2 days old, has a break amount of 157203.88, and carries confidence 0.858.",0.538,True,High-value reconciliation break,High
EXC0000587,Stale Price,Pricing,Refinitiv,Americas,Government Bond,1,5,25721.55,2.24,0,0,23,Medium,Stale Price pattern detected from source controls,Pricing Control,48,Open,2026-04-25,Breached,21,0,Stale Price,0.826,Pricing Control,Most similar historical pattern: Stale Price,"Check vendor price history, compare secondary source, and escalate material moves.",False,47.1,"Stale Price in Pricing from Refinitiv is ranked Medium because the item is 5 days old, has a break amount of 25721.55, and carries confidence 0.826.",0.1883,False,Multi-factor isolation signal,Medium
EXC0000588,Delayed Source Load,Source Control,IBOR,APAC,ETF,1,19,2111.99,-2.15,0,0,40,Medium,Delayed Source Load pattern detected from source controls,Source Systems,48,Resolved,2026-04-08,Breached,15,0,Delayed Source Load,0.972,Source Systems,Most similar historical pattern: Delayed Source Load,Check source-system batch status and notify technology owner if SLA breached.,False,43.5,"Delayed Source Load in Source Control from IBOR is ranked Medium because the item is 19 days old, has a break amount of 2111.99, and carries confidence 0.972.",0.3938,False,Aging unresolved item,Medium
EXC0000589,Missing Client Mapping,Client Data,Custodian,Americas,ETF,3,4,2359.5,-0.11,0,0,18,Low,Missing Client Mapping pattern detected from source controls,Client Data Ops,72,Resolved,2026-04-04,Breached,11,0,Missing Client Mapping,0.958,Client Data Ops,Most similar historical pattern: Missing Client Mapping,Route to client-data operations to complete portfolio and account mapping.,False,34.8,"Missing Client Mapping in Client Data from Custodian is ranked Low because the item is 4 days old, has a break amount of 2359.5, and carries confidence 0.958.",0.0912,False,Multi-factor isolation signal,Low
EXC0000590,Stale Price,Pricing,ABOR,EMEA,Equity,1,0,983.97,-3.44,0,0,63,Low,Stale Price pattern detected from source controls,Pricing Control,72,Resolved,2026-04-04,Within SLA,23,0,Stale Price,0.939,Pricing Control,Most similar historical pattern: Stale Price,"Check vendor price history, compare secondary source, and escalate material moves.",False,15.4,"Stale Price in Pricing from ABOR is ranked Low because the item is 0 days old, has a break amount of 983.97, and carries confidence 0.939.",0.5854,True,Late source refresh,High
EXC0000591,Delayed Source Load,Source Control,ABOR,APAC,Equity,0,20,781.55,3.05,0,0,70,Medium,Delayed Source Load pattern detected from source controls,Source Systems,48,Open,2026-05-01,Breached,22,0,Delayed Source Load,0.913,Source Systems,Most similar historical pattern: Delayed Source Load,Check source-system batch status and notify technology owner if SLA breached.,False,44.3,"Delayed Source Load in Source Control from ABOR is ranked Medium because the item is 20 days old, has a break amount of 781.55, and carries confidence 0.913.",0.4665,True,Late source refresh,Medium
EXC0000592,Trade Match Break,Trades,ABOR,EMEA,ETF,1,7,96609.18,2.01,0,0,17,High,Trade Match Break pattern detected from source controls,Trade Support,24,Open,2026-04-23,Breached,28,1,Trade Match Break,0.941,Trade Support,Most similar historical pattern: Trade Match Break,Review counterparty economic fields and run fuzzy security/client match.,False,60.7,"Trade Match Break in Trades from ABOR is ranked High because the item is 7 days old, has a break amount of 96609.18, and carries confidence 0.941.",0.2548,False,High-value reconciliation break,High
EXC0000593,Position Reconciliation Break,Positions,SimCorp,APAC,ETF,0,13,4182.03,-1.44,0,0,5,Medium,Position Reconciliation Break pattern detected from source controls,Reconciliation,48,Escalated,2026-04-24,Breached,16,0,Position Reconciliation Break,0.689,Reconciliation,Most similar historical pattern: Position Reconciliation Break,"Compare IBOR, ABOR, and custodian balances; prioritize material value gaps.",True,46.6,"Position Reconciliation Break in Positions from SimCorp is ranked Medium because the item is 13 days old, has a break amount of 4182.03, and carries confidence 0.689.",0.0973,False,Aging unresolved item,Medium
EXC0000594,Position Reconciliation Break,Positions,IBOR,EMEA,Derivative,1,16,10143.59,5.01,0,0,5,High,Position Reconciliation Break pattern detected from source controls,Reconciliation,24,Resolved,2026-04-01,Breached,27,0,Position Reconciliation Break,0.885,Reconciliation,Most similar historical pattern: Position Reconciliation Break,"Compare IBOR, ABOR, and custodian balances; prioritize material value gaps.",False,54.3,"Position Reconciliation Break in Positions from IBOR is ranked High because the item is 16 days old, has a break amount of 10143.59, and carries confidence 0.885.",0.0921,False,Aging unresolved item,High
EXC0000595,Missing Client Mapping,Client Data,SimCorp,EMEA,Derivative,1,9,2200.51,2.67,0,0,14,Medium,Missing Client Mapping pattern detected from source controls,Client Data Ops,48,Resolved,2026-03-30,Breached,15,0,Missing Client Mapping,0.949,Client Data Ops,Most similar historical pattern: Missing Client Mapping,Route to client-data operations to complete portfolio and account mapping.,False,43.8,"Missing Client Mapping in Client Data from SimCorp is ranked Medium because the item is 9 days old, has a break amount of 2200.51, and carries confidence 0.949.",0.0346,False,Multi-factor isolation signal,Medium
EXC0000596,Stale Price,Pricing,Refinitiv,APAC,Government Bond,0,0,1282.01,1.24,0,0,45,Low,Stale Price pattern detected from source controls,Pricing Control,72,Resolved,2026-03-23,Within SLA,21,0,Stale Price,0.888,Pricing Control,Most similar historical pattern: Stale Price,"Check vendor price history, compare secondary source, and escalate material moves.",False,15.8,"Stale Price in Pricing from Refinitiv is ranked Low because the item is 0 days old, has a break amount of 1282.01, and carries confidence 0.888.",0.3781,False,Multi-factor isolation signal,Low
EXC0000597,Price Outlier,Pricing,Murex,Americas,Government Bond,0,15,2912.26,14.05,0,0,12,Medium,Price Outlier pattern detected from source controls,Pricing Control,48,Suppressed,2026-03-27,Breached,17,0,Price Outlier,0.968,Pricing Control,Most similar historical pattern: Price Outlier,"Check vendor price history, compare secondary source, and escalate material moves.",False,43.7,"Price Outlier in Pricing from Murex is ranked Medium because the item is 15 days old, has a break amount of 2912.26, and carries confidence 0.968.",0.2339,False,Large price/return move,Medium
EXC0000598,Performance Return Outlier,Positions,SimCorp,APAC,Government Bond,0,14,129878.36,7.63,0,0,5,Critical,Performance Return Outlier pattern detected from source controls,Reconciliation,8,Suppressed,2026-05-13,Breached,4,1,Performance Return Outlier,0.696,Reconciliation,Most similar historical pattern: Performance Return Outlier,"Check vendor price history, compare secondary source, and escalate material moves.",True,73.6,"Performance Return Outlier in Positions from SimCorp is ranked Critical because the item is 14 days old, has a break amount of 129878.36, and carries confidence 0.696.",0.477,True,High-value reconciliation break,Critical
EXC0000599,Performance Return Outlier,Positions,IBOR,EMEA,ETF,0,6,18956.94,20.47,0,0,16,Medium,Performance Return Outlier pattern detected from source controls,Reconciliation,48,Resolved,2026-04-27,Breached,5,0,Performance Return Outlier,0.819,Reconciliation,Most similar historical pattern: Performance Return Outlier,"Check vendor price history, compare secondary source, and escalate material moves.",False,46.0,"Performance Return Outlier in Positions from IBOR is ranked Medium because the item is 6 days old, has a break amount of 18956.94, and carries confidence 0.819.",0.4708,True,Large price/return move,Medium
EXC0000600,Missing Client Mapping,Client Data,Bloomberg,APAC,Derivative,3,14,2167.94,4.43,0,0,9,Medium,Missing Client Mapping pattern detected from source controls,Client Data Ops,48,Resolved,2026-04-25,Breached,18,0,Missing Client Mapping,0.983,Client Data Ops,Most similar historical pattern: Missing Client Mapping,Route to client-data operations to complete portfolio and account mapping.,False,43.6,"Missing Client Mapping in Client Data from Bloomberg is ranked Medium because the item is 14 days old, has a break amount of 2167.94, and carries confidence 0.983.",0.0485,False,Aging unresolved item,Medium
EXC0000601,Stale Price,Pricing,Bloomberg,Americas,Equity,1,17,3064.66,2.19,0,0,30,High,Stale Price pattern detected from source controls,Pricing Control,24,Escalated,2026-04-01,Breached,12,0,Stale Price,0.92,Pricing Control,Most similar historical pattern: Stale Price,"Check vendor price history, compare secondary source, and escalate material moves.",False,52.8,"Stale Price in Pricing from Bloomberg is ranked High because the item is 17 days old, has a break amount of 3064.66, and carries confidence 0.92.",0.1846,False,Aging unresolved item,High
EXC0000602,Duplicate Record,Trades,Aladdin,APAC,Government Bond,1,21,19810.0,-1.12,1,0,9,Critical,Duplicate Record pattern detected from source controls,Trade Support,8,Resolved,2026-05-18,Breached,15,0,Duplicate Record,0.931,Trade Support,Most similar historical pattern: Duplicate Record,Confirm duplicate key collision and suppress or merge after control approval.,False,62.9,"Duplicate Record in Trades from Aladdin is ranked Critical because the item is 21 days old, has a break amount of 19810.0, and carries confidence 0.931.",0.2416,False,Aging unresolved item,Critical
EXC0000603,Trade Match Break,Trades,IBOR,Americas,Government Bond,1,11,63146.34,4.74,0,0,3,High,Trade Match Break pattern detected from source controls,Trade Support,24,Escalated,2026-04-04,Breached,21,1,Trade Match Break,0.897,Trade Support,Most similar historical pattern: Trade Match Break,Review counterparty economic fields and run fuzzy security/client match.,False,58.2,"Trade Match Break in Trades from IBOR is ranked High because the item is 11 days old, has a break amount of 63146.34, and carries confidence 0.897.",0.2091,False,Multi-factor isolation signal,High
EXC0000604,Missing Reference Data,Reference Data,ABOR,EMEA,Corporate Bond,3,1,1404.21,1.27,0,0,6,Low,Missing Reference Data pattern detected from source controls,Reference Data Ops,72,Escalated,2026-03-27,Within SLA,25,0,Missing Reference Data,0.884,Reference Data Ops,Most similar historical pattern: Missing Reference Data,"Validate security master fields, enrich ISIN/ticker, and rerun downstream load.",False,16.0,"Missing Reference Data in Reference Data from ABOR is ranked Low because the item is 1 days old, has a break amount of 1404.21, and carries confidence 0.884.",0.1601,False,Multi-factor isolation signal,Low
EXC0000605,Missing Reference Data,Reference Data,Refinitiv,Americas,Derivative,4,19,3865.48,-0.8,0,0,16,High,Missing Reference Data pattern detected from source controls,Reference Data Ops,24,Open,2026-05-08,Breached,17,0,Missing Reference Data,0.907,Reference Data Ops,Most similar historical pattern: Missing Reference Data,"Validate security master fields, enrich ISIN/ticker, and rerun downstream load.",False,53.2,"Missing Reference Data in Reference Data from Refinitiv is ranked High because the item is 19 days old, has a break amount of 3865.48, and carries confidence 0.907.",0.1302,False,Aging unresolved item,High
EXC0000606,Delayed Source Load,Source Control,SimCorp,APAC,Government Bond,0,9,7546.73,6.44,0,0,74,Medium,Delayed Source Load pattern detected from source controls,Source Systems,48,Open,2026-04-29,Breached,11,0,Delayed Source Load,0.896,Source Systems,Most similar historical pattern: Delayed Source Load,Check source-system batch status and notify technology owner if SLA breached.,False,44.6,"Delayed Source Load in Source Control from SimCorp is ranked Medium because the item is 9 days old, has a break amount of 7546.73, and carries confidence 0.896.",0.563,True,Late source refresh,High
EXC0000607,Missing Reference Data,Reference Data,Custodian,APAC,Equity,2,14,3148.7,-1.24,0,0,3,Medium,Missing Reference Data pattern detected from source controls,Reference Data Ops,48,Resolved,2026-04-12,Breached,20,0,Missing Reference Data,0.913,Reference Data Ops,Most similar historical pattern: Missing Reference Data,"Validate security master fields, enrich ISIN/ticker, and rerun downstream load.",False,44.4,"Missing Reference Data in Reference Data from Custodian is ranked Medium because the item is 14 days old, has a break amount of 3148.7, and carries confidence 0.913.",0.1011,False,Aging unresolved item,Medium
EXC0000608,Price Outlier,Pricing,Murex,APAC,ETF,1,19,1714.6,24.27,0,0,1,Medium,Price Outlier pattern detected from source controls,Pricing Control,48,Resolved,2026-04-14,Breached,17,0,Price Outlier,0.931,Pricing Control,Most similar historical pattern: Price Outlier,"Check vendor price history, compare secondary source, and escalate material moves.",False,44.0,"Price Outlier in Pricing from Murex is ranked Medium because the item is 19 days old, has a break amount of 1714.6, and carries confidence 0.931.",0.5688,True,Large price/return move,High
EXC0000609,Stale Price,Pricing,ABOR,EMEA,Derivative,1,5,1214.07,1.5,0,0,81,Low,Stale Price pattern detected from source controls,Pricing Control,72,Escalated,2026-04-20,Breached,23,0,Stale Price,0.924,Pricing Control,Most similar historical pattern: Stale Price,"Check vendor price history, compare secondary source, and escalate material moves.",False,35.5,"Stale Price in Pricing from ABOR is ranked Low because the item is 5 days old, has a break amount of 1214.07, and carries confidence 0.924.",0.3638,False,Late source refresh,Low
EXC0000610,Position Reconciliation Break,Positions,ABOR,Americas,Equity,0,0,16804.06,2.31,0,0,16,Medium,Position Reconciliation Break pattern detected from source controls,Reconciliation,48,Resolved,2026-05-02,Within SLA,21,0,Position Reconciliation Break,0.886,Reconciliation,Most similar historical pattern: Position Reconciliation Break,"Compare IBOR, ABOR, and custodian balances; prioritize material value gaps.",False,25.8,"Position Reconciliation Break in Positions from ABOR is ranked Medium because the item is 0 days old, has a break amount of 16804.06, and carries confidence 0.886.",0.2567,False,Multi-factor isolation signal,Medium
EXC0000611,Missing Client Mapping,Client Data,Aladdin,Americas,Government Bond,2,21,726.43,-0.38,0,0,18,Medium,Missing Client Mapping pattern detected from source controls,Client Data Ops,48,Resolved,2026-05-16,Breached,11,0,Missing Client Mapping,0.959,Client Data Ops,Most similar historical pattern: Missing Client Mapping,Route to client-data operations to complete portfolio and account mapping.,False,43.4,"Missing Client Mapping in Client Data from Aladdin is ranked Medium because the item is 21 days old, has a break amount of 726.43, and carries confidence 0.959.",0.1864,False,Aging unresolved item,Medium
EXC0000612,Price Outlier,Pricing,Murex,Americas,Corporate Bond,0,3,3700.66,-1.22,0,0,10,Medium,Price Outlier pattern detected from source controls,Pricing Control,48,Escalated,2026-05-05,Breached,17,0,Price Outlier,0.624,Pricing Control,Most similar historical pattern: Price Outlier,"Check vendor price history, compare secondary source, and escalate material moves.",True,47.2,"Price Outlier in Pricing from Murex is ranked Medium because the item is 3 days old, has a break amount of 3700.66, and carries confidence 0.624.",0.0983,False,Multi-factor isolation signal,Medium
EXC0000613,Missing Client Mapping,Client Data,Custodian,EMEA,Equity,1,8,5501.3,1.58,0,0,11,Medium,Missing Client Mapping pattern detected from source controls,Client Data Ops,48,Resolved,2026-04-17,Breached,11,0,Missing Client Mapping,0.886,Client Data Ops,Most similar historical pattern: Missing Client Mapping,Route to client-data operations to complete portfolio and account mapping.,False,44.5,"Missing Client Mapping in Client Data from Custodian is ranked Medium because the item is 8 days old, has a break amount of 5501.3, and carries confidence 0.886.",0.0454,False,Multi-factor isolation signal,Medium
EXC0000614,Stale Price,Pricing,IBOR,EMEA,Government Bond,1,17,1316.12,-1.11,0,0,77,Medium,Stale Price pattern detected from source controls,Pricing Control,48,Open,2026-05-06,Breached,22,0,Stale Price,0.876,Pricing Control,Most similar historical pattern: Stale Price,"Check vendor price history, compare secondary source, and escalate material moves.",False,44.7,"Stale Price in Pricing from IBOR is ranked Medium because the item is 17 days old, has a break amount of 1316.12, and carries confidence 0.876.",0.444,False,Late source refresh,Medium
EXC0000615,Trade Match Break,Trades,Bloomberg,Americas,Corporate Bond,0,16,24305.95,0.6,0,0,6,High,Trade Match Break pattern detected from source controls,Trade Support,24,Resolved,2026-03-22,Breached,40,0,Trade Match Break,0.902,Trade Support,Most similar historical pattern: Trade Match Break,Review counterparty economic fields and run fuzzy security/client match.,False,55.8,"Trade Match Break in Trades from Bloomberg is ranked High because the item is 16 days old, has a break amount of 24305.95, and carries confidence 0.902.",0.0879,False,Aging unresolved item,High
EXC0000616,Price Outlier,Pricing,Murex,APAC,Derivative,1,3,776.73,25.5,0,0,15,Low,Price Outlier pattern detected from source controls,Pricing Control,72,Resolved,2026-05-08,Within SLA,17,0,Price Outlier,0.925,Pricing Control,Most similar historical pattern: Price Outlier,"Check vendor price history, compare secondary source, and escalate material moves.",False,15.2,"Price Outlier in Pricing from Murex is ranked Low because the item is 3 days old, has a break amount of 776.73, and carries confidence 0.925.",0.4851,True,Large price/return move,Low
EXC0000617,Position Reconciliation Break,Positions,Custodian,APAC,Government Bond,1,5,44659.15,-1.21,0,0,5,High,Position Reconciliation Break pattern detected from source controls,Reconciliation,24,Resolved,2026-04-03,Breached,18,0,Position Reconciliation Break,0.85,Reconciliation,Most similar historical pattern: Position Reconciliation Break,"Compare IBOR, ABOR, and custodian balances; prioritize material value gaps.",False,57.0,"Position Reconciliation Break in Positions from Custodian is ranked High because the item is 5 days old, has a break amount of 44659.15, and carries confidence 0.85.",0.2008,False,Multi-factor isolation signal,High
EXC0000618,Unknown / Needs SME Review,Reference Data,SimCorp,EMEA,ETF,0,15,1792.38,0.83,0,0,14,Medium,Unknown / Needs SME Review pattern detected from source controls,Reference Data Ops,48,Resolved,2026-04-30,Breached,10,0,Unknown / Needs SME Review,0.716,Reference Data Ops,Most similar historical pattern: Unknown / Needs SME Review,Send to SME review with source evidence and model explanation.,True,45.9,"Unknown / Needs SME Review in Reference Data from SimCorp is ranked Medium because the item is 15 days old, has a break amount of 1792.38, and carries confidence 0.716.",0.0096,False,Aging unresolved item,Medium
EXC0000619,Missing Client Mapping,Client Data,Bloomberg,Americas,Derivative,2,9,569.8,-0.08,0,0,1,Low,Missing Client Mapping pattern detected from source controls,Client Data Ops,72,Resolved,2026-05-07,Breached,18,0,Missing Client Mapping,0.972,Client Data Ops,Most similar historical pattern: Missing Client Mapping,Route to client-data operations to complete portfolio and account mapping.,False,34.8,"Missing Client Mapping in Client Data from Bloomberg is ranked Low because the item is 9 days old, has a break amount of 569.8, and carries confidence 0.972.",0.1014,False,Multi-factor isolation signal,Low
EXC0000620,Stale Price,Pricing,SimCorp,EMEA,Government Bond,1,11,18618.89,-0.6,0,0,62,High,Stale Price pattern detected from source controls,Pricing Control,24,Resolved,2026-05-07,Breached,16,0,Stale Price,0.758,Pricing Control,Most similar historical pattern: Stale Price,"Check vendor price history, compare secondary source, and escalate material moves.",False,55.8,"Stale Price in Pricing from SimCorp is ranked High because the item is 11 days old, has a break amount of 18618.89, and carries confidence 0.758.",0.455,True,Late source refresh,High
EXC0000621,Unknown / Needs SME Review,Reference Data,Murex,Americas,ETF,0,16,435.88,3.91,0,0,11,Low,Unknown / Needs SME Review pattern detected from source controls,Reference Data Ops,72,Escalated,2026-05-06,Breached,14,0,Unknown / Needs SME Review,0.728,Reference Data Ops,Most similar historical pattern: Unknown / Needs SME Review,Send to SME review with source evidence and model explanation.,True,37.1,"Unknown / Needs SME Review in Reference Data from Murex is ranked Low because the item is 16 days old, has a break amount of 435.88, and carries confidence 0.728.",0.0394,False,Aging unresolved item,Low
EXC0000622,Invalid Currency,Reference Data,ABOR,Americas,Government Bond,1,18,571.44,-0.99,0,1,2,Medium,Invalid Currency pattern detected from source controls,Reference Data Ops,48,Escalated,2026-03-23,Breached,9,0,Invalid Currency,0.903,Reference Data Ops,Most similar historical pattern: Invalid Currency,"Validate security currency, trade currency, and portfolio base currency mapping.",False,43.9,"Invalid Currency in Reference Data from ABOR is ranked Medium because the item is 18 days old, has a break amount of 571.44, and carries confidence 0.903.",0.1701,False,Aging unresolved item,Medium
EXC0000623,Position Reconciliation Break,Positions,Custodian,EMEA,Government Bond,0,15,61163.65,0.87,0,0,17,Critical,Position Reconciliation Break pattern detected from source controls,Reconciliation,8,Resolved,2026-04-30,Breached,18,1,Position Reconciliation Break,0.89,Reconciliation,Most similar historical pattern: Position Reconciliation Break,"Compare IBOR, ABOR, and custodian balances; prioritize material value gaps.",False,66.7,"Position Reconciliation Break in Positions from Custodian is ranked Critical because the item is 15 days old, has a break amount of 61163.65, and carries confidence 0.89.",0.1527,False,Aging unresolved item,Critical
EXC0000624,Performance Return Outlier,Positions,ABOR,Americas,Corporate Bond,1,3,65931.84,20.41,0,0,3,High,Performance Return Outlier pattern detected from source controls,Reconciliation,24,Resolved,2026-05-01,Breached,10,1,Performance Return Outlier,0.864,Reconciliation,Most similar historical pattern: Performance Return Outlier,"Check vendor price history, compare secondary source, and escalate material moves.",False,58.3,"Performance Return Outlier in Positions from ABOR is ranked High because the item is 3 days old, has a break amount of 65931.84, and carries confidence 0.864.",0.5991,True,Large price/return move,High
EXC0000625,Missing Client Mapping,Client Data,ABOR,Americas,Derivative,3,20,1021.02,-2.73,0,0,13,Medium,Missing Client Mapping pattern detected from source controls,Client Data Ops,48,Resolved,2026-05-18,Breached,18,0,Missing Client Mapping,0.945,Client Data Ops,Most similar historical pattern: Missing Client Mapping,Route to client-data operations to complete portfolio and account mapping.,False,43.9,"Missing Client Mapping in Client Data from ABOR is ranked Medium because the item is 20 days old, has a break amount of 1021.02, and carries confidence 0.945.",0.2175,False,Aging unresolved item,Medium
EXC0000626,Invalid Currency,Reference Data,Bloomberg,APAC,Corporate Bond,1,12,969.73,-1.29,0,1,9,Low,Invalid Currency pattern detected from source controls,Reference Data Ops,72,Resolved,2026-04-30,Breached,17,0,Invalid Currency,0.928,Reference Data Ops,Most similar historical pattern: Invalid Currency,"Validate security currency, trade currency, and portfolio base currency mapping.",False,35.2,"Invalid Currency in Reference Data from Bloomberg is ranked Low because the item is 12 days old, has a break amount of 969.73, and carries confidence 0.928.",0.0605,False,Multi-factor isolation signal,Low
EXC0000627,Stale Price,Pricing,Bloomberg,Americas,Corporate Bond,0,17,2607.92,1.4,0,0,62,Medium,Stale Price pattern detected from source controls,Pricing Control,48,Escalated,2026-05-15,Breached,12,0,Stale Price,0.914,Pricing Control,Most similar historical pattern: Stale Price,"Check vendor price history, compare secondary source, and escalate material moves.",False,44.0,"Stale Price in Pricing from Bloomberg is ranked Medium because the item is 17 days old, has a break amount of 2607.92, and carries confidence 0.914.",0.3425,False,Late source refresh,Medium
EXC0000628,Stale Price,Pricing,Murex,APAC,Corporate Bond,1,13,2446.71,1.31,0,0,32,Medium,Stale Price pattern detected from source controls,Pricing Control,48,Resolved,2026-05-08,Breached,15,0,Stale Price,0.958,Pricing Control,Most similar historical pattern: Stale Price,"Check vendor price history, compare secondary source, and escalate material moves.",False,43.7,"Stale Price in Pricing from Murex is ranked Medium because the item is 13 days old, has a break amount of 2446.71, and carries confidence 0.958.",0.1533,False,Aging unresolved item,Medium
EXC0000629,Delayed Source Load,Source Control,Bloomberg,APAC,Corporate Bond,1,7,1029.55,-0.47,0,0,59,Low,Delayed Source Load pattern detected from source controls,Source Systems,72,Suppressed,2026-04-06,Breached,10,0,Delayed Source Load,0.972,Source Systems,Most similar historical pattern: Delayed Source Load,Check source-system batch status and notify technology owner if SLA breached.,False,34.5,"Delayed Source Load in Source Control from Bloomberg is ranked Low because the item is 7 days old, has a break amount of 1029.55, and carries confidence 0.972.",0.318,False,Late source refresh,Low
EXC0000630,Invalid Currency,Reference Data,Aladdin,EMEA,Corporate Bond,1,14,4004.17,1.43,0,1,14,High,Invalid Currency pattern detected from source controls,Reference Data Ops,24,Resolved,2026-04-12,Breached,7,0,Invalid Currency,0.914,Reference Data Ops,Most similar historical pattern: Invalid Currency,"Validate security currency, trade currency, and portfolio base currency mapping.",False,52.7,"Invalid Currency in Reference Data from Aladdin is ranked High because the item is 14 days old, has a break amount of 4004.17, and carries confidence 0.914.",0.0289,False,Aging unresolved item,High
EXC0000631,Delayed Source Load,Source Control,ABOR,APAC,ETF,0,18,2856.89,2.17,0,0,90,High,Delayed Source Load pattern detected from source controls,Source Systems,24,Resolved,2026-04-17,Breached,22,0,Delayed Source Load,0.974,Source Systems,Most similar historical pattern: Delayed Source Load,Check source-system batch status and notify technology owner if SLA breached.,False,52.6,"Delayed Source Load in Source Control from ABOR is ranked High because the item is 18 days old, has a break amount of 2856.89, and carries confidence 0.974.",0.5072,True,Late source refresh,High
EXC0000632,Missing Client Mapping,Client Data,SimCorp,EMEA,ETF,2,18,5266.84,2.97,0,0,4,High,Missing Client Mapping pattern detected from source controls,Client Data Ops,24,Escalated,2026-05-06,Breached,15,0,Missing Client Mapping,0.934,Client Data Ops,Most similar historical pattern: Missing Client Mapping,Route to client-data operations to complete portfolio and account mapping.,False,52.9,"Missing Client Mapping in Client Data from SimCorp is ranked High because the item is 18 days old, has a break amount of 5266.84, and carries confidence 0.934.",0.1013,False,Aging unresolved item,High
EXC0000633,Performance Return Outlier,Positions,SimCorp,APAC,Government Bond,0,20,17263.4,14.99,0,0,8,Critical,Performance Return Outlier pattern detected from source controls,Reconciliation,8,Open,2026-04-08,Breached,4,0,Performance Return Outlier,0.724,Reconciliation,Most similar historical pattern: Performance Return Outlier,"Check vendor price history, compare secondary source, and escalate material moves.",False,64.3,"Performance Return Outlier in Positions from SimCorp is ranked Critical because the item is 20 days old, has a break amount of 17263.4, and carries confidence 0.724.",0.4145,False,Large price/return move,Critical
EXC0000634,Trade Match Break,Trades,IBOR,APAC,Corporate Bond,1,1,8989.95,4.52,0,0,7,Medium,Trade Match Break pattern detected from source controls,Trade Support,48,Open,2026-05-10,Within SLA,21,0,Trade Match Break,0.866,Trade Support,Most similar historical pattern: Trade Match Break,Review counterparty economic fields and run fuzzy security/client match.,False,25.4,"Trade Match Break in Trades from IBOR is ranked Medium because the item is 1 days old, has a break amount of 8989.95, and carries confidence 0.866.",0.2102,False,Multi-factor isolation signal,Medium
EXC0000635,Trade Match Break,Trades,Murex,APAC,Corporate Bond,0,20,8893.85,1.77,0,0,0,High,Trade Match Break pattern detected from source controls,Trade Support,24,Resolved,2026-04-07,Breached,20,0,Trade Match Break,0.788,Trade Support,Most similar historical pattern: Trade Match Break,Review counterparty economic fields and run fuzzy security/client match.,False,54.9,"Trade Match Break in Trades from Murex is ranked High because the item is 20 days old, has a break amount of 8893.85, and carries confidence 0.788.",0.2152,False,Aging unresolved item,High
EXC0000636,Price Outlier,Pricing,Aladdin,EMEA,ETF,0,7,2787.4,13.54,0,0,12,Medium,Price Outlier pattern detected from source controls,Pricing Control,48,Resolved,2026-04-07,Breached,17,0,Price Outlier,0.955,Pricing Control,Most similar historical pattern: Price Outlier,"Check vendor price history, compare secondary source, and escalate material moves.",False,43.9,"Price Outlier in Pricing from Aladdin is ranked Medium because the item is 7 days old, has a break amount of 2787.4, and carries confidence 0.955.",0.2583,False,Large price/return move,Medium
EXC0000637,Missing Reference Data,Reference Data,IBOR,Americas,ETF,4,19,2407.29,0.76,0,0,1,High,Missing Reference Data pattern detected from source controls,Reference Data Ops,24,Resolved,2026-05-15,Breached,25,0,Missing Reference Data,0.825,Reference Data Ops,Most similar historical pattern: Missing Reference Data,"Validate security master fields, enrich ISIN/ticker, and rerun downstream load.",False,54.2,"Missing Reference Data in Reference Data from IBOR is ranked High because the item is 19 days old, has a break amount of 2407.29, and carries confidence 0.825.",0.1565,False,Aging unresolved item,High
EXC0000638,Position Reconciliation Break,Positions,Bloomberg,Americas,Government Bond,0,11,18725.25,-1.67,0,0,15,High,Position Reconciliation Break pattern detected from source controls,Reconciliation,24,Resolved,2026-04-13,Breached,32,0,Position Reconciliation Break,0.905,Reconciliation,Most similar historical pattern: Position Reconciliation Break,"Compare IBOR, ABOR, and custodian balances; prioritize material value gaps.",False,55.0,"Position Reconciliation Break in Positions from Bloomberg is ranked High because the item is 11 days old, has a break amount of 18725.25, and carries confidence 0.905.",0.1307,False,Multi-factor isolation signal,High
EXC0000639,Position Reconciliation Break,Positions,Murex,APAC,Corporate Bond,1,15,108079.08,3.61,0,0,3,Critical,Position Reconciliation Break pattern detected from source controls,Reconciliation,8,Resolved,2026-03-24,Breached,23,1,Position Reconciliation Break,0.772,Reconciliation,Most similar historical pattern: Position Reconciliation Break,"Compare IBOR, ABOR, and custodian balances; prioritize material value gaps.",False,71.8,"Position Reconciliation Break in Positions from Murex is ranked Critical because the item is 15 days old, has a break amount of 108079.08, and carries confidence 0.772.",0.3074,False,High-value reconciliation break,Critical
EXC0000640,Missing Reference Data,Reference Data,Murex,APAC,Government Bond,3,17,398.98,4.93,0,0,12,Low,Missing Reference Data pattern detected from source controls,Reference Data Ops,72,Resolved,2026-04-12,Breached,15,0,Missing Reference Data,0.809,Reference Data Ops,Most similar historical pattern: Missing Reference Data,"Validate security master fields, enrich ISIN/ticker, and rerun downstream load.",False,36.3,"Missing Reference Data in Reference Data from Murex is ranked Low because the item is 17 days old, has a break amount of 398.98, and carries confidence 0.809.",0.0921,False,Aging unresolved item,Low
EXC0000641,Duplicate Record,Trades,Aladdin,APAC,Government Bond,0,17,95199.1,1.48,1,0,17,Critical,Duplicate Record pattern detected from source controls,Trade Support,8,Resolved,2026-03-22,Breached,15,1,Duplicate Record,0.923,Trade Support,Most similar historical pattern: Duplicate Record,Confirm duplicate key collision and suppress or merge after control approval.,False,69.0,"Duplicate Record in Trades from Aladdin is ranked Critical because the item is 17 days old, has a break amount of 95199.1, and carries confidence 0.923.",0.2943,False,High-value reconciliation break,Critical
EXC0000642,Trade Match Break,Trades,Aladdin,EMEA,Equity,0,7,12716.04,4.41,0,0,7,Medium,Trade Match Break pattern detected from source controls,Trade Support,48,Resolved,2026-03-30,Breached,27,0,Trade Match Break,0.897,Trade Support,Most similar historical pattern: Trade Match Break,Review counterparty economic fields and run fuzzy security/client match.,False,45.6,"Trade Match Break in Trades from Aladdin is ranked Medium because the item is 7 days old, has a break amount of 12716.04, and carries confidence 0.897.",0.108,False,Multi-factor isolation signal,Medium
EXC0000643,Position Reconciliation Break,Positions,Refinitiv,EMEA,Derivative,0,14,25686.89,4.24,0,0,4,High,Position Reconciliation Break pattern detected from source controls,Reconciliation,24,Open,2026-05-17,Breached,17,0,Position Reconciliation Break,0.736,Reconciliation,Most similar historical pattern: Position Reconciliation Break,"Compare IBOR, ABOR, and custodian balances; prioritize material value gaps.",False,56.6,"Position Reconciliation Break in Positions from Refinitiv is ranked High because the item is 14 days old, has a break amount of 25686.89, and carries confidence 0.736.",0.1031,False,Aging unresolved item,High
EXC0000644,Position Reconciliation Break,Positions,Aladdin,EMEA,ETF,0,12,14681.24,2.26,0,0,4,High,Position Reconciliation Break pattern detected from source controls,Reconciliation,24,Resolved,2026-03-26,Breached,20,0,Position Reconciliation Break,0.838,Reconciliation,Most similar historical pattern: Position Reconciliation Break,"Compare IBOR, ABOR, and custodian balances; prioritize material value gaps.",False,54.8,"Position Reconciliation Break in Positions from Aladdin is ranked High because the item is 12 days old, has a break amount of 14681.24, and carries confidence 0.838.",0.0542,False,Multi-factor isolation signal,High
EXC0000645,Trade Match Break,Trades,Bloomberg,APAC,Corporate Bond,0,7,62811.41,2.82,0,0,9,High,Trade Match Break pattern detected from source controls,Trade Support,24,Resolved,2026-05-15,Breached,40,1,Trade Match Break,0.915,Trade Support,Most similar historical pattern: Trade Match Break,Review counterparty economic fields and run fuzzy security/client match.,False,58.7,"Trade Match Break in Trades from Bloomberg is ranked High because the item is 7 days old, has a break amount of 62811.41, and carries confidence 0.915.",0.1918,False,Multi-factor isolation signal,High
EXC0000646,Invalid Currency,Reference Data,SimCorp,Americas,Derivative,1,0,1028.9,3.87,0,1,5,Low,Invalid Currency pattern detected from source controls,Reference Data Ops,72,Escalated,2026-05-07,Within SLA,20,0,Invalid Currency,0.825,Reference Data Ops,Most similar historical pattern: Invalid Currency,"Validate security currency, trade currency, and portfolio base currency mapping.",False,16.4,"Invalid Currency in Reference Data from SimCorp is ranked Low because the item is 0 days old, has a break amount of 1028.9, and carries confidence 0.825.",0.2268,False,Multi-factor isolation signal,Low
EXC0000647,Position Reconciliation Break,Positions,Murex,EMEA,ETF,0,17,75442.24,-1.99,0,0,17,Critical,Position Reconciliation Break pattern detected from source controls,Reconciliation,8,Resolved,2026-03-31,Breached,23,1,Position Reconciliation Break,0.797,Reconciliation,Most similar historical pattern: Position Reconciliation Break,"Compare IBOR, ABOR, and custodian balances; prioritize material value gaps.",False,69.0,"Position Reconciliation Break in Positions from Murex is ranked Critical because the item is 17 days old, has a break amount of 75442.24, and carries confidence 0.797.",0.3462,False,High-value reconciliation break,Critical
EXC0000648,Trade Match Break,Trades,IBOR,EMEA,Government Bond,1,9,42313.3,2.12,0,0,16,High,Trade Match Break pattern detected from source controls,Trade Support,24,Open,2026-04-20,Breached,21,0,Trade Match Break,0.938,Trade Support,Most similar historical pattern: Trade Match Break,Review counterparty economic fields and run fuzzy security/client match.,False,56.1,"Trade Match Break in Trades from IBOR is ranked High because the item is 9 days old, has a break amount of 42313.3, and carries confidence 0.938.",0.1219,False,Multi-factor isolation signal,High
EXC0000649,Trade Match Break,Trades,SimCorp,APAC,Derivative,0,5,5187.63,2.89,0,0,13,Medium,Trade Match Break pattern detected from source controls,Trade Support,48,Escalated,2026-04-13,Breached,25,0,Trade Match Break,0.727,Trade Support,Most similar historical pattern: Trade Match Break,Review counterparty economic fields and run fuzzy security/client match.,False,46.6,"Trade Match Break in Trades from SimCorp is ranked Medium because the item is 5 days old, has a break amount of 5187.63, and carries confidence 0.727.",0.0732,False,Multi-factor isolation signal,Medium
EXC0000650,Missing Reference Data,Reference Data,Custodian,Americas,Corporate Bond,2,7,5239.48,-2.09,0,0,6,Medium,Missing Reference Data pattern detected from source controls,Reference Data Ops,48,Open,2026-05-02,Breached,20,0,Missing Reference Data,0.848,Reference Data Ops,Most similar historical pattern: Missing Reference Data,"Validate security master fields, enrich ISIN/ticker, and rerun downstream load.",False,45.2,"Missing Reference Data in Reference Data from Custodian is ranked Medium because the item is 7 days old, has a break amount of 5239.48, and carries confidence 0.848.",0.131,False,Multi-factor isolation signal,Medium
EXC0000651,Missing Client Mapping,Client Data,IBOR,APAC,Corporate Bond,2,9,1793.49,6.28,0,0,2,Medium,Missing Client Mapping pattern detected from source controls,Client Data Ops,48,Suppressed,2026-03-21,Breached,15,0,Missing Client Mapping,0.977,Client Data Ops,Most similar historical pattern: Missing Client Mapping,Route to client-data operations to complete portfolio and account mapping.,False,43.5,"Missing Client Mapping in Client Data from IBOR is ranked Medium because the item is 9 days old, has a break amount of 1793.49, and carries confidence 0.977.",0.1333,False,Multi-factor isolation signal,Medium
EXC0000652,Unknown / Needs SME Review,Reference Data,ABOR,EMEA,Derivative,0,21,1076.61,4.23,0,0,4,Medium,Unknown / Needs SME Review pattern detected from source controls,Reference Data Ops,48,Resolved,2026-05-14,Breached,11,0,Unknown / Needs SME Review,0.763,Reference Data Ops,Most similar historical pattern: Unknown / Needs SME Review,Send to SME review with source evidence and model explanation.,True,45.4,"Unknown / Needs SME Review in Reference Data from ABOR is ranked Medium because the item is 21 days old, has a break amount of 1076.61, and carries confidence 0.763.",0.2602,False,Aging unresolved item,Medium
EXC0000653,Stale Price,Pricing,IBOR,APAC,Equity,0,7,1036.04,4.25,0,0,22,Low,Stale Price pattern detected from source controls,Pricing Control,72,Resolved,2026-05-05,Breached,22,0,Stale Price,0.929,Pricing Control,Most similar historical pattern: Stale Price,"Check vendor price history, compare secondary source, and escalate material moves.",False,35.4,"Stale Price in Pricing from IBOR is ranked Low because the item is 7 days old, has a break amount of 1036.04, and carries confidence 0.929.",0.1153,False,Multi-factor isolation signal,Low
EXC0000654,Price Outlier,Pricing,Custodian,EMEA,Derivative,0,2,753.56,9.24,0,0,16,Low,Price Outlier pattern detected from source controls,Pricing Control,72,Open,2026-03-30,Within SLA,14,0,Price Outlier,0.913,Pricing Control,Most similar historical pattern: Price Outlier,"Check vendor price history, compare secondary source, and escalate material moves.",False,15.2,"Price Outlier in Pricing from Custodian is ranked Low because the item is 2 days old, has a break amount of 753.56, and carries confidence 0.913.",0.2464,False,Multi-factor isolation signal,Low
EXC0000655,Delayed Source Load,Source Control,ABOR,APAC,Derivative,0,3,864.28,-0.87,0,0,69,Low,Delayed Source Load pattern detected from source controls,Source Systems,72,Resolved,2026-04-02,Within SLA,22,0,Delayed Source Load,0.97,Source Systems,Most similar historical pattern: Delayed Source Load,Check source-system batch status and notify technology owner if SLA breached.,False,15.0,"Delayed Source Load in Source Control from ABOR is ranked Low because the item is 3 days old, has a break amount of 864.28, and carries confidence 0.97.",0.4028,False,Late source refresh,Low
EXC0000656,Invalid Currency,Reference Data,Bloomberg,Americas,Corporate Bond,0,20,1564.99,-1.67,0,1,19,Medium,Invalid Currency pattern detected from source controls,Reference Data Ops,48,Resolved,2026-05-02,Breached,17,0,Invalid Currency,0.911,Reference Data Ops,Most similar historical pattern: Invalid Currency,"Validate security currency, trade currency, and portfolio base currency mapping.",False,44.2,"Invalid Currency in Reference Data from Bloomberg is ranked Medium because the item is 20 days old, has a break amount of 1564.99, and carries confidence 0.911.",0.2217,False,Aging unresolved item,Medium
EXC0000657,Trade Match Break,Trades,Murex,APAC,Government Bond,1,17,44782.92,1.25,0,0,8,Critical,Trade Match Break pattern detected from source controls,Trade Support,8,Resolved,2026-04-18,Breached,20,0,Trade Match Break,0.871,Trade Support,Most similar historical pattern: Trade Match Break,Review counterparty economic fields and run fuzzy security/client match.,False,65.7,"Trade Match Break in Trades from Murex is ranked Critical because the item is 17 days old, has a break amount of 44782.92, and carries confidence 0.871.",0.1513,False,Aging unresolved item,Critical
EXC0000658,Duplicate Record,Trades,SimCorp,Americas,Derivative,0,0,54564.8,3.24,1,0,11,Medium,Duplicate Record pattern detected from source controls,Trade Support,48,Open,2026-05-17,Within SLA,19,1,Duplicate Record,0.854,Trade Support,Most similar historical pattern: Duplicate Record,Confirm duplicate key collision and suppress or merge after control approval.,False,29.1,"Duplicate Record in Trades from SimCorp is ranked Medium because the item is 0 days old, has a break amount of 54564.8, and carries confidence 0.854.",0.3594,False,Multi-factor isolation signal,Medium
EXC0000659,Performance Return Outlier,Positions,ABOR,EMEA,Corporate Bond,1,10,30256.17,12.72,0,0,4,High,Performance Return Outlier pattern detected from source controls,Reconciliation,24,Open,2026-04-16,Breached,10,0,Performance Return Outlier,0.863,Reconciliation,Most similar historical pattern: Performance Return Outlier,"Check vendor price history, compare secondary source, and escalate material moves.",False,55.4,"Performance Return Outlier in Positions from ABOR is ranked High because the item is 10 days old, has a break amount of 30256.17, and carries confidence 0.863.",0.3497,False,Large price/return move,High
EXC0000660,Stale Price,Pricing,Murex,APAC,Corporate Bond,1,5,1947.52,5.78,0,0,78,Low,Stale Price pattern detected from source controls,Pricing Control,72,Open,2026-03-29,Breached,15,0,Stale Price,0.939,Pricing Control,Most similar historical pattern: Stale Price,"Check vendor price history, compare secondary source, and escalate material moves.",False,35.1,"Stale Price in Pricing from Murex is ranked Low because the item is 5 days old, has a break amount of 1947.52, and carries confidence 0.939.",0.4749,True,Late source refresh,Low
EXC0000661,Invalid Currency,Reference Data,Bloomberg,EMEA,Equity,1,11,1378.44,0.72,0,1,12,Low,Invalid Currency pattern detected from source controls,Reference Data Ops,72,Escalated,2026-05-07,Breached,17,0,Invalid Currency,0.898,Reference Data Ops,Most similar historical pattern: Invalid Currency,"Validate security currency, trade currency, and portfolio base currency mapping.",False,35.6,"Invalid Currency in Reference Data from Bloomberg is ranked Low because the item is 11 days old, has a break amount of 1378.44, and carries confidence 0.898.",0.0109,False,Multi-factor isolation signal,Low
EXC0000662,Delayed Source Load,Source Control,IBOR,APAC,Corporate Bond,1,13,883.65,0.6,0,0,36,Low,Delayed Source Load pattern detected from source controls,Source Systems,72,Resolved,2026-03-24,Breached,15,0,Delayed Source Load,0.973,Source Systems,Most similar historical pattern: Delayed Source Load,Check source-system batch status and notify technology owner if SLA breached.,False,34.7,"Delayed Source Load in Source Control from IBOR is ranked Low because the item is 13 days old, has a break amount of 883.65, and carries confidence 0.973.",0.1641,False,Aging unresolved item,Low
EXC0000663,Missing Reference Data,Reference Data,ABOR,APAC,Equity,1,11,266.95,1.52,0,0,8,Low,Missing Reference Data pattern detected from source controls,Reference Data Ops,72,Escalated,2026-04-13,Breached,25,0,Unknown / Needs SME Review,0.541,Reference Data Ops,Most similar historical pattern: Unknown / Needs SME Review,Send to SME review with source evidence and model explanation.,True,39.4,"Unknown / Needs SME Review in Reference Data from ABOR is ranked Low because the item is 11 days old, has a break amount of 266.95, and carries confidence 0.541.",0.0326,False,Multi-factor isolation signal,Low
EXC0000664,Performance Return Outlier,Positions,Bloomberg,APAC,Corporate Bond,1,10,10799.67,3.61,0,0,18,High,Performance Return Outlier pattern detected from source controls,Reconciliation,24,Resolved,2026-05-17,Breached,8,0,Position Reconciliation Break,0.573,Reconciliation,Most similar historical pattern: Position Reconciliation Break,"Compare IBOR, ABOR, and custodian balances; prioritize material value gaps.",True,56.7,"Position Reconciliation Break in Positions from Bloomberg is ranked High because the item is 10 days old, has a break amount of 10799.67, and carries confidence 0.573.",0.0491,False,Multi-factor isolation signal,High
EXC0000665,Unknown / Needs SME Review,Reference Data,Custodian,EMEA,Government Bond,0,15,1751.64,5.25,0,0,10,Medium,Unknown / Needs SME Review pattern detected from source controls,Reference Data Ops,48,Suppressed,2026-04-25,Breached,10,0,Unknown / Needs SME Review,0.782,Reference Data Ops,Most similar historical pattern: Unknown / Needs SME Review,Send to SME review with source evidence and model explanation.,True,45.2,"Unknown / Needs SME Review in Reference Data from Custodian is ranked Medium because the item is 15 days old, has a break amount of 1751.64, and carries confidence 0.782.",0.0622,False,Aging unresolved item,Medium
EXC0000666,Missing Client Mapping,Client Data,ABOR,APAC,ETF,3,15,2336.85,0.87,0,0,8,Medium,Missing Client Mapping pattern detected from source controls,Client Data Ops,48,Escalated,2026-05-09,Breached,18,0,Missing Client Mapping,0.982,Client Data Ops,Most similar historical pattern: Missing Client Mapping,Route to client-data operations to complete portfolio and account mapping.,False,43.6,"Missing Client Mapping in Client Data from ABOR is ranked Medium because the item is 15 days old, has a break amount of 2336.85, and carries confidence 0.982.",0.0049,False,Aging unresolved item,Medium
EXC0000667,Position Reconciliation Break,Positions,IBOR,Americas,Derivative,0,3,45666.42,2.13,0,0,2,High,Position Reconciliation Break pattern detected from source controls,Reconciliation,24,Escalated,2026-05-06,Breached,27,0,Position Reconciliation Break,0.874,Reconciliation,Most similar historical pattern: Position Reconciliation Break,"Compare IBOR, ABOR, and custodian balances; prioritize material value gaps.",False,57.2,"Position Reconciliation Break in Positions from IBOR is ranked High because the item is 3 days old, has a break amount of 45666.42, and carries confidence 0.874.",0.2074,False,Multi-factor isolation signal,High
EXC0000668,Duplicate Record,Trades,ABOR,Americas,Corporate Bond,1,15,59162.36,3.54,1,0,15,Critical,Duplicate Record pattern detected from source controls,Trade Support,8,Escalated,2026-05-15,Breached,17,1,Duplicate Record,0.911,Trade Support,Most similar historical pattern: Duplicate Record,Confirm duplicate key collision and suppress or merge after control approval.,False,66.3,"Duplicate Record in Trades from ABOR is ranked Critical because the item is 15 days old, has a break amount of 59162.36, and carries confidence 0.911.",0.1511,False,Aging unresolved item,Critical
EXC0000669,Duplicate Record,Trades,Bloomberg,EMEA,Government Bond,1,11,50453.17,-0.38,1,0,18,High,Duplicate Record pattern detected from source controls,Trade Support,24,Escalated,2026-03-30,Breached,17,1,Duplicate Record,0.932,Trade Support,Most similar historical pattern: Duplicate Record,Confirm duplicate key collision and suppress or merge after control approval.,False,56.6,"Duplicate Record in Trades from Bloomberg is ranked High because the item is 11 days old, has a break amount of 50453.17, and carries confidence 0.932.",0.1565,False,Multi-factor isolation signal,High
EXC0000670,Stale Price,Pricing,Custodian,EMEA,Equity,0,8,1956.45,2.19,0,0,35,Medium,Stale Price pattern detected from source controls,Pricing Control,48,Resolved,2026-04-09,Breached,21,0,Stale Price,0.949,Pricing Control,Most similar historical pattern: Stale Price,"Check vendor price history, compare secondary source, and escalate material moves.",False,44.0,"Stale Price in Pricing from Custodian is ranked Medium because the item is 8 days old, has a break amount of 1956.45, and carries confidence 0.949.",0.1767,False,Multi-factor isolation signal,Medium
EXC0000671,Price Outlier,Pricing,ABOR,EMEA,Corporate Bond,1,5,3329.7,14.09,0,0,18,Medium,Price Outlier pattern detected from source controls,Pricing Control,48,Escalated,2026-05-07,Breached,19,0,Price Outlier,0.959,Pricing Control,Most similar historical pattern: Price Outlier,"Check vendor price history, compare secondary source, and escalate material moves.",False,43.9,"Price Outlier in Pricing from ABOR is ranked Medium because the item is 5 days old, has a break amount of 3329.7, and carries confidence 0.959.",0.3281,False,Large price/return move,Medium
EXC0000672,Missing Reference Data,Reference Data,SimCorp,EMEA,Corporate Bond,1,12,3953.3,3.94,0,0,18,Medium,Missing Reference Data pattern detected from source controls,Reference Data Ops,48,Resolved,2026-05-14,Breached,15,0,Missing Reference Data,0.467,Reference Data Ops,Most similar historical pattern: Missing Reference Data,"Validate security master fields, enrich ISIN/ticker, and rerun downstream load.",True,48.7,"Missing Reference Data in Reference Data from SimCorp is ranked Medium because the item is 12 days old, has a break amount of 3953.3, and carries confidence 0.467.",0.0313,False,Multi-factor isolation signal,Medium
EXC0000673,Trade Match Break,Trades,Refinitiv,EMEA,Derivative,0,21,146610.52,1.52,0,0,6,Critical,Trade Match Break pattern detected from source controls,Trade Support,8,Escalated,2026-05-01,Breached,15,1,Trade Match Break,0.883,Trade Support,Most similar historical pattern: Trade Match Break,Review counterparty economic fields and run fuzzy security/client match.,False,73.5,"Trade Match Break in Trades from Refinitiv is ranked Critical because the item is 21 days old, has a break amount of 146610.52, and carries confidence 0.883.",0.5032,True,High-value reconciliation break,Critical
EXC0000674,Missing Client Mapping,Client Data,Custodian,APAC,Derivative,2,10,929.33,-5.64,0,0,15,Low,Missing Client Mapping pattern detected from source controls,Client Data Ops,72,Resolved,2026-05-02,Breached,11,0,Missing Client Mapping,0.968,Client Data Ops,Most similar historical pattern: Missing Client Mapping,Route to client-data operations to complete portfolio and account mapping.,False,34.6,"Missing Client Mapping in Client Data from Custodian is ranked Low because the item is 10 days old, has a break amount of 929.33, and carries confidence 0.968.",0.2471,False,Multi-factor isolation signal,Low
EXC0000675,Delayed Source Load,Source Control,ABOR,APAC,Corporate Bond,1,1,2207.34,-0.84,0,0,95,Low,Delayed Source Load pattern detected from source controls,Source Systems,72,Resolved,2026-05-14,Within SLA,22,0,Delayed Source Load,0.96,Source Systems,Most similar historical pattern: Delayed Source Load,Check source-system batch status and notify technology owner if SLA breached.,False,15.2,"Delayed Source Load in Source Control from ABOR is ranked Low because the item is 1 days old, has a break amount of 2207.34, and carries confidence 0.96.",0.5826,True,Late source refresh,High
EXC0000676,Trade Match Break,Trades,ABOR,EMEA,Equity,0,5,13520.27,-2.25,0,0,7,Medium,Trade Match Break pattern detected from source controls,Trade Support,48,Resolved,2026-05-12,Breached,28,0,Trade Match Break,0.91,Trade Support,Most similar historical pattern: Trade Match Break,Review counterparty economic fields and run fuzzy security/client match.,False,45.6,"Trade Match Break in Trades from ABOR is ranked Medium because the item is 5 days old, has a break amount of 13520.27, and carries confidence 0.91.",0.1575,False,Multi-factor isolation signal,Medium
EXC0000677,Duplicate Record,Trades,Refinitiv,APAC,Equity,0,20,30875.37,6.32,1,0,3,Critical,Duplicate Record pattern detected from source controls,Trade Support,8,Resolved,2026-04-09,Breached,12,0,Duplicate Record,0.9,Trade Support,Most similar historical pattern: Duplicate Record,Confirm duplicate key collision and suppress or merge after control approval.,False,64.0,"Duplicate Record in Trades from Refinitiv is ranked Critical because the item is 20 days old, has a break amount of 30875.37, and carries confidence 0.9.",0.3228,False,Aging unresolved item,Critical
EXC0000678,Duplicate Record,Trades,Murex,Americas,Government Bond,0,17,23802.85,5.04,1,0,0,High,Duplicate Record pattern detected from source controls,Trade Support,24,Open,2026-04-04,Breached,22,0,Duplicate Record,0.938,Trade Support,Most similar historical pattern: Duplicate Record,Confirm duplicate key collision and suppress or merge after control approval.,False,54.7,"Duplicate Record in Trades from Murex is ranked High because the item is 17 days old, has a break amount of 23802.85, and carries confidence 0.938.",0.2167,False,Aging unresolved item,High
EXC0000679,Position Reconciliation Break,Positions,Custodian,Americas,Derivative,0,1,33366.47,-3.88,0,0,11,Medium,Position Reconciliation Break pattern detected from source controls,Reconciliation,48,Open,2026-05-02,Within SLA,18,0,Position Reconciliation Break,0.821,Reconciliation,Most similar historical pattern: Position Reconciliation Break,"Compare IBOR, ABOR, and custodian balances; prioritize material value gaps.",False,27.7,"Position Reconciliation Break in Positions from Custodian is ranked Medium because the item is 1 days old, has a break amount of 33366.47, and carries confidence 0.821.",0.393,False,Multi-factor isolation signal,Medium
EXC0000680,Invalid Currency,Reference Data,Custodian,APAC,Government Bond,0,17,1645.44,-1.03,0,1,1,Medium,Invalid Currency pattern detected from source controls,Reference Data Ops,48,Resolved,2026-04-26,Breached,11,0,Invalid Currency,0.906,Reference Data Ops,Most similar historical pattern: Invalid Currency,"Validate security currency, trade currency, and portfolio base currency mapping.",False,44.0,"Invalid Currency in Reference Data from Custodian is ranked Medium because the item is 17 days old, has a break amount of 1645.44, and carries confidence 0.906.",0.1465,False,Aging unresolved item,Medium
EXC0000681,Stale Price,Pricing,Aladdin,APAC,Corporate Bond,1,2,3097.18,-1.96,0,0,24,Low,Stale Price pattern detected from source controls,Pricing Control,72,Resolved,2026-03-23,Within SLA,20,0,Stale Price,0.929,Pricing Control,Most similar historical pattern: Stale Price,"Check vendor price history, compare secondary source, and escalate material moves.",False,15.5,"Stale Price in Pricing from Aladdin is ranked Low because the item is 2 days old, has a break amount of 3097.18, and carries confidence 0.929.",0.261,False,Multi-factor isolation signal,Low
EXC0000682,Missing Reference Data,Reference Data,SimCorp,EMEA,Derivative,1,6,1371.86,2.04,0,0,3,Low,Missing Reference Data pattern detected from source controls,Reference Data Ops,72,Resolved,2026-04-29,Breached,15,0,Missing Reference Data,0.453,Reference Data Ops,Most similar historical pattern: Missing Reference Data,"Validate security master fields, enrich ISIN/ticker, and rerun downstream load.",True,39.9,"Missing Reference Data in Reference Data from SimCorp is ranked Low because the item is 6 days old, has a break amount of 1371.86, and carries confidence 0.453.",0.06,False,Multi-factor isolation signal,Low
EXC0000683,Trade Match Break,Trades,Aladdin,Americas,Government Bond,1,19,85571.65,-0.89,0,0,12,Critical,Trade Match Break pattern detected from source controls,Trade Support,8,Resolved,2026-04-05,Breached,27,1,Trade Match Break,0.919,Trade Support,Most similar historical pattern: Trade Match Break,Review counterparty economic fields and run fuzzy security/client match.,False,68.7,"Trade Match Break in Trades from Aladdin is ranked Critical because the item is 19 days old, has a break amount of 85571.65, and carries confidence 0.919.",0.3353,False,High-value reconciliation break,Critical
EXC0000684,Unknown / Needs SME Review,Reference Data,Aladdin,Americas,Corporate Bond,1,14,951.73,0.84,0,0,9,Low,Unknown / Needs SME Review pattern detected from source controls,Reference Data Ops,72,Open,2026-03-30,Breached,9,0,Unknown / Needs SME Review,0.584,Reference Data Ops,Most similar historical pattern: Unknown / Needs SME Review,Send to SME review with source evidence and model explanation.,True,38.3,"Unknown / Needs SME Review in Reference Data from Aladdin is ranked Low because the item is 14 days old, has a break amount of 951.73, and carries confidence 0.584.",0.0203,False,Aging unresolved item,Low
EXC0000685,Unknown / Needs SME Review,Reference Data,Murex,EMEA,Derivative,1,14,3141.89,-1.94,0,0,18,Medium,Unknown / Needs SME Review pattern detected from source controls,Reference Data Ops,48,Open,2026-03-26,Breached,14,0,Unknown / Needs SME Review,0.702,Reference Data Ops,Most similar historical pattern: Unknown / Needs SME Review,Send to SME review with source evidence and model explanation.,True,46.3,"Unknown / Needs SME Review in Reference Data from Murex is ranked Medium because the item is 14 days old, has a break amount of 3141.89, and carries confidence 0.702.",0.1078,False,Aging unresolved item,Medium
EXC0000686,Duplicate Record,Trades,Bloomberg,Americas,Derivative,0,4,28288.49,2.58,1,0,13,Medium,Duplicate Record pattern detected from source controls,Trade Support,48,Resolved,2026-03-22,Breached,17,0,Duplicate Record,0.901,Trade Support,Most similar historical pattern: Duplicate Record,Confirm duplicate key collision and suppress or merge after control approval.,False,46.4,"Duplicate Record in Trades from Bloomberg is ranked Medium because the item is 4 days old, has a break amount of 28288.49, and carries confidence 0.901.",0.1484,False,Multi-factor isolation signal,Medium
EXC0000687,Position Reconciliation Break,Positions,IBOR,APAC,Corporate Bond,1,7,21590.58,-2.7,0,0,3,High,Position Reconciliation Break pattern detected from source controls,Reconciliation,24,Open,2026-05-08,Breached,27,0,Position Reconciliation Break,0.858,Reconciliation,Most similar historical pattern: Position Reconciliation Break,"Compare IBOR, ABOR, and custodian balances; prioritize material value gaps.",False,55.5,"Position Reconciliation Break in Positions from IBOR is ranked High because the item is 7 days old, has a break amount of 21590.58, and carries confidence 0.858.",0.1703,False,Multi-factor isolation signal,High
EXC0000688,Duplicate Record,Trades,Custodian,Americas,Derivative,0,2,40959.79,7.76,1,0,5,Medium,Duplicate Record pattern detected from source controls,Trade Support,48,Suppressed,2026-03-23,Within SLA,22,0,Duplicate Record,0.851,Trade Support,Most similar historical pattern: Duplicate Record,Confirm duplicate key collision and suppress or merge after control approval.,False,28.1,"Duplicate Record in Trades from Custodian is ranked Medium because the item is 2 days old, has a break amount of 40959.79, and carries confidence 0.851.",0.3418,False,Multi-factor isolation signal,Medium
EXC0000689,Trade Match Break,Trades,SimCorp,APAC,Government Bond,0,12,63565.02,5.26,0,0,4,High,Trade Match Break pattern detected from source controls,Trade Support,24,Open,2026-04-11,Breached,25,1,Trade Match Break,0.913,Trade Support,Most similar historical pattern: Trade Match Break,Review counterparty economic fields and run fuzzy security/client match.,False,58.2,"Trade Match Break in Trades from SimCorp is ranked High because the item is 12 days old, has a break amount of 63565.02, and carries confidence 0.913.",0.2232,False,Multi-factor isolation signal,High
EXC0000690,Price Outlier,Pricing,ABOR,EMEA,Corporate Bond,1,10,2110.23,1.69,0,0,9,Medium,Price Outlier pattern detected from source controls,Pricing Control,48,Resolved,2026-05-05,Breached,19,0,Price Outlier,0.757,Pricing Control,Most similar historical pattern: Price Outlier,"Check vendor price history, compare secondary source, and escalate material moves.",False,45.9,"Price Outlier in Pricing from ABOR is ranked Medium because the item is 10 days old, has a break amount of 2110.23, and carries confidence 0.757.",0.0207,False,Multi-factor isolation signal,Medium
EXC0000691,Missing Reference Data,Reference Data,Custodian,Americas,Derivative,2,3,732.68,3.02,0,0,1,Low,Missing Reference Data pattern detected from source controls,Reference Data Ops,72,Escalated,2026-03-28,Within SLA,20,0,Missing Reference Data,0.891,Reference Data Ops,Most similar historical pattern: Missing Reference Data,"Validate security master fields, enrich ISIN/ticker, and rerun downstream load.",False,15.7,"Missing Reference Data in Reference Data from Custodian is ranked Low because the item is 3 days old, has a break amount of 732.68, and carries confidence 0.891.",0.1115,False,Multi-factor isolation signal,Low
EXC0000692,Missing Reference Data,Reference Data,ABOR,Americas,Equity,4,6,1829.48,5.39,0,0,8,Low,Missing Reference Data pattern detected from source controls,Reference Data Ops,72,Resolved,2026-04-26,Breached,25,0,Missing Reference Data,0.89,Reference Data Ops,Most similar historical pattern: Missing Reference Data,"Validate security master fields, enrich ISIN/ticker, and rerun downstream load.",False,36.0,"Missing Reference Data in Reference Data from ABOR is ranked Low because the item is 6 days old, has a break amount of 1829.48, and carries confidence 0.89.",0.0971,False,Multi-factor isolation signal,Low
EXC0000693,Unknown / Needs SME Review,Reference Data,ABOR,APAC,Corporate Bond,0,1,181.94,3.73,0,0,6,Low,Unknown / Needs SME Review pattern detected from source controls,Reference Data Ops,72,Resolved,2026-03-23,Within SLA,11,0,Unknown / Needs SME Review,0.665,Reference Data Ops,Most similar historical pattern: Unknown / Needs SME Review,Send to SME review with source evidence and model explanation.,True,17.6,"Unknown / Needs SME Review in Reference Data from ABOR is ranked Low because the item is 1 days old, has a break amount of 181.94, and carries confidence 0.665.",0.177,False,Multi-factor isolation signal,Low
EXC0000694,Missing Client Mapping,Client Data,ABOR,EMEA,Corporate Bond,4,1,1759.97,-1.01,0,0,2,Low,Missing Client Mapping pattern detected from source controls,Client Data Ops,72,Resolved,2026-04-22,Within SLA,18,0,Missing Client Mapping,0.952,Client Data Ops,Most similar historical pattern: Missing Client Mapping,Route to client-data operations to complete portfolio and account mapping.,False,15.1,"Missing Client Mapping in Client Data from ABOR is ranked Low because the item is 1 days old, has a break amount of 1759.97, and carries confidence 0.952.",0.2051,False,Multi-factor isolation signal,Low
EXC0000695,Invalid Currency,Reference Data,Custodian,APAC,Derivative,0,1,897.73,0.57,0,1,17,Low,Invalid Currency pattern detected from source controls,Reference Data Ops,72,Resolved,2026-04-10,Within SLA,11,0,Invalid Currency,0.887,Reference Data Ops,Most similar historical pattern: Invalid Currency,"Validate security currency, trade currency, and portfolio base currency mapping.",False,15.4,"Invalid Currency in Reference Data from Custodian is ranked Low because the item is 1 days old, has a break amount of 897.73, and carries confidence 0.887.",0.164,False,Multi-factor isolation signal,Low
EXC0000696,Delayed Source Load,Source Control,SimCorp,Americas,Derivative,0,7,655.77,2.56,0,0,34,Low,Delayed Source Load pattern detected from source controls,Source Systems,72,Escalated,2026-04-21,Breached,11,0,Delayed Source Load,0.901,Source Systems,Most similar historical pattern: Delayed Source Load,Check source-system batch status and notify technology owner if SLA breached.,False,35.2,"Delayed Source Load in Source Control from SimCorp is ranked Low because the item is 7 days old, has a break amount of 655.77, and carries confidence 0.901.",0.1925,False,Multi-factor isolation signal,Low
EXC0000697,Duplicate Record,Trades,Refinitiv,Americas,Equity,1,5,83453.39,4.38,1,0,0,High,Duplicate Record pattern detected from source controls,Trade Support,24,Open,2026-03-24,Breached,12,1,Duplicate Record,0.901,Trade Support,Most similar historical pattern: Duplicate Record,Confirm duplicate key collision and suppress or merge after control approval.,False,59.4,"Duplicate Record in Trades from Refinitiv is ranked High because the item is 5 days old, has a break amount of 83453.39, and carries confidence 0.901.",0.4044,False,High-value reconciliation break,High
EXC0000698,Invalid Currency,Reference Data,IBOR,Americas,Equity,0,4,1644.28,1.48,0,1,14,Low,Invalid Currency pattern detected from source controls,Reference Data Ops,72,Resolved,2026-04-21,Breached,11,0,Invalid Currency,0.922,Reference Data Ops,Most similar historical pattern: Invalid Currency,"Validate security currency, trade currency, and portfolio base currency mapping.",False,35.1,"Invalid Currency in Reference Data from IBOR is ranked Low because the item is 4 days old, has a break amount of 1644.28, and carries confidence 0.922.",0.0817,False,Multi-factor isolation signal,Low
EXC0000699,Missing Client Mapping,Client Data,ABOR,EMEA,Derivative,1,3,1487.29,2.89,0,0,12,Low,Missing Client Mapping pattern detected from source controls,Client Data Ops,72,Resolved,2026-05-11,Within SLA,18,0,Missing Client Mapping,0.928,Client Data Ops,Most similar historical pattern: Missing Client Mapping,Route to client-data operations to complete portfolio and account mapping.,False,15.3,"Missing Client Mapping in Client Data from ABOR is ranked Low because the item is 3 days old, has a break amount of 1487.29, and carries confidence 0.928.",0.0751,False,Multi-factor isolation signal,Low
EXC0000700,Stale Price,Pricing,Custodian,EMEA,Government Bond,0,20,1012.88,0.67,0,0,72,Medium,Stale Price pattern detected from source controls,Pricing Control,48,Resolved,2026-03-28,Breached,21,0,Stale Price,0.916,Pricing Control,Most similar historical pattern: Stale Price,"Check vendor price history, compare secondary source, and escalate material moves.",False,44.3,"Stale Price in Pricing from Custodian is ranked Medium because the item is 20 days old, has a break amount of 1012.88, and carries confidence 0.916.",0.46,True,Late source refresh,Medium
EXC0000701,Stale Price,Pricing,Aladdin,APAC,Corporate Bond,0,8,3698.4,0.47,0,0,28,Medium,Stale Price pattern detected from source controls,Pricing Control,48,Escalated,2026-05-17,Breached,20,0,Stale Price,0.938,Pricing Control,Most similar historical pattern: Stale Price,"Check vendor price history, compare secondary source, and escalate material moves.",False,44.2,"Stale Price in Pricing from Aladdin is ranked Medium because the item is 8 days old, has a break amount of 3698.4, and carries confidence 0.938.",0.1353,False,Multi-factor isolation signal,Medium
EXC0000702,Position Reconciliation Break,Positions,Murex,APAC,Equity,0,11,44329.15,-2.18,0,0,3,High,Position Reconciliation Break pattern detected from source controls,Reconciliation,24,Resolved,2026-04-04,Breached,23,0,Position Reconciliation Break,0.829,Reconciliation,Most similar historical pattern: Position Reconciliation Break,"Compare IBOR, ABOR, and custodian balances; prioritize material value gaps.",False,57.4,"Position Reconciliation Break in Positions from Murex is ranked High because the item is 11 days old, has a break amount of 44329.15, and carries confidence 0.829.",0.2188,False,Multi-factor isolation signal,High
EXC0000703,Missing Reference Data,Reference Data,IBOR,Americas,Government Bond,2,19,5944.32,2.61,0,0,6,High,Missing Reference Data pattern detected from source controls,Reference Data Ops,24,Resolved,2026-04-22,Breached,25,0,Missing Reference Data,0.837,Reference Data Ops,Most similar historical pattern: Missing Reference Data,"Validate security master fields, enrich ISIN/ticker, and rerun downstream load.",False,54.4,"Missing Reference Data in Reference Data from IBOR is ranked High because the item is 19 days old, has a break amount of 5944.32, and carries confidence 0.837.",0.1213,False,Aging unresolved item,High
EXC0000704,Duplicate Record,Trades,Custodian,EMEA,Equity,1,21,12996.86,0.27,1,0,3,High,Duplicate Record pattern detected from source controls,Trade Support,24,Suppressed,2026-04-08,Breached,22,0,Duplicate Record,0.935,Trade Support,Most similar historical pattern: Duplicate Record,Confirm duplicate key collision and suppress or merge after control approval.,False,53.8,"Duplicate Record in Trades from Custodian is ranked High because the item is 21 days old, has a break amount of 12996.86, and carries confidence 0.935.",0.2623,False,Aging unresolved item,High
EXC0000705,Delayed Source Load,Source Control,Refinitiv,EMEA,Government Bond,0,8,5654.69,-1.71,0,0,80,Medium,Delayed Source Load pattern detected from source controls,Source Systems,48,Resolved,2026-04-30,Breached,14,0,Delayed Source Load,0.959,Source Systems,Most similar historical pattern: Delayed Source Load,Check source-system batch status and notify technology owner if SLA breached.,False,43.9,"Delayed Source Load in Source Control from Refinitiv is ranked Medium because the item is 8 days old, has a break amount of 5654.69, and carries confidence 0.959.",0.5129,True,Late source refresh,Medium
EXC0000706,Delayed Source Load,Source Control,Refinitiv,Americas,Equity,1,16,3922.21,0.02,0,0,92,High,Delayed Source Load pattern detected from source controls,Source Systems,24,Resolved,2026-05-06,Breached,14,0,Delayed Source Load,0.965,Source Systems,Most similar historical pattern: Delayed Source Load,Check source-system batch status and notify technology owner if SLA breached.,False,52.5,"Delayed Source Load in Source Control from Refinitiv is ranked High because the item is 16 days old, has a break amount of 3922.21, and carries confidence 0.965.",0.5481,True,Late source refresh,High
EXC0000707,Trade Match Break,Trades,IBOR,EMEA,Corporate Bond,0,8,16916.56,2.21,0,0,16,High,Trade Match Break pattern detected from source controls,Trade Support,24,Suppressed,2026-03-25,Breached,21,0,Trade Match Break,0.948,Trade Support,Most similar historical pattern: Trade Match Break,Review counterparty economic fields and run fuzzy security/client match.,False,54.0,"Trade Match Break in Trades from IBOR is ranked High because the item is 8 days old, has a break amount of 16916.56, and carries confidence 0.948.",0.0817,False,Multi-factor isolation signal,High
EXC0000708,Stale Price,Pricing,IBOR,APAC,Equity,1,5,1885.52,3.17,0,0,88,Low,Stale Price pattern detected from source controls,Pricing Control,72,Resolved,2026-05-08,Breached,22,0,Stale Price,0.927,Pricing Control,Most similar historical pattern: Stale Price,"Check vendor price history, compare secondary source, and escalate material moves.",False,35.5,"Stale Price in Pricing from IBOR is ranked Low because the item is 5 days old, has a break amount of 1885.52, and carries confidence 0.927.",0.4354,False,Late source refresh,Low
EXC0000709,Unknown / Needs SME Review,Reference Data,Bloomberg,EMEA,Equity,1,2,1536.94,1.04,0,0,16,Low,Unknown / Needs SME Review pattern detected from source controls,Reference Data Ops,72,Resolved,2026-05-19,Within SLA,12,0,Unknown / Needs SME Review,0.54,Reference Data Ops,Most similar historical pattern: Unknown / Needs SME Review,Send to SME review with source evidence and model explanation.,True,19.0,"Unknown / Needs SME Review in Reference Data from Bloomberg is ranked Low because the item is 2 days old, has a break amount of 1536.94, and carries confidence 0.54.",0.0971,False,Multi-factor isolation signal,Low
EXC0000710,Performance Return Outlier,Positions,Refinitiv,Americas,ETF,1,7,105114.56,29.3,0,0,16,High,Performance Return Outlier pattern detected from source controls,Reconciliation,24,Resolved,2026-04-25,Breached,11,1,Performance Return Outlier,0.857,Reconciliation,Most similar historical pattern: Performance Return Outlier,"Check vendor price history, compare secondary source, and escalate material moves.",False,61.5,"Performance Return Outlier in Positions from Refinitiv is ranked High because the item is 7 days old, has a break amount of 105114.56, and carries confidence 0.857.",0.7042,True,Large price/return move,High
EXC0000711,Trade Match Break,Trades,SimCorp,EMEA,ETF,0,21,173220.79,5.23,0,0,0,Critical,Trade Match Break pattern detected from source controls,Trade Support,8,Resolved,2026-04-30,Breached,25,1,Trade Match Break,0.845,Trade Support,Most similar historical pattern: Trade Match Break,Review counterparty economic fields and run fuzzy security/client match.,False,76.4,"Trade Match Break in Trades from SimCorp is ranked Critical because the item is 21 days old, has a break amount of 173220.79, and carries confidence 0.845.",0.6745,True,High-value reconciliation break,High
EXC0000712,Performance Return Outlier,Positions,Bloomberg,Americas,Government Bond,0,3,14381.15,10.42,0,0,5,Medium,Performance Return Outlier pattern detected from source controls,Reconciliation,48,Escalated,2026-04-14,Breached,8,0,Performance Return Outlier,0.779,Reconciliation,Most similar historical pattern: Performance Return Outlier,"Check vendor price history, compare secondary source, and escalate material moves.",False,46.2,"Performance Return Outlier in Positions from Bloomberg is ranked Medium because the item is 3 days old, has a break amount of 14381.15, and carries confidence 0.779.",0.2734,False,Multi-factor isolation signal,Medium
EXC0000713,Delayed Source Load,Source Control,Murex,Americas,Derivative,1,3,6811.88,3.93,0,0,89,Medium,Delayed Source Load pattern detected from source controls,Source Systems,48,Open,2026-04-29,Breached,7,0,Delayed Source Load,0.923,Source Systems,Most similar historical pattern: Delayed Source Load,Check source-system batch status and notify technology owner if SLA breached.,False,44.1,"Delayed Source Load in Source Control from Murex is ranked Medium because the item is 3 days old, has a break amount of 6811.88, and carries confidence 0.923.",0.5863,True,Late source refresh,High
EXC0000714,Trade Match Break,Trades,Bloomberg,Americas,Derivative,0,5,35171.38,-0.17,0,0,3,High,Trade Match Break pattern detected from source controls,Trade Support,24,Resolved,2026-04-28,Breached,40,0,Trade Match Break,0.924,Trade Support,Most similar historical pattern: Trade Match Break,Review counterparty economic fields and run fuzzy security/client match.,False,56.4,"Trade Match Break in Trades from Bloomberg is ranked High because the item is 5 days old, has a break amount of 35171.38, and carries confidence 0.924.",0.1805,False,Multi-factor isolation signal,High
EXC0000715,Trade Match Break,Trades,ABOR,EMEA,Equity,0,7,35946.98,-1.75,0,0,8,High,Trade Match Break pattern detected from source controls,Trade Support,24,Resolved,2026-04-07,Breached,28,0,Trade Match Break,0.938,Trade Support,Most similar historical pattern: Trade Match Break,Review counterparty economic fields and run fuzzy security/client match.,False,55.9,"Trade Match Break in Trades from ABOR is ranked High because the item is 7 days old, has a break amount of 35946.98, and carries confidence 0.938.",0.1703,False,Multi-factor isolation signal,High
EXC0000716,Performance Return Outlier,Positions,Refinitiv,APAC,Corporate Bond,1,8,9943.81,18.03,0,0,14,Medium,Performance Return Outlier pattern detected from source controls,Reconciliation,48,Resolved,2026-04-03,Breached,11,0,Performance Return Outlier,0.788,Reconciliation,Most similar historical pattern: Performance Return Outlier,"Check vendor price history, compare secondary source, and escalate material moves.",False,45.9,"Performance Return Outlier in Positions from Refinitiv is ranked Medium because the item is 8 days old, has a break amount of 9943.81, and carries confidence 0.788.",0.3505,False,Large price/return move,Medium
EXC0000717,Missing Client Mapping,Client Data,Murex,APAC,ETF,2,20,4259.84,-0.66,0,0,0,High,Missing Client Mapping pattern detected from source controls,Client Data Ops,24,Escalated,2026-05-19,Breached,12,0,Missing Client Mapping,0.911,Client Data Ops,Most similar historical pattern: Missing Client Mapping,Route to client-data operations to complete portfolio and account mapping.,False,53.0,"Missing Client Mapping in Client Data from Murex is ranked High because the item is 20 days old, has a break amount of 4259.84, and carries confidence 0.911.",0.2378,False,Aging unresolved item,High
EXC0000718,Duplicate Record,Trades,Custodian,Americas,Government Bond,1,20,61871.23,0.41,1,0,12,Critical,Duplicate Record pattern detected from source controls,Trade Support,8,Resolved,2026-05-09,Breached,22,1,Duplicate Record,0.918,Trade Support,Most similar historical pattern: Duplicate Record,Confirm duplicate key collision and suppress or merge after control approval.,False,66.6,"Duplicate Record in Trades from Custodian is ranked Critical because the item is 20 days old, has a break amount of 61871.23, and carries confidence 0.918.",0.2523,False,Aging unresolved item,Critical
EXC0000719,Unknown / Needs SME Review,Reference Data,ABOR,EMEA,Corporate Bond,0,10,2609.11,6.46,0,0,6,Medium,Unknown / Needs SME Review pattern detected from source controls,Reference Data Ops,48,Resolved,2026-03-30,Breached,11,0,Unknown / Needs SME Review,0.805,Reference Data Ops,Most similar historical pattern: Unknown / Needs SME Review,Send to SME review with source evidence and model explanation.,True,45.1,"Unknown / Needs SME Review in Reference Data from ABOR is ranked Medium because the item is 10 days old, has a break amount of 2609.11, and carries confidence 0.805.",0.1093,False,Multi-factor isolation signal,Medium
EXC0000720,Delayed Source Load,Source Control,Refinitiv,APAC,Government Bond,1,19,2183.75,0.19,0,0,49,High,Delayed Source Load pattern detected from source controls,Source Systems,24,Resolved,2026-03-27,Breached,14,0,Delayed Source Load,0.969,Source Systems,Most similar historical pattern: Delayed Source Load,Check source-system batch status and notify technology owner if SLA breached.,False,52.3,"Delayed Source Load in Source Control from Refinitiv is ranked High because the item is 19 days old, has a break amount of 2183.75, and carries confidence 0.969.",0.3407,False,Late source refresh,High
EXC0000721,Missing Reference Data,Reference Data,Aladdin,EMEA,Government Bond,1,7,312.84,0.56,0,0,3,Low,Missing Reference Data pattern detected from source controls,Reference Data Ops,72,Open,2026-03-24,Breached,22,0,Missing Reference Data,0.505,Reference Data Ops,Most similar historical pattern: Missing Reference Data,"Validate security master fields, enrich ISIN/ticker, and rerun downstream load.",True,39.6,"Missing Reference Data in Reference Data from Aladdin is ranked Low because the item is 7 days old, has a break amount of 312.84, and carries confidence 0.505.",0.0743,False,Multi-factor isolation signal,Low
EXC0000722,Position Reconciliation Break,Positions,Bloomberg,Americas,Government Bond,0,8,1203.18,1.88,0,0,14,Low,Position Reconciliation Break pattern detected from source controls,Reconciliation,72,Escalated,2026-04-28,Breached,32,0,Position Reconciliation Break,0.632,Reconciliation,Most similar historical pattern: Position Reconciliation Break,"Compare IBOR, ABOR, and custodian balances; prioritize material value gaps.",True,38.8,"Position Reconciliation Break in Positions from Bloomberg is ranked Low because the item is 8 days old, has a break amount of 1203.18, and carries confidence 0.632.",0.0341,False,Multi-factor isolation signal,Low
EXC0000723,Performance Return Outlier,Positions,IBOR,APAC,Government Bond,0,15,50426.67,15.91,0,0,15,Critical,Performance Return Outlier pattern detected from source controls,Reconciliation,8,Resolved,2026-04-20,Breached,5,1,Performance Return Outlier,0.725,Reconciliation,Most similar historical pattern: Performance Return Outlier,"Check vendor price history, compare secondary source, and escalate material moves.",False,67.0,"Performance Return Outlier in Positions from IBOR is ranked Critical because the item is 15 days old, has a break amount of 50426.67, and carries confidence 0.725.",0.4229,False,Large price/return move,Critical
EXC0000724,Missing Reference Data,Reference Data,SimCorp,Americas,Equity,4,19,2325.75,1.86,0,0,8,High,Missing Reference Data pattern detected from source controls,Reference Data Ops,24,Resolved,2026-05-11,Breached,15,0,Missing Reference Data,0.865,Reference Data Ops,Most similar historical pattern: Missing Reference Data,"Validate security master fields, enrich ISIN/ticker, and rerun downstream load.",False,53.4,"Missing Reference Data in Reference Data from SimCorp is ranked High because the item is 19 days old, has a break amount of 2325.75, and carries confidence 0.865.",0.1016,False,Aging unresolved item,High
EXC0000725,Missing Reference Data,Reference Data,Refinitiv,Americas,ETF,3,0,822.67,3.14,0,0,8,Low,Missing Reference Data pattern detected from source controls,Reference Data Ops,72,Escalated,2026-05-13,Within SLA,17,0,Missing Reference Data,0.802,Reference Data Ops,Most similar historical pattern: Missing Reference Data,"Validate security master fields, enrich ISIN/ticker, and rerun downstream load.",False,16.5,"Missing Reference Data in Reference Data from Refinitiv is ranked Low because the item is 0 days old, has a break amount of 822.67, and carries confidence 0.802.",0.1985,False,Multi-factor isolation signal,Low
EXC0000726,Delayed Source Load,Source Control,Aladdin,Americas,Equity,1,12,802.62,5.21,0,0,74,Low,Delayed Source Load pattern detected from source controls,Source Systems,72,Resolved,2026-04-14,Breached,12,0,Delayed Source Load,0.959,Source Systems,Most similar historical pattern: Delayed Source Load,Check source-system batch status and notify technology owner if SLA breached.,False,34.7,"Delayed Source Load in Source Control from Aladdin is ranked Low because the item is 12 days old, has a break amount of 802.62, and carries confidence 0.959.",0.3897,False,Late source refresh,Low
EXC0000727,Missing Client Mapping,Client Data,Bloomberg,Americas,Government Bond,2,7,1408.33,4.78,0,0,15,Low,Missing Client Mapping pattern detected from source controls,Client Data Ops,72,Resolved,2026-05-16,Breached,18,0,Missing Client Mapping,0.972,Client Data Ops,Most similar historical pattern: Missing Client Mapping,Route to client-data operations to complete portfolio and account mapping.,False,34.9,"Missing Client Mapping in Client Data from Bloomberg is ranked Low because the item is 7 days old, has a break amount of 1408.33, and carries confidence 0.972.",0.0836,False,Multi-factor isolation signal,Low
EXC0000728,Stale Price,Pricing,Aladdin,APAC,Government Bond,1,8,5224.03,2.41,0,0,21,Medium,Stale Price pattern detected from source controls,Pricing Control,48,Resolved,2026-05-10,Breached,20,0,Stale Price,0.872,Pricing Control,Most similar historical pattern: Stale Price,"Check vendor price history, compare secondary source, and escalate material moves.",False,45.0,"Stale Price in Pricing from Aladdin is ranked Medium because the item is 8 days old, has a break amount of 5224.03, and carries confidence 0.872.",0.0931,False,Multi-factor isolation signal,Medium
EXC0000729,Stale Price,Pricing,SimCorp,EMEA,Equity,0,12,323.02,0.94,0,0,76,Low,Stale Price pattern detected from source controls,Pricing Control,72,Resolved,2026-05-04,Breached,16,0,Stale Price,0.906,Pricing Control,Most similar historical pattern: Stale Price,"Check vendor price history, compare secondary source, and escalate material moves.",False,35.4,"Stale Price in Pricing from SimCorp is ranked Low because the item is 12 days old, has a break amount of 323.02, and carries confidence 0.906.",0.3244,False,Late source refresh,Low
EXC0000730,Delayed Source Load,Source Control,Refinitiv,APAC,Corporate Bond,0,11,216.75,1.09,0,0,70,Low,Delayed Source Load pattern detected from source controls,Source Systems,72,Resolved,2026-05-17,Breached,14,0,Delayed Source Load,0.943,Source Systems,Most similar historical pattern: Delayed Source Load,Check source-system batch status and notify technology owner if SLA breached.,False,34.9,"Delayed Source Load in Source Control from Refinitiv is ranked Low because the item is 11 days old, has a break amount of 216.75, and carries confidence 0.943.",0.3097,False,Late source refresh,Low
EXC0000731,Stale Price,Pricing,SimCorp,Americas,Corporate Bond,0,21,7246.52,2.52,0,0,54,High,Stale Price pattern detected from source controls,Pricing Control,24,Escalated,2026-05-11,Breached,16,0,Stale Price,0.861,Pricing Control,Most similar historical pattern: Stale Price,"Check vendor price history, compare secondary source, and escalate material moves.",False,53.9,"Stale Price in Pricing from SimCorp is ranked High because the item is 21 days old, has a break amount of 7246.52, and carries confidence 0.861.",0.4882,True,Late source refresh,High
EXC0000732,Stale Price,Pricing,Aladdin,Americas,Corporate Bond,0,9,531.49,1.38,0,0,47,Low,Stale Price pattern detected from source controls,Pricing Control,72,Resolved,2026-05-19,Breached,20,0,Stale Price,0.968,Pricing Control,Most similar historical pattern: Stale Price,"Check vendor price history, compare secondary source, and escalate material moves.",False,34.9,"Stale Price in Pricing from Aladdin is ranked Low because the item is 9 days old, has a break amount of 531.49, and carries confidence 0.968.",0.24,False,Multi-factor isolation signal,Low
EXC0000733,Performance Return Outlier,Positions,SimCorp,Americas,Corporate Bond,1,21,28579.01,2.09,0,0,11,Critical,Performance Return Outlier pattern detected from source controls,Reconciliation,8,Resolved,2026-04-19,Breached,4,0,Position Reconciliation Break,0.563,Reconciliation,Most similar historical pattern: Position Reconciliation Break,"Compare IBOR, ABOR, and custodian balances; prioritize material value gaps.",True,66.8,"Position Reconciliation Break in Positions from SimCorp is ranked Critical because the item is 21 days old, has a break amount of 28579.01, and carries confidence 0.563.",0.2322,False,Aging unresolved item,Critical
EXC0000734,Missing Client Mapping,Client Data,IBOR,Americas,Corporate Bond,2,14,544.24,-0.84,0,0,9,Low,Missing Client Mapping pattern detected from source controls,Client Data Ops,72,Open,2026-04-14,Breached,15,0,Missing Client Mapping,0.981,Client Data Ops,Most similar historical pattern: Missing Client Mapping,Route to client-data operations to complete portfolio and account mapping.,False,34.6,"Missing Client Mapping in Client Data from IBOR is ranked Low because the item is 14 days old, has a break amount of 544.24, and carries confidence 0.981.",0.0481,False,Aging unresolved item,Low
EXC0000735,Trade Match Break,Trades,Aladdin,APAC,Government Bond,0,13,18426.17,3.18,0,0,19,High,Trade Match Break pattern detected from source controls,Trade Support,24,Open,2026-04-25,Breached,27,0,Trade Match Break,0.9,Trade Support,Most similar historical pattern: Trade Match Break,Review counterparty economic fields and run fuzzy security/client match.,False,54.8,"Trade Match Break in Trades from Aladdin is ranked High because the item is 13 days old, has a break amount of 18426.17, and carries confidence 0.9.",0.0828,False,Aging unresolved item,High
EXC0000736,Duplicate Record,Trades,Aladdin,Americas,Equity,1,11,23423.79,2.24,1,0,9,High,Duplicate Record pattern detected from source controls,Trade Support,24,Resolved,2026-04-27,Breached,15,0,Duplicate Record,0.89,Trade Support,Most similar historical pattern: Duplicate Record,Confirm duplicate key collision and suppress or merge after control approval.,False,54.8,"Duplicate Record in Trades from Aladdin is ranked High because the item is 11 days old, has a break amount of 23423.79, and carries confidence 0.89.",0.0696,False,Multi-factor isolation signal,High
EXC0000737,Trade Match Break,Trades,IBOR,APAC,Equity,0,7,3888.29,-0.39,0,0,3,Medium,Trade Match Break pattern detected from source controls,Trade Support,48,Resolved,2026-05-08,Breached,21,0,Trade Match Break,0.758,Trade Support,Most similar historical pattern: Trade Match Break,Review counterparty economic fields and run fuzzy security/client match.,False,46.1,"Trade Match Break in Trades from IBOR is ranked Medium because the item is 7 days old, has a break amount of 3888.29, and carries confidence 0.758.",0.0759,False,Multi-factor isolation signal,Medium
EXC0000738,Price Outlier,Pricing,Refinitiv,APAC,Government Bond,1,12,3218.08,10.51,0,0,7,Medium,Price Outlier pattern detected from source controls,Pricing Control,48,Resolved,2026-03-29,Breached,13,0,Price Outlier,0.97,Pricing Control,Most similar historical pattern: Price Outlier,"Check vendor price history, compare secondary source, and escalate material moves.",False,43.6,"Price Outlier in Pricing from Refinitiv is ranked Medium because the item is 12 days old, has a break amount of 3218.08, and carries confidence 0.97.",0.1974,False,Multi-factor isolation signal,Medium
EXC0000739,Unknown / Needs SME Review,Reference Data,Murex,Americas,Corporate Bond,1,12,647.75,2.02,0,0,1,Low,Unknown / Needs SME Review pattern detected from source controls,Reference Data Ops,72,Resolved,2026-03-31,Breached,14,0,Unknown / Needs SME Review,0.547,Reference Data Ops,Most similar historical pattern: Unknown / Needs SME Review,Send to SME review with source evidence and model explanation.,True,38.9,"Unknown / Needs SME Review in Reference Data from Murex is ranked Low because the item is 12 days old, has a break amount of 647.75, and carries confidence 0.547.",0.0606,False,Multi-factor isolation signal,Low
EXC0000740,Position Reconciliation Break,Positions,Refinitiv,Americas,Government Bond,1,2,22233.22,-2.06,0,0,5,Medium,Position Reconciliation Break pattern detected from source controls,Reconciliation,48,Resolved,2026-04-24,Within SLA,17,0,Position Reconciliation Break,0.824,Reconciliation,Most similar historical pattern: Position Reconciliation Break,"Compare IBOR, ABOR, and custodian balances; prioritize material value gaps.",False,26.7,"Position Reconciliation Break in Positions from Refinitiv is ranked Medium because the item is 2 days old, has a break amount of 22233.22, and carries confidence 0.824.",0.2115,False,Multi-factor isolation signal,Medium
EXC0000741,Duplicate Record,Trades,Refinitiv,EMEA,Equity,1,20,12584.77,3.86,1,0,9,High,Duplicate Record pattern detected from source controls,Trade Support,24,Resolved,2026-04-13,Breached,12,0,Duplicate Record,0.921,Trade Support,Most similar historical pattern: Duplicate Record,Confirm duplicate key collision and suppress or merge after control approval.,False,53.5,"Duplicate Record in Trades from Refinitiv is ranked High because the item is 20 days old, has a break amount of 12584.77, and carries confidence 0.921.",0.1652,False,Aging unresolved item,High
EXC0000742,Trade Match Break,Trades,Aladdin,EMEA,Corporate Bond,0,19,64195.07,-0.18,0,0,1,Critical,Trade Match Break pattern detected from source controls,Trade Support,8,Open,2026-03-23,Breached,27,1,Trade Match Break,0.9,Trade Support,Most similar historical pattern: Trade Match Break,Review counterparty economic fields and run fuzzy security/client match.,False,67.2,"Trade Match Break in Trades from Aladdin is ranked Critical because the item is 19 days old, has a break amount of 64195.07, and carries confidence 0.9.",0.3482,False,Aging unresolved item,Critical
EXC0000743,Position Reconciliation Break,Positions,Aladdin,APAC,Corporate Bond,0,14,21091.6,0.48,0,0,9,High,Position Reconciliation Break pattern detected from source controls,Reconciliation,24,Open,2026-04-12,Breached,20,0,Position Reconciliation Break,0.778,Reconciliation,Most similar historical pattern: Position Reconciliation Break,"Compare IBOR, ABOR, and custodian balances; prioritize material value gaps.",False,56.0,"Position Reconciliation Break in Positions from Aladdin is ranked High because the item is 14 days old, has a break amount of 21091.6, and carries confidence 0.778.",0.0583,False,Aging unresolved item,High
EXC0000744,Price Outlier,Pricing,ABOR,EMEA,Equity,1,14,4664.92,25.98,0,0,4,High,Price Outlier pattern detected from source controls,Pricing Control,24,Resolved,2026-04-19,Breached,19,0,Price Outlier,0.943,Pricing Control,Most similar historical pattern: Price Outlier,"Check vendor price history, compare secondary source, and escalate material moves.",False,53.0,"Price Outlier in Pricing from ABOR is ranked High because the item is 14 days old, has a break amount of 4664.92, and carries confidence 0.943.",0.4867,True,Large price/return move,High
EXC0000745,Trade Match Break,Trades,SimCorp,APAC,Government Bond,0,3,48086.31,3.66,0,0,18,High,Trade Match Break pattern detected from source controls,Trade Support,24,Open,2026-04-08,Breached,25,0,Trade Match Break,0.839,Trade Support,Most similar historical pattern: Trade Match Break,Review counterparty economic fields and run fuzzy security/client match.,False,57.7,"Trade Match Break in Trades from SimCorp is ranked High because the item is 3 days old, has a break amount of 48086.31, and carries confidence 0.839.",0.226,False,Multi-factor isolation signal,High
EXC0000746,Duplicate Record,Trades,Aladdin,APAC,Equity,1,13,17201.63,1.36,1,0,2,High,Duplicate Record pattern detected from source controls,Trade Support,24,Resolved,2026-04-01,Breached,15,0,Duplicate Record,0.935,Trade Support,Most similar historical pattern: Duplicate Record,Confirm duplicate key collision and suppress or merge after control approval.,False,53.9,"Duplicate Record in Trades from Aladdin is ranked High because the item is 13 days old, has a break amount of 17201.63, and carries confidence 0.935.",0.081,False,Aging unresolved item,High
EXC0000747,Delayed Source Load,Source Control,IBOR,Americas,Derivative,1,21,2994.77,3.05,0,0,43,High,Delayed Source Load pattern detected from source controls,Source Systems,24,Resolved,2026-03-29,Breached,15,0,Delayed Source Load,0.949,Source Systems,Most similar historical pattern: Delayed Source Load,Check source-system batch status and notify technology owner if SLA breached.,False,52.6,"Delayed Source Load in Source Control from IBOR is ranked High because the item is 21 days old, has a break amount of 2994.77, and carries confidence 0.949.",0.4161,False,Aging unresolved item,High
EXC0000748,Missing Client Mapping,Client Data,Murex,EMEA,Equity,2,2,703.28,-2.43,0,0,3,Low,Missing Client Mapping pattern detected from source controls,Client Data Ops,72,Open,2026-05-09,Within SLA,12,0,Missing Client Mapping,0.929,Client Data Ops,Most similar historical pattern: Missing Client Mapping,Route to client-data operations to complete portfolio and account mapping.,False,15.0,"Missing Client Mapping in Client Data from Murex is ranked Low because the item is 2 days old, has a break amount of 703.28, and carries confidence 0.929.",0.1976,False,Multi-factor isolation signal,Low
EXC0000749,Missing Reference Data,Reference Data,Bloomberg,APAC,Equity,4,19,5107.6,-1.26,0,0,8,High,Missing Reference Data pattern detected from source controls,Reference Data Ops,24,Open,2026-04-09,Breached,18,0,Missing Reference Data,0.858,Reference Data Ops,Most similar historical pattern: Missing Reference Data,"Validate security master fields, enrich ISIN/ticker, and rerun downstream load.",False,53.8,"Missing Reference Data in Reference Data from Bloomberg is ranked High because the item is 19 days old, has a break amount of 5107.6, and carries confidence 0.858.",0.1601,False,Aging unresolved item,High
EXC0000750,Position Reconciliation Break,Positions,Refinitiv,APAC,Government Bond,0,7,34514.01,1.58,0,0,9,High,Position Reconciliation Break pattern detected from source controls,Reconciliation,24,Open,2026-03-27,Breached,17,0,Position Reconciliation Break,0.835,Reconciliation,Most similar historical pattern: Position Reconciliation Break,"Compare IBOR, ABOR, and custodian balances; prioritize material value gaps.",False,56.3,"Position Reconciliation Break in Positions from Refinitiv is ranked High because the item is 7 days old, has a break amount of 34514.01, and carries confidence 0.835.",0.1205,False,Multi-factor isolation signal,High
EXC0000751,Trade Match Break,Trades,IBOR,APAC,Equity,1,4,16786.64,-0.31,0,0,9,Medium,Trade Match Break pattern detected from source controls,Trade Support,48,Resolved,2026-05-12,Breached,21,0,Trade Match Break,0.885,Trade Support,Most similar historical pattern: Trade Match Break,Review counterparty economic fields and run fuzzy security/client match.,False,45.8,"Trade Match Break in Trades from IBOR is ranked Medium because the item is 4 days old, has a break amount of 16786.64, and carries confidence 0.885.",0.1165,False,Multi-factor isolation signal,Medium
EXC0000752,Duplicate Record,Trades,Aladdin,Americas,ETF,1,19,97408.94,0.99,1,0,9,Critical,Duplicate Record pattern detected from source controls,Trade Support,8,Resolved,2026-03-22,Breached,15,1,Duplicate Record,0.909,Trade Support,Most similar historical pattern: Duplicate Record,Confirm duplicate key collision and suppress or merge after control approval.,False,69.3,"Duplicate Record in Trades from Aladdin is ranked Critical because the item is 19 days old, has a break amount of 97408.94, and carries confidence 0.909.",0.3264,False,High-value reconciliation break,Critical
EXC0000753,Delayed Source Load,Source Control,SimCorp,Americas,Corporate Bond,0,14,201.93,3.36,0,0,76,Low,Delayed Source Load pattern detected from source controls,Source Systems,72,Resolved,2026-04-27,Breached,11,0,Delayed Source Load,0.894,Source Systems,Most similar historical pattern: Delayed Source Load,Check source-system batch status and notify technology owner if SLA breached.,False,35.3,"Delayed Source Load in Source Control from SimCorp is ranked Low because the item is 14 days old, has a break amount of 201.93, and carries confidence 0.894.",0.4146,False,Late source refresh,Low
EXC0000754,Missing Client Mapping,Client Data,ABOR,EMEA,Equity,3,17,1291.46,-0.51,0,0,5,Medium,Missing Client Mapping pattern detected from source controls,Client Data Ops,48,Resolved,2026-03-27,Breached,18,0,Missing Client Mapping,0.937,Client Data Ops,Most similar historical pattern: Missing Client Mapping,Route to client-data operations to complete portfolio and account mapping.,False,44.0,"Missing Client Mapping in Client Data from ABOR is ranked Medium because the item is 17 days old, has a break amount of 1291.46, and carries confidence 0.937.",0.0959,False,Aging unresolved item,Medium
EXC0000755,Trade Match Break,Trades,ABOR,Americas,ETF,0,19,10499.6,-0.34,0,0,17,High,Trade Match Break pattern detected from source controls,Trade Support,24,Resolved,2026-04-18,Breached,28,0,Trade Match Break,0.926,Trade Support,Most similar historical pattern: Trade Match Break,Review counterparty economic fields and run fuzzy security/client match.,False,53.9,"Trade Match Break in Trades from ABOR is ranked High because the item is 19 days old, has a break amount of 10499.6, and carries confidence 0.926.",0.1265,False,Aging unresolved item,High
EXC0000756,Missing Client Mapping,Client Data,SimCorp,APAC,Equity,1,0,790.27,1.77,0,0,12,Low,Missing Client Mapping pattern detected from source controls,Client Data Ops,72,Escalated,2026-04-21,Within SLA,15,0,Missing Client Mapping,0.893,Client Data Ops,Most similar historical pattern: Missing Client Mapping,Route to client-data operations to complete portfolio and account mapping.,False,15.5,"Missing Client Mapping in Client Data from SimCorp is ranked Low because the item is 0 days old, has a break amount of 790.27, and carries confidence 0.893.",0.206,False,Multi-factor isolation signal,Low
EXC0000757,Missing Reference Data,Reference Data,IBOR,APAC,ETF,3,4,1093.82,-3.82,0,0,12,Low,Missing Reference Data pattern detected from source controls,Reference Data Ops,72,Resolved,2026-05-08,Breached,25,0,Missing Reference Data,0.804,Reference Data Ops,Most similar historical pattern: Missing Reference Data,"Validate security master fields, enrich ISIN/ticker, and rerun downstream load.",False,36.8,"Missing Reference Data in Reference Data from IBOR is ranked Low because the item is 4 days old, has a break amount of 1093.82, and carries confidence 0.804.",0.2291,False,Multi-factor isolation signal,Low
EXC0000758,Stale Price,Pricing,Murex,EMEA,ETF,1,5,1196.11,4.02,0,0,80,Low,Stale Price pattern detected from source controls,Pricing Control,72,Open,2026-04-02,Breached,15,0,Stale Price,0.935,Pricing Control,Most similar historical pattern: Stale Price,"Check vendor price history, compare secondary source, and escalate material moves.",False,35.1,"Stale Price in Pricing from Murex is ranked Low because the item is 5 days old, has a break amount of 1196.11, and carries confidence 0.935.",0.4081,False,Late source refresh,Low
EXC0000759,Price Outlier,Pricing,SimCorp,Americas,Corporate Bond,0,20,2776.24,9.87,0,0,15,High,Price Outlier pattern detected from source controls,Pricing Control,24,Resolved,2026-03-24,Breached,12,0,Price Outlier,0.942,Pricing Control,Most similar historical pattern: Price Outlier,"Check vendor price history, compare secondary source, and escalate material moves.",False,52.5,"Price Outlier in Pricing from SimCorp is ranked High because the item is 20 days old, has a break amount of 2776.24, and carries confidence 0.942.",0.2767,False,Aging unresolved item,High
EXC0000760,Trade Match Break,Trades,SimCorp,EMEA,ETF,0,11,65381.84,1.73,0,0,13,High,Trade Match Break pattern detected from source controls,Trade Support,24,Escalated,2026-03-24,Breached,25,1,Trade Match Break,0.907,Trade Support,Most similar historical pattern: Trade Match Break,Review counterparty economic fields and run fuzzy security/client match.,False,58.4,"Trade Match Break in Trades from SimCorp is ranked High because the item is 11 days old, has a break amount of 65381.84, and carries confidence 0.907.",0.1566,False,High-value reconciliation break,High
EXC0000761,Position Reconciliation Break,Positions,Murex,Americas,Equity,0,3,333691.65,0.15,0,0,3,High,Position Reconciliation Break pattern detected from source controls,Reconciliation,24,Resolved,2026-05-04,Breached,23,1,Position Reconciliation Break,0.864,Reconciliation,Most similar historical pattern: Position Reconciliation Break,"Compare IBOR, ABOR, and custodian balances; prioritize material value gaps.",False,73.5,"Position Reconciliation Break in Positions from Murex is ranked High because the item is 3 days old, has a break amount of 333691.65, and carries confidence 0.864.",0.79,True,High-value reconciliation break,Critical
EXC0000762,Trade Match Break,Trades,Murex,EMEA,Derivative,0,15,53697.9,3.22,0,0,8,Critical,Trade Match Break pattern detected from source controls,Trade Support,8,Resolved,2026-04-10,Breached,20,1,Trade Match Break,0.922,Trade Support,Most similar historical pattern: Trade Match Break,Review counterparty economic fields and run fuzzy security/client match.,False,65.9,"Trade Match Break in Trades from Murex is ranked Critical because the item is 15 days old, has a break amount of 53697.9, and carries confidence 0.922.",0.1283,False,Aging unresolved item,Critical
EXC0000763,Duplicate Record,Trades,Custodian,APAC,Derivative,1,7,36300.62,1.1,1,0,17,High,Duplicate Record pattern detected from source controls,Trade Support,24,Resolved,2026-04-03,Breached,22,0,Duplicate Record,0.93,Trade Support,Most similar historical pattern: Duplicate Record,Confirm duplicate key collision and suppress or merge after control approval.,False,55.7,"Duplicate Record in Trades from Custodian is ranked High because the item is 7 days old, has a break amount of 36300.62, and carries confidence 0.93.",0.1377,False,Multi-factor isolation signal,High
EXC0000764,Stale Price,Pricing,Refinitiv,APAC,Equity,1,12,6986.24,4.57,0,0,73,High,Stale Price pattern detected from source controls,Pricing Control,24,Resolved,2026-03-23,Breached,21,0,Stale Price,0.923,Pricing Control,Most similar historical pattern: Stale Price,"Check vendor price history, compare secondary source, and escalate material moves.",False,53.4,"Stale Price in Pricing from Refinitiv is ranked High because the item is 12 days old, has a break amount of 6986.24, and carries confidence 0.923.",0.4873,True,Late source refresh,High
EXC0000765,Position Reconciliation Break,Positions,SimCorp,APAC,Government Bond,1,20,32984.95,-2.78,0,0,19,Critical,Position Reconciliation Break pattern detected from source controls,Reconciliation,8,Resolved,2026-03-23,Breached,16,0,Position Reconciliation Break,0.768,Reconciliation,Most similar historical pattern: Position Reconciliation Break,"Compare IBOR, ABOR, and custodian balances; prioritize material value gaps.",False,65.6,"Position Reconciliation Break in Positions from SimCorp is ranked Critical because the item is 20 days old, has a break amount of 32984.95, and carries confidence 0.768.",0.3396,False,Aging unresolved item,Critical
EXC0000766,Price Outlier,Pricing,Aladdin,Americas,Government Bond,1,5,3172.81,6.32,0,0,15,Medium,Price Outlier pattern detected from source controls,Pricing Control,48,Open,2026-04-12,Breached,17,0,Price Outlier,0.841,Pricing Control,Most similar historical pattern: Price Outlier,"Check vendor price history, compare secondary source, and escalate material moves.",False,45.0,"Price Outlier in Pricing from Aladdin is ranked Medium because the item is 5 days old, has a break amount of 3172.81, and carries confidence 0.841.",0.1311,False,Multi-factor isolation signal,Medium
EXC0000767,Trade Match Break,Trades,Custodian,EMEA,ETF,0,20,15032.43,1.61,0,0,19,High,Trade Match Break pattern detected from source controls,Trade Support,24,Escalated,2026-05-03,Breached,24,0,Trade Match Break,0.898,Trade Support,Most similar historical pattern: Trade Match Break,Review counterparty economic fields and run fuzzy security/client match.,False,54.4,"Trade Match Break in Trades from Custodian is ranked High because the item is 20 days old, has a break amount of 15032.43, and carries confidence 0.898.",0.1738,False,Aging unresolved item,High
EXC0000768,Position Reconciliation Break,Positions,SimCorp,EMEA,Corporate Bond,1,16,92289.38,2.28,0,0,5,Critical,Position Reconciliation Break pattern detected from source controls,Reconciliation,8,Resolved,2026-05-09,Breached,16,1,Position Reconciliation Break,0.887,Reconciliation,Most similar historical pattern: Position Reconciliation Break,"Compare IBOR, ABOR, and custodian balances; prioritize material value gaps.",False,69.2,"Position Reconciliation Break in Positions from SimCorp is ranked Critical because the item is 16 days old, has a break amount of 92289.38, and carries confidence 0.887.",0.2479,False,High-value reconciliation break,Critical
EXC0000769,Stale Price,Pricing,Refinitiv,EMEA,Corporate Bond,1,0,1898.23,5.01,0,0,73,Low,Stale Price pattern detected from source controls,Pricing Control,72,Open,2026-04-22,Within SLA,21,0,Stale Price,0.906,Pricing Control,Most similar historical pattern: Stale Price,"Check vendor price history, compare secondary source, and escalate material moves.",False,15.7,"Stale Price in Pricing from Refinitiv is ranked Low because the item is 0 days old, has a break amount of 1898.23, and carries confidence 0.906.",0.5329,True,Late source refresh,Low
EXC0000770,Trade Match Break,Trades,Murex,EMEA,Corporate Bond,0,8,70709.62,-1.91,0,0,18,High,Trade Match Break pattern detected from source controls,Trade Support,24,Resolved,2026-04-11,Breached,20,1,Trade Match Break,0.916,Trade Support,Most similar historical pattern: Trade Match Break,Review counterparty economic fields and run fuzzy security/client match.,False,58.5,"Trade Match Break in Trades from Murex is ranked High because the item is 8 days old, has a break amount of 70709.62, and carries confidence 0.916.",0.322,False,High-value reconciliation break,High
EXC0000771,Missing Client Mapping,Client Data,Murex,EMEA,Derivative,1,19,1343.45,-1.99,0,0,13,Medium,Missing Client Mapping pattern detected from source controls,Client Data Ops,48,Escalated,2026-05-05,Breached,12,0,Missing Client Mapping,0.879,Client Data Ops,Most similar historical pattern: Missing Client Mapping,Route to client-data operations to complete portfolio and account mapping.,False,44.3,"Missing Client Mapping in Client Data from Murex is ranked Medium because the item is 19 days old, has a break amount of 1343.45, and carries confidence 0.879.",0.1824,False,Aging unresolved item,Medium
EXC0000772,Price Outlier,Pricing,Refinitiv,EMEA,Government Bond,1,18,396.68,19.68,0,0,13,Low,Price Outlier pattern detected from source controls,Pricing Control,72,Resolved,2026-04-12,Breached,13,0,Price Outlier,0.941,Pricing Control,Most similar historical pattern: Price Outlier,"Check vendor price history, compare secondary source, and escalate material moves.",False,34.9,"Price Outlier in Pricing from Refinitiv is ranked Low because the item is 18 days old, has a break amount of 396.68, and carries confidence 0.941.",0.4061,False,Large price/return move,Low
EXC0000773,Missing Client Mapping,Client Data,Bloomberg,APAC,ETF,2,15,1481.04,-3.23,0,0,13,Medium,Missing Client Mapping pattern detected from source controls,Client Data Ops,48,Open,2026-03-31,Breached,18,0,Missing Client Mapping,0.973,Client Data Ops,Most similar historical pattern: Missing Client Mapping,Route to client-data operations to complete portfolio and account mapping.,False,43.6,"Missing Client Mapping in Client Data from Bloomberg is ranked Medium because the item is 15 days old, has a break amount of 1481.04, and carries confidence 0.973.",0.1384,False,Aging unresolved item,Medium
EXC0000774,Price Outlier,Pricing,Murex,EMEA,Equity,0,15,6745.57,27.03,0,0,2,High,Price Outlier pattern detected from source controls,Pricing Control,24,Resolved,2026-04-16,Breached,17,0,Price Outlier,0.936,Pricing Control,Most similar historical pattern: Price Outlier,"Check vendor price history, compare secondary source, and escalate material moves.",False,53.1,"Price Outlier in Pricing from Murex is ranked High because the item is 15 days old, has a break amount of 6745.57, and carries confidence 0.936.",0.5414,True,Large price/return move,High
EXC0000775,Missing Client Mapping,Client Data,Murex,APAC,Equity,3,19,2850.01,3.83,0,0,1,High,Missing Client Mapping pattern detected from source controls,Client Data Ops,24,Open,2026-04-02,Breached,12,0,Missing Client Mapping,0.922,Client Data Ops,Most similar historical pattern: Missing Client Mapping,Route to client-data operations to complete portfolio and account mapping.,False,52.7,"Missing Client Mapping in Client Data from Murex is ranked High because the item is 19 days old, has a break amount of 2850.01, and carries confidence 0.922.",0.1724,False,Aging unresolved item,High
EXC0000776,Stale Price,Pricing,Custodian,APAC,Derivative,0,3,1923.13,2.79,0,0,27,Low,Stale Price pattern detected from source controls,Pricing Control,72,Resolved,2026-04-30,Within SLA,21,0,Stale Price,0.954,Pricing Control,Most similar historical pattern: Stale Price,"Check vendor price history, compare secondary source, and escalate material moves.",False,15.2,"Stale Price in Pricing from Custodian is ranked Low because the item is 3 days old, has a break amount of 1923.13, and carries confidence 0.954.",0.1875,False,Multi-factor isolation signal,Low
EXC0000777,Unknown / Needs SME Review,Reference Data,IBOR,APAC,Equity,0,10,3310.97,3.46,0,0,5,Medium,Unknown / Needs SME Review pattern detected from source controls,Reference Data Ops,48,Resolved,2026-03-27,Breached,12,0,Unknown / Needs SME Review,0.76,Reference Data Ops,Most similar historical pattern: Unknown / Needs SME Review,Send to SME review with source evidence and model explanation.,True,45.6,"Unknown / Needs SME Review in Reference Data from IBOR is ranked Medium because the item is 10 days old, has a break amount of 3310.97, and carries confidence 0.76.",0.0571,False,Multi-factor isolation signal,Medium
EXC0000778,Stale Price,Pricing,Refinitiv,EMEA,ETF,0,7,1610.8,4.68,0,0,37,Low,Stale Price pattern detected from source controls,Pricing Control,72,Suppressed,2026-03-21,Breached,21,0,Stale Price,0.923,Pricing Control,Most similar historical pattern: Stale Price,"Check vendor price history, compare secondary source, and escalate material moves.",False,35.5,"Stale Price in Pricing from Refinitiv is ranked Low because the item is 7 days old, has a break amount of 1610.8, and carries confidence 0.923.",0.2324,False,Multi-factor isolation signal,Low
EXC0000779,Unknown / Needs SME Review,Reference Data,IBOR,EMEA,Equity,0,21,1851.18,-0.04,0,0,15,High,Unknown / Needs SME Review pattern detected from source controls,Reference Data Ops,24,Resolved,2026-05-16,Breached,12,0,Unknown / Needs SME Review,0.766,Reference Data Ops,Most similar historical pattern: Unknown / Needs SME Review,Send to SME review with source evidence and model explanation.,True,54.2,"Unknown / Needs SME Review in Reference Data from IBOR is ranked High because the item is 21 days old, has a break amount of 1851.18, and carries confidence 0.766.",0.1815,False,Aging unresolved item,High
EXC0000780,Price Outlier,Pricing,Custodian,EMEA,Government Bond,1,16,1280.52,26.5,0,0,0,Medium,Price Outlier pattern detected from source controls,Pricing Control,48,Resolved,2026-05-03,Breached,14,0,Price Outlier,0.964,Pricing Control,Most similar historical pattern: Price Outlier,"Check vendor price history, compare secondary source, and escalate material moves.",False,43.5,"Price Outlier in Pricing from Custodian is ranked Medium because the item is 16 days old, has a break amount of 1280.52, and carries confidence 0.964.",0.5539,True,Large price/return move,High
EXC0000781,Invalid Currency,Reference Data,SimCorp,APAC,Derivative,1,16,2649.18,2.36,0,1,7,Medium,Invalid Currency pattern detected from source controls,Reference Data Ops,48,Resolved,2026-04-05,Breached,20,0,Invalid Currency,0.887,Reference Data Ops,Most similar historical pattern: Invalid Currency,"Validate security currency, trade currency, and portfolio base currency mapping.",False,44.6,"Invalid Currency in Reference Data from SimCorp is ranked Medium because the item is 16 days old, has a break amount of 2649.18, and carries confidence 0.887.",0.0407,False,Aging unresolved item,Medium
EXC0000782,Price Outlier,Pricing,Aladdin,APAC,Government Bond,1,2,1177.43,13.61,0,0,2,Low,Price Outlier pattern detected from source controls,Pricing Control,72,Resolved,2026-04-04,Within SLA,17,0,Price Outlier,0.947,Pricing Control,Most similar historical pattern: Price Outlier,"Check vendor price history, compare secondary source, and escalate material moves.",False,15.1,"Price Outlier in Pricing from Aladdin is ranked Low because the item is 2 days old, has a break amount of 1177.43, and carries confidence 0.947.",0.3351,False,Large price/return move,Low
EXC0000783,Missing Reference Data,Reference Data,Aladdin,APAC,Corporate Bond,1,16,1404.98,-0.82,0,0,12,Medium,Missing Reference Data pattern detected from source controls,Reference Data Ops,48,Resolved,2026-04-15,Breached,22,0,Unknown / Needs SME Review,0.488,Reference Data Ops,Most similar historical pattern: Unknown / Needs SME Review,Send to SME review with source evidence and model explanation.,True,48.6,"Unknown / Needs SME Review in Reference Data from Aladdin is ranked Medium because the item is 16 days old, has a break amount of 1404.98, and carries confidence 0.488.",0.0461,False,Aging unresolved item,Medium
EXC0000784,Missing Reference Data,Reference Data,ABOR,APAC,Equity,4,18,3652.54,0.18,0,0,19,High,Missing Reference Data pattern detected from source controls,Reference Data Ops,24,Resolved,2026-04-16,Breached,25,0,Missing Reference Data,0.893,Reference Data Ops,Most similar historical pattern: Missing Reference Data,"Validate security master fields, enrich ISIN/ticker, and rerun downstream load.",False,53.6,"Missing Reference Data in Reference Data from ABOR is ranked High because the item is 18 days old, has a break amount of 3652.54, and carries confidence 0.893.",0.1053,False,Aging unresolved item,High
EXC0000785,Stale Price,Pricing,ABOR,EMEA,Corporate Bond,1,9,1547.74,2.45,0,0,63,Low,Stale Price pattern detected from source controls,Pricing Control,72,Open,2026-04-24,Breached,23,0,Stale Price,0.922,Pricing Control,Most similar historical pattern: Stale Price,"Check vendor price history, compare secondary source, and escalate material moves.",False,35.6,"Stale Price in Pricing from ABOR is ranked Low because the item is 9 days old, has a break amount of 1547.74, and carries confidence 0.922.",0.2894,False,Late source refresh,Low
EXC0000786,Trade Match Break,Trades,Custodian,Americas,Derivative,1,18,73255.15,3.78,0,0,11,Critical,Trade Match Break pattern detected from source controls,Trade Support,8,Escalated,2026-04-15,Breached,24,1,Trade Match Break,0.893,Trade Support,Most similar historical pattern: Trade Match Break,Review counterparty economic fields and run fuzzy security/client match.,False,67.9,"Trade Match Break in Trades from Custodian is ranked Critical because the item is 18 days old, has a break amount of 73255.15, and carries confidence 0.893.",0.263,False,High-value reconciliation break,Critical
EXC0000787,Duplicate Record,Trades,Custodian,EMEA,Government Bond,0,8,30316.0,-1.68,1,0,11,High,Duplicate Record pattern detected from source controls,Trade Support,24,Resolved,2026-03-27,Breached,22,0,Duplicate Record,0.914,Trade Support,Most similar historical pattern: Duplicate Record,Confirm duplicate key collision and suppress or merge after control approval.,False,55.4,"Duplicate Record in Trades from Custodian is ranked High because the item is 8 days old, has a break amount of 30316.0, and carries confidence 0.914.",0.1608,False,Multi-factor isolation signal,High
EXC0000788,Position Reconciliation Break,Positions,Murex,APAC,Government Bond,0,14,69051.95,1.03,0,0,5,Critical,Position Reconciliation Break pattern detected from source controls,Reconciliation,8,Escalated,2026-05-17,Breached,23,1,Position Reconciliation Break,0.845,Reconciliation,Most similar historical pattern: Position Reconciliation Break,"Compare IBOR, ABOR, and custodian balances; prioritize material value gaps.",False,68.0,"Position Reconciliation Break in Positions from Murex is ranked Critical because the item is 14 days old, has a break amount of 69051.95, and carries confidence 0.845.",0.2093,False,High-value reconciliation break,Critical
EXC0000789,Duplicate Record,Trades,Murex,EMEA,ETF,1,4,159288.53,1.36,1,0,7,High,Duplicate Record pattern detected from source controls,Trade Support,24,Escalated,2026-03-28,Breached,22,1,Duplicate Record,0.876,Trade Support,Most similar historical pattern: Duplicate Record,Confirm duplicate key collision and suppress or merge after control approval.,False,66.1,"Duplicate Record in Trades from Murex is ranked High because the item is 4 days old, has a break amount of 159288.53, and carries confidence 0.876.",0.4434,False,High-value reconciliation break,High
EXC0000790,Missing Reference Data,Reference Data,IBOR,EMEA,Government Bond,4,11,629.04,-1.98,0,0,6,Low,Missing Reference Data pattern detected from source controls,Reference Data Ops,72,Open,2026-05-15,Breached,25,0,Missing Reference Data,0.909,Reference Data Ops,Most similar historical pattern: Missing Reference Data,"Validate security master fields, enrich ISIN/ticker, and rerun downstream load.",False,35.7,"Missing Reference Data in Reference Data from IBOR is ranked Low because the item is 11 days old, has a break amount of 629.04, and carries confidence 0.909.",0.1188,False,Multi-factor isolation signal,Low
EXC0000791,Invalid Currency,Reference Data,Custodian,EMEA,Government Bond,1,1,752.11,2.62,0,1,17,Low,Invalid Currency pattern detected from source controls,Reference Data Ops,72,Open,2026-04-08,Within SLA,11,0,Invalid Currency,0.882,Reference Data Ops,Most similar historical pattern: Invalid Currency,"Validate security currency, trade currency, and portfolio base currency mapping.",False,15.4,"Invalid Currency in Reference Data from Custodian is ranked Low because the item is 1 days old, has a break amount of 752.11, and carries confidence 0.882.",0.1525,False,Multi-factor isolation signal,Low
EXC0000792,Missing Client Mapping,Client Data,Refinitiv,EMEA,Equity,2,2,2943.29,1.23,0,0,7,Low,Missing Client Mapping pattern detected from source controls,Client Data Ops,72,Open,2026-04-29,Within SLA,15,0,Missing Client Mapping,0.904,Client Data Ops,Most similar historical pattern: Missing Client Mapping,Route to client-data operations to complete portfolio and account mapping.,False,15.5,"Missing Client Mapping in Client Data from Refinitiv is ranked Low because the item is 2 days old, has a break amount of 2943.29, and carries confidence 0.904.",0.0823,False,Multi-factor isolation signal,Low
EXC0000793,Price Outlier,Pricing,Custodian,Americas,Government Bond,0,19,2900.08,19.43,0,0,4,High,Price Outlier pattern detected from source controls,Pricing Control,24,Resolved,2026-05-09,Breached,14,0,Price Outlier,0.968,Pricing Control,Most similar historical pattern: Price Outlier,"Check vendor price history, compare secondary source, and escalate material moves.",False,52.4,"Price Outlier in Pricing from Custodian is ranked High because the item is 19 days old, has a break amount of 2900.08, and carries confidence 0.968.",0.4251,False,Large price/return move,High
EXC0000794,Missing Client Mapping,Client Data,IBOR,Americas,Corporate Bond,1,15,819.03,0.29,0,0,10,Low,Missing Client Mapping pattern detected from source controls,Client Data Ops,72,Suppressed,2026-05-19,Breached,15,0,Missing Client Mapping,0.907,Client Data Ops,Most similar historical pattern: Missing Client Mapping,Route to client-data operations to complete portfolio and account mapping.,False,35.3,"Missing Client Mapping in Client Data from IBOR is ranked Low because the item is 15 days old, has a break amount of 819.03, and carries confidence 0.907.",0.0145,False,Aging unresolved item,Low
EXC0000795,Price Outlier,Pricing,Murex,Americas,Corporate Bond,1,12,2482.76,11.11,0,0,15,Medium,Price Outlier pattern detected from source controls,Pricing Control,48,Resolved,2026-05-04,Breached,17,0,Price Outlier,0.975,Pricing Control,Most similar historical pattern: Price Outlier,"Check vendor price history, compare secondary source, and escalate material moves.",False,43.6,"Price Outlier in Pricing from Murex is ranked Medium because the item is 12 days old, has a break amount of 2482.76, and carries confidence 0.975.",0.197,False,Multi-factor isolation signal,Medium
EXC0000796,Trade Match Break,Trades,IBOR,Americas,Corporate Bond,1,8,60324.7,3.94,0,0,7,High,Trade Match Break pattern detected from source controls,Trade Support,24,Resolved,2026-05-19,Breached,21,1,Trade Match Break,0.94,Trade Support,Most similar historical pattern: Trade Match Break,Review counterparty economic fields and run fuzzy security/client match.,False,57.5,"Trade Match Break in Trades from IBOR is ranked High because the item is 8 days old, has a break amount of 60324.7, and carries confidence 0.94.",0.2032,False,Multi-factor isolation signal,High
EXC0000797,Missing Client Mapping,Client Data,IBOR,Americas,Equity,3,12,3821.54,2.35,0,0,0,Medium,Missing Client Mapping pattern detected from source controls,Client Data Ops,48,Open,2026-05-10,Breached,15,0,Missing Client Mapping,0.937,Client Data Ops,Most similar historical pattern: Missing Client Mapping,Route to client-data operations to complete portfolio and account mapping.,False,44.0,"Missing Client Mapping in Client Data from IBOR is ranked Medium because the item is 12 days old, has a break amount of 3821.54, and carries confidence 0.937.",0.0796,False,Multi-factor isolation signal,Medium
EXC0000798,Invalid Currency,Reference Data,Aladdin,APAC,Government Bond,1,15,10222.97,6.27,0,1,8,High,Invalid Currency pattern detected from source controls,Reference Data Ops,24,Resolved,2026-04-26,Breached,7,0,Invalid Currency,0.804,Reference Data Ops,Most similar historical pattern: Invalid Currency,"Validate security currency, trade currency, and portfolio base currency mapping.",False,54.3,"Invalid Currency in Reference Data from Aladdin is ranked High because the item is 15 days old, has a break amount of 10222.97, and carries confidence 0.804.",0.0955,False,Aging unresolved item,High
EXC0000799,Position Reconciliation Break,Positions,Bloomberg,Americas,Equity,1,7,72541.68,4.29,0,0,16,High,Position Reconciliation Break pattern detected from source controls,Reconciliation,24,Resolved,2026-05-04,Breached,32,1,Position Reconciliation Break,0.843,Reconciliation,Most similar historical pattern: Position Reconciliation Break,"Compare IBOR, ABOR, and custodian balances; prioritize material value gaps.",False,59.9,"Position Reconciliation Break in Positions from Bloomberg is ranked High because the item is 7 days old, has a break amount of 72541.68, and carries confidence 0.843.",0.229,False,High-value reconciliation break,High
EXC0000800,Trade Match Break,Trades,Bloomberg,Americas,Government Bond,1,7,45576.86,2.88,0,0,17,High,Trade Match Break pattern detected from source controls,Trade Support,24,Resolved,2026-04-23,Breached,40,0,Trade Match Break,0.897,Trade Support,Most similar historical pattern: Trade Match Break,Review counterparty economic fields and run fuzzy security/client match.,False,57.5,"Trade Match Break in Trades from Bloomberg is ranked High because the item is 7 days old, has a break amount of 45576.86, and carries confidence 0.897.",0.1497,False,Multi-factor isolation signal,High
EXC0000801,Position Reconciliation Break,Positions,ABOR,EMEA,Derivative,0,16,4740.29,-0.26,0,0,15,High,Position Reconciliation Break pattern detected from source controls,Reconciliation,24,Resolved,2026-04-03,Breached,21,0,Position Reconciliation Break,0.661,Reconciliation,Most similar historical pattern: Position Reconciliation Break,"Compare IBOR, ABOR, and custodian balances; prioritize material value gaps.",True,55.9,"Position Reconciliation Break in Positions from ABOR is ranked High because the item is 16 days old, has a break amount of 4740.29, and carries confidence 0.661.",0.0451,False,Aging unresolved item,High
EXC0000802,Position Reconciliation Break,Positions,Bloomberg,APAC,Derivative,1,11,9676.41,4.33,0,0,10,High,Position Reconciliation Break pattern detected from source controls,Reconciliation,24,Resolved,2026-05-18,Breached,32,0,Position Reconciliation Break,0.792,Reconciliation,Most similar historical pattern: Position Reconciliation Break,"Compare IBOR, ABOR, and custodian balances; prioritize material value gaps.",False,55.4,"Position Reconciliation Break in Positions from Bloomberg is ranked High because the item is 11 days old, has a break amount of 9676.41, and carries confidence 0.792.",0.0671,False,Multi-factor isolation signal,High
EXC0000803,Unknown / Needs SME Review,Reference Data,Bloomberg,APAC,Derivative,0,8,10690.53,-0.42,0,0,19,Medium,Unknown / Needs SME Review pattern detected from source controls,Reference Data Ops,48,Resolved,2026-04-29,Breached,12,0,Unknown / Needs SME Review,0.64,Reference Data Ops,Most similar historical pattern: Unknown / Needs SME Review,Send to SME review with source evidence and model explanation.,True,47.4,"Unknown / Needs SME Review in Reference Data from Bloomberg is ranked Medium because the item is 8 days old, has a break amount of 10690.53, and carries confidence 0.64.",0.0826,False,Multi-factor isolation signal,Medium
EXC0000804,Delayed Source Load,Source Control,IBOR,Americas,Equity,0,9,677.82,3.37,0,0,44,Low,Delayed Source Load pattern detected from source controls,Source Systems,72,Resolved,2026-04-27,Breached,15,0,Delayed Source Load,0.954,Source Systems,Most similar historical pattern: Delayed Source Load,Check source-system batch status and notify technology owner if SLA breached.,False,34.9,"Delayed Source Load in Source Control from IBOR is ranked Low because the item is 9 days old, has a break amount of 677.82, and carries confidence 0.954.",0.2521,False,Multi-factor isolation signal,Low
EXC0000805,Missing Reference Data,Reference Data,Custodian,EMEA,Derivative,4,17,2567.82,-4.61,0,0,2,Medium,Missing Reference Data pattern detected from source controls,Reference Data Ops,48,Open,2026-05-03,Breached,20,0,Missing Reference Data,0.899,Reference Data Ops,Most similar historical pattern: Missing Reference Data,"Validate security master fields, enrich ISIN/ticker, and rerun downstream load.",False,44.5,"Missing Reference Data in Reference Data from Custodian is ranked Medium because the item is 17 days old, has a break amount of 2567.82, and carries confidence 0.899.",0.2893,False,Aging unresolved item,Medium
EXC0000806,Trade Match Break,Trades,Refinitiv,EMEA,Derivative,1,11,1973.29,0.27,0,0,14,Medium,Trade Match Break pattern detected from source controls,Trade Support,48,Resolved,2026-04-17,Breached,15,0,Trade Match Break,0.811,Trade Support,Most similar historical pattern: Trade Match Break,Review counterparty economic fields and run fuzzy security/client match.,False,45.1,"Trade Match Break in Trades from Refinitiv is ranked Medium because the item is 11 days old, has a break amount of 1973.29, and carries confidence 0.811.",0.0176,False,Multi-factor isolation signal,Medium
EXC0000807,Duplicate Record,Trades,SimCorp,APAC,Corporate Bond,0,1,16997.63,-1.99,1,0,16,Medium,Duplicate Record pattern detected from source controls,Trade Support,48,Open,2026-05-05,Within SLA,19,0,Duplicate Record,0.802,Trade Support,Most similar historical pattern: Duplicate Record,Confirm duplicate key collision and suppress or merge after control approval.,False,26.6,"Duplicate Record in Trades from SimCorp is ranked Medium because the item is 1 days old, has a break amount of 16997.63, and carries confidence 0.802.",0.2644,False,Multi-factor isolation signal,Medium
EXC0000808,Invalid Currency,Reference Data,Murex,Americas,Corporate Bond,1,18,1234.87,0.78,0,1,4,Medium,Invalid Currency pattern detected from source controls,Reference Data Ops,48,Escalated,2026-05-06,Breached,12,0,Invalid Currency,0.837,Reference Data Ops,Most similar historical pattern: Invalid Currency,"Validate security currency, trade currency, and portfolio base currency mapping.",False,44.7,"Invalid Currency in Reference Data from Murex is ranked Medium because the item is 18 days old, has a break amount of 1234.87, and carries confidence 0.837.",0.1059,False,Aging unresolved item,Medium
EXC0000809,Stale Price,Pricing,Murex,EMEA,Equity,0,5,5374.59,-2.35,0,0,70,Medium,Stale Price pattern detected from source controls,Pricing Control,48,Open,2026-05-16,Breached,15,0,Stale Price,0.953,Pricing Control,Most similar historical pattern: Stale Price,"Check vendor price history, compare secondary source, and escalate material moves.",False,44.0,"Stale Price in Pricing from Murex is ranked Medium because the item is 5 days old, has a break amount of 5374.59, and carries confidence 0.953.",0.4992,True,Late source refresh,Medium
EXC0000810,Delayed Source Load,Source Control,Aladdin,APAC,Derivative,1,1,2844.55,1.57,0,0,25,Low,Delayed Source Load pattern detected from source controls,Source Systems,72,Resolved,2026-04-07,Within SLA,12,0,Delayed Source Load,0.95,Source Systems,Most similar historical pattern: Delayed Source Load,Check source-system batch status and notify technology owner if SLA breached.,False,15.0,"Delayed Source Load in Source Control from Aladdin is ranked Low because the item is 1 days old, has a break amount of 2844.55, and carries confidence 0.95.",0.2447,False,Multi-factor isolation signal,Low
EXC0000811,Duplicate Record,Trades,Murex,APAC,Government Bond,0,6,7242.8,2.67,1,0,4,Medium,Duplicate Record pattern detected from source controls,Trade Support,48,Resolved,2026-04-29,Breached,22,0,Duplicate Record,0.903,Trade Support,Most similar historical pattern: Duplicate Record,Confirm duplicate key collision and suppress or merge after control approval.,False,44.9,"Duplicate Record in Trades from Murex is ranked Medium because the item is 6 days old, has a break amount of 7242.8, and carries confidence 0.903.",0.0736,False,Multi-factor isolation signal,Medium
EXC0000812,Missing Reference Data,Reference Data,ABOR,Americas,Corporate Bond,2,2,7228.3,-0.13,0,0,0,Medium,Missing Reference Data pattern detected from source controls,Reference Data Ops,48,Resolved,2026-04-01,Within SLA,25,0,Missing Reference Data,0.819,Reference Data Ops,Most similar historical pattern: Missing Reference Data,"Validate security master fields, enrich ISIN/ticker, and rerun downstream load.",False,25.9,"Missing Reference Data in Reference Data from ABOR is ranked Medium because the item is 2 days old, has a break amount of 7228.3, and carries confidence 0.819.",0.2121,False,Multi-factor isolation signal,Medium
EXC0000813,Missing Reference Data,Reference Data,ABOR,APAC,Equity,2,0,1644.28,0.7,0,0,4,Low,Missing Reference Data pattern detected from source controls,Reference Data Ops,72,Escalated,2026-05-14,Within SLA,25,0,Missing Reference Data,0.907,Reference Data Ops,Most similar historical pattern: Missing Reference Data,"Validate security master fields, enrich ISIN/ticker, and rerun downstream load.",False,15.8,"Missing Reference Data in Reference Data from ABOR is ranked Low because the item is 0 days old, has a break amount of 1644.28, and carries confidence 0.907.",0.2318,False,Multi-factor isolation signal,Low
EXC0000814,Invalid Currency,Reference Data,Refinitiv,APAC,Government Bond,1,15,3254.85,2.05,0,1,13,Medium,Invalid Currency pattern detected from source controls,Reference Data Ops,48,Resolved,2026-05-06,Breached,9,0,Invalid Currency,0.928,Reference Data Ops,Most similar historical pattern: Invalid Currency,"Validate security currency, trade currency, and portfolio base currency mapping.",False,43.8,"Invalid Currency in Reference Data from Refinitiv is ranked Medium because the item is 15 days old, has a break amount of 3254.85, and carries confidence 0.928.",0.0124,False,Aging unresolved item,Medium
EXC0000815,Missing Client Mapping,Client Data,Refinitiv,APAC,Derivative,3,14,618.74,1.38,0,0,14,Low,Missing Client Mapping pattern detected from source controls,Client Data Ops,72,Resolved,2026-04-16,Breached,15,0,Missing Client Mapping,0.966,Client Data Ops,Most similar historical pattern: Missing Client Mapping,Route to client-data operations to complete portfolio and account mapping.,False,34.7,"Missing Client Mapping in Client Data from Refinitiv is ranked Low because the item is 14 days old, has a break amount of 618.74, and carries confidence 0.966.",0.0241,False,Aging unresolved item,Low
EXC0000816,Trade Match Break,Trades,Custodian,EMEA,Corporate Bond,1,6,135554.86,4.87,0,0,17,High,Trade Match Break pattern detected from source controls,Trade Support,24,Resolved,2026-03-29,Breached,24,1,Trade Match Break,0.904,Trade Support,Most similar historical pattern: Trade Match Break,Review counterparty economic fields and run fuzzy security/client match.,False,64.0,"Trade Match Break in Trades from Custodian is ranked High because the item is 6 days old, has a break amount of 135554.86, and carries confidence 0.904.",0.3629,False,High-value reconciliation break,High
EXC0000817,Stale Price,Pricing,IBOR,APAC,ETF,1,15,3190.08,-0.21,0,0,74,Medium,Stale Price pattern detected from source controls,Pricing Control,48,Suppressed,2026-05-08,Breached,22,0,Stale Price,0.914,Pricing Control,Most similar historical pattern: Stale Price,"Check vendor price history, compare secondary source, and escalate material moves.",False,44.5,"Stale Price in Pricing from IBOR is ranked Medium because the item is 15 days old, has a break amount of 3190.08, and carries confidence 0.914.",0.4216,False,Late source refresh,Medium
EXC0000818,Stale Price,Pricing,Murex,EMEA,Corporate Bond,0,0,2313.34,2.84,0,0,85,Low,Stale Price pattern detected from source controls,Pricing Control,72,Resolved,2026-05-01,Within SLA,15,0,Stale Price,0.937,Pricing Control,Most similar historical pattern: Stale Price,"Check vendor price history, compare secondary source, and escalate material moves.",False,15.2,"Stale Price in Pricing from Murex is ranked Low because the item is 0 days old, has a break amount of 2313.34, and carries confidence 0.937.",0.5562,True,Late source refresh,High
EXC0000819,Trade Match Break,Trades,Bloomberg,Americas,Derivative,1,9,20904.22,2.15,0,0,13,High,Trade Match Break pattern detected from source controls,Trade Support,24,Resolved,2026-05-03,Breached,40,0,Trade Match Break,0.951,Trade Support,Most similar historical pattern: Trade Match Break,Review counterparty economic fields and run fuzzy security/client match.,False,55.0,"Trade Match Break in Trades from Bloomberg is ranked High because the item is 9 days old, has a break amount of 20904.22, and carries confidence 0.951.",0.0785,False,Multi-factor isolation signal,High
EXC0000820,Duplicate Record,Trades,Murex,EMEA,ETF,0,12,259975.34,-2.47,1,0,7,Critical,Duplicate Record pattern detected from source controls,Trade Support,8,Resolved,2026-05-18,Breached,22,1,Duplicate Record,0.865,Trade Support,Most similar historical pattern: Duplicate Record,Confirm duplicate key collision and suppress or merge after control approval.,False,82.2,"Duplicate Record in Trades from Murex is ranked Critical because the item is 12 days old, has a break amount of 259975.34, and carries confidence 0.865.",0.658,True,High-value reconciliation break,High
EXC0000821,Stale Price,Pricing,Refinitiv,EMEA,Derivative,1,17,3104.39,1.72,0,0,36,High,Stale Price pattern detected from source controls,Pricing Control,24,Escalated,2026-04-21,Breached,21,0,Stale Price,0.939,Pricing Control,Most similar historical pattern: Stale Price,"Check vendor price history, compare secondary source, and escalate material moves.",False,52.9,"Stale Price in Pricing from Refinitiv is ranked High because the item is 17 days old, has a break amount of 3104.39, and carries confidence 0.939.",0.2333,False,Aging unresolved item,High
EXC0000822,Missing Client Mapping,Client Data,IBOR,APAC,ETF,1,6,1485.36,1.28,0,0,13,Low,Missing Client Mapping pattern detected from source controls,Client Data Ops,72,Resolved,2026-04-09,Breached,15,0,Missing Client Mapping,0.919,Client Data Ops,Most similar historical pattern: Missing Client Mapping,Route to client-data operations to complete portfolio and account mapping.,False,35.3,"Missing Client Mapping in Client Data from IBOR is ranked Low because the item is 6 days old, has a break amount of 1485.36, and carries confidence 0.919.",0.0417,False,Multi-factor isolation signal,Low
EXC0000823,Price Outlier,Pricing,ABOR,APAC,Government Bond,1,20,3563.8,24.57,0,0,7,High,Price Outlier pattern detected from source controls,Pricing Control,24,Escalated,2026-04-27,Breached,19,0,Price Outlier,0.965,Pricing Control,Most similar historical pattern: Price Outlier,"Check vendor price history, compare secondary source, and escalate material moves.",False,52.6,"Price Outlier in Pricing from ABOR is ranked High because the item is 20 days old, has a break amount of 3563.8, and carries confidence 0.965.",0.5558,True,Large price/return move,High
EXC0000824,Missing Client Mapping,Client Data,IBOR,Americas,Equity,4,8,3344.4,5.94,0,0,12,Medium,Missing Client Mapping pattern detected from source controls,Client Data Ops,48,Escalated,2026-04-08,Breached,15,0,Missing Client Mapping,0.967,Client Data Ops,Most similar historical pattern: Missing Client Mapping,Route to client-data operations to complete portfolio and account mapping.,False,43.7,"Missing Client Mapping in Client Data from IBOR is ranked Medium because the item is 8 days old, has a break amount of 3344.4, and carries confidence 0.967.",0.096,False,Multi-factor isolation signal,Medium
EXC0000825,Performance Return Outlier,Positions,Aladdin,Americas,Corporate Bond,1,16,28196.6,32.1,0,0,4,High,Performance Return Outlier pattern detected from source controls,Reconciliation,24,Open,2026-04-30,Breached,8,0,Performance Return Outlier,0.91,Reconciliation,Most similar historical pattern: Performance Return Outlier,"Check vendor price history, compare secondary source, and escalate material moves.",False,54.7,"Performance Return Outlier in Positions from Aladdin is ranked High because the item is 16 days old, has a break amount of 28196.6, and carries confidence 0.91.",0.6633,True,Large price/return move,High
EXC0000826,Stale Price,Pricing,Murex,Americas,Corporate Bond,0,3,999.81,-0.41,0,0,36,Low,Stale Price pattern detected from source controls,Pricing Control,72,Resolved,2026-04-17,Within SLA,15,0,Stale Price,0.957,Pricing Control,Most similar historical pattern: Stale Price,"Check vendor price history, compare secondary source, and escalate material moves.",False,14.9,"Stale Price in Pricing from Murex is ranked Low because the item is 3 days old, has a break amount of 999.81, and carries confidence 0.957.",0.2588,False,Multi-factor isolation signal,Low
EXC0000827,Performance Return Outlier,Positions,Aladdin,Americas,Derivative,1,14,37468.78,18.72,0,0,1,High,Performance Return Outlier pattern detected from source controls,Reconciliation,24,Suppressed,2026-03-23,Breached,8,0,Performance Return Outlier,0.843,Reconciliation,Most similar historical pattern: Performance Return Outlier,"Check vendor price history, compare secondary source, and escalate material moves.",False,56.1,"Performance Return Outlier in Positions from Aladdin is ranked High because the item is 14 days old, has a break amount of 37468.78, and carries confidence 0.843.",0.443,False,Large price/return move,High
EXC0000828,Invalid Currency,Reference Data,Custodian,Americas,Government Bond,0,12,742.32,3.36,0,1,0,Low,Invalid Currency pattern detected from source controls,Reference Data Ops,72,Resolved,2026-05-10,Breached,11,0,Invalid Currency,0.893,Reference Data Ops,Most similar historical pattern: Invalid Currency,"Validate security currency, trade currency, and portfolio base currency mapping.",False,35.3,"Invalid Currency in Reference Data from Custodian is ranked Low because the item is 12 days old, has a break amount of 742.32, and carries confidence 0.893.",0.088,False,Multi-factor isolation signal,Low
EXC0000829,Delayed Source Load,Source Control,IBOR,EMEA,Government Bond,1,9,2420.74,1.86,0,0,40,Medium,Delayed Source Load pattern detected from source controls,Source Systems,48,Resolved,2026-05-16,Breached,15,0,Delayed Source Load,0.973,Source Systems,Most similar historical pattern: Delayed Source Load,Check source-system batch status and notify technology owner if SLA breached.,False,43.6,"Delayed Source Load in Source Control from IBOR is ranked Medium because the item is 9 days old, has a break amount of 2420.74, and carries confidence 0.973.",0.1992,False,Multi-factor isolation signal,Medium
EXC0000830,Trade Match Break,Trades,Bloomberg,APAC,Derivative,1,5,50014.47,-1.25,0,0,17,High,Trade Match Break pattern detected from source controls,Trade Support,24,Open,2026-05-12,Breached,40,1,Trade Match Break,0.886,Trade Support,Most similar historical pattern: Trade Match Break,Review counterparty economic fields and run fuzzy security/client match.,False,58.0,"Trade Match Break in Trades from Bloomberg is ranked High because the item is 5 days old, has a break amount of 50014.47, and carries confidence 0.886.",0.2192,False,Multi-factor isolation signal,High
EXC0000831,Delayed Source Load,Source Control,ABOR,EMEA,Derivative,0,12,1135.81,-0.88,0,0,78,Low,Delayed Source Load pattern detected from source controls,Source Systems,72,Open,2026-03-28,Breached,22,0,Delayed Source Load,0.985,Source Systems,Most similar historical pattern: Delayed Source Load,Check source-system batch status and notify technology owner if SLA breached.,False,34.9,"Delayed Source Load in Source Control from ABOR is ranked Low because the item is 12 days old, has a break amount of 1135.81, and carries confidence 0.985.",0.3618,False,Late source refresh,Low
EXC0000832,Position Reconciliation Break,Positions,Custodian,EMEA,ETF,1,9,65767.96,2.82,0,0,13,High,Position Reconciliation Break pattern detected from source controls,Reconciliation,24,Suppressed,2026-04-14,Breached,18,1,Position Reconciliation Break,0.827,Reconciliation,Most similar historical pattern: Position Reconciliation Break,"Compare IBOR, ABOR, and custodian balances; prioritize material value gaps.",False,59.0,"Position Reconciliation Break in Positions from Custodian is ranked High because the item is 9 days old, has a break amount of 65767.96, and carries confidence 0.827.",0.1691,False,High-value reconciliation break,High
EXC0000833,Stale Price,Pricing,Refinitiv,APAC,Corporate Bond,1,6,3656.08,2.77,0,0,36,Medium,Stale Price pattern detected from source controls,Pricing Control,48,Suppressed,2026-03-25,Breached,21,0,Stale Price,0.975,Pricing Control,Most similar historical pattern: Stale Price,"Check vendor price history, compare secondary source, and escalate material moves.",False,43.9,"Stale Price in Pricing from Refinitiv is ranked Medium because the item is 6 days old, has a break amount of 3656.08, and carries confidence 0.975.",0.2106,False,Multi-factor isolation signal,Medium
EXC0000834,Unknown / Needs SME Review,Reference Data,SimCorp,APAC,Equity,1,11,497.86,0.79,0,0,5,Low,Unknown / Needs SME Review pattern detected from source controls,Reference Data Ops,72,Resolved,2026-04-26,Breached,10,0,Unknown / Needs SME Review,0.601,Reference Data Ops,Most similar historical pattern: Unknown / Needs SME Review,Send to SME review with source evidence and model explanation.,True,38.2,"Unknown / Needs SME Review in Reference Data from SimCorp is ranked Low because the item is 11 days old, has a break amount of 497.86, and carries confidence 0.601.",0.0481,False,Multi-factor isolation signal,Low
EXC0000835,Unknown / Needs SME Review,Reference Data,IBOR,APAC,Government Bond,1,5,2882.23,4.79,0,0,8,Medium,Unknown / Needs SME Review pattern detected from source controls,Reference Data Ops,48,Resolved,2026-03-22,Breached,12,0,Unknown / Needs SME Review,0.765,Reference Data Ops,Most similar historical pattern: Unknown / Needs SME Review,Send to SME review with source evidence and model explanation.,True,45.6,"Unknown / Needs SME Review in Reference Data from IBOR is ranked Medium because the item is 5 days old, has a break amount of 2882.23, and carries confidence 0.765.",0.0753,False,Multi-factor isolation signal,Medium
EXC0000836,Stale Price,Pricing,Aladdin,APAC,Derivative,0,14,725.64,5.23,0,0,37,Low,Stale Price pattern detected from source controls,Pricing Control,72,Escalated,2026-04-27,Breached,20,0,Stale Price,0.918,Pricing Control,Most similar historical pattern: Stale Price,"Check vendor price history, compare secondary source, and escalate material moves.",False,35.4,"Stale Price in Pricing from Aladdin is ranked Low because the item is 14 days old, has a break amount of 725.64, and carries confidence 0.918.",0.2429,False,Aging unresolved item,Low
EXC0000837,Position Reconciliation Break,Positions,Murex,Americas,Government Bond,0,0,71968.11,5.2,0,0,1,High,Position Reconciliation Break pattern detected from source controls,Reconciliation,24,Resolved,2026-03-29,Within SLA,23,1,Position Reconciliation Break,0.7,Reconciliation,Most similar historical pattern: Position Reconciliation Break,"Compare IBOR, ABOR, and custodian balances; prioritize material value gaps.",True,40.9,"Position Reconciliation Break in Positions from Murex is ranked High because the item is 0 days old, has a break amount of 71968.11, and carries confidence 0.7.",0.5473,True,High-value reconciliation break,High
EXC0000838,Unknown / Needs SME Review,Reference Data,Aladdin,APAC,Derivative,0,5,3336.8,5.21,0,0,16,Medium,Unknown / Needs SME Review pattern detected from source controls,Reference Data Ops,48,Resolved,2026-04-17,Breached,9,0,Unknown / Needs SME Review,0.747,Reference Data Ops,Most similar historical pattern: Unknown / Needs SME Review,Send to SME review with source evidence and model explanation.,True,45.7,"Unknown / Needs SME Review in Reference Data from Aladdin is ranked Medium because the item is 5 days old, has a break amount of 3336.8, and carries confidence 0.747.",0.1072,False,Multi-factor isolation signal,Medium
EXC0000839,Position Reconciliation Break,Positions,Aladdin,EMEA,Equity,1,10,144325.03,1.46,0,0,6,Critical,Position Reconciliation Break pattern detected from source controls,Reconciliation,8,Resolved,2026-04-01,Breached,20,1,Position Reconciliation Break,0.876,Reconciliation,Most similar historical pattern: Position Reconciliation Break,"Compare IBOR, ABOR, and custodian balances; prioritize material value gaps.",False,73.6,"Position Reconciliation Break in Positions from Aladdin is ranked Critical because the item is 10 days old, has a break amount of 144325.03, and carries confidence 0.876.",0.3546,False,High-value reconciliation break,Critical
EXC0000840,Position Reconciliation Break,Positions,SimCorp,EMEA,Equity,1,2,130518.97,-1.84,0,0,10,High,Position Reconciliation Break pattern detected from source controls,Reconciliation,24,Resolved,2026-04-02,Breached,16,1,Position Reconciliation Break,0.87,Reconciliation,Most similar historical pattern: Position Reconciliation Break,"Compare IBOR, ABOR, and custodian balances; prioritize material value gaps.",False,63.6,"Position Reconciliation Break in Positions from SimCorp is ranked High because the item is 2 days old, has a break amount of 130518.97, and carries confidence 0.87.",0.4607,True,High-value reconciliation break,High
EXC0000841,Stale Price,Pricing,ABOR,APAC,Government Bond,1,4,2220.59,0.69,0,0,30,Low,Stale Price pattern detected from source controls,Pricing Control,72,Resolved,2026-05-05,Breached,23,0,Stale Price,0.933,Pricing Control,Most similar historical pattern: Stale Price,"Check vendor price history, compare secondary source, and escalate material moves.",False,35.5,"Stale Price in Pricing from ABOR is ranked Low because the item is 4 days old, has a break amount of 2220.59, and carries confidence 0.933.",0.2012,False,Multi-factor isolation signal,Low
EXC0000842,Trade Match Break,Trades,ABOR,Americas,Corporate Bond,1,9,88425.63,1.21,0,0,0,High,Trade Match Break pattern detected from source controls,Trade Support,24,Open,2026-04-03,Breached,28,1,Trade Match Break,0.85,Trade Support,Most similar historical pattern: Trade Match Break,Review counterparty economic fields and run fuzzy security/client match.,False,60.9,"Trade Match Break in Trades from ABOR is ranked High because the item is 9 days old, has a break amount of 88425.63, and carries confidence 0.85.",0.3656,False,High-value reconciliation break,High
EXC0000843,Position Reconciliation Break,Positions,Custodian,APAC,Equity,1,10,13126.92,-0.07,0,0,12,High,Position Reconciliation Break pattern detected from source controls,Reconciliation,24,Suppressed,2026-05-09,Breached,18,0,Position Reconciliation Break,0.85,Reconciliation,Most similar historical pattern: Position Reconciliation Break,"Compare IBOR, ABOR, and custodian balances; prioritize material value gaps.",False,54.5,"Position Reconciliation Break in Positions from Custodian is ranked High because the item is 10 days old, has a break amount of 13126.92, and carries confidence 0.85.",0.0306,False,Multi-factor isolation signal,High
EXC0000844,Invalid Currency,Reference Data,ABOR,APAC,Derivative,1,7,3686.31,0.55,0,1,8,Medium,Invalid Currency pattern detected from source controls,Reference Data Ops,48,Escalated,2026-04-19,Breached,9,0,Invalid Currency,0.841,Reference Data Ops,Most similar historical pattern: Invalid Currency,"Validate security currency, trade currency, and portfolio base currency mapping.",False,44.7,"Invalid Currency in Reference Data from ABOR is ranked Medium because the item is 7 days old, has a break amount of 3686.31, and carries confidence 0.841.",0.0557,False,Multi-factor isolation signal,Medium
EXC0000845,Position Reconciliation Break,Positions,Refinitiv,EMEA,Corporate Bond,1,17,14014.49,-1.39,0,0,13,High,Position Reconciliation Break pattern detected from source controls,Reconciliation,24,Resolved,2026-04-13,Breached,17,0,Position Reconciliation Break,0.724,Reconciliation,Most similar historical pattern: Position Reconciliation Break,"Compare IBOR, ABOR, and custodian balances; prioritize material value gaps.",False,55.8,"Position Reconciliation Break in Positions from Refinitiv is ranked High because the item is 17 days old, has a break amount of 14014.49, and carries confidence 0.724.",0.14,False,Aging unresolved item,High
EXC0000846,Duplicate Record,Trades,Murex,EMEA,Corporate Bond,0,11,127279.17,3.29,1,0,17,Critical,Duplicate Record pattern detected from source controls,Trade Support,8,Resolved,2026-05-16,Breached,22,1,Duplicate Record,0.913,Trade Support,Most similar historical pattern: Duplicate Record,Confirm duplicate key collision and suppress or merge after control approval.,False,71.9,"Duplicate Record in Trades from Murex is ranked Critical because the item is 11 days old, has a break amount of 127279.17, and carries confidence 0.913.",0.3542,False,High-value reconciliation break,Critical
EXC0000847,Missing Reference Data,Reference Data,Aladdin,Americas,Government Bond,4,8,743.42,5.57,0,0,17,Low,Missing Reference Data pattern detected from source controls,Reference Data Ops,72,Resolved,2026-04-17,Breached,22,0,Missing Reference Data,0.885,Reference Data Ops,Most similar historical pattern: Missing Reference Data,"Validate security master fields, enrich ISIN/ticker, and rerun downstream load.",False,35.8,"Missing Reference Data in Reference Data from Aladdin is ranked Low because the item is 8 days old, has a break amount of 743.42, and carries confidence 0.885.",0.1062,False,Multi-factor isolation signal,Low
EXC0000848,Missing Client Mapping,Client Data,Custodian,APAC,Derivative,2,11,1442.56,7.45,0,0,1,Low,Missing Client Mapping pattern detected from source controls,Client Data Ops,72,Resolved,2026-05-07,Breached,11,0,Missing Client Mapping,0.898,Client Data Ops,Most similar historical pattern: Missing Client Mapping,Route to client-data operations to complete portfolio and account mapping.,False,35.3,"Missing Client Mapping in Client Data from Custodian is ranked Low because the item is 11 days old, has a break amount of 1442.56, and carries confidence 0.898.",0.1592,False,Multi-factor isolation signal,Low
EXC0000849,Missing Reference Data,Reference Data,Refinitiv,APAC,Equity,2,7,2642.62,2.12,0,0,5,Medium,Missing Reference Data pattern detected from source controls,Reference Data Ops,48,Resolved,2026-04-06,Breached,17,0,Missing Reference Data,0.849,Reference Data Ops,Most similar historical pattern: Missing Reference Data,"Validate security master fields, enrich ISIN/ticker, and rerun downstream load.",False,44.9,"Missing Reference Data in Reference Data from Refinitiv is ranked Medium because the item is 7 days old, has a break amount of 2642.62, and carries confidence 0.849.",0.064,False,Multi-factor isolation signal,Medium
EXC0000850,Duplicate Record,Trades,Bloomberg,EMEA,Corporate Bond,1,1,104026.64,1.07,1,0,4,High,Duplicate Record pattern detected from source controls,Trade Support,24,Escalated,2026-04-21,Within SLA,17,1,Duplicate Record,0.914,Trade Support,Most similar historical pattern: Duplicate Record,Confirm duplicate key collision and suppress or merge after control approval.,False,41.1,"Duplicate Record in Trades from Bloomberg is ranked High because the item is 1 days old, has a break amount of 104026.64, and carries confidence 0.914.",0.4203,False,High-value reconciliation break,High
EXC0000851,Delayed Source Load,Source Control,ABOR,EMEA,ETF,0,9,2882.13,1.41,0,0,71,Medium,Delayed Source Load pattern detected from source controls,Source Systems,48,Resolved,2026-05-12,Breached,22,0,Delayed Source Load,0.971,Source Systems,Most similar historical pattern: Delayed Source Load,Check source-system batch status and notify technology owner if SLA breached.,False,43.9,"Delayed Source Load in Source Control from ABOR is ranked Medium because the item is 9 days old, has a break amount of 2882.13, and carries confidence 0.971.",0.3189,False,Late source refresh,Medium
EXC0000852,Missing Client Mapping,Client Data,ABOR,EMEA,ETF,1,7,2439.57,4.9,0,0,9,Medium,Missing Client Mapping pattern detected from source controls,Client Data Ops,48,Resolved,2026-03-21,Breached,18,0,Missing Client Mapping,0.926,Client Data Ops,Most similar historical pattern: Missing Client Mapping,Route to client-data operations to complete portfolio and account mapping.,False,44.2,"Missing Client Mapping in Client Data from ABOR is ranked Medium because the item is 7 days old, has a break amount of 2439.57, and carries confidence 0.926.",0.0692,False,Multi-factor isolation signal,Medium
EXC0000853,Stale Price,Pricing,Custodian,Americas,Equity,0,10,1563.3,4.86,0,0,69,Low,Stale Price pattern detected from source controls,Pricing Control,72,Open,2026-05-02,Breached,21,0,Stale Price,0.954,Pricing Control,Most similar historical pattern: Stale Price,"Check vendor price history, compare secondary source, and escalate material moves.",False,35.2,"Stale Price in Pricing from Custodian is ranked Low because the item is 10 days old, has a break amount of 1563.3, and carries confidence 0.954.",0.3498,False,Late source refresh,Low
EXC0000854,Delayed Source Load,Source Control,ABOR,Americas,Equity,1,11,1899.26,0.9,0,0,77,Medium,Delayed Source Load pattern detected from source controls,Source Systems,48,Resolved,2026-04-17,Breached,22,0,Delayed Source Load,0.974,Source Systems,Most similar historical pattern: Delayed Source Load,Check source-system batch status and notify technology owner if SLA breached.,False,43.8,"Delayed Source Load in Source Control from ABOR is ranked Medium because the item is 11 days old, has a break amount of 1899.26, and carries confidence 0.974.",0.3037,False,Late source refresh,Medium
EXC0000855,Missing Reference Data,Reference Data,SimCorp,Americas,ETF,3,5,1904.72,4.51,0,0,16,Low,Missing Reference Data pattern detected from source controls,Reference Data Ops,72,Resolved,2026-04-09,Breached,15,0,Missing Reference Data,0.844,Reference Data Ops,Most similar historical pattern: Missing Reference Data,"Validate security master fields, enrich ISIN/ticker, and rerun downstream load.",False,36.1,"Missing Reference Data in Reference Data from SimCorp is ranked Low because the item is 5 days old, has a break amount of 1904.72, and carries confidence 0.844.",0.0982,False,Multi-factor isolation signal,Low
EXC0000856,Missing Reference Data,Reference Data,Aladdin,Americas,Corporate Bond,1,10,2574.19,1.9,0,0,1,Medium,Missing Reference Data pattern detected from source controls,Reference Data Ops,48,Open,2026-04-01,Breached,22,0,Unknown / Needs SME Review,0.57,Reference Data Ops,Most similar historical pattern: Unknown / Needs SME Review,Send to SME review with source evidence and model explanation.,True,47.9,"Unknown / Needs SME Review in Reference Data from Aladdin is ranked Medium because the item is 10 days old, has a break amount of 2574.19, and carries confidence 0.57.",0.0715,False,Multi-factor isolation signal,Medium
EXC0000857,Delayed Source Load,Source Control,SimCorp,APAC,Equity,1,13,3285.04,-0.34,0,0,86,Medium,Delayed Source Load pattern detected from source controls,Source Systems,48,Resolved,2026-04-13,Breached,11,0,Delayed Source Load,0.907,Source Systems,Most similar historical pattern: Delayed Source Load,Check source-system batch status and notify technology owner if SLA breached.,False,44.1,"Delayed Source Load in Source Control from SimCorp is ranked Medium because the item is 13 days old, has a break amount of 3285.04, and carries confidence 0.907.",0.4666,True,Late source refresh,Medium
EXC0000858,Stale Price,Pricing,Aladdin,EMEA,Derivative,1,5,17982.38,1.11,0,0,81,Medium,Stale Price pattern detected from source controls,Pricing Control,48,Resolved,2026-04-10,Breached,20,0,Stale Price,0.788,Pricing Control,Most similar historical pattern: Stale Price,"Check vendor price history, compare secondary source, and escalate material moves.",False,46.9,"Stale Price in Pricing from Aladdin is ranked Medium because the item is 5 days old, has a break amount of 17982.38, and carries confidence 0.788.",0.5342,True,Late source refresh,Medium
EXC0000859,Trade Match Break,Trades,ABOR,EMEA,ETF,1,0,59945.71,5.76,0,0,18,Medium,Trade Match Break pattern detected from source controls,Trade Support,48,Open,2026-04-29,Within SLA,28,1,Trade Match Break,0.887,Trade Support,Most similar historical pattern: Trade Match Break,Review counterparty economic fields and run fuzzy security/client match.,False,29.5,"Trade Match Break in Trades from ABOR is ranked Medium because the item is 0 days old, has a break amount of 59945.71, and carries confidence 0.887.",0.4445,False,Multi-factor isolation signal,Medium
EXC0000860,Performance Return Outlier,Positions,Custodian,Americas,Government Bond,1,4,117567.17,21.49,0,0,5,High,Performance Return Outlier pattern detected from source controls,Reconciliation,24,Resolved,2026-04-30,Breached,7,1,Performance Return Outlier,0.874,Reconciliation,Most similar historical pattern: Performance Return Outlier,"Check vendor price history, compare secondary source, and escalate material moves.",False,62.2,"Performance Return Outlier in Positions from Custodian is ranked High because the item is 4 days old, has a break amount of 117567.17, and carries confidence 0.874.",0.6982,True,Large price/return move,High
EXC0000861,Stale Price,Pricing,Refinitiv,Americas,Government Bond,1,10,393.49,0.23,0,0,30,Low,Stale Price pattern detected from source controls,Pricing Control,72,Resolved,2026-05-11,Breached,21,0,Stale Price,0.91,Pricing Control,Most similar historical pattern: Stale Price,"Check vendor price history, compare secondary source, and escalate material moves.",False,35.5,"Stale Price in Pricing from Refinitiv is ranked Low because the item is 10 days old, has a break amount of 393.49, and carries confidence 0.91.",0.1236,False,Multi-factor isolation signal,Low
EXC0000862,Missing Client Mapping,Client Data,Refinitiv,APAC,Derivative,3,15,586.18,3.84,0,0,18,Low,Missing Client Mapping pattern detected from source controls,Client Data Ops,72,Resolved,2026-03-21,Breached,15,0,Missing Client Mapping,0.97,Client Data Ops,Most similar historical pattern: Missing Client Mapping,Route to client-data operations to complete portfolio and account mapping.,False,34.7,"Missing Client Mapping in Client Data from Refinitiv is ranked Low because the item is 15 days old, has a break amount of 586.18, and carries confidence 0.97.",0.0322,False,Aging unresolved item,Low
EXC0000863,Duplicate Record,Trades,Aladdin,EMEA,ETF,1,14,25763.93,3.28,1,0,14,High,Duplicate Record pattern detected from source controls,Trade Support,24,Open,2026-03-29,Breached,15,0,Duplicate Record,0.868,Trade Support,Most similar historical pattern: Duplicate Record,Confirm duplicate key collision and suppress or merge after control approval.,False,55.2,"Duplicate Record in Trades from Aladdin is ranked High because the item is 14 days old, has a break amount of 25763.93, and carries confidence 0.868.",0.0796,False,Aging unresolved item,High
EXC0000864,Trade Match Break,Trades,IBOR,Americas,Government Bond,1,17,71663.44,0.73,0,0,13,Critical,Trade Match Break pattern detected from source controls,Trade Support,8,Suppressed,2026-05-06,Breached,21,1,Trade Match Break,0.894,Trade Support,Most similar historical pattern: Trade Match Break,Review counterparty economic fields and run fuzzy security/client match.,False,67.6,"Trade Match Break in Trades from IBOR is ranked Critical because the item is 17 days old, has a break amount of 71663.44, and carries confidence 0.894.",0.2154,False,High-value reconciliation break,Critical
EXC0000865,Position Reconciliation Break,Positions,Murex,APAC,Government Bond,1,10,51085.31,-0.37,0,0,13,High,Position Reconciliation Break pattern detected from source controls,Reconciliation,24,Escalated,2026-03-31,Breached,23,1,Position Reconciliation Break,0.881,Reconciliation,Most similar historical pattern: Position Reconciliation Break,"Compare IBOR, ABOR, and custodian balances; prioritize material value gaps.",False,57.4,"Position Reconciliation Break in Positions from Murex is ranked High because the item is 10 days old, has a break amount of 51085.31, and carries confidence 0.881.",0.1305,False,Multi-factor isolation signal,High
EXC0000866,Trade Match Break,Trades,SimCorp,EMEA,Government Bond,0,19,25777.19,-1.28,0,0,14,Critical,Trade Match Break pattern detected from source controls,Trade Support,8,Resolved,2026-04-09,Breached,25,0,Trade Match Break,0.91,Trade Support,Most similar historical pattern: Trade Match Break,Review counterparty economic fields and run fuzzy security/client match.,False,64.0,"Trade Match Break in Trades from SimCorp is ranked Critical because the item is 19 days old, has a break amount of 25777.19, and carries confidence 0.91.",0.2089,False,Aging unresolved item,Critical
EXC0000867,Delayed Source Load,Source Control,Bloomberg,EMEA,Corporate Bond,1,21,1006.63,-2.61,0,0,63,Medium,Delayed Source Load pattern detected from source controls,Source Systems,48,Resolved,2026-05-11,Breached,10,0,Delayed Source Load,0.932,Source Systems,Most similar historical pattern: Delayed Source Load,Check source-system batch status and notify technology owner if SLA breached.,False,43.7,"Delayed Source Load in Source Control from Bloomberg is ranked Medium because the item is 21 days old, has a break amount of 1006.63, and carries confidence 0.932.",0.5544,True,Late source refresh,High
EXC0000868,Delayed Source Load,Source Control,ABOR,EMEA,Government Bond,1,0,2602.83,-0.14,0,0,69,Low,Delayed Source Load pattern detected from source controls,Source Systems,72,Resolved,2026-05-05,Within SLA,22,0,Delayed Source Load,0.97,Source Systems,Most similar historical pattern: Delayed Source Load,Check source-system batch status and notify technology owner if SLA breached.,False,15.1,"Delayed Source Load in Source Control from ABOR is ranked Low because the item is 0 days old, has a break amount of 2602.83, and carries confidence 0.97.",0.5069,True,Late source refresh,Low
EXC0000869,Trade Match Break,Trades,ABOR,EMEA,ETF,0,3,4555.83,1.06,0,0,4,Medium,Trade Match Break pattern detected from source controls,Trade Support,48,Resolved,2026-04-05,Breached,28,0,Trade Match Break,0.806,Trade Support,Most similar historical pattern: Trade Match Break,Review counterparty economic fields and run fuzzy security/client match.,False,45.9,"Trade Match Break in Trades from ABOR is ranked Medium because the item is 3 days old, has a break amount of 4555.83, and carries confidence 0.806.",0.0982,False,Multi-factor isolation signal,Medium
EXC0000870,Invalid Currency,Reference Data,Bloomberg,APAC,ETF,1,8,1310.59,4.65,0,1,18,Low,Invalid Currency pattern detected from source controls,Reference Data Ops,72,Resolved,2026-03-22,Breached,17,0,Invalid Currency,0.905,Reference Data Ops,Most similar historical pattern: Invalid Currency,"Validate security currency, trade currency, and portfolio base currency mapping.",False,35.5,"Invalid Currency in Reference Data from Bloomberg is ranked Low because the item is 8 days old, has a break amount of 1310.59, and carries confidence 0.905.",0.0731,False,Multi-factor isolation signal,Low
EXC0000871,Position Reconciliation Break,Positions,Aladdin,Americas,Corporate Bond,1,9,28088.87,3.56,0,0,7,High,Position Reconciliation Break pattern detected from source controls,Reconciliation,24,Resolved,2026-05-11,Breached,20,0,Position Reconciliation Break,0.783,Reconciliation,Most similar historical pattern: Position Reconciliation Break,"Compare IBOR, ABOR, and custodian balances; prioritize material value gaps.",False,56.5,"Position Reconciliation Break in Positions from Aladdin is ranked High because the item is 9 days old, has a break amount of 28088.87, and carries confidence 0.783.",0.1199,False,Multi-factor isolation signal,High
EXC0000872,Missing Client Mapping,Client Data,IBOR,EMEA,Derivative,4,4,1271.15,1.99,0,0,18,Low,Missing Client Mapping pattern detected from source controls,Client Data Ops,72,Resolved,2026-03-24,Breached,15,0,Missing Client Mapping,0.981,Client Data Ops,Most similar historical pattern: Missing Client Mapping,Route to client-data operations to complete portfolio and account mapping.,False,34.6,"Missing Client Mapping in Client Data from IBOR is ranked Low because the item is 4 days old, has a break amount of 1271.15, and carries confidence 0.981.",0.0873,False,Multi-factor isolation signal,Low
EXC0000873,Missing Reference Data,Reference Data,Bloomberg,Americas,Corporate Bond,4,6,674.86,-3.18,0,0,6,Low,Missing Reference Data pattern detected from source controls,Reference Data Ops,72,Open,2026-04-22,Breached,18,0,Missing Reference Data,0.875,Reference Data Ops,Most similar historical pattern: Missing Reference Data,"Validate security master fields, enrich ISIN/ticker, and rerun downstream load.",False,35.8,"Missing Reference Data in Reference Data from Bloomberg is ranked Low because the item is 6 days old, has a break amount of 674.86, and carries confidence 0.875.",0.1749,False,Multi-factor isolation signal,Low
EXC0000874,Trade Match Break,Trades,ABOR,Americas,ETF,1,0,61310.49,2.24,0,0,3,Medium,Trade Match Break pattern detected from source controls,Trade Support,48,Resolved,2026-03-26,Within SLA,28,1,Trade Match Break,0.928,Trade Support,Most similar historical pattern: Trade Match Break,Review counterparty economic fields and run fuzzy security/client match.,False,29.2,"Trade Match Break in Trades from ABOR is ranked Medium because the item is 0 days old, has a break amount of 61310.49, and carries confidence 0.928.",0.439,False,Multi-factor isolation signal,Medium
EXC0000875,Trade Match Break,Trades,Bloomberg,APAC,Government Bond,1,19,54320.18,-2.61,0,0,6,Critical,Trade Match Break pattern detected from source controls,Trade Support,8,Escalated,2026-04-22,Breached,40,1,Trade Match Break,0.904,Trade Support,Most similar historical pattern: Trade Match Break,Review counterparty economic fields and run fuzzy security/client match.,False,66.9,"Trade Match Break in Trades from Bloomberg is ranked Critical because the item is 19 days old, has a break amount of 54320.18, and carries confidence 0.904.",0.345,False,Aging unresolved item,Critical
EXC0000876,Duplicate Record,Trades,Murex,Americas,Derivative,1,17,50151.28,3.68,1,0,11,Critical,Duplicate Record pattern detected from source controls,Trade Support,8,Escalated,2026-05-02,Breached,22,1,Duplicate Record,0.931,Trade Support,Most similar historical pattern: Duplicate Record,Confirm duplicate key collision and suppress or merge after control approval.,False,65.6,"Duplicate Record in Trades from Murex is ranked Critical because the item is 17 days old, has a break amount of 50151.28, and carries confidence 0.931.",0.1699,False,Aging unresolved item,Critical
EXC0000877,Stale Price,Pricing,ABOR,Americas,ETF,0,3,3883.24,3.75,0,0,31,Medium,Stale Price pattern detected from source controls,Pricing Control,48,Open,2026-04-25,Breached,23,0,Stale Price,0.9,Pricing Control,Most similar historical pattern: Stale Price,"Check vendor price history, compare secondary source, and escalate material moves.",False,44.7,"Stale Price in Pricing from ABOR is ranked Medium because the item is 3 days old, has a break amount of 3883.24, and carries confidence 0.9.",0.2469,False,Multi-factor isolation signal,Medium
EXC0000878,Position Reconciliation Break,Positions,Aladdin,EMEA,ETF,0,8,35473.75,1.63,0,0,0,High,Position Reconciliation Break pattern detected from source controls,Reconciliation,24,Resolved,2026-04-19,Breached,20,0,Position Reconciliation Break,0.759,Reconciliation,Most similar historical pattern: Position Reconciliation Break,"Compare IBOR, ABOR, and custodian balances; prioritize material value gaps.",False,57.3,"Position Reconciliation Break in Positions from Aladdin is ranked High because the item is 8 days old, has a break amount of 35473.75, and carries confidence 0.759.",0.2333,False,Multi-factor isolation signal,High
EXC0000879,Unknown / Needs SME Review,Reference Data,IBOR,Americas,ETF,1,11,1571.65,3.54,0,0,1,Medium,Unknown / Needs SME Review pattern detected from source controls,Reference Data Ops,48,Resolved,2026-04-29,Breached,12,0,Unknown / Needs SME Review,0.698,Reference Data Ops,Most similar historical pattern: Unknown / Needs SME Review,Send to SME review with source evidence and model explanation.,True,46.1,"Unknown / Needs SME Review in Reference Data from IBOR is ranked Medium because the item is 11 days old, has a break amount of 1571.65, and carries confidence 0.698.",0.0748,False,Multi-factor isolation signal,Medium
EXC0000880,Missing Reference Data,Reference Data,IBOR,EMEA,Equity,4,9,1439.56,4.04,0,0,5,Low,Missing Reference Data pattern detected from source controls,Reference Data Ops,72,Resolved,2026-05-03,Breached,25,0,Missing Reference Data,0.902,Reference Data Ops,Most similar historical pattern: Missing Reference Data,"Validate security master fields, enrich ISIN/ticker, and rerun downstream load.",False,35.8,"Missing Reference Data in Reference Data from IBOR is ranked Low because the item is 9 days old, has a break amount of 1439.56, and carries confidence 0.902.",0.0796,False,Multi-factor isolation signal,Low
EXC0000881,Position Reconciliation Break,Positions,Bloomberg,Americas,Derivative,0,9,32795.25,1.77,0,0,14,High,Position Reconciliation Break pattern detected from source controls,Reconciliation,24,Resolved,2026-04-21,Breached,32,0,Position Reconciliation Break,0.923,Reconciliation,Most similar historical pattern: Position Reconciliation Break,"Compare IBOR, ABOR, and custodian balances; prioritize material value gaps.",False,55.9,"Position Reconciliation Break in Positions from Bloomberg is ranked High because the item is 9 days old, has a break amount of 32795.25, and carries confidence 0.923.",0.0983,False,Multi-factor isolation signal,High
EXC0000882,Stale Price,Pricing,Murex,Americas,ETF,0,12,1618.09,1.14,0,0,79,Medium,Stale Price pattern detected from source controls,Pricing Control,48,Escalated,2026-05-01,Breached,15,0,Stale Price,0.95,Pricing Control,Most similar historical pattern: Stale Price,"Check vendor price history, compare secondary source, and escalate material moves.",False,43.7,"Stale Price in Pricing from Murex is ranked Medium because the item is 12 days old, has a break amount of 1618.09, and carries confidence 0.95.",0.307,False,Late source refresh,Medium
EXC0000883,Duplicate Record,Trades,ABOR,Americas,Equity,0,20,24089.18,-1.82,1,0,9,Critical,Duplicate Record pattern detected from source controls,Trade Support,8,Resolved,2026-04-07,Breached,17,0,Duplicate Record,0.861,Trade Support,Most similar historical pattern: Duplicate Record,Confirm duplicate key collision and suppress or merge after control approval.,False,64.0,"Duplicate Record in Trades from ABOR is ranked Critical because the item is 20 days old, has a break amount of 24089.18, and carries confidence 0.861.",0.2206,False,Aging unresolved item,Critical
EXC0000884,Price Outlier,Pricing,Bloomberg,APAC,Corporate Bond,1,11,1015.85,10.76,0,0,19,Low,Price Outlier pattern detected from source controls,Pricing Control,72,Resolved,2026-05-03,Breached,14,0,Price Outlier,0.957,Pricing Control,Most similar historical pattern: Price Outlier,"Check vendor price history, compare secondary source, and escalate material moves.",False,34.8,"Price Outlier in Pricing from Bloomberg is ranked Low because the item is 11 days old, has a break amount of 1015.85, and carries confidence 0.957.",0.222,False,Multi-factor isolation signal,Low
EXC0000885,Performance Return Outlier,Positions,ABOR,EMEA,Equity,0,12,20693.92,12.78,0,0,3,High,Performance Return Outlier pattern detected from source controls,Reconciliation,24,Resolved,2026-04-30,Breached,10,0,Performance Return Outlier,0.786,Reconciliation,Most similar historical pattern: Performance Return Outlier,"Check vendor price history, compare secondary source, and escalate material moves.",False,55.4,"Performance Return Outlier in Positions from ABOR is ranked High because the item is 12 days old, has a break amount of 20693.92, and carries confidence 0.786.",0.275,False,Large price/return move,High
EXC0000886,Trade Match Break,Trades,IBOR,Americas,Equity,0,5,26463.03,-1.02,0,0,3,Medium,Trade Match Break pattern detected from source controls,Trade Support,48,Open,2026-04-02,Breached,21,0,Trade Match Break,0.921,Trade Support,Most similar historical pattern: Trade Match Break,Review counterparty economic fields and run fuzzy security/client match.,False,46.2,"Trade Match Break in Trades from IBOR is ranked Medium because the item is 5 days old, has a break amount of 26463.03, and carries confidence 0.921.",0.1509,False,Multi-factor isolation signal,Medium
EXC0000887,Unknown / Needs SME Review,Reference Data,Custodian,APAC,Government Bond,1,10,2523.17,-0.33,0,0,13,Medium,Unknown / Needs SME Review pattern detected from source controls,Reference Data Ops,48,Escalated,2026-04-15,Breached,10,0,Unknown / Needs SME Review,0.708,Reference Data Ops,Most similar historical pattern: Unknown / Needs SME Review,Send to SME review with source evidence and model explanation.,True,46.0,"Unknown / Needs SME Review in Reference Data from Custodian is ranked Medium because the item is 10 days old, has a break amount of 2523.17, and carries confidence 0.708.",0.0179,False,Multi-factor isolation signal,Medium
EXC0000888,Missing Reference Data,Reference Data,Murex,APAC,ETF,1,14,1747.1,-3.4,0,0,15,Medium,Missing Reference Data pattern detected from source controls,Reference Data Ops,48,Resolved,2026-03-31,Breached,15,0,Unknown / Needs SME Review,0.524,Reference Data Ops,Most similar historical pattern: Unknown / Needs SME Review,Send to SME review with source evidence and model explanation.,True,48.0,"Unknown / Needs SME Review in Reference Data from Murex is ranked Medium because the item is 14 days old, has a break amount of 1747.1, and carries confidence 0.524.",0.1474,False,Aging unresolved item,Medium
EXC0000889,Delayed Source Load,Source Control,Custodian,Americas,ETF,1,12,1218.25,3.95,0,0,63,Low,Delayed Source Load pattern detected from source controls,Source Systems,72,Escalated,2026-04-28,Breached,10,0,Delayed Source Load,0.906,Source Systems,Most similar historical pattern: Delayed Source Load,Check source-system batch status and notify technology owner if SLA breached.,False,35.2,"Delayed Source Load in Source Control from Custodian is ranked Low because the item is 12 days old, has a break amount of 1218.25, and carries confidence 0.906.",0.2919,False,Late source refresh,Low
EXC0000890,Price Outlier,Pricing,Bloomberg,Americas,Derivative,0,10,3073.8,20.3,0,0,3,Medium,Price Outlier pattern detected from source controls,Pricing Control,48,Resolved,2026-04-02,Breached,14,0,Price Outlier,0.928,Pricing Control,Most similar historical pattern: Price Outlier,"Check vendor price history, compare secondary source, and escalate material moves.",False,44.0,"Price Outlier in Pricing from Bloomberg is ranked Medium because the item is 10 days old, has a break amount of 3073.8, and carries confidence 0.928.",0.3799,False,Large price/return move,Medium
EXC0000891,Stale Price,Pricing,Custodian,Americas,Equity,0,15,5803.77,4.4,0,0,90,High,Stale Price pattern detected from source controls,Pricing Control,24,Resolved,2026-03-22,Breached,21,0,Stale Price,0.939,Pricing Control,Most similar historical pattern: Stale Price,"Check vendor price history, compare secondary source, and escalate material moves.",False,53.2,"Stale Price in Pricing from Custodian is ranked High because the item is 15 days old, has a break amount of 5803.77, and carries confidence 0.939.",0.5639,True,Late source refresh,High
EXC0000892,Delayed Source Load,Source Control,Refinitiv,Americas,ETF,1,4,1217.05,3.5,0,0,59,Low,Delayed Source Load pattern detected from source controls,Source Systems,72,Resolved,2026-05-19,Breached,14,0,Delayed Source Load,0.957,Source Systems,Most similar historical pattern: Delayed Source Load,Check source-system batch status and notify technology owner if SLA breached.,False,34.8,"Delayed Source Load in Source Control from Refinitiv is ranked Low because the item is 4 days old, has a break amount of 1217.05, and carries confidence 0.957.",0.3335,False,Late source refresh,Low
EXC0000893,Price Outlier,Pricing,SimCorp,EMEA,Corporate Bond,1,0,759.61,7.48,0,0,11,Low,Price Outlier pattern detected from source controls,Pricing Control,72,Resolved,2026-04-08,Within SLA,12,0,Price Outlier,0.86,Pricing Control,Most similar historical pattern: Price Outlier,"Check vendor price history, compare secondary source, and escalate material moves.",False,15.7,"Price Outlier in Pricing from SimCorp is ranked Low because the item is 0 days old, has a break amount of 759.61, and carries confidence 0.86.",0.2902,False,Multi-factor isolation signal,Low
EXC0000894,Duplicate Record,Trades,Custodian,APAC,Equity,1,6,27616.98,3.49,1,0,7,High,Duplicate Record pattern detected from source controls,Trade Support,24,Resolved,2026-03-25,Breached,22,0,Duplicate Record,0.939,Trade Support,Most similar historical pattern: Duplicate Record,Confirm duplicate key collision and suppress or merge after control approval.,False,54.9,"Duplicate Record in Trades from Custodian is ranked High because the item is 6 days old, has a break amount of 27616.98, and carries confidence 0.939.",0.1261,False,Multi-factor isolation signal,High
EXC0000895,Missing Client Mapping,Client Data,ABOR,APAC,Derivative,2,5,1830.5,1.88,0,0,6,Low,Missing Client Mapping pattern detected from source controls,Client Data Ops,72,Resolved,2026-03-29,Breached,18,0,Missing Client Mapping,0.976,Client Data Ops,Most similar historical pattern: Missing Client Mapping,Route to client-data operations to complete portfolio and account mapping.,False,34.9,"Missing Client Mapping in Client Data from ABOR is ranked Low because the item is 5 days old, has a break amount of 1830.5, and carries confidence 0.976.",0.0752,False,Multi-factor isolation signal,Low
EXC0000896,Trade Match Break,Trades,Murex,APAC,Equity,1,20,42233.79,4.76,0,0,3,Critical,Trade Match Break pattern detected from source controls,Trade Support,8,Open,2026-04-26,Breached,20,0,Trade Match Break,0.867,Trade Support,Most similar historical pattern: Trade Match Break,Review counterparty economic fields and run fuzzy security/client match.,False,65.5,"Trade Match Break in Trades from Murex is ranked Critical because the item is 20 days old, has a break amount of 42233.79, and carries confidence 0.867.",0.316,False,Aging unresolved item,Critical
EXC0000897,Missing Reference Data,Reference Data,IBOR,APAC,Corporate Bond,2,5,4081.43,0.23,0,0,5,Medium,Missing Reference Data pattern detected from source controls,Reference Data Ops,48,Open,2026-04-24,Breached,25,0,Missing Reference Data,0.816,Reference Data Ops,Most similar historical pattern: Missing Reference Data,"Validate security master fields, enrich ISIN/ticker, and rerun downstream load.",False,45.7,"Missing Reference Data in Reference Data from IBOR is ranked Medium because the item is 5 days old, has a break amount of 4081.43, and carries confidence 0.816.",0.0836,False,Multi-factor isolation signal,Medium
EXC0000898,Performance Return Outlier,Positions,Refinitiv,Americas,Government Bond,0,20,34795.98,4.55,0,0,15,Critical,Performance Return Outlier pattern detected from source controls,Reconciliation,8,Resolved,2026-05-01,Breached,11,0,Position Reconciliation Break,0.649,Reconciliation,Most similar historical pattern: Position Reconciliation Break,"Compare IBOR, ABOR, and custodian balances; prioritize material value gaps.",True,66.7,"Position Reconciliation Break in Positions from Refinitiv is ranked Critical because the item is 20 days old, has a break amount of 34795.98, and carries confidence 0.649.",0.273,False,Aging unresolved item,Critical
EXC0000899,Duplicate Record,Trades,ABOR,APAC,Corporate Bond,1,9,19872.9,0.8,1,0,9,High,Duplicate Record pattern detected from source controls,Trade Support,24,Resolved,2026-05-04,Breached,17,0,Duplicate Record,0.914,Trade Support,Most similar historical pattern: Duplicate Record,Confirm duplicate key collision and suppress or merge after control approval.,False,54.4,"Duplicate Record in Trades from ABOR is ranked High because the item is 9 days old, has a break amount of 19872.9, and carries confidence 0.914.",0.0733,False,Multi-factor isolation signal,High
EXC0000900,Performance Return Outlier,Positions,Murex,EMEA,Equity,0,15,36159.13,11.17,0,0,18,High,Performance Return Outlier pattern detected from source controls,Reconciliation,24,Resolved,2026-04-01,Breached,10,0,Performance Return Outlier,0.811,Reconciliation,Most similar historical pattern: Performance Return Outlier,"Check vendor price history, compare secondary source, and escalate material moves.",False,56.4,"Performance Return Outlier in Positions from Murex is ranked High because the item is 15 days old, has a break amount of 36159.13, and carries confidence 0.811.",0.3127,False,Aging unresolved item,High
EXC0000901,Missing Client Mapping,Client Data,ABOR,Americas,Corporate Bond,4,12,24236.14,-0.08,0,0,10,High,Missing Client Mapping pattern detected from source controls,Client Data Ops,24,Escalated,2026-05-15,Breached,18,0,Missing Client Mapping,0.764,Client Data Ops,Most similar historical pattern: Missing Client Mapping,Route to client-data operations to complete portfolio and account mapping.,False,56.3,"Missing Client Mapping in Client Data from ABOR is ranked High because the item is 12 days old, has a break amount of 24236.14, and carries confidence 0.764.",0.0594,False,Multi-factor isolation signal,High
EXC0000902,Missing Client Mapping,Client Data,ABOR,APAC,ETF,4,0,1623.87,4.72,0,0,12,Low,Missing Client Mapping pattern detected from source controls,Client Data Ops,72,Escalated,2026-04-23,Within SLA,18,0,Missing Client Mapping,0.954,Client Data Ops,Most similar historical pattern: Missing Client Mapping,Route to client-data operations to complete portfolio and account mapping.,False,15.1,"Missing Client Mapping in Client Data from ABOR is ranked Low because the item is 0 days old, has a break amount of 1623.87, and carries confidence 0.954.",0.2373,False,Multi-factor isolation signal,Low
EXC0000903,Duplicate Record,Trades,ABOR,APAC,Equity,1,20,94637.24,-1.91,1,0,14,Critical,Duplicate Record pattern detected from source controls,Trade Support,8,Resolved,2026-03-31,Breached,17,1,Duplicate Record,0.897,Trade Support,Most similar historical pattern: Duplicate Record,Confirm duplicate key collision and suppress or merge after control approval.,False,69.3,"Duplicate Record in Trades from ABOR is ranked Critical because the item is 20 days old, has a break amount of 94637.24, and carries confidence 0.897.",0.4342,False,High-value reconciliation break,Critical
EXC0000904,Missing Reference Data,Reference Data,Refinitiv,APAC,Equity,4,10,1479.52,1.75,0,0,3,Low,Missing Reference Data pattern detected from source controls,Reference Data Ops,72,Resolved,2026-04-07,Breached,17,0,Missing Reference Data,0.861,Reference Data Ops,Most similar historical pattern: Missing Reference Data,"Validate security master fields, enrich ISIN/ticker, and rerun downstream load.",False,35.9,"Missing Reference Data in Reference Data from Refinitiv is ranked Low because the item is 10 days old, has a break amount of 1479.52, and carries confidence 0.861.",0.0404,False,Multi-factor isolation signal,Low
EXC0000905,Delayed Source Load,Source Control,ABOR,EMEA,Corporate Bond,0,12,2591.61,1.05,0,0,75,Medium,Delayed Source Load pattern detected from source controls,Source Systems,48,Open,2026-04-08,Breached,22,0,Delayed Source Load,0.975,Source Systems,Most similar historical pattern: Delayed Source Load,Check source-system batch status and notify technology owner if SLA breached.,False,43.8,"Delayed Source Load in Source Control from ABOR is ranked Medium because the item is 12 days old, has a break amount of 2591.61, and carries confidence 0.975.",0.3178,False,Late source refresh,Medium
EXC0000906,Delayed Source Load,Source Control,Refinitiv,APAC,Derivative,1,5,1545.67,-1.05,0,0,95,Low,Delayed Source Load pattern detected from source controls,Source Systems,72,Resolved,2026-04-21,Breached,14,0,Delayed Source Load,0.971,Source Systems,Most similar historical pattern: Delayed Source Load,Check source-system batch status and notify technology owner if SLA breached.,False,34.7,"Delayed Source Load in Source Control from Refinitiv is ranked Low because the item is 5 days old, has a break amount of 1545.67, and carries confidence 0.971.",0.5121,True,Late source refresh,Low
EXC0000907,Invalid Currency,Reference Data,Murex,Americas,Equity,0,3,3416.33,-0.16,0,1,10,Medium,Invalid Currency pattern detected from source controls,Reference Data Ops,48,Open,2026-03-31,Breached,12,0,Invalid Currency,0.889,Reference Data Ops,Most similar historical pattern: Invalid Currency,"Validate security currency, trade currency, and portfolio base currency mapping.",False,44.4,"Invalid Currency in Reference Data from Murex is ranked Medium because the item is 3 days old, has a break amount of 3416.33, and carries confidence 0.889.",0.0738,False,Multi-factor isolation signal,Medium
EXC0000908,Delayed Source Load,Source Control,Murex,EMEA,ETF,1,0,1674.81,2.76,0,0,86,Low,Delayed Source Load pattern detected from source controls,Source Systems,72,Resolved,2026-04-27,Within SLA,7,0,Delayed Source Load,0.942,Source Systems,Most similar historical pattern: Delayed Source Load,Check source-system batch status and notify technology owner if SLA breached.,False,14.7,"Delayed Source Load in Source Control from Murex is ranked Low because the item is 0 days old, has a break amount of 1674.81, and carries confidence 0.942.",0.5452,True,Late source refresh,Low
EXC0000909,Stale Price,Pricing,Custodian,APAC,Corporate Bond,1,11,2704.85,0.66,0,0,43,Medium,Stale Price pattern detected from source controls,Pricing Control,48,Resolved,2026-04-09,Breached,21,0,Stale Price,0.967,Pricing Control,Most similar historical pattern: Stale Price,"Check vendor price history, compare secondary source, and escalate material moves.",False,43.9,"Stale Price in Pricing from Custodian is ranked Medium because the item is 11 days old, has a break amount of 2704.85, and carries confidence 0.967.",0.1924,False,Multi-factor isolation signal,Medium
EXC0000910,Price Outlier,Pricing,IBOR,APAC,Government Bond,0,6,987.53,14.11,0,0,13,Low,Price Outlier pattern detected from source controls,Pricing Control,72,Open,2026-05-18,Breached,12,0,Price Outlier,0.953,Pricing Control,Most similar historical pattern: Price Outlier,"Check vendor price history, compare secondary source, and escalate material moves.",False,34.8,"Price Outlier in Pricing from IBOR is ranked Low because the item is 6 days old, has a break amount of 987.53, and carries confidence 0.953.",0.2744,False,Large price/return move,Low
EXC0000911,Stale Price,Pricing,ABOR,APAC,Corporate Bond,0,9,955.93,3.74,0,0,49,Low,Stale Price pattern detected from source controls,Pricing Control,72,Resolved,2026-05-17,Breached,23,0,Stale Price,0.94,Pricing Control,Most similar historical pattern: Stale Price,"Check vendor price history, compare secondary source, and escalate material moves.",False,35.3,"Stale Price in Pricing from ABOR is ranked Low because the item is 9 days old, has a break amount of 955.93, and carries confidence 0.94.",0.2644,False,Late source refresh,Low
EXC0000912,Duplicate Record,Trades,Custodian,Americas,Derivative,1,21,41924.2,1.45,1,0,15,Critical,Duplicate Record pattern detected from source controls,Trade Support,8,Resolved,2026-05-03,Breached,22,0,Duplicate Record,0.904,Trade Support,Most similar historical pattern: Duplicate Record,Confirm duplicate key collision and suppress or merge after control approval.,False,65.2,"Duplicate Record in Trades from Custodian is ranked Critical because the item is 21 days old, has a break amount of 41924.2, and carries confidence 0.904.",0.2969,False,Aging unresolved item,Critical
EXC0000913,Trade Match Break,Trades,ABOR,EMEA,Government Bond,1,14,85351.72,2.33,0,0,2,Critical,Trade Match Break pattern detected from source controls,Trade Support,8,Escalated,2026-04-24,Breached,28,1,Trade Match Break,0.911,Trade Support,Most similar historical pattern: Trade Match Break,Review counterparty economic fields and run fuzzy security/client match.,False,68.8,"Trade Match Break in Trades from ABOR is ranked Critical because the item is 14 days old, has a break amount of 85351.72, and carries confidence 0.911.",0.2478,False,High-value reconciliation break,Critical
EXC0000914,Missing Reference Data,Reference Data,IBOR,Americas,Equity,4,16,1075.78,4.23,0,0,11,Medium,Missing Reference Data pattern detected from source controls,Reference Data Ops,48,Resolved,2026-05-01,Breached,25,0,Missing Reference Data,0.905,Reference Data Ops,Most similar historical pattern: Missing Reference Data,"Validate security master fields, enrich ISIN/ticker, and rerun downstream load.",False,44.5,"Missing Reference Data in Reference Data from IBOR is ranked Medium because the item is 16 days old, has a break amount of 1075.78, and carries confidence 0.905.",0.046,False,Aging unresolved item,Medium
EXC0000915,Position Reconciliation Break,Positions,Bloomberg,Americas,Corporate Bond,1,14,104448.23,5.36,0,0,13,Critical,Position Reconciliation Break pattern detected from source controls,Reconciliation,8,Resolved,2026-04-30,Breached,32,1,Position Reconciliation Break,0.801,Reconciliation,Most similar historical pattern: Position Reconciliation Break,"Compare IBOR, ABOR, and custodian balances; prioritize material value gaps.",False,71.6,"Position Reconciliation Break in Positions from Bloomberg is ranked Critical because the item is 14 days old, has a break amount of 104448.23, and carries confidence 0.801.",0.3171,False,High-value reconciliation break,Critical
EXC0000916,Trade Match Break,Trades,SimCorp,EMEA,Corporate Bond,0,3,264346.6,-4.22,0,0,14,High,Trade Match Break pattern detected from source controls,Trade Support,24,Resolved,2026-05-14,Breached,25,1,Trade Match Break,0.902,Trade Support,Most similar historical pattern: Trade Match Break,Review counterparty economic fields and run fuzzy security/client match.,False,73.2,"Trade Match Break in Trades from SimCorp is ranked High because the item is 3 days old, has a break amount of 264346.6, and carries confidence 0.902.",0.7316,True,High-value reconciliation break,High
EXC0000917,Position Reconciliation Break,Positions,Custodian,Americas,Derivative,0,14,12547.16,1.23,0,0,0,High,Position Reconciliation Break pattern detected from source controls,Reconciliation,24,Resolved,2026-04-23,Breached,18,0,Position Reconciliation Break,0.861,Reconciliation,Most similar historical pattern: Position Reconciliation Break,"Compare IBOR, ABOR, and custodian balances; prioritize material value gaps.",False,54.4,"Position Reconciliation Break in Positions from Custodian is ranked High because the item is 14 days old, has a break amount of 12547.16, and carries confidence 0.861.",0.1039,False,Aging unresolved item,High
EXC0000918,Price Outlier,Pricing,Aladdin,Americas,Equity,1,19,4516.5,16.19,0,0,5,High,Price Outlier pattern detected from source controls,Pricing Control,24,Resolved,2026-05-14,Breached,17,0,Price Outlier,0.958,Pricing Control,Most similar historical pattern: Price Outlier,"Check vendor price history, compare secondary source, and escalate material moves.",False,52.7,"Price Outlier in Pricing from Aladdin is ranked High because the item is 19 days old, has a break amount of 4516.5, and carries confidence 0.958.",0.3773,False,Large price/return move,High
EXC0000919,Stale Price,Pricing,IBOR,EMEA,Corporate Bond,1,21,1485.03,8.32,0,0,30,Medium,Stale Price pattern detected from source controls,Pricing Control,48,Resolved,2026-04-09,Breached,22,0,Stale Price,0.676,Pricing Control,Most similar historical pattern: Stale Price,"Check vendor price history, compare secondary source, and escalate material moves.",True,46.7,"Stale Price in Pricing from IBOR is ranked Medium because the item is 21 days old, has a break amount of 1485.03, and carries confidence 0.676.",0.4536,False,Aging unresolved item,Medium
EXC0000920,Position Reconciliation Break,Positions,IBOR,Americas,Equity,1,1,13833.09,1.88,0,0,3,Medium,Position Reconciliation Break pattern detected from source controls,Reconciliation,48,Resolved,2026-04-02,Within SLA,27,0,Position Reconciliation Break,0.872,Reconciliation,Most similar historical pattern: Position Reconciliation Break,"Compare IBOR, ABOR, and custodian balances; prioritize material value gaps.",False,26.0,"Position Reconciliation Break in Positions from IBOR is ranked Medium because the item is 1 days old, has a break amount of 13833.09, and carries confidence 0.872.",0.1975,False,Multi-factor isolation signal,Medium
EXC0000921,Price Outlier,Pricing,Aladdin,Americas,Equity,0,0,1623.35,12.67,0,0,15,Low,Price Outlier pattern detected from source controls,Pricing Control,72,Escalated,2026-04-16,Within SLA,17,0,Price Outlier,0.946,Pricing Control,Most similar historical pattern: Price Outlier,"Check vendor price history, compare secondary source, and escalate material moves.",False,15.1,"Price Outlier in Pricing from Aladdin is ranked Low because the item is 0 days old, has a break amount of 1623.35, and carries confidence 0.946.",0.4159,False,Large price/return move,Low
EXC0000922,Trade Match Break,Trades,Bloomberg,EMEA,Derivative,1,21,6730.35,-0.07,0,0,9,High,Trade Match Break pattern detected from source controls,Trade Support,24,Open,2026-04-30,Breached,40,0,Trade Match Break,0.849,Trade Support,Most similar historical pattern: Trade Match Break,Review counterparty economic fields and run fuzzy security/client match.,False,54.9,"Trade Match Break in Trades from Bloomberg is ranked High because the item is 21 days old, has a break amount of 6730.35, and carries confidence 0.849.",0.2061,False,Aging unresolved item,High
EXC0000923,Trade Match Break,Trades,Custodian,Americas,ETF,1,16,16654.14,0.61,0,0,7,High,Trade Match Break pattern detected from source controls,Trade Support,24,Open,2026-04-11,Breached,24,0,Trade Match Break,0.925,Trade Support,Most similar historical pattern: Trade Match Break,Review counterparty economic fields and run fuzzy security/client match.,False,54.3,"Trade Match Break in Trades from Custodian is ranked High because the item is 16 days old, has a break amount of 16654.14, and carries confidence 0.925.",0.0752,False,Aging unresolved item,High
EXC0000924,Unknown / Needs SME Review,Reference Data,IBOR,APAC,Derivative,0,0,673.26,4.25,0,0,10,Low,Unknown / Needs SME Review pattern detected from source controls,Reference Data Ops,72,Open,2026-03-29,Within SLA,12,0,Unknown / Needs SME Review,0.665,Reference Data Ops,Most similar historical pattern: Unknown / Needs SME Review,Send to SME review with source evidence and model explanation.,True,17.6,"Unknown / Needs SME Review in Reference Data from IBOR is ranked Low because the item is 0 days old, has a break amount of 673.26, and carries confidence 0.665.",0.2251,False,Multi-factor isolation signal,Low
EXC0000925,Stale Price,Pricing,Aladdin,APAC,Derivative,0,18,1828.81,2.79,0,0,27,Medium,Stale Price pattern detected from source controls,Pricing Control,48,Open,2026-05-07,Breached,20,0,Stale Price,0.909,Pricing Control,Most similar historical pattern: Stale Price,"Check vendor price history, compare secondary source, and escalate material moves.",False,44.4,"Stale Price in Pricing from Aladdin is ranked Medium because the item is 18 days old, has a break amount of 1828.81, and carries confidence 0.909.",0.2202,False,Aging unresolved item,Medium
EXC0000926,Price Outlier,Pricing,Custodian,APAC,Derivative,1,20,1114.75,2.0,0,0,4,Medium,Price Outlier pattern detected from source controls,Pricing Control,48,Resolved,2026-05-07,Breached,14,0,Price Outlier,0.728,Pricing Control,Most similar historical pattern: Price Outlier,"Check vendor price history, compare secondary source, and escalate material moves.",False,45.9,"Price Outlier in Pricing from Custodian is ranked Medium because the item is 20 days old, has a break amount of 1114.75, and carries confidence 0.728.",0.1514,False,Aging unresolved item,Medium
EXC0000927,Missing Client Mapping,Client Data,SimCorp,Americas,Government Bond,2,5,1353.74,-0.59,0,0,10,Low,Missing Client Mapping pattern detected from source controls,Client Data Ops,72,Suppressed,2026-04-20,Breached,15,0,Missing Client Mapping,0.97,Client Data Ops,Most similar historical pattern: Missing Client Mapping,Route to client-data operations to complete portfolio and account mapping.,False,34.8,"Missing Client Mapping in Client Data from SimCorp is ranked Low because the item is 5 days old, has a break amount of 1353.74, and carries confidence 0.97.",0.0535,False,Multi-factor isolation signal,Low
EXC0000928,Price Outlier,Pricing,Refinitiv,APAC,Government Bond,0,4,7083.27,19.21,0,0,4,Medium,Price Outlier pattern detected from source controls,Pricing Control,48,Resolved,2026-04-24,Breached,13,0,Price Outlier,0.942,Pricing Control,Most similar historical pattern: Price Outlier,"Check vendor price history, compare secondary source, and escalate material moves.",False,44.2,"Price Outlier in Pricing from Refinitiv is ranked Medium because the item is 4 days old, has a break amount of 7083.27, and carries confidence 0.942.",0.4143,False,Large price/return move,Medium
EXC0000929,Position Reconciliation Break,Positions,Refinitiv,Americas,Corporate Bond,1,16,239598.66,2.78,0,0,8,Critical,Position Reconciliation Break pattern detected from source controls,Reconciliation,8,Open,2026-05-05,Breached,17,1,Position Reconciliation Break,0.786,Reconciliation,Most similar historical pattern: Position Reconciliation Break,"Compare IBOR, ABOR, and custodian balances; prioritize material value gaps.",False,82.0,"Position Reconciliation Break in Positions from Refinitiv is ranked Critical because the item is 16 days old, has a break amount of 239598.66, and carries confidence 0.786.",0.572,True,High-value reconciliation break,High
EXC0000930,Missing Client Mapping,Client Data,SimCorp,EMEA,Equity,1,6,499.74,3.16,0,0,6,Low,Missing Client Mapping pattern detected from source controls,Client Data Ops,72,Resolved,2026-04-30,Breached,15,0,Missing Client Mapping,0.921,Client Data Ops,Most similar historical pattern: Missing Client Mapping,Route to client-data operations to complete portfolio and account mapping.,False,35.2,"Missing Client Mapping in Client Data from SimCorp is ranked Low because the item is 6 days old, has a break amount of 499.74, and carries confidence 0.921.",0.0695,False,Multi-factor isolation signal,Low
EXC0000931,Missing Reference Data,Reference Data,Bloomberg,Americas,Derivative,1,2,2125.2,2.55,0,0,18,Low,Missing Reference Data pattern detected from source controls,Reference Data Ops,72,Open,2026-04-19,Within SLA,18,0,Missing Reference Data,0.523,Reference Data Ops,Most similar historical pattern: Missing Reference Data,"Validate security master fields, enrich ISIN/ticker, and rerun downstream load.",True,19.4,"Missing Reference Data in Reference Data from Bloomberg is ranked Low because the item is 2 days old, has a break amount of 2125.2, and carries confidence 0.523.",0.0949,False,Multi-factor isolation signal,Low
EXC0000932,Unknown / Needs SME Review,Reference Data,Refinitiv,APAC,Corporate Bond,1,15,2449.56,-1.81,0,0,17,Medium,Unknown / Needs SME Review pattern detected from source controls,Reference Data Ops,48,Resolved,2026-03-25,Breached,11,0,Unknown / Needs SME Review,0.718,Reference Data Ops,Most similar historical pattern: Unknown / Needs SME Review,Send to SME review with source evidence and model explanation.,True,46.0,"Unknown / Needs SME Review in Reference Data from Refinitiv is ranked Medium because the item is 15 days old, has a break amount of 2449.56, and carries confidence 0.718.",0.0879,False,Aging unresolved item,Medium
EXC0000933,Position Reconciliation Break,Positions,ABOR,Americas,ETF,0,11,14767.27,-0.86,0,0,18,High,Position Reconciliation Break pattern detected from source controls,Reconciliation,24,Open,2026-05-02,Breached,21,0,Position Reconciliation Break,0.846,Reconciliation,Most similar historical pattern: Position Reconciliation Break,"Compare IBOR, ABOR, and custodian balances; prioritize material value gaps.",False,54.8,"Position Reconciliation Break in Positions from ABOR is ranked High because the item is 11 days old, has a break amount of 14767.27, and carries confidence 0.846.",0.0805,False,Multi-factor isolation signal,High
EXC0000934,Missing Client Mapping,Client Data,Bloomberg,Americas,Derivative,2,6,1048.29,2.35,0,0,7,Low,Missing Client Mapping pattern detected from source controls,Client Data Ops,72,Escalated,2026-05-10,Breached,18,0,Missing Client Mapping,0.967,Client Data Ops,Most similar historical pattern: Missing Client Mapping,Route to client-data operations to complete portfolio and account mapping.,False,34.9,"Missing Client Mapping in Client Data from Bloomberg is ranked Low because the item is 6 days old, has a break amount of 1048.29, and carries confidence 0.967.",0.0554,False,Multi-factor isolation signal,Low
EXC0000935,Performance Return Outlier,Positions,IBOR,Americas,Corporate Bond,1,7,6023.06,25.27,0,0,5,Medium,Performance Return Outlier pattern detected from source controls,Reconciliation,48,Resolved,2026-05-06,Breached,5,0,Performance Return Outlier,0.669,Reconciliation,Most similar historical pattern: Performance Return Outlier,"Check vendor price history, compare secondary source, and escalate material moves.",True,46.5,"Performance Return Outlier in Positions from IBOR is ranked Medium because the item is 7 days old, has a break amount of 6023.06, and carries confidence 0.669.",0.5174,True,Large price/return move,Medium
EXC0000936,Delayed Source Load,Source Control,Bloomberg,EMEA,Equity,1,10,614.05,-0.72,0,0,43,Low,Delayed Source Load pattern detected from source controls,Source Systems,72,Resolved,2026-04-14,Breached,10,0,Delayed Source Load,0.948,Source Systems,Most similar historical pattern: Delayed Source Load,Check source-system batch status and notify technology owner if SLA breached.,False,34.7,"Delayed Source Load in Source Control from Bloomberg is ranked Low because the item is 10 days old, has a break amount of 614.05, and carries confidence 0.948.",0.2265,False,Multi-factor isolation signal,Low
EXC0000937,Price Outlier,Pricing,Bloomberg,APAC,Corporate Bond,1,5,2533.64,29.11,0,0,16,Low,Price Outlier pattern detected from source controls,Pricing Control,72,Escalated,2026-03-24,Breached,14,0,Price Outlier,0.957,Pricing Control,Most similar historical pattern: Price Outlier,"Check vendor price history, compare secondary source, and escalate material moves.",False,34.9,"Price Outlier in Pricing from Bloomberg is ranked Low because the item is 5 days old, has a break amount of 2533.64, and carries confidence 0.957.",0.5053,True,Large price/return move,Low
EXC0000938,Position Reconciliation Break,Positions,Aladdin,Americas,Derivative,1,1,13632.0,-0.44,0,0,16,Medium,Position Reconciliation Break pattern detected from source controls,Reconciliation,48,Resolved,2026-03-26,Within SLA,20,0,Position Reconciliation Break,0.842,Reconciliation,Most similar historical pattern: Position Reconciliation Break,"Compare IBOR, ABOR, and custodian balances; prioritize material value gaps.",False,26.0,"Position Reconciliation Break in Positions from Aladdin is ranked Medium because the item is 1 days old, has a break amount of 13632.0, and carries confidence 0.842.",0.207,False,Multi-factor isolation signal,Medium
EXC0000939,Trade Match Break,Trades,Aladdin,APAC,Equity,0,14,20624.84,2.07,0,0,10,High,Trade Match Break pattern detected from source controls,Trade Support,24,Open,2026-05-03,Breached,27,0,Trade Match Break,0.871,Trade Support,Most similar historical pattern: Trade Match Break,Review counterparty economic fields and run fuzzy security/client match.,False,55.3,"Trade Match Break in Trades from Aladdin is ranked High because the item is 14 days old, has a break amount of 20624.84, and carries confidence 0.871.",0.0459,False,Aging unresolved item,High
EXC0000940,Position Reconciliation Break,Positions,Bloomberg,EMEA,Corporate Bond,1,6,87258.36,1.28,0,0,11,High,Position Reconciliation Break pattern detected from source controls,Reconciliation,24,Resolved,2026-05-01,Breached,32,1,Position Reconciliation Break,0.899,Reconciliation,Most similar historical pattern: Position Reconciliation Break,"Compare IBOR, ABOR, and custodian balances; prioritize material value gaps.",False,60.5,"Position Reconciliation Break in Positions from Bloomberg is ranked High because the item is 6 days old, has a break amount of 87258.36, and carries confidence 0.899.",0.2367,False,High-value reconciliation break,High
EXC0000941,Missing Client Mapping,Client Data,Bloomberg,Americas,Equity,4,8,1599.14,-0.47,0,0,10,Low,Missing Client Mapping pattern detected from source controls,Client Data Ops,72,Resolved,2026-04-12,Breached,18,0,Missing Client Mapping,0.963,Client Data Ops,Most similar historical pattern: Missing Client Mapping,Route to client-data operations to complete portfolio and account mapping.,False,35.0,"Missing Client Mapping in Client Data from Bloomberg is ranked Low because the item is 8 days old, has a break amount of 1599.14, and carries confidence 0.963.",0.0453,False,Multi-factor isolation signal,Low
EXC0000942,Trade Match Break,Trades,ABOR,APAC,ETF,0,6,10643.33,-0.41,0,0,9,Medium,Trade Match Break pattern detected from source controls,Trade Support,48,Escalated,2026-05-06,Breached,28,0,Trade Match Break,0.913,Trade Support,Most similar historical pattern: Trade Match Break,Review counterparty economic fields and run fuzzy security/client match.,False,45.3,"Trade Match Break in Trades from ABOR is ranked Medium because the item is 6 days old, has a break amount of 10643.33, and carries confidence 0.913.",0.065,False,Multi-factor isolation signal,Medium
EXC0000943,Position Reconciliation Break,Positions,Custodian,EMEA,Equity,1,3,61067.03,4.69,0,0,2,High,Position Reconciliation Break pattern detected from source controls,Reconciliation,24,Open,2026-04-12,Breached,18,1,Position Reconciliation Break,0.824,Reconciliation,Most similar historical pattern: Position Reconciliation Break,"Compare IBOR, ABOR, and custodian balances; prioritize material value gaps.",False,58.6,"Position Reconciliation Break in Positions from Custodian is ranked High because the item is 3 days old, has a break amount of 61067.03, and carries confidence 0.824.",0.2901,False,Multi-factor isolation signal,High
EXC0000944,Duplicate Record,Trades,Aladdin,APAC,Corporate Bond,0,11,26897.46,2.46,1,0,6,High,Duplicate Record pattern detected from source controls,Trade Support,24,Resolved,2026-03-28,Breached,15,0,Duplicate Record,0.91,Trade Support,Most similar historical pattern: Duplicate Record,Confirm duplicate key collision and suppress or merge after control approval.,False,54.9,"Duplicate Record in Trades from Aladdin is ranked High because the item is 11 days old, has a break amount of 26897.46, and carries confidence 0.91.",0.0966,False,Multi-factor isolation signal,High
EXC0000945,Price Outlier,Pricing,ABOR,Americas,Corporate Bond,1,13,1536.72,22.51,0,0,16,Medium,Price Outlier pattern detected from source controls,Pricing Control,48,Open,2026-04-15,Breached,19,0,Price Outlier,0.979,Pricing Control,Most similar historical pattern: Price Outlier,"Check vendor price history, compare secondary source, and escalate material moves.",False,43.6,"Price Outlier in Pricing from ABOR is ranked Medium because the item is 13 days old, has a break amount of 1536.72, and carries confidence 0.979.",0.4029,False,Large price/return move,Medium
EXC0000946,Duplicate Record,Trades,Refinitiv,EMEA,Equity,0,11,35590.67,1.64,1,0,17,High,Duplicate Record pattern detected from source controls,Trade Support,24,Resolved,2026-04-05,Breached,12,0,Duplicate Record,0.913,Trade Support,Most similar historical pattern: Duplicate Record,Confirm duplicate key collision and suppress or merge after control approval.,False,55.4,"Duplicate Record in Trades from Refinitiv is ranked High because the item is 11 days old, has a break amount of 35590.67, and carries confidence 0.913.",0.0937,False,Multi-factor isolation signal,High
EXC0000947,Stale Price,Pricing,Custodian,Americas,Derivative,0,11,1552.72,-0.77,0,0,82,Medium,Stale Price pattern detected from source controls,Pricing Control,48,Resolved,2026-04-06,Breached,21,0,Stale Price,0.94,Pricing Control,Most similar historical pattern: Stale Price,"Check vendor price history, compare secondary source, and escalate material moves.",False,44.1,"Stale Price in Pricing from Custodian is ranked Medium because the item is 11 days old, has a break amount of 1552.72, and carries confidence 0.94.",0.3713,False,Late source refresh,Medium
EXC0000948,Duplicate Record,Trades,SimCorp,EMEA,Corporate Bond,1,15,17798.53,0.09,1,0,19,High,Duplicate Record pattern detected from source controls,Trade Support,24,Resolved,2026-05-09,Breached,19,0,Duplicate Record,0.901,Trade Support,Most similar historical pattern: Duplicate Record,Confirm duplicate key collision and suppress or merge after control approval.,False,54.4,"Duplicate Record in Trades from SimCorp is ranked High because the item is 15 days old, has a break amount of 17798.53, and carries confidence 0.901.",0.0625,False,Aging unresolved item,High
EXC0000949,Stale Price,Pricing,Aladdin,APAC,Derivative,1,0,1458.05,-4.5,0,0,57,Low,Stale Price pattern detected from source controls,Pricing Control,72,Escalated,2026-04-13,Within SLA,20,0,Stale Price,0.927,Pricing Control,Most similar historical pattern: Stale Price,"Check vendor price history, compare secondary source, and escalate material moves.",False,15.4,"Stale Price in Pricing from Aladdin is ranked Low because the item is 0 days old, has a break amount of 1458.05, and carries confidence 0.927.",0.5855,True,Late source refresh,High
EXC0000950,Missing Client Mapping,Client Data,Aladdin,APAC,Government Bond,3,17,920.46,-0.09,0,0,10,Medium,Missing Client Mapping pattern detected from source controls,Client Data Ops,48,Open,2026-05-05,Breached,11,0,Missing Client Mapping,0.982,Client Data Ops,Most similar historical pattern: Missing Client Mapping,Route to client-data operations to complete portfolio and account mapping.,False,43.2,"Missing Client Mapping in Client Data from Aladdin is ranked Medium because the item is 17 days old, has a break amount of 920.46, and carries confidence 0.982.",0.0598,False,Aging unresolved item,Medium
EXC0000951,Stale Price,Pricing,Refinitiv,APAC,Equity,1,18,477.34,-0.05,0,0,26,Low,Stale Price pattern detected from source controls,Pricing Control,72,Resolved,2026-03-30,Breached,21,0,Stale Price,0.929,Pricing Control,Most similar historical pattern: Stale Price,"Check vendor price history, compare secondary source, and escalate material moves.",False,35.3,"Stale Price in Pricing from Refinitiv is ranked Low because the item is 18 days old, has a break amount of 477.34, and carries confidence 0.929.",0.2227,False,Aging unresolved item,Low
EXC0000952,Duplicate Record,Trades,Murex,Americas,Equity,1,3,17954.13,2.87,1,0,4,Medium,Duplicate Record pattern detected from source controls,Trade Support,48,Resolved,2026-04-06,Breached,22,0,Duplicate Record,0.955,Trade Support,Most similar historical pattern: Duplicate Record,Confirm duplicate key collision and suppress or merge after control approval.,False,45.3,"Duplicate Record in Trades from Murex is ranked Medium because the item is 3 days old, has a break amount of 17954.13, and carries confidence 0.955.",0.1213,False,Multi-factor isolation signal,Medium
EXC0000953,Duplicate Record,Trades,Murex,Americas,Equity,1,21,32347.46,-0.01,1,0,9,Critical,Duplicate Record pattern detected from source controls,Trade Support,8,Resolved,2026-05-18,Breached,22,0,Duplicate Record,0.934,Trade Support,Most similar historical pattern: Duplicate Record,Confirm duplicate key collision and suppress or merge after control approval.,False,64.1,"Duplicate Record in Trades from Murex is ranked Critical because the item is 21 days old, has a break amount of 32347.46, and carries confidence 0.934.",0.2596,False,Aging unresolved item,Critical
EXC0000954,Trade Match Break,Trades,ABOR,APAC,Corporate Bond,1,10,13710.74,3.46,0,0,8,High,Trade Match Break pattern detected from source controls,Trade Support,24,Resolved,2026-05-03,Breached,28,0,Trade Match Break,0.898,Trade Support,Most similar historical pattern: Trade Match Break,Review counterparty economic fields and run fuzzy security/client match.,False,54.5,"Trade Match Break in Trades from ABOR is ranked High because the item is 10 days old, has a break amount of 13710.74, and carries confidence 0.898.",0.0588,False,Multi-factor isolation signal,High
EXC0000955,Duplicate Record,Trades,Murex,APAC,Government Bond,1,7,127567.32,0.85,1,0,17,High,Duplicate Record pattern detected from source controls,Trade Support,24,Suppressed,2026-05-15,Breached,22,1,Duplicate Record,0.948,Trade Support,Most similar historical pattern: Duplicate Record,Confirm duplicate key collision and suppress or merge after control approval.,False,62.9,"Duplicate Record in Trades from Murex is ranked High because the item is 7 days old, has a break amount of 127567.32, and carries confidence 0.948.",0.3214,False,High-value reconciliation break,High
EXC0000956,Delayed Source Load,Source Control,ABOR,Americas,Equity,1,6,4494.59,1.87,0,0,31,Medium,Delayed Source Load pattern detected from source controls,Source Systems,48,Resolved,2026-04-26,Breached,22,0,Delayed Source Load,0.916,Source Systems,Most similar historical pattern: Delayed Source Load,Check source-system batch status and notify technology owner if SLA breached.,False,44.6,"Delayed Source Load in Source Control from ABOR is ranked Medium because the item is 6 days old, has a break amount of 4494.59, and carries confidence 0.916.",0.1971,False,Multi-factor isolation signal,Medium
EXC0000957,Stale Price,Pricing,IBOR,EMEA,Corporate Bond,0,21,3820.05,1.42,0,0,94,High,Stale Price pattern detected from source controls,Pricing Control,24,Open,2026-04-16,Breached,22,0,Stale Price,0.928,Pricing Control,Most similar historical pattern: Stale Price,"Check vendor price history, compare secondary source, and escalate material moves.",False,53.2,"Stale Price in Pricing from IBOR is ranked High because the item is 21 days old, has a break amount of 3820.05, and carries confidence 0.928.",0.6626,True,Late source refresh,High
EXC0000958,Invalid Currency,Reference Data,Refinitiv,Americas,Equity,0,12,648.33,3.25,0,1,7,Low,Invalid Currency pattern detected from source controls,Reference Data Ops,72,Resolved,2026-03-24,Breached,9,0,Invalid Currency,0.887,Reference Data Ops,Most similar historical pattern: Invalid Currency,"Validate security currency, trade currency, and portfolio base currency mapping.",False,35.3,"Invalid Currency in Reference Data from Refinitiv is ranked Low because the item is 12 days old, has a break amount of 648.33, and carries confidence 0.887.",0.0262,False,Multi-factor isolation signal,Low
EXC0000959,Trade Match Break,Trades,Bloomberg,APAC,Derivative,0,21,45927.71,4.52,0,0,17,Critical,Trade Match Break pattern detected from source controls,Trade Support,8,Resolved,2026-04-26,Breached,40,0,Trade Match Break,0.883,Trade Support,Most similar historical pattern: Trade Match Break,Review counterparty economic fields and run fuzzy security/client match.,False,66.4,"Trade Match Break in Trades from Bloomberg is ranked Critical because the item is 21 days old, has a break amount of 45927.71, and carries confidence 0.883.",0.3498,False,Aging unresolved item,Critical
EXC0000960,Invalid Currency,Reference Data,IBOR,Americas,Corporate Bond,1,15,2536.43,-0.97,0,1,12,Medium,Invalid Currency pattern detected from source controls,Reference Data Ops,48,Resolved,2026-04-22,Breached,11,0,Invalid Currency,0.929,Reference Data Ops,Most similar historical pattern: Invalid Currency,"Validate security currency, trade currency, and portfolio base currency mapping.",False,43.9,"Invalid Currency in Reference Data from IBOR is ranked Medium because the item is 15 days old, has a break amount of 2536.43, and carries confidence 0.929.",0.0407,False,Aging unresolved item,Medium
EXC0000961,Delayed Source Load,Source Control,Aladdin,EMEA,Derivative,1,10,2886.36,5.9,0,0,49,Medium,Delayed Source Load pattern detected from source controls,Source Systems,48,Escalated,2026-05-07,Breached,12,0,Delayed Source Load,0.957,Source Systems,Most similar historical pattern: Delayed Source Load,Check source-system batch status and notify technology owner if SLA breached.,False,43.6,"Delayed Source Load in Source Control from Aladdin is ranked Medium because the item is 10 days old, has a break amount of 2886.36, and carries confidence 0.957.",0.3363,False,Late source refresh,Medium
EXC0000962,Duplicate Record,Trades,SimCorp,EMEA,Corporate Bond,1,0,69843.93,-0.64,1,0,0,High,Duplicate Record pattern detected from source controls,Trade Support,24,Resolved,2026-04-14,Within SLA,19,1,Duplicate Record,0.885,Trade Support,Most similar historical pattern: Duplicate Record,Confirm duplicate key collision and suppress or merge after control approval.,False,38.7,"Duplicate Record in Trades from SimCorp is ranked High because the item is 0 days old, has a break amount of 69843.93, and carries confidence 0.885.",0.5605,True,High-value reconciliation break,High
EXC0000963,Stale Price,Pricing,Refinitiv,EMEA,Government Bond,0,20,709.29,1.04,0,0,43,Medium,Stale Price pattern detected from source controls,Pricing Control,48,Resolved,2026-04-28,Breached,21,0,Stale Price,0.911,Pricing Control,Most similar historical pattern: Stale Price,"Check vendor price history, compare secondary source, and escalate material moves.",False,44.3,"Stale Price in Pricing from Refinitiv is ranked Medium because the item is 20 days old, has a break amount of 709.29, and carries confidence 0.911.",0.3615,False,Aging unresolved item,Medium
EXC0000964,Trade Match Break,Trades,IBOR,APAC,Government Bond,0,5,41314.32,0.18,0,0,16,High,Trade Match Break pattern detected from source controls,Trade Support,24,Resolved,2026-04-06,Breached,21,0,Trade Match Break,0.919,Trade Support,Most similar historical pattern: Trade Match Break,Review counterparty economic fields and run fuzzy security/client match.,False,56.2,"Trade Match Break in Trades from IBOR is ranked High because the item is 5 days old, has a break amount of 41314.32, and carries confidence 0.919.",0.1567,False,Multi-factor isolation signal,High
EXC0000965,Position Reconciliation Break,Positions,Bloomberg,APAC,Equity,1,17,18494.84,5.27,0,0,17,High,Position Reconciliation Break pattern detected from source controls,Reconciliation,24,Resolved,2026-04-11,Breached,32,0,Position Reconciliation Break,0.728,Reconciliation,Most similar historical pattern: Position Reconciliation Break,"Compare IBOR, ABOR, and custodian balances; prioritize material value gaps.",False,56.7,"Position Reconciliation Break in Positions from Bloomberg is ranked High because the item is 17 days old, has a break amount of 18494.84, and carries confidence 0.728.",0.1442,False,Aging unresolved item,High
EXC0000966,Stale Price,Pricing,ABOR,APAC,ETF,0,2,2423.78,-1.15,0,0,54,Low,Stale Price pattern detected from source controls,Pricing Control,72,Resolved,2026-05-13,Within SLA,23,0,Stale Price,0.949,Pricing Control,Most similar historical pattern: Stale Price,"Check vendor price history, compare secondary source, and escalate material moves.",False,15.4,"Stale Price in Pricing from ABOR is ranked Low because the item is 2 days old, has a break amount of 2423.78, and carries confidence 0.949.",0.3523,False,Late source refresh,Low
EXC0000967,Duplicate Record,Trades,IBOR,APAC,Derivative,0,18,21044.24,3.29,1,0,0,High,Duplicate Record pattern detected from source controls,Trade Support,24,Suppressed,2026-03-29,Breached,13,0,Duplicate Record,0.943,Trade Support,Most similar historical pattern: Duplicate Record,Confirm duplicate key collision and suppress or merge after control approval.,False,54.0,"Duplicate Record in Trades from IBOR is ranked High because the item is 18 days old, has a break amount of 21044.24, and carries confidence 0.943.",0.1957,False,Aging unresolved item,High
EXC0000968,Invalid Currency,Reference Data,Bloomberg,EMEA,Derivative,1,0,1505.78,-4.02,0,1,5,Low,Invalid Currency pattern detected from source controls,Reference Data Ops,72,Escalated,2026-05-01,Within SLA,17,0,Invalid Currency,0.863,Reference Data Ops,Most similar historical pattern: Invalid Currency,"Validate security currency, trade currency, and portfolio base currency mapping.",False,15.9,"Invalid Currency in Reference Data from Bloomberg is ranked Low because the item is 0 days old, has a break amount of 1505.78, and carries confidence 0.863.",0.3483,False,Multi-factor isolation signal,Low
EXC0000969,Missing Client Mapping,Client Data,Aladdin,APAC,Government Bond,1,2,434.45,3.53,0,0,17,Low,Missing Client Mapping pattern detected from source controls,Client Data Ops,72,Resolved,2026-05-09,Within SLA,11,0,Missing Client Mapping,0.92,Client Data Ops,Most similar historical pattern: Missing Client Mapping,Route to client-data operations to complete portfolio and account mapping.,False,15.0,"Missing Client Mapping in Client Data from Aladdin is ranked Low because the item is 2 days old, has a break amount of 434.45, and carries confidence 0.92.",0.1215,False,Multi-factor isolation signal,Low
EXC0000970,Missing Reference Data,Reference Data,Bloomberg,EMEA,ETF,3,6,1804.68,1.02,0,0,8,Low,Missing Reference Data pattern detected from source controls,Reference Data Ops,72,Escalated,2026-04-11,Breached,18,0,Missing Reference Data,0.887,Reference Data Ops,Most similar historical pattern: Missing Reference Data,"Validate security master fields, enrich ISIN/ticker, and rerun downstream load.",False,35.7,"Missing Reference Data in Reference Data from Bloomberg is ranked Low because the item is 6 days old, has a break amount of 1804.68, and carries confidence 0.887.",0.0491,False,Multi-factor isolation signal,Low
EXC0000971,Invalid Currency,Reference Data,Murex,EMEA,Government Bond,0,17,9471.7,0.56,0,1,0,High,Invalid Currency pattern detected from source controls,Reference Data Ops,24,Resolved,2026-05-02,Breached,12,0,Invalid Currency,0.827,Reference Data Ops,Most similar historical pattern: Invalid Currency,"Validate security currency, trade currency, and portfolio base currency mapping.",False,54.2,"Invalid Currency in Reference Data from Murex is ranked High because the item is 17 days old, has a break amount of 9471.7, and carries confidence 0.827.",0.1508,False,Aging unresolved item,High
EXC0000972,Trade Match Break,Trades,SimCorp,APAC,Equity,0,21,139322.09,-0.23,0,0,10,Critical,Trade Match Break pattern detected from source controls,Trade Support,8,Escalated,2026-04-19,Breached,25,1,Trade Match Break,0.87,Trade Support,Most similar historical pattern: Trade Match Break,Review counterparty economic fields and run fuzzy security/client match.,False,73.4,"Trade Match Break in Trades from SimCorp is ranked Critical because the item is 21 days old, has a break amount of 139322.09, and carries confidence 0.87.",0.4917,True,High-value reconciliation break,Critical
EXC0000973,Stale Price,Pricing,IBOR,APAC,ETF,1,5,677.91,1.33,0,0,24,Low,Stale Price pattern detected from source controls,Pricing Control,72,Resolved,2026-05-11,Breached,22,0,Stale Price,0.938,Pricing Control,Most similar historical pattern: Stale Price,"Check vendor price history, compare secondary source, and escalate material moves.",False,35.3,"Stale Price in Pricing from IBOR is ranked Low because the item is 5 days old, has a break amount of 677.91, and carries confidence 0.938.",0.1307,False,Multi-factor isolation signal,Low
EXC0000974,Position Reconciliation Break,Positions,IBOR,EMEA,Government Bond,1,12,37248.2,0.61,0,0,1,High,Position Reconciliation Break pattern detected from source controls,Reconciliation,24,Resolved,2026-04-01,Breached,27,0,Position Reconciliation Break,0.883,Reconciliation,Most similar historical pattern: Position Reconciliation Break,"Compare IBOR, ABOR, and custodian balances; prioritize material value gaps.",False,56.5,"Position Reconciliation Break in Positions from IBOR is ranked High because the item is 12 days old, has a break amount of 37248.2, and carries confidence 0.883.",0.1393,False,Multi-factor isolation signal,High
EXC0000975,Position Reconciliation Break,Positions,Murex,APAC,Corporate Bond,0,16,384532.06,-2.23,0,0,12,Critical,Position Reconciliation Break pattern detected from source controls,Reconciliation,8,Resolved,2026-03-21,Breached,23,1,Position Reconciliation Break,0.858,Reconciliation,Most similar historical pattern: Position Reconciliation Break,"Compare IBOR, ABOR, and custodian balances; prioritize material value gaps.",False,82.3,"Position Reconciliation Break in Positions from Murex is ranked Critical because the item is 16 days old, has a break amount of 384532.06, and carries confidence 0.858.",0.7759,True,High-value reconciliation break,High
EXC0000976,Position Reconciliation Break,Positions,Murex,EMEA,Equity,0,19,17338.97,-0.46,0,0,16,High,Position Reconciliation Break pattern detected from source controls,Reconciliation,24,Escalated,2026-04-28,Breached,23,0,Position Reconciliation Break,0.762,Reconciliation,Most similar historical pattern: Position Reconciliation Break,"Compare IBOR, ABOR, and custodian balances; prioritize material value gaps.",False,55.9,"Position Reconciliation Break in Positions from Murex is ranked High because the item is 19 days old, has a break amount of 17338.97, and carries confidence 0.762.",0.1557,False,Aging unresolved item,High
EXC0000977,Delayed Source Load,Source Control,ABOR,EMEA,Corporate Bond,1,5,310.61,3.5,0,0,60,Low,Delayed Source Load pattern detected from source controls,Source Systems,72,Resolved,2026-05-18,Breached,22,0,Delayed Source Load,0.923,Source Systems,Most similar historical pattern: Delayed Source Load,Check source-system batch status and notify technology owner if SLA breached.,False,35.4,"Delayed Source Load in Source Control from ABOR is ranked Low because the item is 5 days old, has a break amount of 310.61, and carries confidence 0.923.",0.3542,False,Late source refresh,Low
EXC0000978,Stale Price,Pricing,Bloomberg,EMEA,Government Bond,1,2,1272.34,0.49,0,0,83,Low,Stale Price pattern detected from source controls,Pricing Control,72,Resolved,2026-04-06,Within SLA,12,0,Stale Price,0.924,Pricing Control,Most similar historical pattern: Stale Price,"Check vendor price history, compare secondary source, and escalate material moves.",False,15.1,"Stale Price in Pricing from Bloomberg is ranked Low because the item is 2 days old, has a break amount of 1272.34, and carries confidence 0.924.",0.4484,False,Late source refresh,Low
EXC0000979,Trade Match Break,Trades,Refinitiv,EMEA,ETF,1,17,5894.34,-0.48,0,0,16,High,Trade Match Break pattern detected from source controls,Trade Support,24,Resolved,2026-05-10,Breached,15,0,Trade Match Break,0.878,Trade Support,Most similar historical pattern: Trade Match Break,Review counterparty economic fields and run fuzzy security/client match.,False,53.5,"Trade Match Break in Trades from Refinitiv is ranked High because the item is 17 days old, has a break amount of 5894.34, and carries confidence 0.878.",0.081,False,Aging unresolved item,High
EXC0000980,Price Outlier,Pricing,Refinitiv,APAC,Corporate Bond,1,0,707.29,20.26,0,0,9,Low,Price Outlier pattern detected from source controls,Pricing Control,72,Resolved,2026-04-20,Within SLA,13,0,Price Outlier,0.902,Pricing Control,Most similar historical pattern: Price Outlier,"Check vendor price history, compare secondary source, and escalate material moves.",False,15.3,"Price Outlier in Pricing from Refinitiv is ranked Low because the item is 0 days old, has a break amount of 707.29, and carries confidence 0.902.",0.5105,True,Large price/return move,Low
EXC0000981,Missing Reference Data,Reference Data,IBOR,APAC,Equity,3,19,6814.64,2.72,0,0,1,High,Missing Reference Data pattern detected from source controls,Reference Data Ops,24,Resolved,2026-04-26,Breached,25,0,Missing Reference Data,0.858,Reference Data Ops,Most similar historical pattern: Missing Reference Data,"Validate security master fields, enrich ISIN/ticker, and rerun downstream load.",False,54.2,"Missing Reference Data in Reference Data from IBOR is ranked High because the item is 19 days old, has a break amount of 6814.64, and carries confidence 0.858.",0.1475,False,Aging unresolved item,High
EXC0000982,Trade Match Break,Trades,SimCorp,APAC,Corporate Bond,0,8,19436.3,3.13,0,0,2,High,Trade Match Break pattern detected from source controls,Trade Support,24,Open,2026-05-12,Breached,25,0,Trade Match Break,0.891,Trade Support,Most similar historical pattern: Trade Match Break,Review counterparty economic fields and run fuzzy security/client match.,False,54.9,"Trade Match Break in Trades from SimCorp is ranked High because the item is 8 days old, has a break amount of 19436.3, and carries confidence 0.891.",0.1025,False,Multi-factor isolation signal,High
EXC0000983,Invalid Currency,Reference Data,ABOR,EMEA,Equity,0,11,695.46,2.34,0,1,17,Low,Invalid Currency pattern detected from source controls,Reference Data Ops,72,Open,2026-05-08,Breached,9,0,Invalid Currency,0.896,Reference Data Ops,Most similar historical pattern: Invalid Currency,"Validate security currency, trade currency, and portfolio base currency mapping.",False,35.2,"Invalid Currency in Reference Data from ABOR is ranked Low because the item is 11 days old, has a break amount of 695.46, and carries confidence 0.896.",0.0212,False,Multi-factor isolation signal,Low
EXC0000984,Position Reconciliation Break,Positions,IBOR,Americas,Government Bond,1,10,35886.13,4.52,0,0,17,High,Position Reconciliation Break pattern detected from source controls,Reconciliation,24,Open,2026-03-29,Breached,27,0,Position Reconciliation Break,0.757,Reconciliation,Most similar historical pattern: Position Reconciliation Break,"Compare IBOR, ABOR, and custodian balances; prioritize material value gaps.",False,57.6,"Position Reconciliation Break in Positions from IBOR is ranked High because the item is 10 days old, has a break amount of 35886.13, and carries confidence 0.757.",0.1183,False,Multi-factor isolation signal,High
EXC0000985,Trade Match Break,Trades,SimCorp,EMEA,Government Bond,1,9,99808.05,1.62,0,0,19,High,Trade Match Break pattern detected from source controls,Trade Support,24,Resolved,2026-04-09,Breached,25,1,Trade Match Break,0.904,Trade Support,Most similar historical pattern: Trade Match Break,Review counterparty economic fields and run fuzzy security/client match.,False,61.2,"Trade Match Break in Trades from SimCorp is ranked High because the item is 9 days old, has a break amount of 99808.05, and carries confidence 0.904.",0.2931,False,High-value reconciliation break,High
EXC0000986,Position Reconciliation Break,Positions,Aladdin,Americas,ETF,1,0,42233.36,0.91,0,0,13,Medium,Position Reconciliation Break pattern detected from source controls,Reconciliation,48,Resolved,2026-05-01,Within SLA,20,0,Position Reconciliation Break,0.768,Reconciliation,Most similar historical pattern: Position Reconciliation Break,"Compare IBOR, ABOR, and custodian balances; prioritize material value gaps.",False,29.0,"Position Reconciliation Break in Positions from Aladdin is ranked Medium because the item is 0 days old, has a break amount of 42233.36, and carries confidence 0.768.",0.3388,False,Multi-factor isolation signal,Medium
EXC0000987,Trade Match Break,Trades,Aladdin,Americas,Equity,0,3,43436.59,3.68,0,0,13,High,Trade Match Break pattern detected from source controls,Trade Support,24,Suppressed,2026-05-18,Breached,27,0,Trade Match Break,0.874,Trade Support,Most similar historical pattern: Trade Match Break,Review counterparty economic fields and run fuzzy security/client match.,False,57.1,"Trade Match Break in Trades from Aladdin is ranked High because the item is 3 days old, has a break amount of 43436.59, and carries confidence 0.874.",0.1865,False,Multi-factor isolation signal,High
EXC0000988,Stale Price,Pricing,Bloomberg,EMEA,ETF,0,7,1804.89,-0.27,0,0,63,Low,Stale Price pattern detected from source controls,Pricing Control,72,Resolved,2026-05-10,Breached,12,0,Stale Price,0.93,Pricing Control,Most similar historical pattern: Stale Price,"Check vendor price history, compare secondary source, and escalate material moves.",False,35.1,"Stale Price in Pricing from Bloomberg is ranked Low because the item is 7 days old, has a break amount of 1804.89, and carries confidence 0.93.",0.3277,False,Late source refresh,Low
EXC0000989,Duplicate Record,Trades,Bloomberg,Americas,ETF,1,5,254476.58,0.49,1,0,18,High,Duplicate Record pattern detected from source controls,Trade Support,24,Resolved,2026-04-19,Breached,17,1,Duplicate Record,0.843,Trade Support,Most similar historical pattern: Duplicate Record,Confirm duplicate key collision and suppress or merge after control approval.,False,73.5,"Duplicate Record in Trades from Bloomberg is ranked High because the item is 5 days old, has a break amount of 254476.58, and carries confidence 0.843.",0.6467,True,High-value reconciliation break,High
EXC0000990,Delayed Source Load,Source Control,SimCorp,Americas,Derivative,1,17,1004.56,-2.48,0,0,81,Medium,Delayed Source Load pattern detected from source controls,Source Systems,48,Open,2026-04-05,Breached,11,0,Delayed Source Load,0.91,Source Systems,Most similar historical pattern: Delayed Source Load,Check source-system batch status and notify technology owner if SLA breached.,False,43.9,"Delayed Source Load in Source Control from SimCorp is ranked Medium because the item is 17 days old, has a break amount of 1004.56, and carries confidence 0.91.",0.5126,True,Late source refresh,Medium
EXC0000991,Missing Client Mapping,Client Data,Refinitiv,Americas,Derivative,2,21,589.26,6.03,0,0,12,Medium,Missing Client Mapping pattern detected from source controls,Client Data Ops,48,Open,2026-05-08,Breached,15,0,Missing Client Mapping,0.947,Client Data Ops,Most similar historical pattern: Missing Client Mapping,Route to client-data operations to complete portfolio and account mapping.,False,43.7,"Missing Client Mapping in Client Data from Refinitiv is ranked Medium because the item is 21 days old, has a break amount of 589.26, and carries confidence 0.947.",0.266,False,Aging unresolved item,Medium
EXC0000992,Price Outlier,Pricing,Aladdin,Americas,ETF,1,4,1867.21,24.61,0,0,15,Low,Price Outlier pattern detected from source controls,Pricing Control,72,Escalated,2026-04-08,Breached,17,0,Price Outlier,0.972,Pricing Control,Most similar historical pattern: Price Outlier,"Check vendor price history, compare secondary source, and escalate material moves.",False,34.9,"Price Outlier in Pricing from Aladdin is ranked Low because the item is 4 days old, has a break amount of 1867.21, and carries confidence 0.972.",0.4712,True,Large price/return move,Low
EXC0000993,Trade Match Break,Trades,Custodian,Americas,Derivative,1,16,28468.15,1.06,0,0,19,High,Trade Match Break pattern detected from source controls,Trade Support,24,Resolved,2026-04-12,Breached,24,0,Trade Match Break,0.933,Trade Support,Most similar historical pattern: Trade Match Break,Review counterparty economic fields and run fuzzy security/client match.,False,55.2,"Trade Match Break in Trades from Custodian is ranked High because the item is 16 days old, has a break amount of 28468.15, and carries confidence 0.933.",0.1166,False,Aging unresolved item,High
EXC0000994,Position Reconciliation Break,Positions,Refinitiv,EMEA,Corporate Bond,0,11,270376.25,3.41,0,0,1,Critical,Position Reconciliation Break pattern detected from source controls,Reconciliation,8,Resolved,2026-05-15,Breached,17,1,Position Reconciliation Break,0.77,Reconciliation,Most similar historical pattern: Position Reconciliation Break,"Compare IBOR, ABOR, and custodian balances; prioritize material value gaps.",False,83.0,"Position Reconciliation Break in Positions from Refinitiv is ranked Critical because the item is 11 days old, has a break amount of 270376.25, and carries confidence 0.77.",0.6717,True,High-value reconciliation break,High
EXC0000995,Missing Client Mapping,Client Data,Bloomberg,APAC,Equity,2,16,3064.78,3.25,0,0,15,High,Missing Client Mapping pattern detected from source controls,Client Data Ops,24,Open,2026-05-12,Breached,18,0,Missing Client Mapping,0.951,Client Data Ops,Most similar historical pattern: Missing Client Mapping,Route to client-data operations to complete portfolio and account mapping.,False,52.7,"Missing Client Mapping in Client Data from Bloomberg is ranked High because the item is 16 days old, has a break amount of 3064.78, and carries confidence 0.951.",0.0262,False,Aging unresolved item,High
EXC0000996,Stale Price,Pricing,Refinitiv,APAC,Equity,0,16,1206.44,1.97,0,0,58,Medium,Stale Price pattern detected from source controls,Pricing Control,48,Open,2026-05-10,Breached,21,0,Stale Price,0.943,Pricing Control,Most similar historical pattern: Stale Price,"Check vendor price history, compare secondary source, and escalate material moves.",False,44.0,"Stale Price in Pricing from Refinitiv is ranked Medium because the item is 16 days old, has a break amount of 1206.44, and carries confidence 0.943.",0.289,False,Late source refresh,Medium
EXC0000997,Stale Price,Pricing,Refinitiv,EMEA,Derivative,0,17,1655.87,4.54,0,0,37,Medium,Stale Price pattern detected from source controls,Pricing Control,48,Resolved,2026-05-08,Breached,21,0,Stale Price,0.908,Pricing Control,Most similar historical pattern: Stale Price,"Check vendor price history, compare secondary source, and escalate material moves.",False,44.4,"Stale Price in Pricing from Refinitiv is ranked Medium because the item is 17 days old, has a break amount of 1655.87, and carries confidence 0.908.",0.2834,False,Aging unresolved item,Medium
EXC0000998,Performance Return Outlier,Positions,ABOR,APAC,Equity,0,21,180256.29,15.45,0,0,19,Critical,Performance Return Outlier pattern detected from source controls,Reconciliation,8,Escalated,2026-05-18,Breached,10,1,Performance Return Outlier,0.73,Reconciliation,Most similar historical pattern: Performance Return Outlier,"Check vendor price history, compare secondary source, and escalate material moves.",False,77.5,"Performance Return Outlier in Positions from ABOR is ranked Critical because the item is 21 days old, has a break amount of 180256.29, and carries confidence 0.73.",0.7995,True,Large price/return move,Critical
EXC0000999,Stale Price,Pricing,IBOR,Americas,Equity,0,12,2457.53,1.04,0,0,76,Medium,Stale Price pattern detected from source controls,Pricing Control,48,Resolved,2026-03-31,Breached,22,0,Stale Price,0.932,Pricing Control,Most similar historical pattern: Stale Price,"Check vendor price history, compare secondary source, and escalate material moves.",False,44.3,"Stale Price in Pricing from IBOR is ranked Medium because the item is 12 days old, has a break amount of 2457.53, and carries confidence 0.932.",0.3061,False,Late source refresh,Medium
EXC0001000,Unknown / Needs SME Review,Reference Data,SimCorp,Americas,ETF,0,20,1174.03,-3.72,0,0,3,Medium,Unknown / Needs SME Review pattern detected from source controls,Reference Data Ops,48,Resolved,2026-03-29,Breached,10,0,Unknown / Needs SME Review,0.621,Reference Data Ops,Most similar historical pattern: Unknown / Needs SME Review,Send to SME review with source evidence and model explanation.,True,46.8,"Unknown / Needs SME Review in Reference Data from SimCorp is ranked Medium because the item is 20 days old, has a break amount of 1174.03, and carries confidence 0.621.",0.3049,False,Aging unresolved item,Medium
EXC0001001,Duplicate Record,Trades,ABOR,Americas,Corporate Bond,0,9,16663.39,-1.03,1,0,9,High,Duplicate Record pattern detected from source controls,Trade Support,24,Open,2026-03-26,Breached,17,0,Duplicate Record,0.884,Trade Support,Most similar historical pattern: Duplicate Record,Confirm duplicate key collision and suppress or merge after control approval.,False,54.4,"Duplicate Record in Trades from ABOR is ranked High because the item is 9 days old, has a break amount of 16663.39, and carries confidence 0.884.",0.0951,False,Multi-factor isolation signal,High
EXC0001002,Position Reconciliation Break,Positions,Bloomberg,EMEA,Government Bond,0,1,26439.02,-2.56,0,0,8,Medium,Position Reconciliation Break pattern detected from source controls,Reconciliation,48,Resolved,2026-03-28,Within SLA,32,0,Position Reconciliation Break,0.869,Reconciliation,Most similar historical pattern: Position Reconciliation Break,"Compare IBOR, ABOR, and custodian balances; prioritize material value gaps.",False,27.2,"Position Reconciliation Break in Positions from Bloomberg is ranked Medium because the item is 1 days old, has a break amount of 26439.02, and carries confidence 0.869.",0.3053,False,Multi-factor isolation signal,Medium
EXC0001003,Stale Price,Pricing,SimCorp,Americas,Equity,1,7,3395.38,-3.09,0,0,64,Medium,Stale Price pattern detected from source controls,Pricing Control,48,Resolved,2026-04-28,Breached,16,0,Stale Price,0.918,Pricing Control,Most similar historical pattern: Stale Price,"Check vendor price history, compare secondary source, and escalate material moves.",False,44.2,"Stale Price in Pricing from SimCorp is ranked Medium because the item is 7 days old, has a break amount of 3395.38, and carries confidence 0.918.",0.4607,True,Late source refresh,Medium
EXC0001004,Delayed Source Load,Source Control,IBOR,Americas,Government Bond,0,15,1127.68,0.26,0,0,95,Medium,Delayed Source Load pattern detected from source controls,Source Systems,48,Escalated,2026-04-26,Breached,15,0,Delayed Source Load,0.948,Source Systems,Most similar historical pattern: Delayed Source Load,Check source-system batch status and notify technology owner if SLA breached.,False,43.7,"Delayed Source Load in Source Control from IBOR is ranked Medium because the item is 15 days old, has a break amount of 1127.68, and carries confidence 0.948.",0.5132,True,Late source refresh,Medium
EXC0001005,Stale Price,Pricing,ABOR,EMEA,Derivative,1,0,1746.47,2.41,0,0,75,Low,Stale Price pattern detected from source controls,Pricing Control,72,Open,2026-04-14,Within SLA,23,0,Stale Price,0.934,Pricing Control,Most similar historical pattern: Stale Price,"Check vendor price history, compare secondary source, and escalate material moves.",False,15.5,"Stale Price in Pricing from ABOR is ranked Low because the item is 0 days old, has a break amount of 1746.47, and carries confidence 0.934.",0.4721,True,Late source refresh,Low
EXC0001006,Trade Match Break,Trades,Aladdin,EMEA,Government Bond,1,18,66140.32,-0.16,0,0,17,Critical,Trade Match Break pattern detected from source controls,Trade Support,8,Escalated,2026-03-25,Breached,27,1,Trade Match Break,0.882,Trade Support,Most similar historical pattern: Trade Match Break,Review counterparty economic fields and run fuzzy security/client match.,False,67.6,"Trade Match Break in Trades from Aladdin is ranked Critical because the item is 18 days old, has a break amount of 66140.32, and carries confidence 0.882.",0.2717,False,High-value reconciliation break,Critical
EXC0001007,Missing Reference Data,Reference Data,Murex,EMEA,Corporate Bond,3,17,1304.81,0.14,0,0,13,Medium,Missing Reference Data pattern detected from source controls,Reference Data Ops,48,Resolved,2026-04-09,Breached,15,0,Missing Reference Data,0.856,Reference Data Ops,Most similar historical pattern: Missing Reference Data,"Validate security master fields, enrich ISIN/ticker, and rerun downstream load.",False,44.6,"Missing Reference Data in Reference Data from Murex is ranked Medium because the item is 17 days old, has a break amount of 1304.81, and carries confidence 0.856.",0.0557,False,Aging unresolved item,Medium
EXC0001008,Missing Reference Data,Reference Data,IBOR,EMEA,Equity,3,5,650.73,-0.34,0,0,12,Low,Missing Reference Data pattern detected from source controls,Reference Data Ops,72,Resolved,2026-04-13,Breached,25,0,Missing Reference Data,0.902,Reference Data Ops,Most similar historical pattern: Missing Reference Data,"Validate security master fields, enrich ISIN/ticker, and rerun downstream load.",False,35.8,"Missing Reference Data in Reference Data from IBOR is ranked Low because the item is 5 days old, has a break amount of 650.73, and carries confidence 0.902.",0.0729,False,Multi-factor isolation signal,Low
EXC0001009,Invalid Currency,Reference Data,Refinitiv,APAC,ETF,0,19,2139.47,1.85,0,1,2,High,Invalid Currency pattern detected from source controls,Reference Data Ops,24,Resolved,2026-04-04,Breached,9,0,Invalid Currency,0.888,Reference Data Ops,Most similar historical pattern: Invalid Currency,"Validate security currency, trade currency, and portfolio base currency mapping.",False,52.9,"Invalid Currency in Reference Data from Refinitiv is ranked High because the item is 19 days old, has a break amount of 2139.47, and carries confidence 0.888.",0.14,False,Aging unresolved item,High
EXC0001010,Stale Price,Pricing,ABOR,Americas,ETF,0,17,1933.24,-0.01,0,0,85,Medium,Stale Price pattern detected from source controls,Pricing Control,48,Resolved,2026-03-29,Breached,23,0,Stale Price,0.94,Pricing Control,Most similar historical pattern: Stale Price,"Check vendor price history, compare secondary source, and escalate material moves.",False,44.2,"Stale Price in Pricing from ABOR is ranked Medium because the item is 17 days old, has a break amount of 1933.24, and carries confidence 0.94.",0.4771,True,Late source refresh,Medium
EXC0001011,Duplicate Record,Trades,Custodian,EMEA,ETF,1,7,16167.72,-1.02,1,0,6,Medium,Duplicate Record pattern detected from source controls,Trade Support,48,Resolved,2026-04-17,Breached,22,0,Duplicate Record,0.869,Trade Support,Most similar historical pattern: Duplicate Record,Confirm duplicate key collision and suppress or merge after control approval.,False,46.0,"Duplicate Record in Trades from Custodian is ranked Medium because the item is 7 days old, has a break amount of 16167.72, and carries confidence 0.869.",0.1183,False,Multi-factor isolation signal,Medium
EXC0001012,Invalid Currency,Reference Data,Murex,APAC,Equity,1,20,1871.83,3.83,0,1,2,Medium,Invalid Currency pattern detected from source controls,Reference Data Ops,48,Suppressed,2026-04-03,Breached,12,0,Invalid Currency,0.77,Reference Data Ops,Most similar historical pattern: Invalid Currency,"Validate security currency, trade currency, and portfolio base currency mapping.",False,45.4,"Invalid Currency in Reference Data from Murex is ranked Medium because the item is 20 days old, has a break amount of 1871.83, and carries confidence 0.77.",0.183,False,Aging unresolved item,Medium
EXC0001013,Position Reconciliation Break,Positions,Aladdin,APAC,Corporate Bond,1,11,45198.22,-0.68,0,0,11,High,Position Reconciliation Break pattern detected from source controls,Reconciliation,24,Resolved,2026-04-15,Breached,20,0,Position Reconciliation Break,0.847,Reconciliation,Most similar historical pattern: Position Reconciliation Break,"Compare IBOR, ABOR, and custodian balances; prioritize material value gaps.",False,57.2,"Position Reconciliation Break in Positions from Aladdin is ranked High because the item is 11 days old, has a break amount of 45198.22, and carries confidence 0.847.",0.1176,False,Multi-factor isolation signal,High
EXC0001014,Duplicate Record,Trades,Custodian,Americas,Equity,0,9,5046.69,-1.68,1,0,12,Medium,Duplicate Record pattern detected from source controls,Trade Support,48,Open,2026-04-05,Breached,22,0,Duplicate Record,0.816,Trade Support,Most similar historical pattern: Duplicate Record,Confirm duplicate key collision and suppress or merge after control approval.,False,45.6,"Duplicate Record in Trades from Custodian is ranked Medium because the item is 9 days old, has a break amount of 5046.69, and carries confidence 0.816.",0.1028,False,Multi-factor isolation signal,Medium
EXC0001015,Price Outlier,Pricing,IBOR,EMEA,ETF,0,12,2296.32,21.35,0,0,0,Medium,Price Outlier pattern detected from source controls,Pricing Control,48,Open,2026-04-02,Breached,12,0,Price Outlier,0.924,Pricing Control,Most similar historical pattern: Price Outlier,"Check vendor price history, compare secondary source, and escalate material moves.",False,43.9,"Price Outlier in Pricing from IBOR is ranked Medium because the item is 12 days old, has a break amount of 2296.32, and carries confidence 0.924.",0.4406,False,Large price/return move,Medium
EXC0001016,Delayed Source Load,Source Control,Aladdin,APAC,Corporate Bond,0,21,1995.81,-2.71,0,0,95,High,Delayed Source Load pattern detected from source controls,Source Systems,24,Resolved,2026-04-07,Breached,12,0,Delayed Source Load,0.951,Source Systems,Most similar historical pattern: Delayed Source Load,Check source-system batch status and notify technology owner if SLA breached.,False,52.4,"Delayed Source Load in Source Control from Aladdin is ranked High because the item is 21 days old, has a break amount of 1995.81, and carries confidence 0.951.",0.7142,True,Late source refresh,High
EXC0001017,Stale Price,Pricing,ABOR,APAC,Corporate Bond,0,14,1695.82,4.57,0,0,31,Medium,Stale Price pattern detected from source controls,Pricing Control,48,Resolved,2026-04-17,Breached,23,0,Stale Price,0.913,Pricing Control,Most similar historical pattern: Stale Price,"Check vendor price history, compare secondary source, and escalate material moves.",False,44.4,"Stale Price in Pricing from ABOR is ranked Medium because the item is 14 days old, has a break amount of 1695.82, and carries confidence 0.913.",0.2068,False,Aging unresolved item,Medium
EXC0001018,Duplicate Record,Trades,Bloomberg,APAC,Government Bond,1,11,290596.29,-1.07,1,0,9,Critical,Duplicate Record pattern detected from source controls,Trade Support,8,Open,2026-03-27,Breached,17,1,Duplicate Record,0.88,Trade Support,Most similar historical pattern: Duplicate Record,Confirm duplicate key collision and suppress or merge after control approval.,False,81.9,"Duplicate Record in Trades from Bloomberg is ranked Critical because the item is 11 days old, has a break amount of 290596.29, and carries confidence 0.88.",0.6667,True,High-value reconciliation break,High
EXC0001019,Delayed Source Load,Source Control,Aladdin,APAC,Equity,0,14,857.95,1.7,0,0,29,Low,Delayed Source Load pattern detected from source controls,Source Systems,72,Resolved,2026-04-17,Breached,12,0,Delayed Source Load,0.904,Source Systems,Most similar historical pattern: Delayed Source Load,Check source-system batch status and notify technology owner if SLA breached.,False,35.3,"Delayed Source Load in Source Control from Aladdin is ranked Low because the item is 14 days old, has a break amount of 857.95, and carries confidence 0.904.",0.1324,False,Aging unresolved item,Low
EXC0001020,Missing Client Mapping,Client Data,Refinitiv,Americas,ETF,3,16,1599.76,-0.99,0,0,0,Medium,Missing Client Mapping pattern detected from source controls,Client Data Ops,48,Resolved,2026-04-29,Breached,15,0,Missing Client Mapping,0.958,Client Data Ops,Most similar historical pattern: Missing Client Mapping,Route to client-data operations to complete portfolio and account mapping.,False,43.6,"Missing Client Mapping in Client Data from Refinitiv is ranked Medium because the item is 16 days old, has a break amount of 1599.76, and carries confidence 0.958.",0.1456,False,Aging unresolved item,Medium
EXC0001021,Missing Reference Data,Reference Data,ABOR,APAC,Government Bond,1,4,1433.06,1.53,0,0,4,Low,Missing Reference Data pattern detected from source controls,Reference Data Ops,72,Open,2026-05-03,Breached,25,0,Missing Reference Data,0.459,Reference Data Ops,Most similar historical pattern: Missing Reference Data,"Validate security master fields, enrich ISIN/ticker, and rerun downstream load.",True,40.3,"Missing Reference Data in Reference Data from ABOR is ranked Low because the item is 4 days old, has a break amount of 1433.06, and carries confidence 0.459.",0.0961,False,Multi-factor isolation signal,Low
EXC0001022,Trade Match Break,Trades,Murex,APAC,Government Bond,1,11,15691.59,0.2,0,0,19,High,Trade Match Break pattern detected from source controls,Trade Support,24,Resolved,2026-04-30,Breached,20,0,Trade Match Break,0.874,Trade Support,Most similar historical pattern: Trade Match Break,Review counterparty economic fields and run fuzzy security/client match.,False,54.6,"Trade Match Break in Trades from Murex is ranked High because the item is 11 days old, has a break amount of 15691.59, and carries confidence 0.874.",0.0695,False,Multi-factor isolation signal,High
EXC0001023,Delayed Source Load,Source Control,SimCorp,EMEA,ETF,1,15,4172.25,-0.96,0,0,41,High,Delayed Source Load pattern detected from source controls,Source Systems,24,Resolved,2026-03-30,Breached,11,0,Delayed Source Load,0.899,Source Systems,Most similar historical pattern: Delayed Source Load,Check source-system batch status and notify technology owner if SLA breached.,False,53.0,"Delayed Source Load in Source Control from SimCorp is ranked High because the item is 15 days old, has a break amount of 4172.25, and carries confidence 0.899.",0.2896,False,Aging unresolved item,High
EXC0001024,Delayed Source Load,Source Control,Refinitiv,Americas,ETF,0,4,3699.11,-2.51,0,0,60,Medium,Delayed Source Load pattern detected from source controls,Source Systems,48,Open,2026-03-23,Breached,14,0,Delayed Source Load,0.982,Source Systems,Most similar historical pattern: Delayed Source Load,Check source-system batch status and notify technology owner if SLA breached.,False,43.5,"Delayed Source Load in Source Control from Refinitiv is ranked Medium because the item is 4 days old, has a break amount of 3699.11, and carries confidence 0.982.",0.4474,False,Late source refresh,Medium
EXC0001025,Duplicate Record,Trades,ABOR,APAC,Equity,1,16,19400.89,0.15,1,0,5,High,Duplicate Record pattern detected from source controls,Trade Support,24,Resolved,2026-04-23,Breached,17,0,Duplicate Record,0.918,Trade Support,Most similar historical pattern: Duplicate Record,Confirm duplicate key collision and suppress or merge after control approval.,False,54.3,"Duplicate Record in Trades from ABOR is ranked High because the item is 16 days old, has a break amount of 19400.89, and carries confidence 0.918.",0.0854,False,Aging unresolved item,High
EXC0001026,Missing Reference Data,Reference Data,Aladdin,APAC,Equity,1,0,430.19,2.69,0,0,0,Low,Missing Reference Data pattern detected from source controls,Reference Data Ops,72,Resolved,2026-05-01,Within SLA,22,0,Unknown / Needs SME Review,0.479,Reference Data Ops,Most similar historical pattern: Unknown / Needs SME Review,Send to SME review with source evidence and model explanation.,True,19.9,"Unknown / Needs SME Review in Reference Data from Aladdin is ranked Low because the item is 0 days old, has a break amount of 430.19, and carries confidence 0.479.",0.2869,False,Multi-factor isolation signal,Low
EXC0001027,Trade Match Break,Trades,Custodian,APAC,Derivative,1,0,52209.48,3.19,0,0,17,Medium,Trade Match Break pattern detected from source controls,Trade Support,48,Resolved,2026-04-16,Within SLA,24,1,Trade Match Break,0.886,Trade Support,Most similar historical pattern: Trade Match Break,Review counterparty economic fields and run fuzzy security/client match.,False,28.8,"Trade Match Break in Trades from Custodian is ranked Medium because the item is 0 days old, has a break amount of 52209.48, and carries confidence 0.886.",0.3723,False,Multi-factor isolation signal,Medium
EXC0001028,Unknown / Needs SME Review,Reference Data,Custodian,Americas,Derivative,0,8,397.59,-0.3,0,0,8,Low,Unknown / Needs SME Review pattern detected from source controls,Reference Data Ops,72,Open,2026-04-27,Breached,10,0,Unknown / Needs SME Review,0.567,Reference Data Ops,Most similar historical pattern: Unknown / Needs SME Review,Send to SME review with source evidence and model explanation.,True,38.5,"Unknown / Needs SME Review in Reference Data from Custodian is ranked Low because the item is 8 days old, has a break amount of 397.59, and carries confidence 0.567.",0.0569,False,Multi-factor isolation signal,Low
EXC0001029,Missing Reference Data,Reference Data,Bloomberg,APAC,Corporate Bond,3,13,4059.3,-0.29,0,0,10,Medium,Missing Reference Data pattern detected from source controls,Reference Data Ops,48,Resolved,2026-04-12,Breached,18,0,Missing Reference Data,0.843,Reference Data Ops,Most similar historical pattern: Missing Reference Data,"Validate security master fields, enrich ISIN/ticker, and rerun downstream load.",False,45.1,"Missing Reference Data in Reference Data from Bloomberg is ranked Medium because the item is 13 days old, has a break amount of 4059.3, and carries confidence 0.843.",0.0342,False,Aging unresolved item,Medium
EXC0001030,Missing Client Mapping,Client Data,Bloomberg,Americas,Equity,1,2,1551.09,1.06,0,0,19,Low,Missing Client Mapping pattern detected from source controls,Client Data Ops,72,Suppressed,2026-05-16,Within SLA,18,0,Missing Client Mapping,0.875,Client Data Ops,Most similar historical pattern: Missing Client Mapping,Route to client-data operations to complete portfolio and account mapping.,False,15.8,"Missing Client Mapping in Client Data from Bloomberg is ranked Low because the item is 2 days old, has a break amount of 1551.09, and carries confidence 0.875.",0.107,False,Multi-factor isolation signal,Low
EXC0001031,Trade Match Break,Trades,Murex,EMEA,ETF,0,9,1948.47,1.5,0,0,18,Medium,Trade Match Break pattern detected from source controls,Trade Support,48,Open,2026-04-17,Breached,20,0,Trade Match Break,0.824,Trade Support,Most similar historical pattern: Trade Match Break,Review counterparty economic fields and run fuzzy security/client match.,False,45.2,"Trade Match Break in Trades from Murex is ranked Medium because the item is 9 days old, has a break amount of 1948.47, and carries confidence 0.824.",0.0335,False,Multi-factor isolation signal,Medium
EXC0001032,Missing Client Mapping,Client Data,Bloomberg,APAC,Derivative,2,4,986.86,1.49,0,0,11,Low,Missing Client Mapping pattern detected from source controls,Client Data Ops,72,Resolved,2026-05-07,Breached,18,0,Missing Client Mapping,0.972,Client Data Ops,Most similar historical pattern: Missing Client Mapping,Route to client-data operations to complete portfolio and account mapping.,False,34.8,"Missing Client Mapping in Client Data from Bloomberg is ranked Low because the item is 4 days old, has a break amount of 986.86, and carries confidence 0.972.",0.0846,False,Multi-factor isolation signal,Low
EXC0001033,Missing Reference Data,Reference Data,Custodian,Americas,Equity,3,19,4695.4,0.42,0,0,14,High,Missing Reference Data pattern detected from source controls,Reference Data Ops,24,Resolved,2026-04-23,Breached,20,0,Missing Reference Data,0.921,Reference Data Ops,Most similar historical pattern: Missing Reference Data,"Validate security master fields, enrich ISIN/ticker, and rerun downstream load.",False,53.2,"Missing Reference Data in Reference Data from Custodian is ranked High because the item is 19 days old, has a break amount of 4695.4, and carries confidence 0.921.",0.114,False,Aging unresolved item,High
EXC0001034,Missing Reference Data,Reference Data,ABOR,APAC,Equity,3,16,1852.84,0.59,0,0,11,Medium,Missing Reference Data pattern detected from source controls,Reference Data Ops,48,Resolved,2026-04-13,Breached,25,0,Missing Reference Data,0.917,Reference Data Ops,Most similar historical pattern: Missing Reference Data,"Validate security master fields, enrich ISIN/ticker, and rerun downstream load.",False,44.5,"Missing Reference Data in Reference Data from ABOR is ranked Medium because the item is 16 days old, has a break amount of 1852.84, and carries confidence 0.917.",0.0199,False,Aging unresolved item,Medium
EXC0001035,Price Outlier,Pricing,Aladdin,EMEA,Corporate Bond,0,20,1558.82,8.86,0,0,8,Medium,Price Outlier pattern detected from source controls,Pricing Control,48,Resolved,2026-04-20,Breached,17,0,Price Outlier,0.954,Pricing Control,Most similar historical pattern: Price Outlier,"Check vendor price history, compare secondary source, and escalate material moves.",False,43.8,"Price Outlier in Pricing from Aladdin is ranked Medium because the item is 20 days old, has a break amount of 1558.82, and carries confidence 0.954.",0.2465,False,Aging unresolved item,Medium
EXC0001036,Delayed Source Load,Source Control,ABOR,Americas,ETF,0,8,1888.24,-4.54,0,0,48,Low,Delayed Source Load pattern detected from source controls,Source Systems,72,Open,2026-03-23,Breached,22,0,Delayed Source Load,0.982,Source Systems,Most similar historical pattern: Delayed Source Load,Check source-system batch status and notify technology owner if SLA breached.,False,35.0,"Delayed Source Load in Source Control from ABOR is ranked Low because the item is 8 days old, has a break amount of 1888.24, and carries confidence 0.982.",0.4479,False,Multi-factor isolation signal,Low
EXC0001037,Invalid Currency,Reference Data,ABOR,APAC,Government Bond,1,12,2007.82,0.49,0,1,0,Medium,Invalid Currency pattern detected from source controls,Reference Data Ops,48,Resolved,2026-05-14,Breached,9,0,Invalid Currency,0.898,Reference Data Ops,Most similar historical pattern: Invalid Currency,"Validate security currency, trade currency, and portfolio base currency mapping.",False,44.0,"Invalid Currency in Reference Data from ABOR is ranked Medium because the item is 12 days old, has a break amount of 2007.82, and carries confidence 0.898.",0.086,False,Multi-factor isolation signal,Medium
EXC0001038,Duplicate Record,Trades,SimCorp,Americas,Government Bond,0,7,52189.61,3.46,1,0,18,High,Duplicate Record pattern detected from source controls,Trade Support,24,Escalated,2026-04-26,Breached,19,1,Duplicate Record,0.912,Trade Support,Most similar historical pattern: Duplicate Record,Confirm duplicate key collision and suppress or merge after control approval.,False,57.1,"Duplicate Record in Trades from SimCorp is ranked High because the item is 7 days old, has a break amount of 52189.61, and carries confidence 0.912.",0.1776,False,Multi-factor isolation signal,High
EXC0001039,Unknown / Needs SME Review,Reference Data,SimCorp,APAC,Government Bond,0,8,4690.47,4.98,0,0,17,Medium,Unknown / Needs SME Review pattern detected from source controls,Reference Data Ops,48,Resolved,2026-03-31,Breached,10,0,Unknown / Needs SME Review,0.677,Reference Data Ops,Most similar historical pattern: Unknown / Needs SME Review,Send to SME review with source evidence and model explanation.,True,46.5,"Unknown / Needs SME Review in Reference Data from SimCorp is ranked Medium because the item is 8 days old, has a break amount of 4690.47, and carries confidence 0.677.",0.0811,False,Multi-factor isolation signal,Medium
EXC0001040,Trade Match Break,Trades,Custodian,APAC,Derivative,0,12,76195.35,4.44,0,0,7,Critical,Trade Match Break pattern detected from source controls,Trade Support,8,Resolved,2026-04-29,Breached,24,1,Trade Match Break,0.906,Trade Support,Most similar historical pattern: Trade Match Break,Review counterparty economic fields and run fuzzy security/client match.,False,68.0,"Trade Match Break in Trades from Custodian is ranked Critical because the item is 12 days old, has a break amount of 76195.35, and carries confidence 0.906.",0.2276,False,High-value reconciliation break,Critical
EXC0001041,Delayed Source Load,Source Control,Murex,APAC,Corporate Bond,0,20,1841.54,1.73,0,0,75,Medium,Delayed Source Load pattern detected from source controls,Source Systems,48,Resolved,2026-05-15,Breached,7,0,Delayed Source Load,0.95,Source Systems,Most similar historical pattern: Delayed Source Load,Check source-system batch status and notify technology owner if SLA breached.,False,43.4,"Delayed Source Load in Source Control from Murex is ranked Medium because the item is 20 days old, has a break amount of 1841.54, and carries confidence 0.95.",0.4602,True,Late source refresh,Medium
EXC0001042,Missing Reference Data,Reference Data,Murex,Americas,Equity,4,19,916.97,-1.47,0,0,2,Medium,Missing Reference Data pattern detected from source controls,Reference Data Ops,48,Resolved,2026-04-13,Breached,15,0,Missing Reference Data,0.83,Reference Data Ops,Most similar historical pattern: Missing Reference Data,"Validate security master fields, enrich ISIN/ticker, and rerun downstream load.",False,44.9,"Missing Reference Data in Reference Data from Murex is ranked Medium because the item is 19 days old, has a break amount of 916.97, and carries confidence 0.83.",0.1922,False,Aging unresolved item,Medium
EXC0001043,Stale Price,Pricing,SimCorp,EMEA,Government Bond,0,5,2219.05,0.13,0,0,73,Low,Stale Price pattern detected from source controls,Pricing Control,72,Escalated,2026-03-21,Breached,16,0,Stale Price,0.888,Pricing Control,Most similar historical pattern: Stale Price,"Check vendor price history, compare secondary source, and escalate material moves.",False,35.7,"Stale Price in Pricing from SimCorp is ranked Low because the item is 5 days old, has a break amount of 2219.05, and carries confidence 0.888.",0.3499,False,Late source refresh,Low
EXC0001044,Position Reconciliation Break,Positions,Custodian,APAC,Government Bond,0,6,15003.11,-0.4,0,0,17,Medium,Position Reconciliation Break pattern detected from source controls,Reconciliation,48,Resolved,2026-03-25,Breached,18,0,Position Reconciliation Break,0.876,Reconciliation,Most similar historical pattern: Position Reconciliation Break,"Compare IBOR, ABOR, and custodian balances; prioritize material value gaps.",False,45.7,"Position Reconciliation Break in Positions from Custodian is ranked Medium because the item is 6 days old, has a break amount of 15003.11, and carries confidence 0.876.",0.0949,False,Multi-factor isolation signal,Medium
EXC0001045,Unknown / Needs SME Review,Reference Data,Refinitiv,APAC,Corporate Bond,1,10,5350.53,-2.02,0,0,18,Medium,Unknown / Needs SME Review pattern detected from source controls,Reference Data Ops,48,Escalated,2026-03-22,Breached,11,0,Unknown / Needs SME Review,0.691,Reference Data Ops,Most similar historical pattern: Unknown / Needs SME Review,Send to SME review with source evidence and model explanation.,True,46.5,"Unknown / Needs SME Review in Reference Data from Refinitiv is ranked Medium because the item is 10 days old, has a break amount of 5350.53, and carries confidence 0.691.",0.1117,False,Multi-factor isolation signal,Medium
EXC0001046,Invalid Currency,Reference Data,IBOR,Americas,Derivative,0,16,6003.02,-0.86,0,1,12,High,Invalid Currency pattern detected from source controls,Reference Data Ops,24,Resolved,2026-04-25,Breached,11,0,Invalid Currency,0.911,Reference Data Ops,Most similar historical pattern: Invalid Currency,"Validate security currency, trade currency, and portfolio base currency mapping.",False,53.1,"Invalid Currency in Reference Data from IBOR is ranked High because the item is 16 days old, has a break amount of 6003.02, and carries confidence 0.911.",0.058,False,Aging unresolved item,High
EXC0001047,Missing Reference Data,Reference Data,Custodian,EMEA,Equity,3,7,3040.79,-0.32,0,0,9,Medium,Missing Reference Data pattern detected from source controls,Reference Data Ops,48,Escalated,2026-03-28,Breached,20,0,Missing Reference Data,0.925,Reference Data Ops,Most similar historical pattern: Missing Reference Data,"Validate security master fields, enrich ISIN/ticker, and rerun downstream load.",False,44.3,"Missing Reference Data in Reference Data from Custodian is ranked Medium because the item is 7 days old, has a break amount of 3040.79, and carries confidence 0.925.",0.0516,False,Multi-factor isolation signal,Medium
EXC0001048,Unknown / Needs SME Review,Reference Data,Custodian,EMEA,Equity,1,1,675.33,-1.99,0,0,12,Low,Unknown / Needs SME Review pattern detected from source controls,Reference Data Ops,72,Resolved,2026-05-19,Within SLA,10,0,Unknown / Needs SME Review,0.59,Reference Data Ops,Most similar historical pattern: Unknown / Needs SME Review,Send to SME review with source evidence and model explanation.,True,18.3,"Unknown / Needs SME Review in Reference Data from Custodian is ranked Low because the item is 1 days old, has a break amount of 675.33, and carries confidence 0.59.",0.2194,False,Multi-factor isolation signal,Low
EXC0001049,Missing Client Mapping,Client Data,Custodian,APAC,Equity,1,3,1177.35,3.83,0,0,0,Low,Missing Client Mapping pattern detected from source controls,Client Data Ops,72,Escalated,2026-05-15,Within SLA,11,0,Missing Client Mapping,0.884,Client Data Ops,Most similar historical pattern: Missing Client Mapping,Route to client-data operations to complete portfolio and account mapping.,False,15.4,"Missing Client Mapping in Client Data from Custodian is ranked Low because the item is 3 days old, has a break amount of 1177.35, and carries confidence 0.884.",0.1609,False,Multi-factor isolation signal,Low
EXC0001050,Missing Client Mapping,Client Data,Aladdin,APAC,Derivative,3,8,1456.12,3.02,0,0,6,Low,Missing Client Mapping pattern detected from source controls,Client Data Ops,72,Open,2026-04-04,Breached,11,0,Missing Client Mapping,0.986,Client Data Ops,Most similar historical pattern: Missing Client Mapping,Route to client-data operations to complete portfolio and account mapping.,False,34.4,"Missing Client Mapping in Client Data from Aladdin is ranked Low because the item is 8 days old, has a break amount of 1456.12, and carries confidence 0.986.",0.046,False,Multi-factor isolation signal,Low
EXC0001051,Position Reconciliation Break,Positions,Custodian,EMEA,Derivative,0,19,78277.15,1.38,0,0,5,Critical,Position Reconciliation Break pattern detected from source controls,Reconciliation,8,Resolved,2026-05-18,Breached,18,1,Position Reconciliation Break,0.85,Reconciliation,Most similar historical pattern: Position Reconciliation Break,"Compare IBOR, ABOR, and custodian balances; prioritize material value gaps.",False,68.5,"Position Reconciliation Break in Positions from Custodian is ranked Critical because the item is 19 days old, has a break amount of 78277.15, and carries confidence 0.85.",0.3092,False,High-value reconciliation break,Critical
EXC0001052,Trade Match Break,Trades,SimCorp,APAC,Derivative,0,15,29135.53,2.45,0,0,10,High,Trade Match Break pattern detected from source controls,Trade Support,24,Resolved,2026-04-14,Breached,25,0,Trade Match Break,0.928,Trade Support,Most similar historical pattern: Trade Match Break,Review counterparty economic fields and run fuzzy security/client match.,False,55.3,"Trade Match Break in Trades from SimCorp is ranked High because the item is 15 days old, has a break amount of 29135.53, and carries confidence 0.928.",0.0668,False,Aging unresolved item,High
EXC0001053,Missing Reference Data,Reference Data,Refinitiv,Americas,Equity,3,5,2059.72,2.26,0,0,17,Low,Missing Reference Data pattern detected from source controls,Reference Data Ops,72,Resolved,2026-04-12,Breached,17,0,Missing Reference Data,0.924,Reference Data Ops,Most similar historical pattern: Missing Reference Data,"Validate security master fields, enrich ISIN/ticker, and rerun downstream load.",False,35.4,"Missing Reference Data in Reference Data from Refinitiv is ranked Low because the item is 5 days old, has a break amount of 2059.72, and carries confidence 0.924.",0.0601,False,Multi-factor isolation signal,Low
EXC0001054,Duplicate Record,Trades,Custodian,APAC,Equity,0,13,6353.58,-0.33,1,0,1,High,Duplicate Record pattern detected from source controls,Trade Support,24,Resolved,2026-05-08,Breached,22,0,Duplicate Record,0.899,Trade Support,Most similar historical pattern: Duplicate Record,Confirm duplicate key collision and suppress or merge after control approval.,False,53.6,"Duplicate Record in Trades from Custodian is ranked High because the item is 13 days old, has a break amount of 6353.58, and carries confidence 0.899.",0.0873,False,Aging unresolved item,High
EXC0001055,Stale Price,Pricing,IBOR,EMEA,Corporate Bond,1,17,4791.88,6.0,0,0,37,High,Stale Price pattern detected from source controls,Pricing Control,24,Resolved,2026-05-10,Breached,22,0,Stale Price,0.902,Pricing Control,Most similar historical pattern: Stale Price,"Check vendor price history, compare secondary source, and escalate material moves.",False,53.5,"Stale Price in Pricing from IBOR is ranked High because the item is 17 days old, has a break amount of 4791.88, and carries confidence 0.902.",0.3574,False,Aging unresolved item,High
EXC0001056,Duplicate Record,Trades,ABOR,Americas,Government Bond,1,6,15174.37,-0.42,1,0,15,Medium,Duplicate Record pattern detected from source controls,Trade Support,48,Resolved,2026-05-09,Breached,17,0,Duplicate Record,0.898,Trade Support,Most similar historical pattern: Duplicate Record,Confirm duplicate key collision and suppress or merge after control approval.,False,45.4,"Duplicate Record in Trades from ABOR is ranked Medium because the item is 6 days old, has a break amount of 15174.37, and carries confidence 0.898.",0.0962,False,Multi-factor isolation signal,Medium
EXC0001057,Position Reconciliation Break,Positions,SimCorp,Americas,Corporate Bond,1,16,48095.54,-2.67,0,0,16,Critical,Position Reconciliation Break pattern detected from source controls,Reconciliation,8,Resolved,2026-03-24,Breached,16,0,Position Reconciliation Break,0.789,Reconciliation,Most similar historical pattern: Position Reconciliation Break,"Compare IBOR, ABOR, and custodian balances; prioritize material value gaps.",False,66.6,"Position Reconciliation Break in Positions from SimCorp is ranked Critical because the item is 16 days old, has a break amount of 48095.54, and carries confidence 0.789.",0.2657,False,Aging unresolved item,Critical
EXC0001058,Duplicate Record,Trades,Custodian,APAC,ETF,0,14,32565.58,1.9,1,0,17,High,Duplicate Record pattern detected from source controls,Trade Support,24,Open,2026-05-07,Breached,22,0,Duplicate Record,0.947,Trade Support,Most similar historical pattern: Duplicate Record,Confirm duplicate key collision and suppress or merge after control approval.,False,55.3,"Duplicate Record in Trades from Custodian is ranked High because the item is 14 days old, has a break amount of 32565.58, and carries confidence 0.947.",0.0822,False,Aging unresolved item,High
EXC0001059,Delayed Source Load,Source Control,ABOR,EMEA,ETF,1,14,2259.09,2.91,0,0,38,Medium,Delayed Source Load pattern detected from source controls,Source Systems,48,Suppressed,2026-04-10,Breached,22,0,Delayed Source Load,0.968,Source Systems,Most similar historical pattern: Delayed Source Load,Check source-system batch status and notify technology owner if SLA breached.,False,43.9,"Delayed Source Load in Source Control from ABOR is ranked Medium because the item is 14 days old, has a break amount of 2259.09, and carries confidence 0.968.",0.2004,False,Aging unresolved item,Medium
EXC0001060,Trade Match Break,Trades,Bloomberg,APAC,ETF,1,2,2251.28,0.75,0,0,18,Low,Trade Match Break pattern detected from source controls,Trade Support,72,Resolved,2026-03-29,Within SLA,40,0,Trade Match Break,0.811,Trade Support,Most similar historical pattern: Trade Match Break,Review counterparty economic fields and run fuzzy security/client match.,False,17.4,"Trade Match Break in Trades from Bloomberg is ranked Low because the item is 2 days old, has a break amount of 2251.28, and carries confidence 0.811.",0.0901,False,Multi-factor isolation signal,Low
EXC0001061,Trade Match Break,Trades,Aladdin,APAC,Corporate Bond,1,2,57676.7,4.61,0,0,2,High,Trade Match Break pattern detected from source controls,Trade Support,24,Open,2026-03-29,Breached,27,1,Trade Match Break,0.935,Trade Support,Most similar historical pattern: Trade Match Break,Review counterparty economic fields and run fuzzy security/client match.,False,57.6,"Trade Match Break in Trades from Aladdin is ranked High because the item is 2 days old, has a break amount of 57676.7, and carries confidence 0.935.",0.3256,False,Multi-factor isolation signal,High
EXC0001062,Missing Reference Data,Reference Data,Murex,EMEA,Equity,3,10,1088.73,1.95,0,0,16,Low,Missing Reference Data pattern detected from source controls,Reference Data Ops,72,Resolved,2026-05-03,Breached,15,0,Missing Reference Data,0.855,Reference Data Ops,Most similar historical pattern: Missing Reference Data,"Validate security master fields, enrich ISIN/ticker, and rerun downstream load.",False,35.9,"Missing Reference Data in Reference Data from Murex is ranked Low because the item is 10 days old, has a break amount of 1088.73, and carries confidence 0.855.",0.0236,False,Multi-factor isolation signal,Low
EXC0001063,Price Outlier,Pricing,ABOR,Americas,Corporate Bond,0,8,1113.66,23.6,0,0,3,Low,Price Outlier pattern detected from source controls,Pricing Control,72,Resolved,2026-03-21,Breached,19,0,Price Outlier,0.944,Pricing Control,Most similar historical pattern: Price Outlier,"Check vendor price history, compare secondary source, and escalate material moves.",False,35.2,"Price Outlier in Pricing from ABOR is ranked Low because the item is 8 days old, has a break amount of 1113.66, and carries confidence 0.944.",0.4608,True,Large price/return move,Low
EXC0001064,Missing Reference Data,Reference Data,IBOR,APAC,Equity,3,6,3040.81,0.02,0,0,13,Medium,Missing Reference Data pattern detected from source controls,Reference Data Ops,48,Resolved,2026-04-28,Breached,25,0,Missing Reference Data,0.923,Reference Data Ops,Most similar historical pattern: Missing Reference Data,"Validate security master fields, enrich ISIN/ticker, and rerun downstream load.",False,44.5,"Missing Reference Data in Reference Data from IBOR is ranked Medium because the item is 6 days old, has a break amount of 3040.81, and carries confidence 0.923.",0.0567,False,Multi-factor isolation signal,Medium
EXC0001065,Stale Price,Pricing,IBOR,APAC,Derivative,1,20,1636.42,1.87,0,0,47,Medium,Stale Price pattern detected from source controls,Pricing Control,48,Escalated,2026-03-24,Breached,22,0,Stale Price,0.908,Pricing Control,Most similar historical pattern: Stale Price,"Check vendor price history, compare secondary source, and escalate material moves.",False,44.4,"Stale Price in Pricing from IBOR is ranked Medium because the item is 20 days old, has a break amount of 1636.42, and carries confidence 0.908.",0.3539,False,Aging unresolved item,Medium
EXC0001066,Trade Match Break,Trades,Bloomberg,Americas,Derivative,1,5,63960.04,1.7,0,0,13,High,Trade Match Break pattern detected from source controls,Trade Support,24,Resolved,2026-05-03,Breached,40,1,Trade Match Break,0.955,Trade Support,Most similar historical pattern: Trade Match Break,Review counterparty economic fields and run fuzzy security/client match.,False,58.4,"Trade Match Break in Trades from Bloomberg is ranked High because the item is 5 days old, has a break amount of 63960.04, and carries confidence 0.955.",0.1924,False,Multi-factor isolation signal,High
EXC0001067,Trade Match Break,Trades,ABOR,Americas,Derivative,1,8,63654.06,4.53,0,0,3,High,Trade Match Break pattern detected from source controls,Trade Support,24,Resolved,2026-05-13,Breached,28,1,Trade Match Break,0.952,Trade Support,Most similar historical pattern: Trade Match Break,Review counterparty economic fields and run fuzzy security/client match.,False,57.9,"Trade Match Break in Trades from ABOR is ranked High because the item is 8 days old, has a break amount of 63654.06, and carries confidence 0.952.",0.2429,False,Multi-factor isolation signal,High
EXC0001068,Performance Return Outlier,Positions,Murex,EMEA,ETF,0,1,19744.17,10.78,0,0,17,Medium,Performance Return Outlier pattern detected from source controls,Reconciliation,48,Open,2026-04-15,Within SLA,10,0,Performance Return Outlier,0.849,Reconciliation,Most similar historical pattern: Performance Return Outlier,"Check vendor price history, compare secondary source, and escalate material moves.",False,26.0,"Performance Return Outlier in Positions from Murex is ranked Medium because the item is 1 days old, has a break amount of 19744.17, and carries confidence 0.849.",0.3518,False,Multi-factor isolation signal,Medium
EXC0001069,Missing Reference Data,Reference Data,Bloomberg,Americas,Equity,4,0,1154.62,-2.42,0,0,18,Low,Missing Reference Data pattern detected from source controls,Reference Data Ops,72,Resolved,2026-03-22,Within SLA,18,0,Missing Reference Data,0.882,Reference Data Ops,Most similar historical pattern: Missing Reference Data,"Validate security master fields, enrich ISIN/ticker, and rerun downstream load.",False,15.7,"Missing Reference Data in Reference Data from Bloomberg is ranked Low because the item is 0 days old, has a break amount of 1154.62, and carries confidence 0.882.",0.3215,False,Multi-factor isolation signal,Low
EXC0001070,Stale Price,Pricing,Refinitiv,APAC,Government Bond,0,7,1638.98,1.08,0,0,24,Low,Stale Price pattern detected from source controls,Pricing Control,72,Resolved,2026-04-06,Breached,21,0,Stale Price,0.913,Pricing Control,Most similar historical pattern: Stale Price,"Check vendor price history, compare secondary source, and escalate material moves.",False,35.6,"Stale Price in Pricing from Refinitiv is ranked Low because the item is 7 days old, has a break amount of 1638.98, and carries confidence 0.913.",0.1199,False,Multi-factor isolation signal,Low
EXC0001071,Missing Client Mapping,Client Data,ABOR,Americas,ETF,3,15,2544.31,-1.61,0,0,5,Medium,Missing Client Mapping pattern detected from source controls,Client Data Ops,48,Resolved,2026-05-15,Breached,18,0,Missing Client Mapping,0.965,Client Data Ops,Most similar historical pattern: Missing Client Mapping,Route to client-data operations to complete portfolio and account mapping.,False,43.8,"Missing Client Mapping in Client Data from ABOR is ranked Medium because the item is 15 days old, has a break amount of 2544.31, and carries confidence 0.965.",0.0987,False,Aging unresolved item,Medium
EXC0001072,Missing Reference Data,Reference Data,SimCorp,EMEA,Equity,1,13,3894.56,5.15,0,0,12,Medium,Missing Reference Data pattern detected from source controls,Reference Data Ops,48,Resolved,2026-04-01,Breached,15,0,Unknown / Needs SME Review,0.501,Reference Data Ops,Most similar historical pattern: Unknown / Needs SME Review,Send to SME review with source evidence and model explanation.,True,48.4,"Unknown / Needs SME Review in Reference Data from SimCorp is ranked Medium because the item is 13 days old, has a break amount of 3894.56, and carries confidence 0.501.",0.0735,False,Aging unresolved item,Medium
EXC0001073,Duplicate Record,Trades,IBOR,Americas,Derivative,0,15,43989.0,-0.93,1,0,19,Critical,Duplicate Record pattern detected from source controls,Trade Support,8,Resolved,2026-04-03,Breached,13,0,Duplicate Record,0.918,Trade Support,Most similar historical pattern: Duplicate Record,Confirm duplicate key collision and suppress or merge after control approval.,False,64.9,"Duplicate Record in Trades from IBOR is ranked Critical because the item is 15 days old, has a break amount of 43989.0, and carries confidence 0.918.",0.162,False,Aging unresolved item,Critical
EXC0001074,Missing Client Mapping,Client Data,Aladdin,APAC,Derivative,4,16,3957.38,2.01,0,0,19,High,Missing Client Mapping pattern detected from source controls,Client Data Ops,24,Resolved,2026-03-23,Breached,11,0,Missing Client Mapping,0.934,Client Data Ops,Most similar historical pattern: Missing Client Mapping,Route to client-data operations to complete portfolio and account mapping.,False,52.7,"Missing Client Mapping in Client Data from Aladdin is ranked High because the item is 16 days old, has a break amount of 3957.38, and carries confidence 0.934.",0.0369,False,Aging unresolved item,High
EXC0001075,Duplicate Record,Trades,Murex,APAC,Derivative,1,12,121050.01,-0.24,1,0,1,Critical,Duplicate Record pattern detected from source controls,Trade Support,8,Escalated,2026-04-05,Breached,22,1,Duplicate Record,0.935,Trade Support,Most similar historical pattern: Duplicate Record,Confirm duplicate key collision and suppress or merge after control approval.,False,71.2,"Duplicate Record in Trades from Murex is ranked Critical because the item is 12 days old, has a break amount of 121050.01, and carries confidence 0.935.",0.3963,False,High-value reconciliation break,Critical
EXC0001076,Price Outlier,Pricing,Aladdin,APAC,Corporate Bond,0,9,7307.06,22.58,0,0,2,Medium,Price Outlier pattern detected from source controls,Pricing Control,48,Open,2026-04-25,Breached,17,0,Price Outlier,0.904,Pricing Control,Most similar historical pattern: Price Outlier,"Check vendor price history, compare secondary source, and escalate material moves.",False,44.7,"Price Outlier in Pricing from Aladdin is ranked Medium because the item is 9 days old, has a break amount of 7307.06, and carries confidence 0.904.",0.4786,True,Large price/return move,Medium
EXC0001077,Missing Reference Data,Reference Data,Aladdin,APAC,Corporate Bond,3,7,2802.99,-1.64,0,0,10,Medium,Missing Reference Data pattern detected from source controls,Reference Data Ops,48,Resolved,2026-05-07,Breached,22,0,Missing Reference Data,0.885,Reference Data Ops,Most similar historical pattern: Missing Reference Data,"Validate security master fields, enrich ISIN/ticker, and rerun downstream load.",False,44.8,"Missing Reference Data in Reference Data from Aladdin is ranked Medium because the item is 7 days old, has a break amount of 2802.99, and carries confidence 0.885.",0.0854,False,Multi-factor isolation signal,Medium
EXC0001078,Unknown / Needs SME Review,Reference Data,Refinitiv,Americas,ETF,0,0,162.78,0.88,0,0,17,Low,Unknown / Needs SME Review pattern detected from source controls,Reference Data Ops,72,Resolved,2026-03-23,Within SLA,11,0,Unknown / Needs SME Review,0.631,Reference Data Ops,Most similar historical pattern: Unknown / Needs SME Review,Send to SME review with source evidence and model explanation.,True,17.9,"Unknown / Needs SME Review in Reference Data from Refinitiv is ranked Low because the item is 0 days old, has a break amount of 162.78, and carries confidence 0.631.",0.2397,False,Multi-factor isolation signal,Low
EXC0001079,Delayed Source Load,Source Control,ABOR,EMEA,ETF,1,7,1797.19,2.92,0,0,35,Low,Delayed Source Load pattern detected from source controls,Source Systems,72,Suppressed,2026-04-27,Breached,22,0,Delayed Source Load,0.96,Source Systems,Most similar historical pattern: Delayed Source Load,Check source-system batch status and notify technology owner if SLA breached.,False,35.2,"Delayed Source Load in Source Control from ABOR is ranked Low because the item is 7 days old, has a break amount of 1797.19, and carries confidence 0.96.",0.1957,False,Multi-factor isolation signal,Low
EXC0001080,Missing Client Mapping,Client Data,SimCorp,EMEA,Corporate Bond,2,10,1290.42,2.83,0,0,13,Low,Missing Client Mapping pattern detected from source controls,Client Data Ops,72,Open,2026-04-17,Breached,15,0,Missing Client Mapping,0.974,Client Data Ops,Most similar historical pattern: Missing Client Mapping,Route to client-data operations to complete portfolio and account mapping.,False,34.7,"Missing Client Mapping in Client Data from SimCorp is ranked Low because the item is 10 days old, has a break amount of 1290.42, and carries confidence 0.974.",0.017,False,Multi-factor isolation signal,Low
EXC0001081,Stale Price,Pricing,Custodian,APAC,Corporate Bond,0,5,1362.53,-1.83,0,0,69,Low,Stale Price pattern detected from source controls,Pricing Control,72,Open,2026-04-12,Breached,21,0,Stale Price,0.969,Pricing Control,Most similar historical pattern: Stale Price,"Check vendor price history, compare secondary source, and escalate material moves.",False,35.0,"Stale Price in Pricing from Custodian is ranked Low because the item is 5 days old, has a break amount of 1362.53, and carries confidence 0.969.",0.4223,False,Late source refresh,Low
EXC0001082,Trade Match Break,Trades,Bloomberg,APAC,Corporate Bond,0,3,504673.86,2.28,0,0,5,High,Trade Match Break pattern detected from source controls,Trade Support,24,Resolved,2026-03-21,Breached,40,1,Trade Match Break,0.877,Trade Support,Most similar historical pattern: Trade Match Break,Review counterparty economic fields and run fuzzy security/client match.,False,74.1,"Trade Match Break in Trades from Bloomberg is ranked High because the item is 3 days old, has a break amount of 504673.86, and carries confidence 0.877.",0.8574,True,High-value reconciliation break,Critical
EXC0001083,Invalid Currency,Reference Data,Murex,EMEA,ETF,0,13,2238.17,3.87,0,1,17,Medium,Invalid Currency pattern detected from source controls,Reference Data Ops,48,Resolved,2026-04-20,Breached,12,0,Invalid Currency,0.85,Reference Data Ops,Most similar historical pattern: Invalid Currency,"Validate security currency, trade currency, and portfolio base currency mapping.",False,44.7,"Invalid Currency in Reference Data from Murex is ranked Medium because the item is 13 days old, has a break amount of 2238.17, and carries confidence 0.85.",0.0422,False,Aging unresolved item,Medium
EXC0001084,Missing Reference Data,Reference Data,Refinitiv,EMEA,Equity,1,10,1019.36,2.78,0,0,5,Low,Missing Reference Data pattern detected from source controls,Reference Data Ops,72,Resolved,2026-03-28,Breached,17,0,Unknown / Needs SME Review,0.511,Reference Data Ops,Most similar historical pattern: Unknown / Needs SME Review,Send to SME review with source evidence and model explanation.,True,39.4,"Unknown / Needs SME Review in Reference Data from Refinitiv is ranked Low because the item is 10 days old, has a break amount of 1019.36, and carries confidence 0.511.",0.0454,False,Multi-factor isolation signal,Low
EXC0001085,Unknown / Needs SME Review,Reference Data,Refinitiv,APAC,Government Bond,1,21,5827.95,0.6,0,0,3,High,Unknown / Needs SME Review pattern detected from source controls,Reference Data Ops,24,Resolved,2026-04-07,Breached,11,0,Unknown / Needs SME Review,0.743,Reference Data Ops,Most similar historical pattern: Unknown / Needs SME Review,Send to SME review with source evidence and model explanation.,True,54.7,"Unknown / Needs SME Review in Reference Data from Refinitiv is ranked High because the item is 21 days old, has a break amount of 5827.95, and carries confidence 0.743.",0.229,False,Aging unresolved item,High
EXC0001086,Unknown / Needs SME Review,Reference Data,Aladdin,APAC,Corporate Bond,0,18,626.36,1.62,0,0,19,Medium,Unknown / Needs SME Review pattern detected from source controls,Reference Data Ops,48,Resolved,2026-05-08,Breached,9,0,Unknown / Needs SME Review,0.604,Reference Data Ops,Most similar historical pattern: Unknown / Needs SME Review,Send to SME review with source evidence and model explanation.,True,46.9,"Unknown / Needs SME Review in Reference Data from Aladdin is ranked Medium because the item is 18 days old, has a break amount of 626.36, and carries confidence 0.604.",0.0883,False,Aging unresolved item,Medium
EXC0001087,Stale Price,Pricing,Bloomberg,EMEA,ETF,0,17,593.41,1.88,0,0,92,Low,Stale Price pattern detected from source controls,Pricing Control,72,Suppressed,2026-05-12,Breached,12,0,Stale Price,0.915,Pricing Control,Most similar historical pattern: Stale Price,"Check vendor price history, compare secondary source, and escalate material moves.",False,35.1,"Stale Price in Pricing from Bloomberg is ranked Low because the item is 17 days old, has a break amount of 593.41, and carries confidence 0.915.",0.503,True,Late source refresh,Low
EXC0001088,Stale Price,Pricing,Aladdin,Americas,ETF,0,10,734.47,4.99,0,0,50,Low,Stale Price pattern detected from source controls,Pricing Control,72,Resolved,2026-04-11,Breached,20,0,Stale Price,0.931,Pricing Control,Most similar historical pattern: Stale Price,"Check vendor price history, compare secondary source, and escalate material moves.",False,35.3,"Stale Price in Pricing from Aladdin is ranked Low because the item is 10 days old, has a break amount of 734.47, and carries confidence 0.931.",0.2892,False,Late source refresh,Low
EXC0001089,Trade Match Break,Trades,Murex,Americas,Derivative,1,14,202053.43,5.75,0,0,11,Critical,Trade Match Break pattern detected from source controls,Trade Support,8,Resolved,2026-04-25,Breached,20,1,Trade Match Break,0.848,Trade Support,Most similar historical pattern: Trade Match Break,Review counterparty economic fields and run fuzzy security/client match.,False,78.5,"Trade Match Break in Trades from Murex is ranked Critical because the item is 14 days old, has a break amount of 202053.43, and carries confidence 0.848.",0.5622,True,High-value reconciliation break,High
EXC0001090,Position Reconciliation Break,Positions,Refinitiv,Americas,Corporate Bond,1,19,26046.26,3.11,0,0,5,Critical,Position Reconciliation Break pattern detected from source controls,Reconciliation,8,Escalated,2026-05-17,Breached,17,0,Position Reconciliation Break,0.72,Reconciliation,Most similar historical pattern: Position Reconciliation Break,"Compare IBOR, ABOR, and custodian balances; prioritize material value gaps.",False,65.6,"Position Reconciliation Break in Positions from Refinitiv is ranked Critical because the item is 19 days old, has a break amount of 26046.26, and carries confidence 0.72.",0.1722,False,Aging unresolved item,Critical
EXC0001091,Trade Match Break,Trades,Bloomberg,APAC,Equity,1,12,57989.0,1.63,0,0,14,High,Trade Match Break pattern detected from source controls,Trade Support,24,Escalated,2026-04-06,Breached,40,1,Trade Match Break,0.899,Trade Support,Most similar historical pattern: Trade Match Break,Review counterparty economic fields and run fuzzy security/client match.,False,58.5,"Trade Match Break in Trades from Bloomberg is ranked High because the item is 12 days old, has a break amount of 57989.0, and carries confidence 0.899.",0.151,False,Multi-factor isolation signal,High
EXC0001092,Invalid Currency,Reference Data,SimCorp,EMEA,Corporate Bond,0,5,1087.73,1.42,0,1,15,Low,Invalid Currency pattern detected from source controls,Reference Data Ops,72,Resolved,2026-03-24,Breached,20,0,Invalid Currency,0.947,Reference Data Ops,Most similar historical pattern: Invalid Currency,"Validate security currency, trade currency, and portfolio base currency mapping.",False,35.2,"Invalid Currency in Reference Data from SimCorp is ranked Low because the item is 5 days old, has a break amount of 1087.73, and carries confidence 0.947.",0.0578,False,Multi-factor isolation signal,Low
EXC0001093,Position Reconciliation Break,Positions,IBOR,EMEA,Corporate Bond,0,15,171070.94,1.68,0,0,7,Critical,Position Reconciliation Break pattern detected from source controls,Reconciliation,8,Resolved,2026-05-19,Breached,27,1,Position Reconciliation Break,0.918,Reconciliation,Most similar historical pattern: Position Reconciliation Break,"Compare IBOR, ABOR, and custodian balances; prioritize material value gaps.",False,75.6,"Position Reconciliation Break in Positions from IBOR is ranked Critical because the item is 15 days old, has a break amount of 171070.94, and carries confidence 0.918.",0.4017,False,High-value reconciliation break,Critical
EXC0001094,Stale Price,Pricing,IBOR,Americas,Equity,0,2,744.86,2.01,0,0,92,Low,Stale Price pattern detected from source controls,Pricing Control,72,Resolved,2026-03-24,Within SLA,22,0,Stale Price,0.958,Pricing Control,Most similar historical pattern: Stale Price,"Check vendor price history, compare secondary source, and escalate material moves.",False,15.1,"Stale Price in Pricing from IBOR is ranked Low because the item is 2 days old, has a break amount of 744.86, and carries confidence 0.958.",0.5204,True,Late source refresh,Low
EXC0001095,Price Outlier,Pricing,Bloomberg,APAC,Government Bond,0,11,3317.34,12.36,0,0,19,Medium,Price Outlier pattern detected from source controls,Pricing Control,48,Resolved,2026-04-10,Breached,14,0,Price Outlier,0.963,Pricing Control,Most similar historical pattern: Price Outlier,"Check vendor price history, compare secondary source, and escalate material moves.",False,43.7,"Price Outlier in Pricing from Bloomberg is ranked Medium because the item is 11 days old, has a break amount of 3317.34, and carries confidence 0.963.",0.2568,False,Large price/return move,Medium
EXC0001096,Trade Match Break,Trades,Bloomberg,Americas,ETF,0,18,11014.46,6.42,0,0,11,High,Trade Match Break pattern detected from source controls,Trade Support,24,Escalated,2026-03-23,Breached,40,0,Trade Match Break,0.859,Trade Support,Most similar historical pattern: Trade Match Break,Review counterparty economic fields and run fuzzy security/client match.,False,55.1,"Trade Match Break in Trades from Bloomberg is ranked High because the item is 18 days old, has a break amount of 11014.46, and carries confidence 0.859.",0.1817,False,Aging unresolved item,High
EXC0001097,Position Reconciliation Break,Positions,Murex,APAC,Corporate Bond,0,18,19895.19,-0.48,0,0,16,High,Position Reconciliation Break pattern detected from source controls,Reconciliation,24,Resolved,2026-04-17,Breached,23,0,Position Reconciliation Break,0.757,Reconciliation,Most similar historical pattern: Position Reconciliation Break,"Compare IBOR, ABOR, and custodian balances; prioritize material value gaps.",False,56.2,"Position Reconciliation Break in Positions from Murex is ranked High because the item is 18 days old, has a break amount of 19895.19, and carries confidence 0.757.",0.1422,False,Aging unresolved item,High
EXC0001098,Performance Return Outlier,Positions,Aladdin,APAC,Corporate Bond,1,17,9830.15,24.26,0,0,0,High,Performance Return Outlier pattern detected from source controls,Reconciliation,24,Resolved,2026-04-28,Breached,8,0,Performance Return Outlier,0.853,Reconciliation,Most similar historical pattern: Performance Return Outlier,"Check vendor price history, compare secondary source, and escalate material moves.",False,53.8,"Performance Return Outlier in Positions from Aladdin is ranked High because the item is 17 days old, has a break amount of 9830.15, and carries confidence 0.853.",0.5691,True,Large price/return move,High
EXC0001099,Missing Reference Data,Reference Data,Custodian,EMEA,Government Bond,3,12,1910.05,-3.99,0,0,18,Medium,Missing Reference Data pattern detected from source controls,Reference Data Ops,48,Resolved,2026-03-25,Breached,20,0,Missing Reference Data,0.879,Reference Data Ops,Most similar historical pattern: Missing Reference Data,"Validate security master fields, enrich ISIN/ticker, and rerun downstream load.",False,44.7,"Missing Reference Data in Reference Data from Custodian is ranked Medium because the item is 12 days old, has a break amount of 1910.05, and carries confidence 0.879.",0.179,False,Multi-factor isolation signal,Medium
EXC0001100,Missing Client Mapping,Client Data,Murex,EMEA,Equity,3,7,5229.64,0.81,0,0,19,Medium,Missing Client Mapping pattern detected from source controls,Client Data Ops,48,Open,2026-04-14,Breached,12,0,Missing Client Mapping,0.943,Client Data Ops,Most similar historical pattern: Missing Client Mapping,Route to client-data operations to complete portfolio and account mapping.,False,44.0,"Missing Client Mapping in Client Data from Murex is ranked Medium because the item is 7 days old, has a break amount of 5229.64, and carries confidence 0.943.",0.0713,False,Multi-factor isolation signal,Medium
EXC0001101,Trade Match Break,Trades,Bloomberg,APAC,ETF,1,5,11137.24,0.65,0,0,2,Medium,Trade Match Break pattern detected from source controls,Trade Support,48,Escalated,2026-03-23,Breached,40,0,Trade Match Break,0.917,Trade Support,Most similar historical pattern: Trade Match Break,Review counterparty economic fields and run fuzzy security/client match.,False,45.8,"Trade Match Break in Trades from Bloomberg is ranked Medium because the item is 5 days old, has a break amount of 11137.24, and carries confidence 0.917.",0.0978,False,Multi-factor isolation signal,Medium
EXC0001102,Invalid Currency,Reference Data,Aladdin,Americas,Corporate Bond,1,10,1315.62,2.07,0,1,8,Low,Invalid Currency pattern detected from source controls,Reference Data Ops,72,Open,2026-05-04,Breached,7,0,Invalid Currency,0.927,Reference Data Ops,Most similar historical pattern: Invalid Currency,"Validate security currency, trade currency, and portfolio base currency mapping.",False,34.9,"Invalid Currency in Reference Data from Aladdin is ranked Low because the item is 10 days old, has a break amount of 1315.62, and carries confidence 0.927.",0.0198,False,Multi-factor isolation signal,Low
EXC0001103,Price Outlier,Pricing,ABOR,Americas,ETF,1,12,1797.32,15.65,0,0,5,Medium,Price Outlier pattern detected from source controls,Pricing Control,48,Resolved,2026-04-08,Breached,19,0,Price Outlier,0.96,Pricing Control,Most similar historical pattern: Price Outlier,"Check vendor price history, compare secondary source, and escalate material moves.",False,43.8,"Price Outlier in Pricing from ABOR is ranked Medium because the item is 12 days old, has a break amount of 1797.32, and carries confidence 0.96.",0.2673,False,Large price/return move,Medium
EXC0001104,Trade Match Break,Trades,Murex,Americas,ETF,1,7,37567.43,4.96,0,0,11,High,Trade Match Break pattern detected from source controls,Trade Support,24,Open,2026-04-14,Breached,20,0,Trade Match Break,0.904,Trade Support,Most similar historical pattern: Trade Match Break,Review counterparty economic fields and run fuzzy security/client match.,False,56.0,"Trade Match Break in Trades from Murex is ranked High because the item is 7 days old, has a break amount of 37567.43, and carries confidence 0.904.",0.1589,False,Multi-factor isolation signal,High
EXC0001105,Trade Match Break,Trades,Aladdin,EMEA,ETF,1,5,7016.27,0.89,0,0,16,Medium,Trade Match Break pattern detected from source controls,Trade Support,48,Resolved,2026-04-17,Breached,27,0,Trade Match Break,0.9,Trade Support,Most similar historical pattern: Trade Match Break,Review counterparty economic fields and run fuzzy security/client match.,False,45.1,"Trade Match Break in Trades from Aladdin is ranked Medium because the item is 5 days old, has a break amount of 7016.27, and carries confidence 0.9.",0.0675,False,Multi-factor isolation signal,Medium
EXC0001106,Missing Client Mapping,Client Data,Refinitiv,EMEA,Government Bond,4,16,844.58,-1.07,0,0,3,Medium,Missing Client Mapping pattern detected from source controls,Client Data Ops,48,Resolved,2026-03-31,Breached,15,0,Missing Client Mapping,0.969,Client Data Ops,Most similar historical pattern: Missing Client Mapping,Route to client-data operations to complete portfolio and account mapping.,False,43.5,"Missing Client Mapping in Client Data from Refinitiv is ranked Medium because the item is 16 days old, has a break amount of 844.58, and carries confidence 0.969.",0.1147,False,Aging unresolved item,Medium
EXC0001107,Stale Price,Pricing,Aladdin,APAC,Equity,0,11,411.99,-0.91,0,0,54,Low,Stale Price pattern detected from source controls,Pricing Control,72,Resolved,2026-04-18,Breached,20,0,Stale Price,0.943,Pricing Control,Most similar historical pattern: Stale Price,"Check vendor price history, compare secondary source, and escalate material moves.",False,35.2,"Stale Price in Pricing from Aladdin is ranked Low because the item is 11 days old, has a break amount of 411.99, and carries confidence 0.943.",0.2789,False,Late source refresh,Low
EXC0001108,Trade Match Break,Trades,Murex,EMEA,Equity,1,10,9611.7,0.32,0,0,2,Medium,Trade Match Break pattern detected from source controls,Trade Support,48,Resolved,2026-04-01,Breached,20,0,Trade Match Break,0.882,Trade Support,Most similar historical pattern: Trade Match Break,Review counterparty economic fields and run fuzzy security/client match.,False,45.2,"Trade Match Break in Trades from Murex is ranked Medium because the item is 10 days old, has a break amount of 9611.7, and carries confidence 0.882.",0.0647,False,Multi-factor isolation signal,Medium
EXC0001109,Position Reconciliation Break,Positions,ABOR,APAC,Equity,1,17,65026.75,3.31,0,0,7,Critical,Position Reconciliation Break pattern detected from source controls,Reconciliation,8,Resolved,2026-04-23,Breached,21,1,Position Reconciliation Break,0.855,Reconciliation,Most similar historical pattern: Position Reconciliation Break,"Compare IBOR, ABOR, and custodian balances; prioritize material value gaps.",False,67.5,"Position Reconciliation Break in Positions from ABOR is ranked Critical because the item is 17 days old, has a break amount of 65026.75, and carries confidence 0.855.",0.198,False,Aging unresolved item,Critical
EXC0001110,Duplicate Record,Trades,ABOR,EMEA,Equity,1,21,36149.72,3.76,1,0,10,Critical,Duplicate Record pattern detected from source controls,Trade Support,8,Open,2026-05-09,Breached,17,0,Duplicate Record,0.937,Trade Support,Most similar historical pattern: Duplicate Record,Confirm duplicate key collision and suppress or merge after control approval.,False,64.2,"Duplicate Record in Trades from ABOR is ranked Critical because the item is 21 days old, has a break amount of 36149.72, and carries confidence 0.937.",0.2848,False,Aging unresolved item,Critical
EXC0001111,Missing Reference Data,Reference Data,Bloomberg,EMEA,Derivative,3,16,753.34,-1.51,0,0,9,Low,Missing Reference Data pattern detected from source controls,Reference Data Ops,72,Resolved,2026-04-03,Breached,18,0,Missing Reference Data,0.917,Reference Data Ops,Most similar historical pattern: Missing Reference Data,"Validate security master fields, enrich ISIN/ticker, and rerun downstream load.",False,35.4,"Missing Reference Data in Reference Data from Bloomberg is ranked Low because the item is 16 days old, has a break amount of 753.34, and carries confidence 0.917.",0.0792,False,Aging unresolved item,Low
EXC0001112,Missing Reference Data,Reference Data,IBOR,EMEA,Equity,2,17,1101.13,-0.5,0,0,2,Medium,Missing Reference Data pattern detected from source controls,Reference Data Ops,48,Resolved,2026-04-11,Breached,25,0,Missing Reference Data,0.895,Reference Data Ops,Most similar historical pattern: Missing Reference Data,"Validate security master fields, enrich ISIN/ticker, and rerun downstream load.",False,44.6,"Missing Reference Data in Reference Data from IBOR is ranked Medium because the item is 17 days old, has a break amount of 1101.13, and carries confidence 0.895.",0.1285,False,Aging unresolved item,Medium
EXC0001113,Invalid Currency,Reference Data,SimCorp,Americas,Government Bond,0,5,7577.62,-1.16,0,1,8,Medium,Invalid Currency pattern detected from source controls,Reference Data Ops,48,Resolved,2026-04-29,Breached,20,0,Invalid Currency,0.926,Reference Data Ops,Most similar historical pattern: Invalid Currency,"Validate security currency, trade currency, and portfolio base currency mapping.",False,44.6,"Invalid Currency in Reference Data from SimCorp is ranked Medium because the item is 5 days old, has a break amount of 7577.62, and carries confidence 0.926.",0.0825,False,Multi-factor isolation signal,Medium
EXC0001114,Trade Match Break,Trades,SimCorp,APAC,Government Bond,1,18,27019.34,0.79,0,0,6,Critical,Trade Match Break pattern detected from source controls,Trade Support,8,Resolved,2026-05-19,Breached,25,0,Trade Match Break,0.915,Trade Support,Most similar historical pattern: Trade Match Break,Review counterparty economic fields and run fuzzy security/client match.,False,64.0,"Trade Match Break in Trades from SimCorp is ranked Critical because the item is 18 days old, has a break amount of 27019.34, and carries confidence 0.915.",0.1677,False,Aging unresolved item,Critical
EXC0001115,Stale Price,Pricing,Custodian,Americas,ETF,1,16,1361.76,3.9,0,0,85,Medium,Stale Price pattern detected from source controls,Pricing Control,48,Resolved,2026-05-05,Breached,21,0,Stale Price,0.959,Pricing Control,Most similar historical pattern: Stale Price,"Check vendor price history, compare secondary source, and escalate material moves.",False,43.9,"Stale Price in Pricing from Custodian is ranked Medium because the item is 16 days old, has a break amount of 1361.76, and carries confidence 0.959.",0.4822,True,Late source refresh,Medium
EXC0001116,Price Outlier,Pricing,Murex,Americas,Equity,0,12,1159.16,6.72,0,0,6,Low,Price Outlier pattern detected from source controls,Pricing Control,72,Resolved,2026-04-24,Breached,17,0,Price Outlier,0.859,Pricing Control,Most similar historical pattern: Price Outlier,"Check vendor price history, compare secondary source, and escalate material moves.",False,35.9,"Price Outlier in Pricing from Murex is ranked Low because the item is 12 days old, has a break amount of 1159.16, and carries confidence 0.859.",0.1094,False,Multi-factor isolation signal,Low
EXC0001117,Duplicate Record,Trades,Bloomberg,EMEA,Equity,1,2,67112.13,2.88,1,0,9,High,Duplicate Record pattern detected from source controls,Trade Support,24,Escalated,2026-04-23,Breached,17,1,Duplicate Record,0.908,Trade Support,Most similar historical pattern: Duplicate Record,Confirm duplicate key collision and suppress or merge after control approval.,False,58.2,"Duplicate Record in Trades from Bloomberg is ranked High because the item is 2 days old, has a break amount of 67112.13, and carries confidence 0.908.",0.2725,False,High-value reconciliation break,High
EXC0001118,Unknown / Needs SME Review,Reference Data,Refinitiv,APAC,Derivative,0,11,539.36,3.37,0,0,19,Low,Unknown / Needs SME Review pattern detected from source controls,Reference Data Ops,72,Resolved,2026-04-05,Breached,11,0,Unknown / Needs SME Review,0.749,Reference Data Ops,Most similar historical pattern: Unknown / Needs SME Review,Send to SME review with source evidence and model explanation.,True,36.7,"Unknown / Needs SME Review in Reference Data from Refinitiv is ranked Low because the item is 11 days old, has a break amount of 539.36, and carries confidence 0.749.",0.0376,False,Multi-factor isolation signal,Low
EXC0001119,Missing Client Mapping,Client Data,Murex,EMEA,ETF,3,14,934.65,0.03,0,0,9,Low,Missing Client Mapping pattern detected from source controls,Client Data Ops,72,Suppressed,2026-04-30,Breached,12,0,Missing Client Mapping,0.98,Client Data Ops,Most similar historical pattern: Missing Client Mapping,Route to client-data operations to complete portfolio and account mapping.,False,34.5,"Missing Client Mapping in Client Data from Murex is ranked Low because the item is 14 days old, has a break amount of 934.65, and carries confidence 0.98.",0.0323,False,Aging unresolved item,Low
EXC0001120,Missing Client Mapping,Client Data,Refinitiv,APAC,ETF,1,4,1844.96,-1.7,0,0,14,Low,Missing Client Mapping pattern detected from source controls,Client Data Ops,72,Suppressed,2026-05-15,Breached,15,0,Missing Client Mapping,0.906,Client Data Ops,Most similar historical pattern: Missing Client Mapping,Route to client-data operations to complete portfolio and account mapping.,False,35.4,"Missing Client Mapping in Client Data from Refinitiv is ranked Low because the item is 4 days old, has a break amount of 1844.96, and carries confidence 0.906.",0.1483,False,Multi-factor isolation signal,Low
EXC0001121,Duplicate Record,Trades,ABOR,EMEA,Equity,0,6,16073.34,0.03,1,0,6,Medium,Duplicate Record pattern detected from source controls,Trade Support,48,Resolved,2026-04-01,Breached,17,0,Duplicate Record,0.912,Trade Support,Most similar historical pattern: Duplicate Record,Confirm duplicate key collision and suppress or merge after control approval.,False,45.3,"Duplicate Record in Trades from ABOR is ranked Medium because the item is 6 days old, has a break amount of 16073.34, and carries confidence 0.912.",0.1104,False,Multi-factor isolation signal,Medium
EXC0001122,Trade Match Break,Trades,IBOR,Americas,ETF,1,17,24043.62,3.55,0,0,13,High,Trade Match Break pattern detected from source controls,Trade Support,24,Escalated,2026-04-29,Breached,21,0,Trade Match Break,0.92,Trade Support,Most similar historical pattern: Trade Match Break,Review counterparty economic fields and run fuzzy security/client match.,False,54.8,"Trade Match Break in Trades from IBOR is ranked High because the item is 17 days old, has a break amount of 24043.62, and carries confidence 0.92.",0.1048,False,Aging unresolved item,High
EXC0001123,Unknown / Needs SME Review,Reference Data,Murex,EMEA,ETF,1,13,3960.0,3.01,0,0,8,Medium,Unknown / Needs SME Review pattern detected from source controls,Reference Data Ops,48,Open,2026-05-03,Breached,14,0,Unknown / Needs SME Review,0.804,Reference Data Ops,Most similar historical pattern: Unknown / Needs SME Review,Send to SME review with source evidence and model explanation.,True,45.3,"Unknown / Needs SME Review in Reference Data from Murex is ranked Medium because the item is 13 days old, has a break amount of 3960.0, and carries confidence 0.804.",0.031,False,Aging unresolved item,Medium
EXC0001124,Missing Reference Data,Reference Data,Bloomberg,Americas,Derivative,4,5,998.48,1.7,0,0,12,Low,Missing Reference Data pattern detected from source controls,Reference Data Ops,72,Resolved,2026-04-04,Breached,18,0,Missing Reference Data,0.938,Reference Data Ops,Most similar historical pattern: Missing Reference Data,"Validate security master fields, enrich ISIN/ticker, and rerun downstream load.",False,35.2,"Missing Reference Data in Reference Data from Bloomberg is ranked Low because the item is 5 days old, has a break amount of 998.48, and carries confidence 0.938.",0.0667,False,Multi-factor isolation signal,Low
EXC0001125,Missing Client Mapping,Client Data,ABOR,EMEA,Equity,4,18,2253.46,3.87,0,0,3,Medium,Missing Client Mapping pattern detected from source controls,Client Data Ops,48,Open,2026-04-25,Breached,18,0,Missing Client Mapping,0.937,Client Data Ops,Most similar historical pattern: Missing Client Mapping,Route to client-data operations to complete portfolio and account mapping.,False,44.0,"Missing Client Mapping in Client Data from ABOR is ranked Medium because the item is 18 days old, has a break amount of 2253.46, and carries confidence 0.937.",0.135,False,Aging unresolved item,Medium
EXC0001126,Price Outlier,Pricing,ABOR,EMEA,Government Bond,1,18,1526.88,19.89,0,0,16,Medium,Price Outlier pattern detected from source controls,Pricing Control,48,Resolved,2026-04-20,Breached,19,0,Price Outlier,0.971,Pricing Control,Most similar historical pattern: Price Outlier,"Check vendor price history, compare secondary source, and escalate material moves.",False,43.7,"Price Outlier in Pricing from ABOR is ranked Medium because the item is 18 days old, has a break amount of 1526.88, and carries confidence 0.971.",0.4103,False,Large price/return move,Medium
EXC0001127,Duplicate Record,Trades,Murex,Americas,Equity,0,2,203655.03,0.67,1,0,3,High,Duplicate Record pattern detected from source controls,Trade Support,24,Resolved,2026-05-03,Breached,22,1,Duplicate Record,0.925,Trade Support,Most similar historical pattern: Duplicate Record,Confirm duplicate key collision and suppress or merge after control approval.,False,69.2,"Duplicate Record in Trades from Murex is ranked High because the item is 2 days old, has a break amount of 203655.03, and carries confidence 0.925.",0.5997,True,High-value reconciliation break,High
EXC0001128,Unknown / Needs SME Review,Reference Data,Murex,Americas,Corporate Bond,0,1,3953.75,-2.42,0,0,3,Low,Unknown / Needs SME Review pattern detected from source controls,Reference Data Ops,72,Resolved,2026-03-27,Within SLA,14,0,Unknown / Needs SME Review,0.695,Reference Data Ops,Most similar historical pattern: Unknown / Needs SME Review,Send to SME review with source evidence and model explanation.,True,17.7,"Unknown / Needs SME Review in Reference Data from Murex is ranked Low because the item is 1 days old, has a break amount of 3953.75, and carries confidence 0.695.",0.2423,False,Multi-factor isolation signal,Low
EXC0001129,Delayed Source Load,Source Control,Bloomberg,Americas,Corporate Bond,1,15,2149.6,4.68,0,0,24,Medium,Delayed Source Load pattern detected from source controls,Source Systems,48,Escalated,2026-04-17,Breached,10,0,Delayed Source Load,0.942,Source Systems,Most similar historical pattern: Delayed Source Load,Check source-system batch status and notify technology owner if SLA breached.,False,43.7,"Delayed Source Load in Source Control from Bloomberg is ranked Medium because the item is 15 days old, has a break amount of 2149.6, and carries confidence 0.942.",0.1456,False,Aging unresolved item,Medium
EXC0001130,Delayed Source Load,Source Control,ABOR,Americas,Equity,1,1,6280.07,1.26,0,0,85,Medium,Delayed Source Load pattern detected from source controls,Source Systems,48,Escalated,2026-05-01,Within SLA,22,0,Delayed Source Load,0.915,Source Systems,Most similar historical pattern: Delayed Source Load,Check source-system batch status and notify technology owner if SLA breached.,False,24.7,"Delayed Source Load in Source Control from ABOR is ranked Medium because the item is 1 days old, has a break amount of 6280.07, and carries confidence 0.915.",0.5871,True,Late source refresh,High
EXC0001131,Delayed Source Load,Source Control,IBOR,APAC,Corporate Bond,0,15,2566.57,0.37,0,0,54,Medium,Delayed Source Load pattern detected from source controls,Source Systems,48,Resolved,2026-05-01,Breached,15,0,Delayed Source Load,0.974,Source Systems,Most similar historical pattern: Delayed Source Load,Check source-system batch status and notify technology owner if SLA breached.,False,43.6,"Delayed Source Load in Source Control from IBOR is ranked Medium because the item is 15 days old, has a break amount of 2566.57, and carries confidence 0.974.",0.2596,False,Late source refresh,Medium
EXC0001132,Position Reconciliation Break,Positions,Aladdin,Americas,Derivative,0,11,9661.94,1.24,0,0,13,High,Position Reconciliation Break pattern detected from source controls,Reconciliation,24,Resolved,2026-04-24,Breached,20,0,Position Reconciliation Break,0.86,Reconciliation,Most similar historical pattern: Position Reconciliation Break,"Compare IBOR, ABOR, and custodian balances; prioritize material value gaps.",False,54.2,"Position Reconciliation Break in Positions from Aladdin is ranked High because the item is 11 days old, has a break amount of 9661.94, and carries confidence 0.86.",0.033,False,Multi-factor isolation signal,High
EXC0001133,Trade Match Break,Trades,Murex,APAC,Derivative,0,16,200235.24,5.25,0,0,4,Critical,Trade Match Break pattern detected from source controls,Trade Support,8,Resolved,2026-04-12,Breached,20,1,Trade Match Break,0.885,Trade Support,Most similar historical pattern: Trade Match Break,Review counterparty economic fields and run fuzzy security/client match.,False,78.0,"Trade Match Break in Trades from Murex is ranked Critical because the item is 16 days old, has a break amount of 200235.24, and carries confidence 0.885.",0.5418,True,High-value reconciliation break,Critical
EXC0001134,Position Reconciliation Break,Positions,IBOR,Americas,Government Bond,1,0,7134.66,3.98,0,0,19,Medium,Position Reconciliation Break pattern detected from source controls,Reconciliation,48,Escalated,2026-05-05,Within SLA,27,0,Position Reconciliation Break,0.699,Reconciliation,Most similar historical pattern: Position Reconciliation Break,"Compare IBOR, ABOR, and custodian balances; prioritize material value gaps.",True,27.2,"Position Reconciliation Break in Positions from IBOR is ranked Medium because the item is 0 days old, has a break amount of 7134.66, and carries confidence 0.699.",0.2738,False,Multi-factor isolation signal,Medium
EXC0001135,Price Outlier,Pricing,IBOR,EMEA,Government Bond,0,21,2481.86,17.26,0,0,18,High,Price Outlier pattern detected from source controls,Pricing Control,24,Resolved,2026-04-01,Breached,12,0,Price Outlier,0.9,Pricing Control,Most similar historical pattern: Price Outlier,"Check vendor price history, compare secondary source, and escalate material moves.",False,52.9,"Price Outlier in Pricing from IBOR is ranked High because the item is 21 days old, has a break amount of 2481.86, and carries confidence 0.9.",0.4903,True,Large price/return move,High
EXC0001136,Position Reconciliation Break,Positions,Aladdin,Americas,Derivative,1,2,23556.82,2.67,0,0,5,Medium,Position Reconciliation Break pattern detected from source controls,Reconciliation,48,Resolved,2026-04-29,Within SLA,20,0,Position Reconciliation Break,0.843,Reconciliation,Most similar historical pattern: Position Reconciliation Break,"Compare IBOR, ABOR, and custodian balances; prioritize material value gaps.",False,26.8,"Position Reconciliation Break in Positions from Aladdin is ranked Medium because the item is 2 days old, has a break amount of 23556.82, and carries confidence 0.843.",0.1531,False,Multi-factor isolation signal,Medium
EXC0001137,Stale Price,Pricing,Murex,EMEA,Government Bond,0,10,6054.18,4.57,0,0,69,Medium,Stale Price pattern detected from source controls,Pricing Control,48,Open,2026-04-05,Breached,15,0,Stale Price,0.904,Pricing Control,Most similar historical pattern: Stale Price,"Check vendor price history, compare secondary source, and escalate material moves.",False,44.5,"Stale Price in Pricing from Murex is ranked Medium because the item is 10 days old, has a break amount of 6054.18, and carries confidence 0.904.",0.4592,True,Late source refresh,Medium
EXC0001138,Performance Return Outlier,Positions,Murex,APAC,Government Bond,0,17,61891.62,16.9,0,0,8,Critical,Performance Return Outlier pattern detected from source controls,Reconciliation,8,Open,2026-03-25,Breached,10,1,Performance Return Outlier,0.86,Reconciliation,Most similar historical pattern: Performance Return Outlier,"Check vendor price history, compare secondary source, and escalate material moves.",False,66.8,"Performance Return Outlier in Positions from Murex is ranked Critical because the item is 17 days old, has a break amount of 61891.62, and carries confidence 0.86.",0.4798,True,Large price/return move,Critical
EXC0001139,Missing Client Mapping,Client Data,ABOR,Americas,Equity,1,2,667.11,1.8,0,0,19,Low,Missing Client Mapping pattern detected from source controls,Client Data Ops,72,Resolved,2026-05-01,Within SLA,18,0,Missing Client Mapping,0.86,Client Data Ops,Most similar historical pattern: Missing Client Mapping,Route to client-data operations to complete portfolio and account mapping.,False,15.9,"Missing Client Mapping in Client Data from ABOR is ranked Low because the item is 2 days old, has a break amount of 667.11, and carries confidence 0.86.",0.113,False,Multi-factor isolation signal,Low
EXC0001140,Missing Reference Data,Reference Data,Bloomberg,Americas,Equity,2,16,2708.82,-3.73,0,0,19,Medium,Missing Reference Data pattern detected from source controls,Reference Data Ops,48,Resolved,2026-04-19,Breached,18,0,Missing Reference Data,0.889,Reference Data Ops,Most similar historical pattern: Missing Reference Data,"Validate security master fields, enrich ISIN/ticker, and rerun downstream load.",False,44.5,"Missing Reference Data in Reference Data from Bloomberg is ranked Medium because the item is 16 days old, has a break amount of 2708.82, and carries confidence 0.889.",0.2123,False,Aging unresolved item,Medium
EXC0001141,Duplicate Record,Trades,Aladdin,Americas,Government Bond,0,15,19650.25,4.61,1,0,7,High,Duplicate Record pattern detected from source controls,Trade Support,24,Open,2026-04-16,Breached,15,0,Duplicate Record,0.951,Trade Support,Most similar historical pattern: Duplicate Record,Confirm duplicate key collision and suppress or merge after control approval.,False,53.9,"Duplicate Record in Trades from Aladdin is ranked High because the item is 15 days old, has a break amount of 19650.25, and carries confidence 0.951.",0.0801,False,Aging unresolved item,High
EXC0001142,Missing Client Mapping,Client Data,IBOR,APAC,Corporate Bond,1,19,1081.25,-1.07,0,0,18,Medium,Missing Client Mapping pattern detected from source controls,Client Data Ops,48,Resolved,2026-04-05,Breached,15,0,Missing Client Mapping,0.896,Client Data Ops,Most similar historical pattern: Missing Client Mapping,Route to client-data operations to complete portfolio and account mapping.,False,44.2,"Missing Client Mapping in Client Data from IBOR is ranked Medium because the item is 19 days old, has a break amount of 1081.25, and carries confidence 0.896.",0.1456,False,Aging unresolved item,Medium
EXC0001143,Delayed Source Load,Source Control,Custodian,APAC,Equity,1,11,1267.58,-3.18,0,0,61,Low,Delayed Source Load pattern detected from source controls,Source Systems,72,Resolved,2026-04-27,Breached,10,0,Delayed Source Load,0.937,Source Systems,Most similar historical pattern: Delayed Source Load,Check source-system batch status and notify technology owner if SLA breached.,False,34.9,"Delayed Source Load in Source Control from Custodian is ranked Low because the item is 11 days old, has a break amount of 1267.58, and carries confidence 0.937.",0.4004,False,Late source refresh,Low
EXC0001144,Trade Match Break,Trades,Bloomberg,Americas,ETF,0,6,8655.99,-3.01,0,0,1,Medium,Trade Match Break pattern detected from source controls,Trade Support,48,Resolved,2026-04-06,Breached,40,0,Trade Match Break,0.905,Trade Support,Most similar historical pattern: Trade Match Break,Review counterparty economic fields and run fuzzy security/client match.,False,45.7,"Trade Match Break in Trades from Bloomberg is ranked Medium because the item is 6 days old, has a break amount of 8655.99, and carries confidence 0.905.",0.1909,False,Multi-factor isolation signal,Medium
EXC0001145,Duplicate Record,Trades,Bloomberg,Americas,ETF,0,17,110933.49,-0.64,1,0,10,Critical,Duplicate Record pattern detected from source controls,Trade Support,8,Open,2026-04-10,Breached,17,1,Duplicate Record,0.907,Trade Support,Most similar historical pattern: Duplicate Record,Confirm duplicate key collision and suppress or merge after control approval.,False,70.5,"Duplicate Record in Trades from Bloomberg is ranked Critical because the item is 17 days old, has a break amount of 110933.49, and carries confidence 0.907.",0.3244,False,High-value reconciliation break,Critical
EXC0001146,Price Outlier,Pricing,IBOR,APAC,Equity,0,3,4235.69,13.85,0,0,7,Medium,Price Outlier pattern detected from source controls,Pricing Control,48,Resolved,2026-04-30,Breached,12,0,Price Outlier,0.918,Pricing Control,Most similar historical pattern: Price Outlier,"Check vendor price history, compare secondary source, and escalate material moves.",False,44.1,"Price Outlier in Pricing from IBOR is ranked Medium because the item is 3 days old, has a break amount of 4235.69, and carries confidence 0.918.",0.2905,False,Large price/return move,Medium
EXC0001147,Delayed Source Load,Source Control,Murex,Americas,Derivative,0,17,2049.36,4.4,0,0,78,Medium,Delayed Source Load pattern detected from source controls,Source Systems,48,Resolved,2026-03-28,Breached,7,0,Delayed Source Load,0.952,Source Systems,Most similar historical pattern: Delayed Source Load,Check source-system batch status and notify technology owner if SLA breached.,False,43.4,"Delayed Source Load in Source Control from Murex is ranked Medium because the item is 17 days old, has a break amount of 2049.36, and carries confidence 0.952.",0.4543,True,Late source refresh,Medium
EXC0001148,Delayed Source Load,Source Control,Custodian,APAC,Corporate Bond,1,3,308.36,2.35,0,0,53,Low,Delayed Source Load pattern detected from source controls,Source Systems,72,Open,2026-05-17,Within SLA,10,0,Delayed Source Load,0.868,Source Systems,Most similar historical pattern: Delayed Source Load,Check source-system batch status and notify technology owner if SLA breached.,False,15.5,"Delayed Source Load in Source Control from Custodian is ranked Low because the item is 3 days old, has a break amount of 308.36, and carries confidence 0.868.",0.3136,False,Late source refresh,Low
EXC0001149,Missing Reference Data,Reference Data,Murex,EMEA,Corporate Bond,2,16,1852.55,5.84,0,0,1,Medium,Missing Reference Data pattern detected from source controls,Reference Data Ops,48,Resolved,2026-03-30,Breached,15,0,Missing Reference Data,0.808,Reference Data Ops,Most similar historical pattern: Missing Reference Data,"Validate security master fields, enrich ISIN/ticker, and rerun downstream load.",False,45.2,"Missing Reference Data in Reference Data from Murex is ranked Medium because the item is 16 days old, has a break amount of 1852.55, and carries confidence 0.808.",0.1438,False,Aging unresolved item,Medium
EXC0001150,Price Outlier,Pricing,Custodian,APAC,Equity,0,0,1286.88,6.45,0,0,2,Low,Price Outlier pattern detected from source controls,Pricing Control,72,Resolved,2026-04-28,Within SLA,14,0,Price Outlier,0.731,Pricing Control,Most similar historical pattern: Price Outlier,"Check vendor price history, compare secondary source, and escalate material moves.",False,17.1,"Price Outlier in Pricing from Custodian is ranked Low because the item is 0 days old, has a break amount of 1286.88, and carries confidence 0.731.",0.2975,False,Multi-factor isolation signal,Low
EXC0001151,Missing Reference Data,Reference Data,Custodian,APAC,Derivative,3,8,2896.68,0.92,0,0,1,Medium,Missing Reference Data pattern detected from source controls,Reference Data Ops,48,Resolved,2026-03-27,Breached,20,0,Missing Reference Data,0.839,Reference Data Ops,Most similar historical pattern: Missing Reference Data,"Validate security master fields, enrich ISIN/ticker, and rerun downstream load.",False,45.1,"Missing Reference Data in Reference Data from Custodian is ranked Medium because the item is 8 days old, has a break amount of 2896.68, and carries confidence 0.839.",0.0788,False,Multi-factor isolation signal,Medium
EXC0001152,Trade Match Break,Trades,Bloomberg,APAC,Derivative,0,19,89906.0,-3.17,0,0,9,Critical,Trade Match Break pattern detected from source controls,Trade Support,8,Resolved,2026-05-05,Breached,40,1,Trade Match Break,0.921,Trade Support,Most similar historical pattern: Trade Match Break,Review counterparty economic fields and run fuzzy security/client match.,False,69.6,"Trade Match Break in Trades from Bloomberg is ranked Critical because the item is 19 days old, has a break amount of 89906.0, and carries confidence 0.921.",0.4129,False,High-value reconciliation break,Critical
EXC0001153,Missing Reference Data,Reference Data,Aladdin,EMEA,Derivative,3,10,833.11,0.06,0,0,17,Low,Missing Reference Data pattern detected from source controls,Reference Data Ops,72,Escalated,2026-04-25,Breached,22,0,Missing Reference Data,0.893,Reference Data Ops,Most similar historical pattern: Missing Reference Data,"Validate security master fields, enrich ISIN/ticker, and rerun downstream load.",False,35.8,"Missing Reference Data in Reference Data from Aladdin is ranked Low because the item is 10 days old, has a break amount of 833.11, and carries confidence 0.893.",0.0152,False,Multi-factor isolation signal,Low
EXC0001154,Missing Client Mapping,Client Data,Bloomberg,Americas,Equity,1,0,2075.58,-3.61,0,0,9,Low,Missing Client Mapping pattern detected from source controls,Client Data Ops,72,Suppressed,2026-05-13,Within SLA,18,0,Missing Client Mapping,0.864,Client Data Ops,Most similar historical pattern: Missing Client Mapping,Route to client-data operations to complete portfolio and account mapping.,False,16.0,"Missing Client Mapping in Client Data from Bloomberg is ranked Low because the item is 0 days old, has a break amount of 2075.58, and carries confidence 0.864.",0.3201,False,Multi-factor isolation signal,Low
EXC0001155,Trade Match Break,Trades,Bloomberg,EMEA,Derivative,0,20,21686.12,-1.85,0,0,1,Critical,Trade Match Break pattern detected from source controls,Trade Support,8,Resolved,2026-04-01,Breached,40,0,Trade Match Break,0.889,Trade Support,Most similar historical pattern: Trade Match Break,Review counterparty economic fields and run fuzzy security/client match.,False,64.4,"Trade Match Break in Trades from Bloomberg is ranked Critical because the item is 20 days old, has a break amount of 21686.12, and carries confidence 0.889.",0.2898,False,Aging unresolved item,Critical
EXC0001156,Position Reconciliation Break,Positions,Custodian,EMEA,Equity,1,13,48266.5,3.08,0,0,17,High,Position Reconciliation Break pattern detected from source controls,Reconciliation,24,Resolved,2026-04-07,Breached,18,1,Position Reconciliation Break,0.849,Reconciliation,Most similar historical pattern: Position Reconciliation Break,"Compare IBOR, ABOR, and custodian balances; prioritize material value gaps.",False,57.3,"Position Reconciliation Break in Positions from Custodian is ranked High because the item is 13 days old, has a break amount of 48266.5, and carries confidence 0.849.",0.1488,False,Aging unresolved item,High
EXC0001157,Missing Client Mapping,Client Data,SimCorp,APAC,ETF,2,9,3870.59,-2.72,0,0,18,Medium,Missing Client Mapping pattern detected from source controls,Client Data Ops,48,Resolved,2026-04-27,Breached,15,0,Missing Client Mapping,0.93,Client Data Ops,Most similar historical pattern: Missing Client Mapping,Route to client-data operations to complete portfolio and account mapping.,False,44.1,"Missing Client Mapping in Client Data from SimCorp is ranked Medium because the item is 9 days old, has a break amount of 3870.59, and carries confidence 0.93.",0.1327,False,Multi-factor isolation signal,Medium
EXC0001158,Invalid Currency,Reference Data,Custodian,APAC,ETF,1,19,781.85,-2.47,0,1,15,Medium,Invalid Currency pattern detected from source controls,Reference Data Ops,48,Resolved,2026-04-13,Breached,11,0,Invalid Currency,0.904,Reference Data Ops,Most similar historical pattern: Invalid Currency,"Validate security currency, trade currency, and portfolio base currency mapping.",False,44.0,"Invalid Currency in Reference Data from Custodian is ranked Medium because the item is 19 days old, has a break amount of 781.85, and carries confidence 0.904.",0.1848,False,Aging unresolved item,Medium
EXC0001159,Trade Match Break,Trades,Custodian,APAC,Derivative,1,12,94161.0,-2.89,0,0,1,Critical,Trade Match Break pattern detected from source controls,Trade Support,8,Escalated,2026-05-13,Breached,24,1,Trade Match Break,0.865,Trade Support,Most similar historical pattern: Trade Match Break,Review counterparty economic fields and run fuzzy security/client match.,False,69.8,"Trade Match Break in Trades from Custodian is ranked Critical because the item is 12 days old, has a break amount of 94161.0, and carries confidence 0.865.",0.3716,False,High-value reconciliation break,Critical
EXC0001160,Missing Client Mapping,Client Data,Custodian,EMEA,Government Bond,4,13,298.04,3.44,0,0,4,Low,Missing Client Mapping pattern detected from source controls,Client Data Ops,72,Resolved,2026-04-11,Breached,11,0,Missing Client Mapping,0.966,Client Data Ops,Most similar historical pattern: Missing Client Mapping,Route to client-data operations to complete portfolio and account mapping.,False,34.6,"Missing Client Mapping in Client Data from Custodian is ranked Low because the item is 13 days old, has a break amount of 298.04, and carries confidence 0.966.",0.0566,False,Aging unresolved item,Low
EXC0001161,Duplicate Record,Trades,Murex,EMEA,Corporate Bond,0,15,16342.05,5.6,1,0,2,High,Duplicate Record pattern detected from source controls,Trade Support,24,Resolved,2026-04-14,Breached,22,0,Duplicate Record,0.916,Trade Support,Most similar historical pattern: Duplicate Record,Confirm duplicate key collision and suppress or merge after control approval.,False,54.3,"Duplicate Record in Trades from Murex is ranked High because the item is 15 days old, has a break amount of 16342.05, and carries confidence 0.916.",0.1323,False,Aging unresolved item,High
EXC0001162,Stale Price,Pricing,SimCorp,APAC,ETF,1,3,1953.29,1.31,0,0,64,Low,Stale Price pattern detected from source controls,Pricing Control,72,Resolved,2026-03-28,Within SLA,16,0,Stale Price,0.902,Pricing Control,Most similar historical pattern: Stale Price,"Check vendor price history, compare secondary source, and escalate material moves.",False,15.5,"Stale Price in Pricing from SimCorp is ranked Low because the item is 3 days old, has a break amount of 1953.29, and carries confidence 0.902.",0.3362,False,Late source refresh,Low
EXC0001163,Missing Reference Data,Reference Data,Bloomberg,Americas,Government Bond,1,2,1653.37,3.86,0,0,6,Low,Missing Reference Data pattern detected from source controls,Reference Data Ops,72,Resolved,2026-04-14,Within SLA,18,0,Missing Reference Data,0.488,Reference Data Ops,Most similar historical pattern: Missing Reference Data,"Validate security master fields, enrich ISIN/ticker, and rerun downstream load.",True,19.7,"Missing Reference Data in Reference Data from Bloomberg is ranked Low because the item is 2 days old, has a break amount of 1653.37, and carries confidence 0.488.",0.1063,False,Multi-factor isolation signal,Low
EXC0001164,Missing Client Mapping,Client Data,Bloomberg,APAC,Equity,1,13,1631.99,-1.41,0,0,1,Medium,Missing Client Mapping pattern detected from source controls,Client Data Ops,48,Open,2026-05-01,Breached,18,0,Missing Client Mapping,0.898,Client Data Ops,Most similar historical pattern: Missing Client Mapping,Route to client-data operations to complete portfolio and account mapping.,False,44.4,"Missing Client Mapping in Client Data from Bloomberg is ranked Medium because the item is 13 days old, has a break amount of 1631.99, and carries confidence 0.898.",0.1058,False,Aging unresolved item,Medium
EXC0001165,Stale Price,Pricing,IBOR,EMEA,ETF,1,16,2654.99,4.57,0,0,84,Medium,Stale Price pattern detected from source controls,Pricing Control,48,Open,2026-04-04,Breached,22,0,Stale Price,0.917,Pricing Control,Most similar historical pattern: Stale Price,"Check vendor price history, compare secondary source, and escalate material moves.",False,44.4,"Stale Price in Pricing from IBOR is ranked Medium because the item is 16 days old, has a break amount of 2654.99, and carries confidence 0.917.",0.512,True,Late source refresh,Medium
EXC0001166,Missing Reference Data,Reference Data,IBOR,EMEA,ETF,3,21,4156.96,-0.29,0,0,14,High,Missing Reference Data pattern detected from source controls,Reference Data Ops,24,Open,2026-04-04,Breached,25,0,Missing Reference Data,0.835,Reference Data Ops,Most similar historical pattern: Missing Reference Data,"Validate security master fields, enrich ISIN/ticker, and rerun downstream load.",False,54.2,"Missing Reference Data in Reference Data from IBOR is ranked High because the item is 21 days old, has a break amount of 4156.96, and carries confidence 0.835.",0.1886,False,Aging unresolved item,High
EXC0001167,Trade Match Break,Trades,ABOR,APAC,Corporate Bond,1,0,84517.45,3.17,0,0,11,High,Trade Match Break pattern detected from source controls,Trade Support,24,Resolved,2026-03-30,Within SLA,28,1,Trade Match Break,0.927,Trade Support,Most similar historical pattern: Trade Match Break,Review counterparty economic fields and run fuzzy security/client match.,False,39.9,"Trade Match Break in Trades from ABOR is ranked High because the item is 0 days old, has a break amount of 84517.45, and carries confidence 0.927.",0.4304,False,High-value reconciliation break,High
EXC0001168,Performance Return Outlier,Positions,Custodian,Americas,ETF,1,1,8704.52,8.12,0,0,3,Medium,Performance Return Outlier pattern detected from source controls,Reconciliation,48,Resolved,2026-04-10,Within SLA,7,0,Performance Return Outlier,0.8,Reconciliation,Most similar historical pattern: Performance Return Outlier,"Check vendor price history, compare secondary source, and escalate material moves.",False,25.5,"Performance Return Outlier in Positions from Custodian is ranked Medium because the item is 1 days old, has a break amount of 8704.52, and carries confidence 0.8.",0.3,False,Multi-factor isolation signal,Medium
EXC0001169,Invalid Currency,Reference Data,ABOR,APAC,Corporate Bond,0,21,2485.65,-3.29,0,1,18,High,Invalid Currency pattern detected from source controls,Reference Data Ops,24,Open,2026-03-27,Breached,9,0,Invalid Currency,0.878,Reference Data Ops,Most similar historical pattern: Invalid Currency,"Validate security currency, trade currency, and portfolio base currency mapping.",False,53.0,"Invalid Currency in Reference Data from ABOR is ranked High because the item is 21 days old, has a break amount of 2485.65, and carries confidence 0.878.",0.2838,False,Aging unresolved item,High
EXC0001170,Missing Client Mapping,Client Data,Aladdin,EMEA,Government Bond,2,3,311.45,-0.71,0,0,7,Low,Missing Client Mapping pattern detected from source controls,Client Data Ops,72,Resolved,2026-04-13,Within SLA,11,0,Missing Client Mapping,0.971,Client Data Ops,Most similar historical pattern: Missing Client Mapping,Route to client-data operations to complete portfolio and account mapping.,False,14.5,"Missing Client Mapping in Client Data from Aladdin is ranked Low because the item is 3 days old, has a break amount of 311.45, and carries confidence 0.971.",0.1003,False,Multi-factor isolation signal,Low
EXC0001171,Price Outlier,Pricing,SimCorp,APAC,Corporate Bond,0,12,1026.17,18.21,0,0,12,Low,Price Outlier pattern detected from source controls,Pricing Control,72,Resolved,2026-04-07,Breached,12,0,Price Outlier,0.963,Pricing Control,Most similar historical pattern: Price Outlier,"Check vendor price history, compare secondary source, and escalate material moves.",False,34.7,"Price Outlier in Pricing from SimCorp is ranked Low because the item is 12 days old, has a break amount of 1026.17, and carries confidence 0.963.",0.2954,False,Large price/return move,Low
EXC0001172,Delayed Source Load,Source Control,Custodian,EMEA,ETF,1,10,2561.63,-3.12,0,0,56,Medium,Delayed Source Load pattern detected from source controls,Source Systems,48,Escalated,2026-03-25,Breached,10,0,Delayed Source Load,0.931,Source Systems,Most similar historical pattern: Delayed Source Load,Check source-system batch status and notify technology owner if SLA breached.,False,43.8,"Delayed Source Load in Source Control from Custodian is ranked Medium because the item is 10 days old, has a break amount of 2561.63, and carries confidence 0.931.",0.3567,False,Late source refresh,Medium
EXC0001173,Trade Match Break,Trades,SimCorp,EMEA,Equity,1,3,25603.26,2.24,0,0,11,Medium,Trade Match Break pattern detected from source controls,Trade Support,48,Open,2026-04-12,Breached,25,0,Trade Match Break,0.901,Trade Support,Most similar historical pattern: Trade Match Break,Review counterparty economic fields and run fuzzy security/client match.,False,46.5,"Trade Match Break in Trades from SimCorp is ranked Medium because the item is 3 days old, has a break amount of 25603.26, and carries confidence 0.901.",0.1259,False,Multi-factor isolation signal,Medium
EXC0001174,Unknown / Needs SME Review,Reference Data,Bloomberg,Americas,Equity,0,16,5362.89,-2.04,0,0,17,High,Unknown / Needs SME Review pattern detected from source controls,Reference Data Ops,24,Resolved,2026-04-14,Breached,12,0,Unknown / Needs SME Review,0.655,Reference Data Ops,Most similar historical pattern: Unknown / Needs SME Review,Send to SME review with source evidence and model explanation.,True,55.6,"Unknown / Needs SME Review in Reference Data from Bloomberg is ranked High because the item is 16 days old, has a break amount of 5362.89, and carries confidence 0.655.",0.1151,False,Aging unresolved item,High
EXC0001175,Position Reconciliation Break,Positions,SimCorp,Americas,Government Bond,0,17,13833.34,2.85,0,0,11,High,Position Reconciliation Break pattern detected from source controls,Reconciliation,24,Suppressed,2026-05-19,Breached,16,0,Position Reconciliation Break,0.852,Reconciliation,Most similar historical pattern: Position Reconciliation Break,"Compare IBOR, ABOR, and custodian balances; prioritize material value gaps.",False,54.5,"Position Reconciliation Break in Positions from SimCorp is ranked High because the item is 17 days old, has a break amount of 13833.34, and carries confidence 0.852.",0.0682,False,Aging unresolved item,High
EXC0001176,Duplicate Record,Trades,SimCorp,APAC,ETF,0,6,99765.18,-1.9,1,0,5,High,Duplicate Record pattern detected from source controls,Trade Support,24,Open,2026-05-06,Breached,19,1,Duplicate Record,0.879,Trade Support,Most similar historical pattern: Duplicate Record,Confirm duplicate key collision and suppress or merge after control approval.,False,61.2,"Duplicate Record in Trades from SimCorp is ranked High because the item is 6 days old, has a break amount of 99765.18, and carries confidence 0.879.",0.3558,False,High-value reconciliation break,High
EXC0001177,Performance Return Outlier,Positions,Bloomberg,EMEA,ETF,1,18,15204.8,8.18,0,0,8,High,Performance Return Outlier pattern detected from source controls,Reconciliation,24,Escalated,2026-05-13,Breached,8,0,Performance Return Outlier,0.713,Reconciliation,Most similar historical pattern: Performance Return Outlier,"Check vendor price history, compare secondary source, and escalate material moves.",True,55.7,"Performance Return Outlier in Positions from Bloomberg is ranked High because the item is 18 days old, has a break amount of 15204.8, and carries confidence 0.713.",0.2552,False,Aging unresolved item,High
EXC0001178,Unknown / Needs SME Review,Reference Data,Murex,EMEA,Equity,0,13,2515.4,3.54,0,0,5,Medium,Unknown / Needs SME Review pattern detected from source controls,Reference Data Ops,48,Open,2026-05-02,Breached,14,0,Unknown / Needs SME Review,0.833,Reference Data Ops,Most similar historical pattern: Unknown / Needs SME Review,Send to SME review with source evidence and model explanation.,True,44.9,"Unknown / Needs SME Review in Reference Data from Murex is ranked Medium because the item is 13 days old, has a break amount of 2515.4, and carries confidence 0.833.",0.0514,False,Aging unresolved item,Medium
EXC0001179,Missing Reference Data,Reference Data,Aladdin,APAC,ETF,4,4,359.29,1.08,0,0,12,Low,Missing Reference Data pattern detected from source controls,Reference Data Ops,72,Open,2026-05-11,Breached,22,0,Missing Reference Data,0.794,Reference Data Ops,Most similar historical pattern: Missing Reference Data,"Validate security master fields, enrich ISIN/ticker, and rerun downstream load.",False,36.7,"Missing Reference Data in Reference Data from Aladdin is ranked Low because the item is 4 days old, has a break amount of 359.29, and carries confidence 0.794.",0.0992,False,Multi-factor isolation signal,Low
EXC0001180,Price Outlier,Pricing,Murex,EMEA,Derivative,0,5,1176.5,16.3,0,0,10,Low,Price Outlier pattern detected from source controls,Pricing Control,72,Resolved,2026-04-12,Breached,17,0,Price Outlier,0.948,Pricing Control,Most similar historical pattern: Price Outlier,"Check vendor price history, compare secondary source, and escalate material moves.",False,35.0,"Price Outlier in Pricing from Murex is ranked Low because the item is 5 days old, has a break amount of 1176.5, and carries confidence 0.948.",0.3053,False,Large price/return move,Low
EXC0001181,Duplicate Record,Trades,Custodian,Americas,ETF,0,0,12531.02,5.21,1,0,19,Medium,Duplicate Record pattern detected from source controls,Trade Support,48,Resolved,2026-05-04,Within SLA,22,0,Duplicate Record,0.805,Trade Support,Most similar historical pattern: Duplicate Record,Confirm duplicate key collision and suppress or merge after control approval.,False,26.3,"Duplicate Record in Trades from Custodian is ranked Medium because the item is 0 days old, has a break amount of 12531.02, and carries confidence 0.805.",0.3079,False,Multi-factor isolation signal,Medium
EXC0001182,Missing Reference Data,Reference Data,ABOR,APAC,Equity,3,12,1497.06,-0.46,0,0,0,Medium,Missing Reference Data pattern detected from source controls,Reference Data Ops,48,Open,2026-05-05,Breached,25,0,Missing Reference Data,0.935,Reference Data Ops,Most similar historical pattern: Missing Reference Data,"Validate security master fields, enrich ISIN/ticker, and rerun downstream load.",False,44.3,"Missing Reference Data in Reference Data from ABOR is ranked Medium because the item is 12 days old, has a break amount of 1497.06, and carries confidence 0.935.",0.0937,False,Multi-factor isolation signal,Medium
EXC0001183,Trade Match Break,Trades,IBOR,EMEA,ETF,0,11,24253.66,0.16,0,0,19,High,Trade Match Break pattern detected from source controls,Trade Support,24,Escalated,2026-03-27,Breached,21,0,Trade Match Break,0.899,Trade Support,Most similar historical pattern: Trade Match Break,Review counterparty economic fields and run fuzzy security/client match.,False,55.0,"Trade Match Break in Trades from IBOR is ranked High because the item is 11 days old, has a break amount of 24253.66, and carries confidence 0.899.",0.0854,False,Multi-factor isolation signal,High
EXC0001184,Stale Price,Pricing,Aladdin,EMEA,Corporate Bond,1,3,1467.0,3.1,0,0,90,Low,Stale Price pattern detected from source controls,Pricing Control,72,Escalated,2026-04-23,Within SLA,20,0,Stale Price,0.926,Pricing Control,Most similar historical pattern: Stale Price,"Check vendor price history, compare secondary source, and escalate material moves.",False,15.4,"Stale Price in Pricing from Aladdin is ranked Low because the item is 3 days old, has a break amount of 1467.0, and carries confidence 0.926.",0.492,True,Late source refresh,Low
EXC0001185,Position Reconciliation Break,Positions,Bloomberg,EMEA,Equity,0,14,25348.51,2.56,0,0,2,High,Position Reconciliation Break pattern detected from source controls,Reconciliation,24,Resolved,2026-04-06,Breached,32,0,Position Reconciliation Break,0.875,Reconciliation,Most similar historical pattern: Position Reconciliation Break,"Compare IBOR, ABOR, and custodian balances; prioritize material value gaps.",False,55.8,"Position Reconciliation Break in Positions from Bloomberg is ranked High because the item is 14 days old, has a break amount of 25348.51, and carries confidence 0.875.",0.0882,False,Aging unresolved item,High
EXC0001186,Duplicate Record,Trades,ABOR,APAC,Government Bond,1,6,13051.64,0.89,1,0,5,Medium,Duplicate Record pattern detected from source controls,Trade Support,48,Open,2026-05-16,Breached,17,0,Duplicate Record,0.939,Trade Support,Most similar historical pattern: Duplicate Record,Confirm duplicate key collision and suppress or merge after control approval.,False,44.8,"Duplicate Record in Trades from ABOR is ranked Medium because the item is 6 days old, has a break amount of 13051.64, and carries confidence 0.939.",0.0885,False,Multi-factor isolation signal,Medium
EXC0001187,Stale Price,Pricing,IBOR,EMEA,Equity,1,3,2654.32,-1.54,0,0,29,Low,Stale Price pattern detected from source controls,Pricing Control,72,Resolved,2026-04-12,Within SLA,22,0,Stale Price,0.945,Pricing Control,Most similar historical pattern: Stale Price,"Check vendor price history, compare secondary source, and escalate material moves.",False,15.4,"Stale Price in Pricing from IBOR is ranked Low because the item is 3 days old, has a break amount of 2654.32, and carries confidence 0.945.",0.2487,False,Multi-factor isolation signal,Low
EXC0001188,Position Reconciliation Break,Positions,Bloomberg,Americas,Equity,0,4,48467.54,3.93,0,0,14,High,Position Reconciliation Break pattern detected from source controls,Reconciliation,24,Open,2026-03-28,Breached,32,1,Position Reconciliation Break,0.887,Reconciliation,Most similar historical pattern: Position Reconciliation Break,"Compare IBOR, ABOR, and custodian balances; prioritize material value gaps.",False,57.5,"Position Reconciliation Break in Positions from Bloomberg is ranked High because the item is 4 days old, has a break amount of 48467.54, and carries confidence 0.887.",0.204,False,Multi-factor isolation signal,High
EXC0001189,Trade Match Break,Trades,Custodian,EMEA,Equity,0,12,59080.16,-1.6,0,0,11,High,Trade Match Break pattern detected from source controls,Trade Support,24,Resolved,2026-05-12,Breached,24,1,Trade Match Break,0.911,Trade Support,Most similar historical pattern: Trade Match Break,Review counterparty economic fields and run fuzzy security/client match.,False,57.8,"Trade Match Break in Trades from Custodian is ranked High because the item is 12 days old, has a break amount of 59080.16, and carries confidence 0.911.",0.2078,False,Multi-factor isolation signal,High
EXC0001190,Unknown / Needs SME Review,Reference Data,Refinitiv,APAC,Corporate Bond,0,20,1837.62,7.2,0,0,4,Medium,Unknown / Needs SME Review pattern detected from source controls,Reference Data Ops,48,Resolved,2026-05-09,Breached,11,0,Unknown / Needs SME Review,0.803,Reference Data Ops,Most similar historical pattern: Unknown / Needs SME Review,Send to SME review with source evidence and model explanation.,True,45.1,"Unknown / Needs SME Review in Reference Data from Refinitiv is ranked Medium because the item is 20 days old, has a break amount of 1837.62, and carries confidence 0.803.",0.2615,False,Aging unresolved item,Medium
EXC0001191,Missing Reference Data,Reference Data,Aladdin,EMEA,Derivative,2,11,1690.66,-1.49,0,0,14,Medium,Missing Reference Data pattern detected from source controls,Reference Data Ops,48,Resolved,2026-04-10,Breached,22,0,Missing Reference Data,0.92,Reference Data Ops,Most similar historical pattern: Missing Reference Data,"Validate security master fields, enrich ISIN/ticker, and rerun downstream load.",False,44.3,"Missing Reference Data in Reference Data from Aladdin is ranked Medium because the item is 11 days old, has a break amount of 1690.66, and carries confidence 0.92.",0.0802,False,Multi-factor isolation signal,Medium
EXC0001192,Delayed Source Load,Source Control,Murex,EMEA,Corporate Bond,0,13,3755.23,-1.26,0,0,26,Medium,Delayed Source Load pattern detected from source controls,Source Systems,48,Escalated,2026-04-12,Breached,7,0,Delayed Source Load,0.929,Source Systems,Most similar historical pattern: Delayed Source Load,Check source-system batch status and notify technology owner if SLA breached.,False,43.8,"Delayed Source Load in Source Control from Murex is ranked Medium because the item is 13 days old, has a break amount of 3755.23, and carries confidence 0.929.",0.171,False,Aging unresolved item,Medium
EXC0001193,Unknown / Needs SME Review,Reference Data,SimCorp,APAC,Derivative,1,18,1180.08,2.35,0,0,6,Medium,Unknown / Needs SME Review pattern detected from source controls,Reference Data Ops,48,Open,2026-04-06,Breached,10,0,Unknown / Needs SME Review,0.675,Reference Data Ops,Most similar historical pattern: Unknown / Needs SME Review,Send to SME review with source evidence and model explanation.,True,46.2,"Unknown / Needs SME Review in Reference Data from SimCorp is ranked Medium because the item is 18 days old, has a break amount of 1180.08, and carries confidence 0.675.",0.1022,False,Aging unresolved item,Medium
EXC0001194,Position Reconciliation Break,Positions,ABOR,EMEA,Equity,0,14,81525.51,2.87,0,0,19,Critical,Position Reconciliation Break pattern detected from source controls,Reconciliation,8,Resolved,2026-05-04,Breached,21,1,Position Reconciliation Break,0.856,Reconciliation,Most similar historical pattern: Position Reconciliation Break,"Compare IBOR, ABOR, and custodian balances; prioritize material value gaps.",False,68.8,"Position Reconciliation Break in Positions from ABOR is ranked Critical because the item is 14 days old, has a break amount of 81525.51, and carries confidence 0.856.",0.2427,False,High-value reconciliation break,Critical
EXC0001195,Invalid Currency,Reference Data,SimCorp,Americas,Government Bond,1,17,3901.93,-0.93,0,1,19,High,Invalid Currency pattern detected from source controls,Reference Data Ops,24,Open,2026-05-01,Breached,20,0,Invalid Currency,0.925,Reference Data Ops,Most similar historical pattern: Invalid Currency,"Validate security currency, trade currency, and portfolio base currency mapping.",False,53.1,"Invalid Currency in Reference Data from SimCorp is ranked High because the item is 17 days old, has a break amount of 3901.93, and carries confidence 0.925.",0.1098,False,Aging unresolved item,High
EXC0001196,Stale Price,Pricing,Custodian,EMEA,Corporate Bond,0,11,3486.63,5.73,0,0,80,Medium,Stale Price pattern detected from source controls,Pricing Control,48,Open,2026-05-15,Breached,21,0,Stale Price,0.932,Pricing Control,Most similar historical pattern: Stale Price,"Check vendor price history, compare secondary source, and escalate material moves.",False,44.3,"Stale Price in Pricing from Custodian is ranked Medium because the item is 11 days old, has a break amount of 3486.63, and carries confidence 0.932.",0.5147,True,Late source refresh,Medium
EXC0001197,Trade Match Break,Trades,Refinitiv,APAC,Corporate Bond,1,2,48686.2,2.32,0,0,8,High,Trade Match Break pattern detected from source controls,Trade Support,24,Resolved,2026-05-05,Breached,15,1,Trade Match Break,0.887,Trade Support,Most similar historical pattern: Trade Match Break,Review counterparty economic fields and run fuzzy security/client match.,False,56.9,"Trade Match Break in Trades from Refinitiv is ranked High because the item is 2 days old, has a break amount of 48686.2, and carries confidence 0.887.",0.2282,False,Multi-factor isolation signal,High
EXC0001198,Stale Price,Pricing,Murex,APAC,Government Bond,1,14,6396.32,0.88,0,0,51,High,Stale Price pattern detected from source controls,Pricing Control,24,Resolved,2026-04-11,Breached,15,0,Stale Price,0.941,Pricing Control,Most similar historical pattern: Stale Price,"Check vendor price history, compare secondary source, and escalate material moves.",False,53.0,"Stale Price in Pricing from Murex is ranked High because the item is 14 days old, has a break amount of 6396.32, and carries confidence 0.941.",0.2998,False,Late source refresh,High
EXC0001199,Duplicate Record,Trades,IBOR,Americas,Derivative,1,15,76532.09,2.47,1,0,5,Critical,Duplicate Record pattern detected from source controls,Trade Support,8,Escalated,2026-04-08,Breached,13,1,Duplicate Record,0.937,Trade Support,Most similar historical pattern: Duplicate Record,Confirm duplicate key collision and suppress or merge after control approval.,False,67.3,"Duplicate Record in Trades from IBOR is ranked Critical because the item is 15 days old, has a break amount of 76532.09, and carries confidence 0.937.",0.2183,False,High-value reconciliation break,Critical
EXC0001200,Unknown / Needs SME Review,Reference Data,Custodian,APAC,ETF,0,9,4839.28,4.53,0,0,3,Medium,Unknown / Needs SME Review pattern detected from source controls,Reference Data Ops,48,Resolved,2026-04-16,Breached,10,0,Unknown / Needs SME Review,0.782,Reference Data Ops,Most similar historical pattern: Unknown / Needs SME Review,Send to SME review with source evidence and model explanation.,True,45.5,"Unknown / Needs SME Review in Reference Data from Custodian is ranked Medium because the item is 9 days old, has a break amount of 4839.28, and carries confidence 0.782.",0.0988,False,Multi-factor isolation signal,Medium
EXC0001201,Missing Reference Data,Reference Data,Bloomberg,Americas,Equity,1,11,994.39,5.52,0,0,15,Low,Missing Reference Data pattern detected from source controls,Reference Data Ops,72,Resolved,2026-05-12,Breached,18,0,Missing Reference Data,0.494,Reference Data Ops,Most similar historical pattern: Missing Reference Data,"Validate security master fields, enrich ISIN/ticker, and rerun downstream load.",True,39.6,"Missing Reference Data in Reference Data from Bloomberg is ranked Low because the item is 11 days old, has a break amount of 994.39, and carries confidence 0.494.",0.0805,False,Multi-factor isolation signal,Low
EXC0001202,Position Reconciliation Break,Positions,ABOR,Americas,Derivative,1,2,99521.23,1.98,0,0,13,High,Position Reconciliation Break pattern detected from source controls,Reconciliation,24,Resolved,2026-03-29,Breached,21,1,Position Reconciliation Break,0.844,Reconciliation,Most similar historical pattern: Position Reconciliation Break,"Compare IBOR, ABOR, and custodian balances; prioritize material value gaps.",False,61.6,"Position Reconciliation Break in Positions from ABOR is ranked High because the item is 2 days old, has a break amount of 99521.23, and carries confidence 0.844.",0.2993,False,High-value reconciliation break,High
EXC0001203,Invalid Currency,Reference Data,SimCorp,Americas,Equity,1,10,1974.73,-1.69,0,1,11,Medium,Invalid Currency pattern detected from source controls,Reference Data Ops,48,Resolved,2026-04-15,Breached,20,0,Invalid Currency,0.923,Reference Data Ops,Most similar historical pattern: Invalid Currency,"Validate security currency, trade currency, and portfolio base currency mapping.",False,44.2,"Invalid Currency in Reference Data from SimCorp is ranked Medium because the item is 10 days old, has a break amount of 1974.73, and carries confidence 0.923.",0.0842,False,Multi-factor isolation signal,Medium
EXC0001204,Trade Match Break,Trades,Custodian,APAC,Government Bond,0,20,30182.84,-1.65,0,0,15,Critical,Trade Match Break pattern detected from source controls,Trade Support,8,Resolved,2026-05-17,Breached,24,0,Trade Match Break,0.868,Trade Support,Most similar historical pattern: Trade Match Break,Review counterparty economic fields and run fuzzy security/client match.,False,64.7,"Trade Match Break in Trades from Custodian is ranked Critical because the item is 20 days old, has a break amount of 30182.84, and carries confidence 0.868.",0.2697,False,Aging unresolved item,Critical
EXC0001205,Position Reconciliation Break,Positions,Bloomberg,Americas,ETF,0,3,41454.95,-2.04,0,0,18,High,Position Reconciliation Break pattern detected from source controls,Reconciliation,24,Resolved,2026-03-22,Breached,32,0,Position Reconciliation Break,0.832,Reconciliation,Most similar historical pattern: Position Reconciliation Break,"Compare IBOR, ABOR, and custodian balances; prioritize material value gaps.",False,57.5,"Position Reconciliation Break in Positions from Bloomberg is ranked High because the item is 3 days old, has a break amount of 41454.95, and carries confidence 0.832.",0.2612,False,Multi-factor isolation signal,High
EXC0001206,Position Reconciliation Break,Positions,Refinitiv,EMEA,Government Bond,1,14,30550.54,-0.11,0,0,17,High,Position Reconciliation Break pattern detected from source controls,Reconciliation,24,Resolved,2026-04-14,Breached,17,0,Position Reconciliation Break,0.742,Reconciliation,Most similar historical pattern: Position Reconciliation Break,"Compare IBOR, ABOR, and custodian balances; prioritize material value gaps.",False,57.0,"Position Reconciliation Break in Positions from Refinitiv is ranked High because the item is 14 days old, has a break amount of 30550.54, and carries confidence 0.742.",0.1032,False,Aging unresolved item,High
EXC0001207,Duplicate Record,Trades,Aladdin,EMEA,Government Bond,1,16,135808.27,1.59,1,0,2,Critical,Duplicate Record pattern detected from source controls,Trade Support,8,Resolved,2026-05-18,Breached,15,1,Duplicate Record,0.919,Trade Support,Most similar historical pattern: Duplicate Record,Confirm duplicate key collision and suppress or merge after control approval.,False,72.3,"Duplicate Record in Trades from Aladdin is ranked Critical because the item is 16 days old, has a break amount of 135808.27, and carries confidence 0.919.",0.3811,False,High-value reconciliation break,Critical
EXC0001208,Missing Reference Data,Reference Data,IBOR,EMEA,ETF,3,15,5450.47,2.03,0,0,15,High,Missing Reference Data pattern detected from source controls,Reference Data Ops,24,Resolved,2026-04-25,Breached,25,0,Missing Reference Data,0.862,Reference Data Ops,Most similar historical pattern: Missing Reference Data,"Validate security master fields, enrich ISIN/ticker, and rerun downstream load.",False,54.1,"Missing Reference Data in Reference Data from IBOR is ranked High because the item is 15 days old, has a break amount of 5450.47, and carries confidence 0.862.",0.0179,False,Aging unresolved item,High
EXC0001209,Position Reconciliation Break,Positions,IBOR,EMEA,Derivative,0,19,8082.54,4.32,0,0,1,High,Position Reconciliation Break pattern detected from source controls,Reconciliation,24,Resolved,2026-05-09,Breached,27,0,Position Reconciliation Break,0.833,Reconciliation,Most similar historical pattern: Position Reconciliation Break,"Compare IBOR, ABOR, and custodian balances; prioritize material value gaps.",False,54.6,"Position Reconciliation Break in Positions from IBOR is ranked High because the item is 19 days old, has a break amount of 8082.54, and carries confidence 0.833.",0.1818,False,Aging unresolved item,High
EXC0001210,Position Reconciliation Break,Positions,IBOR,Americas,Corporate Bond,0,4,28038.92,-3.68,0,0,14,Medium,Position Reconciliation Break pattern detected from source controls,Reconciliation,48,Resolved,2026-05-19,Breached,27,0,Position Reconciliation Break,0.849,Reconciliation,Most similar historical pattern: Position Reconciliation Break,"Compare IBOR, ABOR, and custodian balances; prioritize material value gaps.",False,47.3,"Position Reconciliation Break in Positions from IBOR is ranked Medium because the item is 4 days old, has a break amount of 28038.92, and carries confidence 0.849.",0.3116,False,Multi-factor isolation signal,Medium
EXC0001211,Stale Price,Pricing,IBOR,Americas,Derivative,0,4,1533.5,1.47,0,0,93,Low,Stale Price pattern detected from source controls,Pricing Control,72,Open,2026-04-18,Breached,22,0,Stale Price,0.959,Pricing Control,Most similar historical pattern: Stale Price,"Check vendor price history, compare secondary source, and escalate material moves.",False,35.2,"Stale Price in Pricing from IBOR is ranked Low because the item is 4 days old, has a break amount of 1533.5, and carries confidence 0.959.",0.4882,True,Late source refresh,Low
EXC0001212,Position Reconciliation Break,Positions,Aladdin,EMEA,Equity,0,7,100174.73,2.65,0,0,18,High,Position Reconciliation Break pattern detected from source controls,Reconciliation,24,Open,2026-05-18,Breached,20,1,Position Reconciliation Break,0.873,Reconciliation,Most similar historical pattern: Position Reconciliation Break,"Compare IBOR, ABOR, and custodian balances; prioritize material value gaps.",False,61.3,"Position Reconciliation Break in Positions from Aladdin is ranked High because the item is 7 days old, has a break amount of 100174.73, and carries confidence 0.873.",0.2667,False,High-value reconciliation break,High
EXC0001213,Position Reconciliation Break,Positions,IBOR,APAC,Derivative,0,0,40693.03,-5.52,0,0,8,Medium,Position Reconciliation Break pattern detected from source controls,Reconciliation,48,Resolved,2026-05-15,Within SLA,27,0,Position Reconciliation Break,0.816,Reconciliation,Most similar historical pattern: Position Reconciliation Break,"Compare IBOR, ABOR, and custodian balances; prioritize material value gaps.",False,28.7,"Position Reconciliation Break in Positions from IBOR is ranked Medium because the item is 0 days old, has a break amount of 40693.03, and carries confidence 0.816.",0.5027,True,Multi-factor isolation signal,Medium
EXC0001214,Duplicate Record,Trades,Bloomberg,APAC,Corporate Bond,1,0,19267.14,2.63,1,0,19,Medium,Duplicate Record pattern detected from source controls,Trade Support,48,Resolved,2026-04-20,Within SLA,17,0,Duplicate Record,0.849,Trade Support,Most similar historical pattern: Duplicate Record,Confirm duplicate key collision and suppress or merge after control approval.,False,26.2,"Duplicate Record in Trades from Bloomberg is ranked Medium because the item is 0 days old, has a break amount of 19267.14, and carries confidence 0.849.",0.2638,False,Multi-factor isolation signal,Medium
EXC0001215,Position Reconciliation Break,Positions,Custodian,APAC,ETF,1,13,34749.28,8.33,0,0,4,High,Position Reconciliation Break pattern detected from source controls,Reconciliation,24,Resolved,2026-04-07,Breached,18,0,Performance Return Outlier,0.768,Reconciliation,Most similar historical pattern: Performance Return Outlier,"Check vendor price history, compare secondary source, and escalate material moves.",False,57.1,"Performance Return Outlier in Positions from Custodian is ranked High because the item is 13 days old, has a break amount of 34749.28, and carries confidence 0.768.",0.2674,False,Aging unresolved item,High
EXC0001216,Trade Match Break,Trades,IBOR,Americas,Corporate Bond,0,6,18860.78,3.43,0,0,18,Medium,Trade Match Break pattern detected from source controls,Trade Support,48,Resolved,2026-04-28,Breached,21,0,Trade Match Break,0.916,Trade Support,Most similar historical pattern: Trade Match Break,Review counterparty economic fields and run fuzzy security/client match.,False,45.7,"Trade Match Break in Trades from IBOR is ranked Medium because the item is 6 days old, has a break amount of 18860.78, and carries confidence 0.916.",0.1191,False,Multi-factor isolation signal,Medium
EXC0001217,Missing Client Mapping,Client Data,Bloomberg,APAC,Derivative,4,21,1751.52,2.27,0,0,14,Medium,Missing Client Mapping pattern detected from source controls,Client Data Ops,48,Resolved,2026-05-15,Breached,18,0,Missing Client Mapping,0.962,Client Data Ops,Most similar historical pattern: Missing Client Mapping,Route to client-data operations to complete portfolio and account mapping.,False,43.7,"Missing Client Mapping in Client Data from Bloomberg is ranked Medium because the item is 21 days old, has a break amount of 1751.52, and carries confidence 0.962.",0.177,False,Aging unresolved item,Medium
EXC0001218,Trade Match Break,Trades,SimCorp,EMEA,Government Bond,1,18,15490.01,0.82,0,0,15,High,Trade Match Break pattern detected from source controls,Trade Support,24,Open,2026-04-07,Breached,25,0,Trade Match Break,0.909,Trade Support,Most similar historical pattern: Trade Match Break,Review counterparty economic fields and run fuzzy security/client match.,False,54.4,"Trade Match Break in Trades from SimCorp is ranked High because the item is 18 days old, has a break amount of 15490.01, and carries confidence 0.909.",0.123,False,Aging unresolved item,High
EXC0001219,Position Reconciliation Break,Positions,Aladdin,APAC,ETF,1,14,60499.66,2.08,0,0,19,Critical,Position Reconciliation Break pattern detected from source controls,Reconciliation,8,Escalated,2026-05-08,Breached,20,1,Position Reconciliation Break,0.796,Reconciliation,Most similar historical pattern: Position Reconciliation Break,"Compare IBOR, ABOR, and custodian balances; prioritize material value gaps.",False,67.7,"Position Reconciliation Break in Positions from Aladdin is ranked Critical because the item is 14 days old, has a break amount of 60499.66, and carries confidence 0.796.",0.1688,False,Aging unresolved item,Critical
EXC0001220,Trade Match Break,Trades,Refinitiv,Americas,Corporate Bond,0,18,27704.17,5.34,0,0,15,Critical,Trade Match Break pattern detected from source controls,Trade Support,8,Resolved,2026-05-05,Breached,15,0,Trade Match Break,0.904,Trade Support,Most similar historical pattern: Trade Match Break,Review counterparty economic fields and run fuzzy security/client match.,False,63.8,"Trade Match Break in Trades from Refinitiv is ranked Critical because the item is 18 days old, has a break amount of 27704.17, and carries confidence 0.904.",0.2256,False,Aging unresolved item,Critical
EXC0001221,Position Reconciliation Break,Positions,Custodian,EMEA,Government Bond,0,5,26674.16,0.63,0,0,19,High,Position Reconciliation Break pattern detected from source controls,Reconciliation,24,Resolved,2026-04-17,Breached,18,0,Position Reconciliation Break,0.87,Reconciliation,Most similar historical pattern: Position Reconciliation Break,"Compare IBOR, ABOR, and custodian balances; prioritize material value gaps.",False,55.4,"Position Reconciliation Break in Positions from Custodian is ranked High because the item is 5 days old, has a break amount of 26674.16, and carries confidence 0.87.",0.1482,False,Multi-factor isolation signal,High
EXC0001222,Missing Client Mapping,Client Data,Aladdin,Americas,ETF,3,15,4471.83,4.48,0,0,8,High,Missing Client Mapping pattern detected from source controls,Client Data Ops,24,Escalated,2026-05-08,Breached,11,0,Missing Client Mapping,0.954,Client Data Ops,Most similar historical pattern: Missing Client Mapping,Route to client-data operations to complete portfolio and account mapping.,False,52.5,"Missing Client Mapping in Client Data from Aladdin is ranked High because the item is 15 days old, has a break amount of 4471.83, and carries confidence 0.954.",0.0396,False,Aging unresolved item,High
EXC0001223,Invalid Currency,Reference Data,IBOR,EMEA,Government Bond,0,19,1897.29,2.66,0,1,19,Medium,Invalid Currency pattern detected from source controls,Reference Data Ops,48,Resolved,2026-04-01,Breached,11,0,Invalid Currency,0.912,Reference Data Ops,Most similar historical pattern: Invalid Currency,"Validate security currency, trade currency, and portfolio base currency mapping.",False,44.0,"Invalid Currency in Reference Data from IBOR is ranked Medium because the item is 19 days old, has a break amount of 1897.29, and carries confidence 0.912.",0.103,False,Aging unresolved item,Medium
EXC0001224,Missing Reference Data,Reference Data,SimCorp,APAC,Equity,3,3,1513.55,5.57,0,0,16,Low,Missing Reference Data pattern detected from source controls,Reference Data Ops,72,Escalated,2026-04-02,Within SLA,15,0,Missing Reference Data,0.821,Reference Data Ops,Most similar historical pattern: Missing Reference Data,"Validate security master fields, enrich ISIN/ticker, and rerun downstream load.",False,16.3,"Missing Reference Data in Reference Data from SimCorp is ranked Low because the item is 3 days old, has a break amount of 1513.55, and carries confidence 0.821.",0.143,False,Multi-factor isolation signal,Low
EXC0001225,Position Reconciliation Break,Positions,ABOR,APAC,Derivative,0,11,50561.2,4.22,0,0,3,High,Position Reconciliation Break pattern detected from source controls,Reconciliation,24,Open,2026-04-27,Breached,21,1,Position Reconciliation Break,0.826,Reconciliation,Most similar historical pattern: Position Reconciliation Break,"Compare IBOR, ABOR, and custodian balances; prioritize material value gaps.",False,57.9,"Position Reconciliation Break in Positions from ABOR is ranked High because the item is 11 days old, has a break amount of 50561.2, and carries confidence 0.826.",0.1832,False,Multi-factor isolation signal,High
EXC0001226,Stale Price,Pricing,IBOR,Americas,Corporate Bond,0,21,830.33,1.97,0,0,65,Medium,Stale Price pattern detected from source controls,Pricing Control,48,Escalated,2026-04-06,Breached,22,0,Stale Price,0.961,Pricing Control,Most similar historical pattern: Stale Price,"Check vendor price history, compare secondary source, and escalate material moves.",False,43.8,"Stale Price in Pricing from IBOR is ranked Medium because the item is 21 days old, has a break amount of 830.33, and carries confidence 0.961.",0.4894,True,Late source refresh,Medium
EXC0001227,Invalid Currency,Reference Data,IBOR,EMEA,Equity,0,11,2628.36,1.81,0,1,17,Medium,Invalid Currency pattern detected from source controls,Reference Data Ops,48,Open,2026-05-16,Breached,11,0,Invalid Currency,0.924,Reference Data Ops,Most similar historical pattern: Invalid Currency,"Validate security currency, trade currency, and portfolio base currency mapping.",False,43.9,"Invalid Currency in Reference Data from IBOR is ranked Medium because the item is 11 days old, has a break amount of 2628.36, and carries confidence 0.924.",0.0204,False,Multi-factor isolation signal,Medium
EXC0001228,Unknown / Needs SME Review,Reference Data,SimCorp,Americas,ETF,1,17,1482.23,0.72,0,0,12,Medium,Unknown / Needs SME Review pattern detected from source controls,Reference Data Ops,48,Resolved,2026-03-31,Breached,10,0,Unknown / Needs SME Review,0.643,Reference Data Ops,Most similar historical pattern: Unknown / Needs SME Review,Send to SME review with source evidence and model explanation.,True,46.6,"Unknown / Needs SME Review in Reference Data from SimCorp is ranked Medium because the item is 17 days old, has a break amount of 1482.23, and carries confidence 0.643.",0.0401,False,Aging unresolved item,Medium
EXC0001229,Duplicate Record,Trades,IBOR,EMEA,Government Bond,0,1,12431.11,3.94,1,0,2,Medium,Duplicate Record pattern detected from source controls,Trade Support,48,Open,2026-04-29,Within SLA,13,0,Duplicate Record,0.938,Trade Support,Most similar historical pattern: Duplicate Record,Confirm duplicate key collision and suppress or merge after control approval.,False,24.6,"Duplicate Record in Trades from IBOR is ranked Medium because the item is 1 days old, has a break amount of 12431.11, and carries confidence 0.938.",0.2166,False,Multi-factor isolation signal,Medium
EXC0001230,Trade Match Break,Trades,IBOR,APAC,Government Bond,0,7,17457.09,0.02,0,0,11,Medium,Trade Match Break pattern detected from source controls,Trade Support,48,Resolved,2026-03-23,Breached,21,0,Trade Match Break,0.9,Trade Support,Most similar historical pattern: Trade Match Break,Review counterparty economic fields and run fuzzy security/client match.,False,45.7,"Trade Match Break in Trades from IBOR is ranked Medium because the item is 7 days old, has a break amount of 17457.09, and carries confidence 0.9.",0.0805,False,Multi-factor isolation signal,Medium
EXC0001231,Missing Reference Data,Reference Data,ABOR,EMEA,Corporate Bond,4,1,765.86,1.78,0,0,7,Low,Missing Reference Data pattern detected from source controls,Reference Data Ops,72,Open,2026-05-15,Within SLA,25,0,Missing Reference Data,0.854,Reference Data Ops,Most similar historical pattern: Missing Reference Data,"Validate security master fields, enrich ISIN/ticker, and rerun downstream load.",False,16.3,"Missing Reference Data in Reference Data from ABOR is ranked Low because the item is 1 days old, has a break amount of 765.86, and carries confidence 0.854.",0.1537,False,Multi-factor isolation signal,Low
EXC0001232,Trade Match Break,Trades,Custodian,EMEA,Equity,1,15,34582.26,1.02,0,0,2,High,Trade Match Break pattern detected from source controls,Trade Support,24,Resolved,2026-05-07,Breached,24,0,Trade Match Break,0.895,Trade Support,Most similar historical pattern: Trade Match Break,Review counterparty economic fields and run fuzzy security/client match.,False,56.0,"Trade Match Break in Trades from Custodian is ranked High because the item is 15 days old, has a break amount of 34582.26, and carries confidence 0.895.",0.1293,False,Aging unresolved item,High
EXC0001233,Position Reconciliation Break,Positions,ABOR,Americas,ETF,1,12,9196.1,-1.85,0,0,3,High,Position Reconciliation Break pattern detected from source controls,Reconciliation,24,Open,2026-05-08,Breached,21,0,Position Reconciliation Break,0.797,Reconciliation,Most similar historical pattern: Position Reconciliation Break,"Compare IBOR, ABOR, and custodian balances; prioritize material value gaps.",False,54.9,"Position Reconciliation Break in Positions from ABOR is ranked High because the item is 12 days old, has a break amount of 9196.1, and carries confidence 0.797.",0.1105,False,Multi-factor isolation signal,High
EXC0001234,Delayed Source Load,Source Control,Refinitiv,APAC,Corporate Bond,1,4,3603.86,2.05,0,0,46,Medium,Delayed Source Load pattern detected from source controls,Source Systems,48,Resolved,2026-04-12,Breached,14,0,Delayed Source Load,0.961,Source Systems,Most similar historical pattern: Delayed Source Load,Check source-system batch status and notify technology owner if SLA breached.,False,43.7,"Delayed Source Load in Source Control from Refinitiv is ranked Medium because the item is 4 days old, has a break amount of 3603.86, and carries confidence 0.961.",0.2734,False,Multi-factor isolation signal,Medium
EXC0001235,Position Reconciliation Break,Positions,Murex,APAC,ETF,1,17,16411.42,-2.31,0,0,7,High,Position Reconciliation Break pattern detected from source controls,Reconciliation,24,Resolved,2026-04-21,Breached,23,0,Position Reconciliation Break,0.797,Reconciliation,Most similar historical pattern: Position Reconciliation Break,"Compare IBOR, ABOR, and custodian balances; prioritize material value gaps.",False,55.5,"Position Reconciliation Break in Positions from Murex is ranked High because the item is 17 days old, has a break amount of 16411.42, and carries confidence 0.797.",0.1826,False,Aging unresolved item,High
EXC0001236,Unknown / Needs SME Review,Reference Data,IBOR,APAC,Derivative,0,11,981.29,0.38,0,0,17,Low,Unknown / Needs SME Review pattern detected from source controls,Reference Data Ops,72,Resolved,2026-05-18,Breached,12,0,Unknown / Needs SME Review,0.643,Reference Data Ops,Most similar historical pattern: Unknown / Needs SME Review,Send to SME review with source evidence and model explanation.,True,37.9,"Unknown / Needs SME Review in Reference Data from IBOR is ranked Low because the item is 11 days old, has a break amount of 981.29, and carries confidence 0.643.",0.0155,False,Multi-factor isolation signal,Low
EXC0001237,Trade Match Break,Trades,Aladdin,Americas,Corporate Bond,0,16,56208.49,3.17,0,0,4,Critical,Trade Match Break pattern detected from source controls,Trade Support,8,Resolved,2026-03-28,Breached,27,1,Trade Match Break,0.921,Trade Support,Most similar historical pattern: Trade Match Break,Review counterparty economic fields and run fuzzy security/client match.,False,66.4,"Trade Match Break in Trades from Aladdin is ranked Critical because the item is 16 days old, has a break amount of 56208.49, and carries confidence 0.921.",0.1755,False,Aging unresolved item,Critical
EXC0001238,Missing Reference Data,Reference Data,ABOR,Americas,Government Bond,4,15,2195.85,1.92,0,0,3,Medium,Missing Reference Data pattern detected from source controls,Reference Data Ops,48,Resolved,2026-04-29,Breached,25,0,Missing Reference Data,0.924,Reference Data Ops,Most similar historical pattern: Missing Reference Data,"Validate security master fields, enrich ISIN/ticker, and rerun downstream load.",False,44.4,"Missing Reference Data in Reference Data from ABOR is ranked Medium because the item is 15 days old, has a break amount of 2195.85, and carries confidence 0.924.",0.0365,False,Aging unresolved item,Medium
EXC0001239,Duplicate Record,Trades,SimCorp,Americas,ETF,0,20,24107.04,1.88,1,0,17,Critical,Duplicate Record pattern detected from source controls,Trade Support,8,Resolved,2026-03-27,Breached,19,0,Duplicate Record,0.861,Trade Support,Most similar historical pattern: Duplicate Record,Confirm duplicate key collision and suppress or merge after control approval.,False,64.1,"Duplicate Record in Trades from SimCorp is ranked Critical because the item is 20 days old, has a break amount of 24107.04, and carries confidence 0.861.",0.1751,False,Aging unresolved item,Critical
EXC0001240,Stale Price,Pricing,Aladdin,Americas,Government Bond,1,5,5385.58,-0.66,0,0,94,Medium,Stale Price pattern detected from source controls,Pricing Control,48,Escalated,2026-04-28,Breached,20,0,Stale Price,0.875,Pricing Control,Most similar historical pattern: Stale Price,"Check vendor price history, compare secondary source, and escalate material moves.",False,45.0,"Stale Price in Pricing from Aladdin is ranked Medium because the item is 5 days old, has a break amount of 5385.58, and carries confidence 0.875.",0.5387,True,Late source refresh,Medium
EXC0001241,Price Outlier,Pricing,Custodian,APAC,Government Bond,1,11,4136.87,11.7,0,0,19,Medium,Price Outlier pattern detected from source controls,Pricing Control,48,Open,2026-04-07,Breached,14,0,Price Outlier,0.935,Pricing Control,Most similar historical pattern: Price Outlier,"Check vendor price history, compare secondary source, and escalate material moves.",False,44.0,"Price Outlier in Pricing from Custodian is ranked Medium because the item is 11 days old, has a break amount of 4136.87, and carries confidence 0.935.",0.2357,False,Multi-factor isolation signal,Medium
EXC0001242,Missing Reference Data,Reference Data,Refinitiv,EMEA,Government Bond,2,3,1007.53,-0.72,0,0,6,Low,Missing Reference Data pattern detected from source controls,Reference Data Ops,72,Resolved,2026-03-23,Within SLA,17,0,Missing Reference Data,0.893,Reference Data Ops,Most similar historical pattern: Missing Reference Data,"Validate security master fields, enrich ISIN/ticker, and rerun downstream load.",False,15.6,"Missing Reference Data in Reference Data from Refinitiv is ranked Low because the item is 3 days old, has a break amount of 1007.53, and carries confidence 0.893.",0.1091,False,Multi-factor isolation signal,Low
EXC0001243,Position Reconciliation Break,Positions,Refinitiv,APAC,Equity,1,13,41604.22,3.27,0,0,3,High,Position Reconciliation Break pattern detected from source controls,Reconciliation,24,Open,2026-03-30,Breached,17,0,Position Reconciliation Break,0.786,Reconciliation,Most similar historical pattern: Position Reconciliation Break,"Compare IBOR, ABOR, and custodian balances; prioritize material value gaps.",False,57.4,"Position Reconciliation Break in Positions from Refinitiv is ranked High because the item is 13 days old, has a break amount of 41604.22, and carries confidence 0.786.",0.1445,False,Aging unresolved item,High
EXC0001244,Price Outlier,Pricing,Refinitiv,EMEA,ETF,0,7,1689.42,-0.24,0,0,17,Low,Price Outlier pattern detected from source controls,Pricing Control,72,Resolved,2026-04-08,Breached,13,0,Price Outlier,0.72,Pricing Control,Most similar historical pattern: Price Outlier,"Check vendor price history, compare secondary source, and escalate material moves.",False,37.2,"Price Outlier in Pricing from Refinitiv is ranked Low because the item is 7 days old, has a break amount of 1689.42, and carries confidence 0.72.",0.0581,False,Multi-factor isolation signal,Low
EXC0001245,Unknown / Needs SME Review,Reference Data,Bloomberg,APAC,ETF,1,13,5079.55,-2.33,0,0,2,High,Unknown / Needs SME Review pattern detected from source controls,Reference Data Ops,24,Open,2026-04-17,Breached,12,0,Unknown / Needs SME Review,0.695,Reference Data Ops,Most similar historical pattern: Unknown / Needs SME Review,Send to SME review with source evidence and model explanation.,True,55.2,"Unknown / Needs SME Review in Reference Data from Bloomberg is ranked High because the item is 13 days old, has a break amount of 5079.55, and carries confidence 0.695.",0.1307,False,Aging unresolved item,High
EXC0001246,Delayed Source Load,Source Control,Murex,Americas,Government Bond,1,1,1439.93,0.48,0,0,29,Low,Delayed Source Load pattern detected from source controls,Source Systems,72,Resolved,2026-04-01,Within SLA,7,0,Delayed Source Load,0.948,Source Systems,Most similar historical pattern: Delayed Source Load,Check source-system batch status and notify technology owner if SLA breached.,False,14.7,"Delayed Source Load in Source Control from Murex is ranked Low because the item is 1 days old, has a break amount of 1439.93, and carries confidence 0.948.",0.2572,False,Multi-factor isolation signal,Low
EXC0001247,Invalid Currency,Reference Data,IBOR,APAC,Equity,1,8,2980.3,0.25,0,1,3,Medium,Invalid Currency pattern detected from source controls,Reference Data Ops,48,Resolved,2026-03-23,Breached,11,0,Invalid Currency,0.874,Reference Data Ops,Most similar historical pattern: Invalid Currency,"Validate security currency, trade currency, and portfolio base currency mapping.",False,44.4,"Invalid Currency in Reference Data from IBOR is ranked Medium because the item is 8 days old, has a break amount of 2980.3, and carries confidence 0.874.",0.0535,False,Multi-factor isolation signal,Medium
EXC0001248,Trade Match Break,Trades,ABOR,Americas,Equity,0,10,5852.88,2.18,0,0,17,Medium,Trade Match Break pattern detected from source controls,Trade Support,48,Open,2026-04-20,Breached,28,0,Trade Match Break,0.796,Trade Support,Most similar historical pattern: Trade Match Break,Review counterparty economic fields and run fuzzy security/client match.,False,46.1,"Trade Match Break in Trades from ABOR is ranked Medium because the item is 10 days old, has a break amount of 5852.88, and carries confidence 0.796.",0.0361,False,Multi-factor isolation signal,Medium
EXC0001249,Missing Reference Data,Reference Data,Custodian,EMEA,Derivative,4,0,542.71,-0.86,0,0,11,Low,Missing Reference Data pattern detected from source controls,Reference Data Ops,72,Suppressed,2026-03-30,Within SLA,20,0,Missing Reference Data,0.865,Reference Data Ops,Most similar historical pattern: Missing Reference Data,"Validate security master fields, enrich ISIN/ticker, and rerun downstream load.",False,15.9,"Missing Reference Data in Reference Data from Custodian is ranked Low because the item is 0 days old, has a break amount of 542.71, and carries confidence 0.865.",0.2539,False,Multi-factor isolation signal,Low
EXC0001250,Invalid Currency,Reference Data,IBOR,EMEA,Equity,1,2,7313.92,-1.41,0,1,2,Medium,Invalid Currency pattern detected from source controls,Reference Data Ops,48,Resolved,2026-05-19,Within SLA,11,0,Invalid Currency,0.904,Reference Data Ops,Most similar historical pattern: Invalid Currency,"Validate security currency, trade currency, and portfolio base currency mapping.",False,24.5,"Invalid Currency in Reference Data from IBOR is ranked Medium because the item is 2 days old, has a break amount of 7313.92, and carries confidence 0.904.",0.178,False,Multi-factor isolation signal,Medium
EXC0001251,Missing Reference Data,Reference Data,Custodian,EMEA,Derivative,1,18,967.73,1.37,0,0,17,Medium,Missing Reference Data pattern detected from source controls,Reference Data Ops,48,Resolved,2026-04-10,Breached,20,0,Unknown / Needs SME Review,0.559,Reference Data Ops,Most similar historical pattern: Unknown / Needs SME Review,Send to SME review with source evidence and model explanation.,True,47.8,"Unknown / Needs SME Review in Reference Data from Custodian is ranked Medium because the item is 18 days old, has a break amount of 967.73, and carries confidence 0.559.",0.0784,False,Aging unresolved item,Medium
EXC0001252,Trade Match Break,Trades,Murex,Americas,Equity,1,10,43444.86,0.1,0,0,5,High,Trade Match Break pattern detected from source controls,Trade Support,24,Open,2026-03-23,Breached,20,0,Trade Match Break,0.904,Trade Support,Most similar historical pattern: Trade Match Break,Review counterparty economic fields and run fuzzy security/client match.,False,56.5,"Trade Match Break in Trades from Murex is ranked High because the item is 10 days old, has a break amount of 43444.86, and carries confidence 0.904.",0.1236,False,Multi-factor isolation signal,High
EXC0001253,Missing Reference Data,Reference Data,Aladdin,Americas,Equity,3,1,1114.17,1.14,0,0,14,Low,Missing Reference Data pattern detected from source controls,Reference Data Ops,72,Resolved,2026-05-05,Within SLA,22,0,Missing Reference Data,0.926,Reference Data Ops,Most similar historical pattern: Missing Reference Data,"Validate security master fields, enrich ISIN/ticker, and rerun downstream load.",False,15.5,"Missing Reference Data in Reference Data from Aladdin is ranked Low because the item is 1 days old, has a break amount of 1114.17, and carries confidence 0.926.",0.1495,False,Multi-factor isolation signal,Low
EXC0001254,Position Reconciliation Break,Positions,ABOR,Americas,Corporate Bond,1,3,29929.24,3.73,0,0,3,Medium,Position Reconciliation Break pattern detected from source controls,Reconciliation,48,Resolved,2026-04-01,Breached,21,0,Position Reconciliation Break,0.729,Reconciliation,Most similar historical pattern: Position Reconciliation Break,"Compare IBOR, ABOR, and custodian balances; prioritize material value gaps.",False,48.4,"Position Reconciliation Break in Positions from ABOR is ranked Medium because the item is 3 days old, has a break amount of 29929.24, and carries confidence 0.729.",0.1932,False,Multi-factor isolation signal,Medium
EXC0001255,Position Reconciliation Break,Positions,Refinitiv,Americas,Corporate Bond,1,21,7876.18,-2.54,0,0,8,High,Position Reconciliation Break pattern detected from source controls,Reconciliation,24,Resolved,2026-04-04,Breached,17,0,Position Reconciliation Break,0.636,Reconciliation,Most similar historical pattern: Position Reconciliation Break,"Compare IBOR, ABOR, and custodian balances; prioritize material value gaps.",True,56.2,"Position Reconciliation Break in Positions from Refinitiv is ranked High because the item is 21 days old, has a break amount of 7876.18, and carries confidence 0.636.",0.2847,False,Aging unresolved item,High
EXC0001256,Position Reconciliation Break,Positions,Bloomberg,APAC,Corporate Bond,0,3,128698.98,1.22,0,0,5,High,Position Reconciliation Break pattern detected from source controls,Reconciliation,24,Resolved,2026-05-10,Breached,32,1,Position Reconciliation Break,0.803,Reconciliation,Most similar historical pattern: Position Reconciliation Break,"Compare IBOR, ABOR, and custodian balances; prioritize material value gaps.",False,64.8,"Position Reconciliation Break in Positions from Bloomberg is ranked High because the item is 3 days old, has a break amount of 128698.98, and carries confidence 0.803.",0.3926,False,High-value reconciliation break,High
EXC0001257,Invalid Currency,Reference Data,Custodian,APAC,Equity,1,18,3324.22,0.02,0,1,19,High,Invalid Currency pattern detected from source controls,Reference Data Ops,24,Open,2026-03-28,Breached,11,0,Invalid Currency,0.892,Reference Data Ops,Most similar historical pattern: Invalid Currency,"Validate security currency, trade currency, and portfolio base currency mapping.",False,53.0,"Invalid Currency in Reference Data from Custodian is ranked High because the item is 18 days old, has a break amount of 3324.22, and carries confidence 0.892.",0.1143,False,Aging unresolved item,High
EXC0001258,Price Outlier,Pricing,Murex,EMEA,Equity,1,5,1982.67,20.37,0,0,2,Low,Price Outlier pattern detected from source controls,Pricing Control,72,Suppressed,2026-04-13,Breached,17,0,Price Outlier,0.963,Pricing Control,Most similar historical pattern: Price Outlier,"Check vendor price history, compare secondary source, and escalate material moves.",False,35.0,"Price Outlier in Pricing from Murex is ranked Low because the item is 5 days old, has a break amount of 1982.67, and carries confidence 0.963.",0.4056,False,Large price/return move,Low
EXC0001259,Price Outlier,Pricing,Bloomberg,APAC,ETF,0,2,1618.68,11.66,0,0,10,Low,Price Outlier pattern detected from source controls,Pricing Control,72,Resolved,2026-04-21,Within SLA,14,0,Price Outlier,0.958,Pricing Control,Most similar historical pattern: Price Outlier,"Check vendor price history, compare secondary source, and escalate material moves.",False,14.9,"Price Outlier in Pricing from Bloomberg is ranked Low because the item is 2 days old, has a break amount of 1618.68, and carries confidence 0.958.",0.2523,False,Multi-factor isolation signal,Low
EXC0001260,Trade Match Break,Trades,Refinitiv,APAC,Derivative,0,18,25820.08,-1.45,0,0,5,Critical,Trade Match Break pattern detected from source controls,Trade Support,8,Escalated,2026-05-03,Breached,15,0,Trade Match Break,0.894,Trade Support,Most similar historical pattern: Trade Match Break,Review counterparty economic fields and run fuzzy security/client match.,False,63.7,"Trade Match Break in Trades from Refinitiv is ranked Critical because the item is 18 days old, has a break amount of 25820.08, and carries confidence 0.894.",0.2028,False,Aging unresolved item,Critical
EXC0001261,Invalid Currency,Reference Data,SimCorp,Americas,Equity,1,2,7428.96,2.48,0,1,15,Medium,Invalid Currency pattern detected from source controls,Reference Data Ops,48,Resolved,2026-04-28,Within SLA,20,0,Invalid Currency,0.928,Reference Data Ops,Most similar historical pattern: Invalid Currency,"Validate security currency, trade currency, and portfolio base currency mapping.",False,24.6,"Invalid Currency in Reference Data from SimCorp is ranked Medium because the item is 2 days old, has a break amount of 7428.96, and carries confidence 0.928.",0.1129,False,Multi-factor isolation signal,Medium
EXC0001262,Missing Reference Data,Reference Data,ABOR,Americas,ETF,1,17,519.03,8.43,0,0,11,Low,Missing Reference Data pattern detected from source controls,Reference Data Ops,72,Resolved,2026-04-20,Breached,25,0,Unknown / Needs SME Review,0.574,Reference Data Ops,Most similar historical pattern: Unknown / Needs SME Review,Send to SME review with source evidence and model explanation.,True,39.1,"Unknown / Needs SME Review in Reference Data from ABOR is ranked Low because the item is 17 days old, has a break amount of 519.03, and carries confidence 0.574.",0.1567,False,Aging unresolved item,Low
EXC0001263,Delayed Source Load,Source Control,Custodian,EMEA,Government Bond,1,16,6626.59,1.25,0,0,34,High,Delayed Source Load pattern detected from source controls,Source Systems,24,Resolved,2026-04-28,Breached,10,0,Delayed Source Load,0.859,Source Systems,Most similar historical pattern: Delayed Source Load,Check source-system batch status and notify technology owner if SLA breached.,False,53.6,"Delayed Source Load in Source Control from Custodian is ranked High because the item is 16 days old, has a break amount of 6626.59, and carries confidence 0.859.",0.2088,False,Aging unresolved item,High
EXC0001264,Price Outlier,Pricing,Bloomberg,Americas,ETF,1,21,1774.84,28.18,0,0,16,Medium,Price Outlier pattern detected from source controls,Pricing Control,48,Resolved,2026-04-23,Breached,14,0,Price Outlier,0.937,Pricing Control,Most similar historical pattern: Price Outlier,"Check vendor price history, compare secondary source, and escalate material moves.",False,43.8,"Price Outlier in Pricing from Bloomberg is ranked Medium because the item is 21 days old, has a break amount of 1774.84, and carries confidence 0.937.",0.6313,True,Large price/return move,High
EXC0001265,Stale Price,Pricing,Murex,APAC,Corporate Bond,1,11,613.54,-0.32,0,0,26,Low,Stale Price pattern detected from source controls,Pricing Control,72,Resolved,2026-04-04,Breached,15,0,Stale Price,0.936,Pricing Control,Most similar historical pattern: Stale Price,"Check vendor price history, compare secondary source, and escalate material moves.",False,35.0,"Stale Price in Pricing from Murex is ranked Low because the item is 11 days old, has a break amount of 613.54, and carries confidence 0.936.",0.1294,False,Multi-factor isolation signal,Low
EXC0001266,Duplicate Record,Trades,SimCorp,APAC,Corporate Bond,0,20,15948.75,3.84,1,0,13,High,Duplicate Record pattern detected from source controls,Trade Support,24,Escalated,2026-05-07,Breached,19,0,Duplicate Record,0.914,Trade Support,Most similar historical pattern: Duplicate Record,Confirm duplicate key collision and suppress or merge after control approval.,False,54.1,"Duplicate Record in Trades from SimCorp is ranked High because the item is 20 days old, has a break amount of 15948.75, and carries confidence 0.914.",0.1768,False,Aging unresolved item,High
EXC0001267,Price Outlier,Pricing,Aladdin,EMEA,ETF,1,14,1646.6,15.9,0,0,7,Medium,Price Outlier pattern detected from source controls,Pricing Control,48,Resolved,2026-03-23,Breached,17,0,Price Outlier,0.953,Pricing Control,Most similar historical pattern: Price Outlier,"Check vendor price history, compare secondary source, and escalate material moves.",False,43.8,"Price Outlier in Pricing from Aladdin is ranked Medium because the item is 14 days old, has a break amount of 1646.6, and carries confidence 0.953.",0.2735,False,Large price/return move,Medium
EXC0001268,Trade Match Break,Trades,Bloomberg,EMEA,ETF,0,0,57960.98,4.75,0,0,4,Medium,Trade Match Break pattern detected from source controls,Trade Support,48,Escalated,2026-04-29,Within SLA,40,1,Trade Match Break,0.895,Trade Support,Most similar historical pattern: Trade Match Break,Review counterparty economic fields and run fuzzy security/client match.,False,29.8,"Trade Match Break in Trades from Bloomberg is ranked Medium because the item is 0 days old, has a break amount of 57960.98, and carries confidence 0.895.",0.4371,False,Multi-factor isolation signal,Medium
EXC0001269,Missing Reference Data,Reference Data,Bloomberg,Americas,ETF,4,6,2031.06,-2.59,0,0,1,Low,Missing Reference Data pattern detected from source controls,Reference Data Ops,72,Resolved,2026-04-25,Breached,18,0,Missing Reference Data,0.904,Reference Data Ops,Most similar historical pattern: Missing Reference Data,"Validate security master fields, enrich ISIN/ticker, and rerun downstream load.",False,35.6,"Missing Reference Data in Reference Data from Bloomberg is ranked Low because the item is 6 days old, has a break amount of 2031.06, and carries confidence 0.904.",0.1542,False,Multi-factor isolation signal,Low
EXC0001270,Position Reconciliation Break,Positions,Bloomberg,Americas,Equity,1,0,28892.55,1.98,0,0,11,Medium,Position Reconciliation Break pattern detected from source controls,Reconciliation,48,Resolved,2026-04-24,Within SLA,32,0,Position Reconciliation Break,0.887,Reconciliation,Most similar historical pattern: Position Reconciliation Break,"Compare IBOR, ABOR, and custodian balances; prioritize material value gaps.",False,27.2,"Position Reconciliation Break in Positions from Bloomberg is ranked Medium because the item is 0 days old, has a break amount of 28892.55, and carries confidence 0.887.",0.2804,False,Multi-factor isolation signal,Medium
EXC0001271,Price Outlier,Pricing,Aladdin,Americas,Government Bond,1,19,1276.44,15.54,0,0,12,Medium,Price Outlier pattern detected from source controls,Pricing Control,48,Resolved,2026-05-13,Breached,17,0,Price Outlier,0.975,Pricing Control,Most similar historical pattern: Price Outlier,"Check vendor price history, compare secondary source, and escalate material moves.",False,43.5,"Price Outlier in Pricing from Aladdin is ranked Medium because the item is 19 days old, has a break amount of 1276.44, and carries confidence 0.975.",0.3478,False,Large price/return move,Medium
EXC0001272,Stale Price,Pricing,Murex,Americas,Derivative,0,8,794.14,3.41,0,0,23,Low,Stale Price pattern detected from source controls,Pricing Control,72,Resolved,2026-04-17,Breached,15,0,Stale Price,0.912,Pricing Control,Most similar historical pattern: Stale Price,"Check vendor price history, compare secondary source, and escalate material moves.",False,35.3,"Stale Price in Pricing from Murex is ranked Low because the item is 8 days old, has a break amount of 794.14, and carries confidence 0.912.",0.1002,False,Multi-factor isolation signal,Low
EXC0001273,Trade Match Break,Trades,Bloomberg,EMEA,Government Bond,1,11,147667.58,3.23,0,0,5,Critical,Trade Match Break pattern detected from source controls,Trade Support,8,Open,2026-05-17,Breached,40,1,Trade Match Break,0.909,Trade Support,Most similar historical pattern: Trade Match Break,Review counterparty economic fields and run fuzzy security/client match.,False,74.3,"Trade Match Break in Trades from Bloomberg is ranked Critical because the item is 11 days old, has a break amount of 147667.58, and carries confidence 0.909.",0.3654,False,High-value reconciliation break,Critical
EXC0001274,Missing Client Mapping,Client Data,Murex,EMEA,Derivative,4,17,1188.01,2.17,0,0,1,Medium,Missing Client Mapping pattern detected from source controls,Client Data Ops,48,Open,2026-04-01,Breached,12,0,Missing Client Mapping,0.945,Client Data Ops,Most similar historical pattern: Missing Client Mapping,Route to client-data operations to complete portfolio and account mapping.,False,43.6,"Missing Client Mapping in Client Data from Murex is ranked Medium because the item is 17 days old, has a break amount of 1188.01, and carries confidence 0.945.",0.1111,False,Aging unresolved item,Medium
EXC0001275,Missing Client Mapping,Client Data,IBOR,EMEA,ETF,2,12,2494.66,4.38,0,0,11,Medium,Missing Client Mapping pattern detected from source controls,Client Data Ops,48,Open,2026-03-31,Breached,15,0,Missing Client Mapping,0.979,Client Data Ops,Most similar historical pattern: Missing Client Mapping,Route to client-data operations to complete portfolio and account mapping.,False,43.5,"Missing Client Mapping in Client Data from IBOR is ranked Medium because the item is 12 days old, has a break amount of 2494.66, and carries confidence 0.979.",0.0407,False,Multi-factor isolation signal,Medium
EXC0001276,Trade Match Break,Trades,ABOR,APAC,Corporate Bond,1,20,213288.8,-0.98,0,0,18,Critical,Trade Match Break pattern detected from source controls,Trade Support,8,Open,2026-04-30,Breached,28,1,Trade Match Break,0.845,Trade Support,Most similar historical pattern: Trade Match Break,Review counterparty economic fields and run fuzzy security/client match.,False,79.7,"Trade Match Break in Trades from ABOR is ranked Critical because the item is 20 days old, has a break amount of 213288.8, and carries confidence 0.845.",0.6589,True,High-value reconciliation break,High
EXC0001277,Unknown / Needs SME Review,Reference Data,Bloomberg,APAC,Government Bond,0,21,1591.08,-0.11,0,0,13,Medium,Unknown / Needs SME Review pattern detected from source controls,Reference Data Ops,48,Resolved,2026-05-01,Breached,12,0,Unknown / Needs SME Review,0.785,Reference Data Ops,Most similar historical pattern: Unknown / Needs SME Review,Send to SME review with source evidence and model explanation.,True,45.3,"Unknown / Needs SME Review in Reference Data from Bloomberg is ranked Medium because the item is 21 days old, has a break amount of 1591.08, and carries confidence 0.785.",0.1899,False,Aging unresolved item,Medium
EXC0001278,Stale Price,Pricing,IBOR,EMEA,Corporate Bond,1,4,3165.49,0.49,0,0,85,Medium,Stale Price pattern detected from source controls,Pricing Control,48,Resolved,2026-05-04,Breached,22,0,Stale Price,0.943,Pricing Control,Most similar historical pattern: Stale Price,"Check vendor price history, compare secondary source, and escalate material moves.",False,44.2,"Stale Price in Pricing from IBOR is ranked Medium because the item is 4 days old, has a break amount of 3165.49, and carries confidence 0.943.",0.4607,True,Late source refresh,Medium
EXC0001279,Delayed Source Load,Source Control,Refinitiv,EMEA,Government Bond,1,16,1764.33,5.21,0,0,76,Medium,Delayed Source Load pattern detected from source controls,Source Systems,48,Escalated,2026-03-31,Breached,14,0,Delayed Source Load,0.959,Source Systems,Most similar historical pattern: Delayed Source Load,Check source-system batch status and notify technology owner if SLA breached.,False,43.6,"Delayed Source Load in Source Control from Refinitiv is ranked Medium because the item is 16 days old, has a break amount of 1764.33, and carries confidence 0.959.",0.4585,True,Late source refresh,Medium
EXC0001280,Unknown / Needs SME Review,Reference Data,Bloomberg,EMEA,Equity,0,4,1350.57,2.67,0,0,18,Low,Unknown / Needs SME Review pattern detected from source controls,Reference Data Ops,72,Resolved,2026-03-22,Breached,12,0,Unknown / Needs SME Review,0.682,Reference Data Ops,Most similar historical pattern: Unknown / Needs SME Review,Send to SME review with source evidence and model explanation.,True,37.5,"Unknown / Needs SME Review in Reference Data from Bloomberg is ranked Low because the item is 4 days old, has a break amount of 1350.57, and carries confidence 0.682.",0.0869,False,Multi-factor isolation signal,Low
EXC0001281,Position Reconciliation Break,Positions,Murex,EMEA,Equity,1,15,53130.88,3.2,0,0,3,Critical,Position Reconciliation Break pattern detected from source controls,Reconciliation,8,Resolved,2026-05-13,Breached,23,1,Position Reconciliation Break,0.832,Reconciliation,Most similar historical pattern: Position Reconciliation Break,"Compare IBOR, ABOR, and custodian balances; prioritize material value gaps.",False,66.9,"Position Reconciliation Break in Positions from Murex is ranked Critical because the item is 15 days old, has a break amount of 53130.88, and carries confidence 0.832.",0.1579,False,Aging unresolved item,Critical
EXC0001282,Missing Reference Data,Reference Data,ABOR,APAC,ETF,2,11,1751.94,1.05,0,0,5,Medium,Missing Reference Data pattern detected from source controls,Reference Data Ops,48,Open,2026-05-11,Breached,25,0,Missing Reference Data,0.84,Reference Data Ops,Most similar historical pattern: Missing Reference Data,"Validate security master fields, enrich ISIN/ticker, and rerun downstream load.",False,45.2,"Missing Reference Data in Reference Data from ABOR is ranked Medium because the item is 11 days old, has a break amount of 1751.94, and carries confidence 0.84.",0.0385,False,Multi-factor isolation signal,Medium
EXC0001283,Performance Return Outlier,Positions,Bloomberg,Americas,Corporate Bond,1,19,7966.91,18.39,0,0,16,High,Performance Return Outlier pattern detected from source controls,Reconciliation,24,Resolved,2026-05-17,Breached,8,0,Performance Return Outlier,0.644,Reconciliation,Most similar historical pattern: Performance Return Outlier,"Check vendor price history, compare secondary source, and escalate material moves.",True,55.8,"Performance Return Outlier in Positions from Bloomberg is ranked High because the item is 19 days old, has a break amount of 7966.91, and carries confidence 0.644.",0.4291,False,Large price/return move,High
EXC0001284,Trade Match Break,Trades,Aladdin,APAC,Derivative,0,3,24817.72,-2.38,0,0,13,Medium,Trade Match Break pattern detected from source controls,Trade Support,48,Resolved,2026-04-23,Breached,27,0,Trade Match Break,0.927,Trade Support,Most similar historical pattern: Trade Match Break,Review counterparty economic fields and run fuzzy security/client match.,False,46.3,"Trade Match Break in Trades from Aladdin is ranked Medium because the item is 3 days old, has a break amount of 24817.72, and carries confidence 0.927.",0.2122,False,Multi-factor isolation signal,Medium
EXC0001285,Stale Price,Pricing,Custodian,Americas,Corporate Bond,0,21,354.93,0.48,0,0,44,Medium,Stale Price pattern detected from source controls,Pricing Control,48,Resolved,2026-05-01,Breached,21,0,Stale Price,0.962,Pricing Control,Most similar historical pattern: Stale Price,"Check vendor price history, compare secondary source, and escalate material moves.",False,43.7,"Stale Price in Pricing from Custodian is ranked Medium because the item is 21 days old, has a break amount of 354.93, and carries confidence 0.962.",0.4228,False,Aging unresolved item,Medium
EXC0001286,Performance Return Outlier,Positions,Murex,EMEA,ETF,1,11,2768.14,3.25,0,0,0,Medium,Performance Return Outlier pattern detected from source controls,Reconciliation,48,Resolved,2026-04-26,Breached,10,0,Position Reconciliation Break,0.566,Reconciliation,Most similar historical pattern: Position Reconciliation Break,"Compare IBOR, ABOR, and custodian balances; prioritize material value gaps.",True,47.5,"Position Reconciliation Break in Positions from Murex is ranked Medium because the item is 11 days old, has a break amount of 2768.14, and carries confidence 0.566.",0.1002,False,Multi-factor isolation signal,Medium
EXC0001287,Trade Match Break,Trades,Murex,Americas,Government Bond,0,17,147716.72,0.31,0,0,2,Critical,Trade Match Break pattern detected from source controls,Trade Support,8,Open,2026-05-01,Breached,20,1,Trade Match Break,0.892,Trade Support,Most similar historical pattern: Trade Match Break,Review counterparty economic fields and run fuzzy security/client match.,False,73.7,"Trade Match Break in Trades from Murex is ranked Critical because the item is 17 days old, has a break amount of 147716.72, and carries confidence 0.892.",0.4339,False,High-value reconciliation break,Critical
EXC0001288,Position Reconciliation Break,Positions,Refinitiv,Americas,Corporate Bond,0,17,64476.55,0.7,0,0,11,Critical,Position Reconciliation Break pattern detected from source controls,Reconciliation,8,Escalated,2026-04-16,Breached,17,1,Position Reconciliation Break,0.809,Reconciliation,Most similar historical pattern: Position Reconciliation Break,"Compare IBOR, ABOR, and custodian balances; prioritize material value gaps.",False,67.7,"Position Reconciliation Break in Positions from Refinitiv is ranked Critical because the item is 17 days old, has a break amount of 64476.55, and carries confidence 0.809.",0.1844,False,Aging unresolved item,Critical
EXC0001289,Position Reconciliation Break,Positions,Custodian,EMEA,ETF,0,17,28726.69,2.87,0,0,6,Critical,Position Reconciliation Break pattern detected from source controls,Reconciliation,8,Resolved,2026-03-21,Breached,18,0,Position Reconciliation Break,0.83,Reconciliation,Most similar historical pattern: Position Reconciliation Break,"Compare IBOR, ABOR, and custodian balances; prioritize material value gaps.",False,64.7,"Position Reconciliation Break in Positions from Custodian is ranked Critical because the item is 17 days old, has a break amount of 28726.69, and carries confidence 0.83.",0.1225,False,Aging unresolved item,Critical
EXC0001290,Performance Return Outlier,Positions,ABOR,APAC,Government Bond,1,5,48419.34,19.47,0,0,3,High,Performance Return Outlier pattern detected from source controls,Reconciliation,24,Escalated,2026-03-22,Breached,10,1,Performance Return Outlier,0.862,Reconciliation,Most similar historical pattern: Performance Return Outlier,"Check vendor price history, compare secondary source, and escalate material moves.",False,56.9,"Performance Return Outlier in Positions from ABOR is ranked High because the item is 5 days old, has a break amount of 48419.34, and carries confidence 0.862.",0.5352,True,Large price/return move,High
EXC0001291,Position Reconciliation Break,Positions,SimCorp,EMEA,Derivative,1,4,94949.94,4.48,0,0,1,High,Position Reconciliation Break pattern detected from source controls,Reconciliation,24,Resolved,2026-05-05,Breached,16,1,Position Reconciliation Break,0.824,Reconciliation,Most similar historical pattern: Position Reconciliation Break,"Compare IBOR, ABOR, and custodian balances; prioritize material value gaps.",False,61.2,"Position Reconciliation Break in Positions from SimCorp is ranked High because the item is 4 days old, has a break amount of 94949.94, and carries confidence 0.824.",0.3864,False,High-value reconciliation break,High
EXC0001292,Delayed Source Load,Source Control,Bloomberg,APAC,Corporate Bond,1,2,2589.13,-3.72,0,0,58,Low,Delayed Source Load pattern detected from source controls,Source Systems,72,Open,2026-03-30,Within SLA,10,0,Delayed Source Load,0.955,Source Systems,Most similar historical pattern: Delayed Source Load,Check source-system batch status and notify technology owner if SLA breached.,False,14.8,"Delayed Source Load in Source Control from Bloomberg is ranked Low because the item is 2 days old, has a break amount of 2589.13, and carries confidence 0.955.",0.4787,True,Late source refresh,Low
EXC0001293,Stale Price,Pricing,SimCorp,Americas,Corporate Bond,0,19,1500.3,5.22,0,0,48,Medium,Stale Price pattern detected from source controls,Pricing Control,48,Open,2026-04-05,Breached,16,0,Stale Price,0.901,Pricing Control,Most similar historical pattern: Stale Price,"Check vendor price history, compare secondary source, and escalate material moves.",False,44.3,"Stale Price in Pricing from SimCorp is ranked Medium because the item is 19 days old, has a break amount of 1500.3, and carries confidence 0.901.",0.3776,False,Aging unresolved item,Medium
EXC0001294,Duplicate Record,Trades,Custodian,Americas,Equity,1,13,85035.46,-0.12,1,0,4,Critical,Duplicate Record pattern detected from source controls,Trade Support,8,Open,2026-03-26,Breached,22,1,Duplicate Record,0.928,Trade Support,Most similar historical pattern: Duplicate Record,Confirm duplicate key collision and suppress or merge after control approval.,False,68.4,"Duplicate Record in Trades from Custodian is ranked Critical because the item is 13 days old, has a break amount of 85035.46, and carries confidence 0.928.",0.2593,False,High-value reconciliation break,Critical
EXC0001295,Position Reconciliation Break,Positions,Murex,APAC,Government Bond,0,19,43267.65,4.79,0,0,15,Critical,Position Reconciliation Break pattern detected from source controls,Reconciliation,8,Resolved,2026-03-25,Breached,23,0,Position Reconciliation Break,0.668,Reconciliation,Most similar historical pattern: Position Reconciliation Break,"Compare IBOR, ABOR, and custodian balances; prioritize material value gaps.",True,67.7,"Position Reconciliation Break in Positions from Murex is ranked Critical because the item is 19 days old, has a break amount of 43267.65, and carries confidence 0.668.",0.2559,False,Aging unresolved item,Critical
EXC0001296,Trade Match Break,Trades,Bloomberg,EMEA,Government Bond,1,7,11959.58,0.46,0,0,15,Medium,Trade Match Break pattern detected from source controls,Trade Support,48,Resolved,2026-05-13,Breached,40,0,Trade Match Break,0.928,Trade Support,Most similar historical pattern: Trade Match Break,Review counterparty economic fields and run fuzzy security/client match.,False,45.8,"Trade Match Break in Trades from Bloomberg is ranked Medium because the item is 7 days old, has a break amount of 11959.58, and carries confidence 0.928.",0.0681,False,Multi-factor isolation signal,Medium
EXC0001297,Stale Price,Pricing,Murex,EMEA,ETF,1,13,1348.85,2.42,0,0,59,Medium,Stale Price pattern detected from source controls,Pricing Control,48,Open,2026-04-03,Breached,15,0,Stale Price,0.93,Pricing Control,Most similar historical pattern: Stale Price,"Check vendor price history, compare secondary source, and escalate material moves.",False,43.9,"Stale Price in Pricing from Murex is ranked Medium because the item is 13 days old, has a break amount of 1348.85, and carries confidence 0.93.",0.2622,False,Late source refresh,Medium
EXC0001298,Missing Reference Data,Reference Data,Custodian,EMEA,Equity,4,1,2455.47,-1.19,0,0,14,Low,Missing Reference Data pattern detected from source controls,Reference Data Ops,72,Escalated,2026-04-04,Within SLA,20,0,Missing Reference Data,0.902,Reference Data Ops,Most similar historical pattern: Missing Reference Data,"Validate security master fields, enrich ISIN/ticker, and rerun downstream load.",False,15.7,"Missing Reference Data in Reference Data from Custodian is ranked Low because the item is 1 days old, has a break amount of 2455.47, and carries confidence 0.902.",0.1845,False,Multi-factor isolation signal,Low
EXC0001299,Price Outlier,Pricing,Bloomberg,APAC,Corporate Bond,1,14,624.45,21.96,0,0,9,Low,Price Outlier pattern detected from source controls,Pricing Control,72,Resolved,2026-03-22,Breached,14,0,Price Outlier,0.943,Pricing Control,Most similar historical pattern: Price Outlier,"Check vendor price history, compare secondary source, and escalate material moves.",False,34.9,"Price Outlier in Pricing from Bloomberg is ranked Low because the item is 14 days old, has a break amount of 624.45, and carries confidence 0.943.",0.4154,False,Large price/return move,Low
EXC0001300,Invalid Currency,Reference Data,Murex,APAC,Corporate Bond,1,19,4022.19,2.95,0,1,3,High,Invalid Currency pattern detected from source controls,Reference Data Ops,24,Escalated,2026-04-04,Breached,12,0,Invalid Currency,0.847,Reference Data Ops,Most similar historical pattern: Invalid Currency,"Validate security currency, trade currency, and portfolio base currency mapping.",False,53.6,"Invalid Currency in Reference Data from Murex is ranked High because the item is 19 days old, has a break amount of 4022.19, and carries confidence 0.847.",0.1271,False,Aging unresolved item,High
EXC0001301,Price Outlier,Pricing,Custodian,APAC,Government Bond,1,13,2074.3,1.67,0,0,3,Medium,Price Outlier pattern detected from source controls,Pricing Control,48,Resolved,2026-05-09,Breached,14,0,Price Outlier,0.672,Pricing Control,Most similar historical pattern: Price Outlier,"Check vendor price history, compare secondary source, and escalate material moves.",True,46.5,"Price Outlier in Pricing from Custodian is ranked Medium because the item is 13 days old, has a break amount of 2074.3, and carries confidence 0.672.",0.0354,False,Aging unresolved item,Medium
EXC0001302,Invalid Currency,Reference Data,Custodian,EMEA,Corporate Bond,1,18,688.41,-1.54,0,1,12,Medium,Invalid Currency pattern detected from source controls,Reference Data Ops,48,Open,2026-04-29,Breached,11,0,Invalid Currency,0.917,Reference Data Ops,Most similar historical pattern: Invalid Currency,"Validate security currency, trade currency, and portfolio base currency mapping.",False,43.8,"Invalid Currency in Reference Data from Custodian is ranked Medium because the item is 18 days old, has a break amount of 688.41, and carries confidence 0.917.",0.1365,False,Aging unresolved item,Medium
EXC0001303,Delayed Source Load,Source Control,SimCorp,Americas,Government Bond,0,11,1132.96,3.42,0,0,38,Low,Delayed Source Load pattern detected from source controls,Source Systems,72,Resolved,2026-04-08,Breached,11,0,Delayed Source Load,0.921,Source Systems,Most similar historical pattern: Delayed Source Load,Check source-system batch status and notify technology owner if SLA breached.,False,35.1,"Delayed Source Load in Source Control from SimCorp is ranked Low because the item is 11 days old, has a break amount of 1132.96, and carries confidence 0.921.",0.182,False,Multi-factor isolation signal,Low
EXC0001304,Invalid Currency,Reference Data,Custodian,EMEA,Derivative,0,9,2860.54,0.46,0,1,14,Medium,Invalid Currency pattern detected from source controls,Reference Data Ops,48,Resolved,2026-04-30,Breached,11,0,Invalid Currency,0.905,Reference Data Ops,Most similar historical pattern: Invalid Currency,"Validate security currency, trade currency, and portfolio base currency mapping.",False,44.1,"Invalid Currency in Reference Data from Custodian is ranked Medium because the item is 9 days old, has a break amount of 2860.54, and carries confidence 0.905.",0.0305,False,Multi-factor isolation signal,Medium
EXC0001305,Missing Client Mapping,Client Data,SimCorp,Americas,Corporate Bond,3,4,477.16,-0.71,0,0,16,Low,Missing Client Mapping pattern detected from source controls,Client Data Ops,72,Resolved,2026-04-18,Breached,15,0,Missing Client Mapping,0.953,Client Data Ops,Most similar historical pattern: Missing Client Mapping,Route to client-data operations to complete portfolio and account mapping.,False,34.9,"Missing Client Mapping in Client Data from SimCorp is ranked Low because the item is 4 days old, has a break amount of 477.16, and carries confidence 0.953.",0.1134,False,Multi-factor isolation signal,Low
EXC0001306,Position Reconciliation Break,Positions,Refinitiv,EMEA,Derivative,0,5,30320.73,5.31,0,0,16,High,Position Reconciliation Break pattern detected from source controls,Reconciliation,24,Open,2026-04-13,Breached,17,0,Position Reconciliation Break,0.682,Reconciliation,Most similar historical pattern: Position Reconciliation Break,"Compare IBOR, ABOR, and custodian balances; prioritize material value gaps.",True,57.5,"Position Reconciliation Break in Positions from Refinitiv is ranked High because the item is 5 days old, has a break amount of 30320.73, and carries confidence 0.682.",0.2163,False,Multi-factor isolation signal,High
EXC0001307,Unknown / Needs SME Review,Reference Data,Murex,Americas,Equity,0,14,1245.52,6.19,0,0,0,Medium,Unknown / Needs SME Review pattern detected from source controls,Reference Data Ops,48,Open,2026-03-28,Breached,14,0,Unknown / Needs SME Review,0.733,Reference Data Ops,Most similar historical pattern: Unknown / Needs SME Review,Send to SME review with source evidence and model explanation.,True,45.8,"Unknown / Needs SME Review in Reference Data from Murex is ranked Medium because the item is 14 days old, has a break amount of 1245.52, and carries confidence 0.733.",0.159,False,Aging unresolved item,Medium
EXC0001308,Missing Client Mapping,Client Data,Murex,APAC,Government Bond,2,8,3944.88,1.5,0,0,18,Medium,Missing Client Mapping pattern detected from source controls,Client Data Ops,48,Resolved,2026-05-11,Breached,12,0,Missing Client Mapping,0.954,Client Data Ops,Most similar historical pattern: Missing Client Mapping,Route to client-data operations to complete portfolio and account mapping.,False,43.8,"Missing Client Mapping in Client Data from Murex is ranked Medium because the item is 8 days old, has a break amount of 3944.88, and carries confidence 0.954.",0.0485,False,Multi-factor isolation signal,Medium
EXC0001309,Trade Match Break,Trades,Refinitiv,APAC,Equity,0,8,54094.72,4.68,0,0,12,High,Trade Match Break pattern detected from source controls,Trade Support,24,Open,2026-04-05,Breached,15,1,Trade Match Break,0.895,Trade Support,Most similar historical pattern: Trade Match Break,Review counterparty economic fields and run fuzzy security/client match.,False,57.2,"Trade Match Break in Trades from Refinitiv is ranked High because the item is 8 days old, has a break amount of 54094.72, and carries confidence 0.895.",0.1695,False,Multi-factor isolation signal,High
EXC0001310,Invalid Currency,Reference Data,Bloomberg,Americas,Government Bond,1,12,2447.9,5.29,0,1,17,Medium,Invalid Currency pattern detected from source controls,Reference Data Ops,48,Escalated,2026-03-25,Breached,17,0,Invalid Currency,0.868,Reference Data Ops,Most similar historical pattern: Invalid Currency,"Validate security currency, trade currency, and portfolio base currency mapping.",False,44.7,"Invalid Currency in Reference Data from Bloomberg is ranked Medium because the item is 12 days old, has a break amount of 2447.9, and carries confidence 0.868.",0.0605,False,Multi-factor isolation signal,Medium
EXC0001311,Invalid Currency,Reference Data,SimCorp,EMEA,Corporate Bond,1,11,144.29,1.46,0,1,18,Low,Invalid Currency pattern detected from source controls,Reference Data Ops,72,Resolved,2026-04-03,Breached,20,0,Invalid Currency,0.9,Reference Data Ops,Most similar historical pattern: Invalid Currency,"Validate security currency, trade currency, and portfolio base currency mapping.",False,35.6,"Invalid Currency in Reference Data from SimCorp is ranked Low because the item is 11 days old, has a break amount of 144.29, and carries confidence 0.9.",0.03,False,Multi-factor isolation signal,Low
EXC0001312,Missing Client Mapping,Client Data,SimCorp,APAC,Equity,4,17,739.95,0.22,0,0,2,Medium,Missing Client Mapping pattern detected from source controls,Client Data Ops,48,Resolved,2026-05-19,Breached,15,0,Missing Client Mapping,0.952,Client Data Ops,Most similar historical pattern: Missing Client Mapping,Route to client-data operations to complete portfolio and account mapping.,False,43.6,"Missing Client Mapping in Client Data from SimCorp is ranked Medium because the item is 17 days old, has a break amount of 739.95, and carries confidence 0.952.",0.1178,False,Aging unresolved item,Medium
EXC0001313,Trade Match Break,Trades,Custodian,Americas,Derivative,0,19,5745.05,1.72,0,0,18,High,Trade Match Break pattern detected from source controls,Trade Support,24,Suppressed,2026-04-26,Breached,24,0,Trade Match Break,0.778,Trade Support,Most similar historical pattern: Trade Match Break,Review counterparty economic fields and run fuzzy security/client match.,False,54.9,"Trade Match Break in Trades from Custodian is ranked High because the item is 19 days old, has a break amount of 5745.05, and carries confidence 0.778.",0.109,False,Aging unresolved item,High
EXC0001314,Position Reconciliation Break,Positions,Murex,APAC,ETF,1,2,28576.57,-2.14,0,0,10,Medium,Position Reconciliation Break pattern detected from source controls,Reconciliation,48,Resolved,2026-04-17,Within SLA,23,0,Position Reconciliation Break,0.773,Reconciliation,Most similar historical pattern: Position Reconciliation Break,"Compare IBOR, ABOR, and custodian balances; prioritize material value gaps.",False,28.0,"Position Reconciliation Break in Positions from Murex is ranked Medium because the item is 2 days old, has a break amount of 28576.57, and carries confidence 0.773.",0.2214,False,Multi-factor isolation signal,Medium
EXC0001315,Delayed Source Load,Source Control,ABOR,Americas,Equity,0,2,224.73,2.92,0,0,21,Low,Delayed Source Load pattern detected from source controls,Source Systems,72,Escalated,2026-04-09,Within SLA,22,0,Delayed Source Load,0.88,Source Systems,Most similar historical pattern: Delayed Source Load,Check source-system batch status and notify technology owner if SLA breached.,False,15.8,"Delayed Source Load in Source Control from ABOR is ranked Low because the item is 2 days old, has a break amount of 224.73, and carries confidence 0.88.",0.1347,False,Multi-factor isolation signal,Low
EXC0001316,Unknown / Needs SME Review,Reference Data,Bloomberg,EMEA,ETF,1,18,12066.85,0.68,0,0,19,High,Unknown / Needs SME Review pattern detected from source controls,Reference Data Ops,24,Resolved,2026-04-02,Breached,12,0,Unknown / Needs SME Review,0.501,Reference Data Ops,Most similar historical pattern: Unknown / Needs SME Review,Send to SME review with source evidence and model explanation.,True,57.7,"Unknown / Needs SME Review in Reference Data from Bloomberg is ranked High because the item is 18 days old, has a break amount of 12066.85, and carries confidence 0.501.",0.1065,False,Aging unresolved item,High
EXC0001317,Trade Match Break,Trades,ABOR,Americas,Equity,0,21,13309.33,1.64,0,0,12,Critical,Trade Match Break pattern detected from source controls,Trade Support,8,Resolved,2026-03-28,Breached,28,0,Trade Match Break,0.86,Trade Support,Most similar historical pattern: Trade Match Break,Review counterparty economic fields and run fuzzy security/client match.,False,63.6,"Trade Match Break in Trades from ABOR is ranked Critical because the item is 21 days old, has a break amount of 13309.33, and carries confidence 0.86.",0.1974,False,Aging unresolved item,Critical
EXC0001318,Position Reconciliation Break,Positions,Refinitiv,Americas,Government Bond,1,11,8125.45,1.61,0,0,12,High,Position Reconciliation Break pattern detected from source controls,Reconciliation,24,Open,2026-04-01,Breached,17,0,Position Reconciliation Break,0.842,Reconciliation,Most similar historical pattern: Position Reconciliation Break,"Compare IBOR, ABOR, and custodian balances; prioritize material value gaps.",False,54.2,"Position Reconciliation Break in Positions from Refinitiv is ranked High because the item is 11 days old, has a break amount of 8125.45, and carries confidence 0.842.",0.0224,False,Multi-factor isolation signal,High
EXC0001319,Trade Match Break,Trades,IBOR,EMEA,ETF,1,12,2274.76,-0.62,0,0,12,Medium,Trade Match Break pattern detected from source controls,Trade Support,48,Open,2026-05-08,Breached,21,0,Trade Match Break,0.784,Trade Support,Most similar historical pattern: Trade Match Break,Review counterparty economic fields and run fuzzy security/client match.,False,45.7,"Trade Match Break in Trades from IBOR is ranked Medium because the item is 12 days old, has a break amount of 2274.76, and carries confidence 0.784.",0.0219,False,Multi-factor isolation signal,Medium
EXC0001320,Invalid Currency,Reference Data,Bloomberg,APAC,Equity,0,15,10527.45,1.41,0,1,12,High,Invalid Currency pattern detected from source controls,Reference Data Ops,24,Resolved,2026-04-10,Breached,17,0,Invalid Currency,0.87,Reference Data Ops,Most similar historical pattern: Invalid Currency,"Validate security currency, trade currency, and portfolio base currency mapping.",False,54.1,"Invalid Currency in Reference Data from Bloomberg is ranked High because the item is 15 days old, has a break amount of 10527.45, and carries confidence 0.87.",0.0109,False,Aging unresolved item,High
EXC0001321,Missing Reference Data,Reference Data,ABOR,APAC,Derivative,1,20,582.01,-1.9,0,0,14,Medium,Missing Reference Data pattern detected from source controls,Reference Data Ops,48,Resolved,2026-05-18,Breached,25,0,Unknown / Needs SME Review,0.614,Reference Data Ops,Most similar historical pattern: Unknown / Needs SME Review,Send to SME review with source evidence and model explanation.,True,47.4,"Unknown / Needs SME Review in Reference Data from ABOR is ranked Medium because the item is 20 days old, has a break amount of 582.01, and carries confidence 0.614.",0.2026,False,Aging unresolved item,Medium
EXC0001322,Unknown / Needs SME Review,Reference Data,Refinitiv,EMEA,Equity,1,7,1132.01,0.29,0,0,7,Low,Unknown / Needs SME Review pattern detected from source controls,Reference Data Ops,72,Open,2026-05-12,Breached,11,0,Unknown / Needs SME Review,0.612,Reference Data Ops,Most similar historical pattern: Unknown / Needs SME Review,Send to SME review with source evidence and model explanation.,True,38.2,"Unknown / Needs SME Review in Reference Data from Refinitiv is ranked Low because the item is 7 days old, has a break amount of 1132.01, and carries confidence 0.612.",0.0627,False,Multi-factor isolation signal,Low
EXC0001323,Position Reconciliation Break,Positions,ABOR,EMEA,Equity,1,4,12454.38,-1.28,0,0,18,Medium,Position Reconciliation Break pattern detected from source controls,Reconciliation,48,Open,2026-05-01,Breached,21,0,Position Reconciliation Break,0.871,Reconciliation,Most similar historical pattern: Position Reconciliation Break,"Compare IBOR, ABOR, and custodian balances; prioritize material value gaps.",False,45.6,"Position Reconciliation Break in Positions from ABOR is ranked Medium because the item is 4 days old, has a break amount of 12454.38, and carries confidence 0.871.",0.1582,False,Multi-factor isolation signal,Medium
EXC0001324,Price Outlier,Pricing,SimCorp,EMEA,Government Bond,0,17,1161.54,19.64,0,0,13,Medium,Price Outlier pattern detected from source controls,Pricing Control,48,Resolved,2026-04-12,Breached,12,0,Price Outlier,0.956,Pricing Control,Most similar historical pattern: Price Outlier,"Check vendor price history, compare secondary source, and escalate material moves.",False,43.5,"Price Outlier in Pricing from SimCorp is ranked Medium because the item is 17 days old, has a break amount of 1161.54, and carries confidence 0.956.",0.3842,False,Large price/return move,Medium
EXC0001325,Missing Reference Data,Reference Data,Murex,Americas,ETF,3,1,2667.99,-4.14,0,0,9,Low,Missing Reference Data pattern detected from source controls,Reference Data Ops,72,Resolved,2026-03-29,Within SLA,15,0,Missing Reference Data,0.796,Reference Data Ops,Most similar historical pattern: Missing Reference Data,"Validate security master fields, enrich ISIN/ticker, and rerun downstream load.",False,16.6,"Missing Reference Data in Reference Data from Murex is ranked Low because the item is 1 days old, has a break amount of 2667.99, and carries confidence 0.796.",0.3038,False,Multi-factor isolation signal,Low
EXC0001326,Position Reconciliation Break,Positions,Refinitiv,Americas,Government Bond,0,2,22350.08,0.43,0,0,10,Medium,Position Reconciliation Break pattern detected from source controls,Reconciliation,48,Open,2026-04-05,Within SLA,17,0,Position Reconciliation Break,0.847,Reconciliation,Most similar historical pattern: Position Reconciliation Break,"Compare IBOR, ABOR, and custodian balances; prioritize material value gaps.",False,26.5,"Position Reconciliation Break in Positions from Refinitiv is ranked Medium because the item is 2 days old, has a break amount of 22350.08, and carries confidence 0.847.",0.1319,False,Multi-factor isolation signal,Medium
EXC0001327,Duplicate Record,Trades,IBOR,APAC,Equity,0,13,43167.3,2.71,1,0,1,High,Duplicate Record pattern detected from source controls,Trade Support,24,Resolved,2026-04-22,Breached,13,0,Duplicate Record,0.926,Trade Support,Most similar historical pattern: Duplicate Record,Confirm duplicate key collision and suppress or merge after control approval.,False,56.0,"Duplicate Record in Trades from IBOR is ranked High because the item is 13 days old, has a break amount of 43167.3, and carries confidence 0.926.",0.1705,False,Aging unresolved item,High
EXC0001328,Invalid Currency,Reference Data,Custodian,EMEA,Equity,1,6,743.32,1.94,0,1,1,Low,Invalid Currency pattern detected from source controls,Reference Data Ops,72,Open,2026-05-14,Breached,11,0,Invalid Currency,0.849,Reference Data Ops,Most similar historical pattern: Invalid Currency,"Validate security currency, trade currency, and portfolio base currency mapping.",False,35.8,"Invalid Currency in Reference Data from Custodian is ranked Low because the item is 6 days old, has a break amount of 743.32, and carries confidence 0.849.",0.1003,False,Multi-factor isolation signal,Low
EXC0001329,Position Reconciliation Break,Positions,Custodian,APAC,Equity,1,11,38219.77,4.21,0,0,14,High,Position Reconciliation Break pattern detected from source controls,Reconciliation,24,Escalated,2026-05-04,Breached,18,0,Position Reconciliation Break,0.804,Reconciliation,Most similar historical pattern: Position Reconciliation Break,"Compare IBOR, ABOR, and custodian balances; prioritize material value gaps.",False,57.0,"Position Reconciliation Break in Positions from Custodian is ranked High because the item is 11 days old, has a break amount of 38219.77, and carries confidence 0.804.",0.1143,False,Multi-factor isolation signal,High
EXC0001330,Position Reconciliation Break,Positions,Bloomberg,EMEA,Derivative,1,10,11988.92,-0.88,0,0,7,High,Position Reconciliation Break pattern detected from source controls,Reconciliation,24,Open,2026-04-10,Breached,32,0,Position Reconciliation Break,0.904,Reconciliation,Most similar historical pattern: Position Reconciliation Break,"Compare IBOR, ABOR, and custodian balances; prioritize material value gaps.",False,54.4,"Position Reconciliation Break in Positions from Bloomberg is ranked High because the item is 10 days old, has a break amount of 11988.92, and carries confidence 0.904.",0.0694,False,Multi-factor isolation signal,High
EXC0001331,Price Outlier,Pricing,Murex,EMEA,Derivative,0,16,2892.53,27.07,0,0,18,Medium,Price Outlier pattern detected from source controls,Pricing Control,48,Open,2026-03-26,Breached,17,0,Price Outlier,0.913,Pricing Control,Most similar historical pattern: Price Outlier,"Check vendor price history, compare secondary source, and escalate material moves.",False,44.3,"Price Outlier in Pricing from Murex is ranked Medium because the item is 16 days old, has a break amount of 2892.53, and carries confidence 0.913.",0.5426,True,Large price/return move,Medium
EXC0001332,Stale Price,Pricing,SimCorp,Americas,Equity,1,3,3461.15,3.79,0,0,90,Medium,Stale Price pattern detected from source controls,Pricing Control,48,Resolved,2026-05-12,Breached,16,0,Stale Price,0.912,Pricing Control,Most similar historical pattern: Stale Price,"Check vendor price history, compare secondary source, and escalate material moves.",False,44.3,"Stale Price in Pricing from SimCorp is ranked Medium because the item is 3 days old, has a break amount of 3461.15, and carries confidence 0.912.",0.5253,True,Late source refresh,Medium
EXC0001333,Price Outlier,Pricing,Bloomberg,APAC,ETF,1,13,2130.45,18.64,0,0,17,Medium,Price Outlier pattern detected from source controls,Pricing Control,48,Resolved,2026-05-17,Breached,14,0,Price Outlier,0.97,Pricing Control,Most similar historical pattern: Price Outlier,"Check vendor price history, compare secondary source, and escalate material moves.",False,43.5,"Price Outlier in Pricing from Bloomberg is ranked Medium because the item is 13 days old, has a break amount of 2130.45, and carries confidence 0.97.",0.3428,False,Large price/return move,Medium
EXC0001334,Trade Match Break,Trades,Refinitiv,EMEA,Derivative,0,16,100865.63,1.96,0,0,14,Critical,Trade Match Break pattern detected from source controls,Trade Support,8,Suppressed,2026-04-18,Breached,15,1,Trade Match Break,0.915,Trade Support,Most similar historical pattern: Trade Match Break,Review counterparty economic fields and run fuzzy security/client match.,False,69.5,"Trade Match Break in Trades from Refinitiv is ranked Critical because the item is 16 days old, has a break amount of 100865.63, and carries confidence 0.915.",0.2633,False,High-value reconciliation break,Critical
EXC0001335,Missing Client Mapping,Client Data,Refinitiv,APAC,Government Bond,1,11,506.08,6.79,0,0,0,Low,Missing Client Mapping pattern detected from source controls,Client Data Ops,72,Resolved,2026-04-01,Breached,15,0,Missing Client Mapping,0.895,Client Data Ops,Most similar historical pattern: Missing Client Mapping,Route to client-data operations to complete portfolio and account mapping.,False,35.4,"Missing Client Mapping in Client Data from Refinitiv is ranked Low because the item is 11 days old, has a break amount of 506.08, and carries confidence 0.895.",0.2009,False,Multi-factor isolation signal,Low
EXC0001336,Missing Reference Data,Reference Data,SimCorp,Americas,Equity,4,6,2294.25,0.86,0,0,6,Low,Missing Reference Data pattern detected from source controls,Reference Data Ops,72,Resolved,2026-05-06,Breached,15,0,Missing Reference Data,0.898,Reference Data Ops,Most similar historical pattern: Missing Reference Data,"Validate security master fields, enrich ISIN/ticker, and rerun downstream load.",False,35.6,"Missing Reference Data in Reference Data from SimCorp is ranked Low because the item is 6 days old, has a break amount of 2294.25, and carries confidence 0.898.",0.0615,False,Multi-factor isolation signal,Low
EXC0001337,Duplicate Record,Trades,ABOR,EMEA,Equity,0,19,79566.53,0.29,1,0,17,Critical,Duplicate Record pattern detected from source controls,Trade Support,8,Resolved,2026-04-02,Breached,17,1,Duplicate Record,0.917,Trade Support,Most similar historical pattern: Duplicate Record,Confirm duplicate key collision and suppress or merge after control approval.,False,67.9,"Duplicate Record in Trades from ABOR is ranked Critical because the item is 19 days old, has a break amount of 79566.53, and carries confidence 0.917.",0.3422,False,High-value reconciliation break,Critical
EXC0001338,Missing Reference Data,Reference Data,Custodian,Americas,ETF,3,2,2687.0,-0.98,0,0,15,Low,Missing Reference Data pattern detected from source controls,Reference Data Ops,72,Open,2026-03-21,Within SLA,20,0,Missing Reference Data,0.87,Reference Data Ops,Most similar historical pattern: Missing Reference Data,"Validate security master fields, enrich ISIN/ticker, and rerun downstream load.",False,16.1,"Missing Reference Data in Reference Data from Custodian is ranked Low because the item is 2 days old, has a break amount of 2687.0, and carries confidence 0.87.",0.1225,False,Multi-factor isolation signal,Low
EXC0001339,Missing Reference Data,Reference Data,Murex,Americas,Government Bond,3,7,3300.46,0.78,0,0,2,Medium,Missing Reference Data pattern detected from source controls,Reference Data Ops,48,Open,2026-04-18,Breached,15,0,Missing Reference Data,0.819,Reference Data Ops,Most similar historical pattern: Missing Reference Data,"Validate security master fields, enrich ISIN/ticker, and rerun downstream load.",False,45.2,"Missing Reference Data in Reference Data from Murex is ranked Medium because the item is 7 days old, has a break amount of 3300.46, and carries confidence 0.819.",0.069,False,Multi-factor isolation signal,Medium
EXC0001340,Price Outlier,Pricing,Bloomberg,APAC,Equity,1,12,779.87,24.7,0,0,4,Low,Price Outlier pattern detected from source controls,Pricing Control,72,Resolved,2026-04-07,Breached,14,0,Price Outlier,0.948,Pricing Control,Most similar historical pattern: Price Outlier,"Check vendor price history, compare secondary source, and escalate material moves.",False,34.9,"Price Outlier in Pricing from Bloomberg is ranked Low because the item is 12 days old, has a break amount of 779.87, and carries confidence 0.948.",0.4523,False,Large price/return move,Low
EXC0001341,Trade Match Break,Trades,Refinitiv,EMEA,Equity,0,5,117530.61,2.93,0,0,19,High,Trade Match Break pattern detected from source controls,Trade Support,24,Open,2026-05-04,Breached,15,1,Trade Match Break,0.888,Trade Support,Most similar historical pattern: Trade Match Break,Review counterparty economic fields and run fuzzy security/client match.,False,62.4,"Trade Match Break in Trades from Refinitiv is ranked High because the item is 5 days old, has a break amount of 117530.61, and carries confidence 0.888.",0.3276,False,High-value reconciliation break,High
EXC0001342,Stale Price,Pricing,Custodian,Americas,Government Bond,0,14,5258.4,5.08,0,0,43,High,Stale Price pattern detected from source controls,Pricing Control,24,Open,2026-04-07,Breached,21,0,Stale Price,0.901,Pricing Control,Most similar historical pattern: Stale Price,"Check vendor price history, compare secondary source, and escalate material moves.",False,53.5,"Stale Price in Pricing from Custodian is ranked High because the item is 14 days old, has a break amount of 5258.4, and carries confidence 0.901.",0.3329,False,Aging unresolved item,High
EXC0001343,Delayed Source Load,Source Control,Custodian,Americas,Corporate Bond,1,17,2305.76,2.4,0,0,60,Medium,Delayed Source Load pattern detected from source controls,Source Systems,48,Escalated,2026-04-23,Breached,10,0,Delayed Source Load,0.907,Source Systems,Most similar historical pattern: Delayed Source Load,Check source-system batch status and notify technology owner if SLA breached.,False,44.0,"Delayed Source Load in Source Control from Custodian is ranked Medium because the item is 17 days old, has a break amount of 2305.76, and carries confidence 0.907.",0.3392,False,Late source refresh,Medium
EXC0001344,Price Outlier,Pricing,SimCorp,EMEA,Derivative,0,11,1668.7,23.71,0,0,9,Medium,Price Outlier pattern detected from source controls,Pricing Control,48,Open,2026-04-01,Breached,12,0,Price Outlier,0.951,Pricing Control,Most similar historical pattern: Price Outlier,"Check vendor price history, compare secondary source, and escalate material moves.",False,43.6,"Price Outlier in Pricing from SimCorp is ranked Medium because the item is 11 days old, has a break amount of 1668.7, and carries confidence 0.951.",0.4442,False,Large price/return move,Medium
EXC0001345,Position Reconciliation Break,Positions,ABOR,Americas,ETF,0,7,50679.11,3.07,0,0,2,High,Position Reconciliation Break pattern detected from source controls,Reconciliation,24,Open,2026-04-28,Breached,21,1,Position Reconciliation Break,0.821,Reconciliation,Most similar historical pattern: Position Reconciliation Break,"Compare IBOR, ABOR, and custodian balances; prioritize material value gaps.",False,57.9,"Position Reconciliation Break in Positions from ABOR is ranked High because the item is 7 days old, has a break amount of 50679.11, and carries confidence 0.821.",0.197,False,Multi-factor isolation signal,High
EXC0001346,Unknown / Needs SME Review,Reference Data,Murex,APAC,Government Bond,1,13,2791.3,1.76,0,0,11,Medium,Unknown / Needs SME Review pattern detected from source controls,Reference Data Ops,48,Resolved,2026-04-15,Breached,14,0,Unknown / Needs SME Review,0.746,Reference Data Ops,Most similar historical pattern: Unknown / Needs SME Review,Send to SME review with source evidence and model explanation.,True,45.8,"Unknown / Needs SME Review in Reference Data from Murex is ranked Medium because the item is 13 days old, has a break amount of 2791.3, and carries confidence 0.746.",0.022,False,Aging unresolved item,Medium
EXC0001347,Price Outlier,Pricing,Custodian,APAC,Government Bond,0,12,594.54,14.49,0,0,2,Low,Price Outlier pattern detected from source controls,Pricing Control,72,Suppressed,2026-05-11,Breached,14,0,Price Outlier,0.947,Pricing Control,Most similar historical pattern: Price Outlier,"Check vendor price history, compare secondary source, and escalate material moves.",False,34.9,"Price Outlier in Pricing from Custodian is ranked Low because the item is 12 days old, has a break amount of 594.54, and carries confidence 0.947.",0.2738,False,Large price/return move,Low
EXC0001348,Duplicate Record,Trades,Refinitiv,APAC,Government Bond,1,17,41718.88,4.55,1,0,18,Critical,Duplicate Record pattern detected from source controls,Trade Support,8,Open,2026-04-10,Breached,12,0,Duplicate Record,0.921,Trade Support,Most similar historical pattern: Duplicate Record,Confirm duplicate key collision and suppress or merge after control approval.,False,64.6,"Duplicate Record in Trades from Refinitiv is ranked Critical because the item is 17 days old, has a break amount of 41718.88, and carries confidence 0.921.",0.2016,False,Aging unresolved item,Critical
EXC0001349,Missing Client Mapping,Client Data,Refinitiv,APAC,ETF,4,13,1220.51,0.81,0,0,5,Medium,Missing Client Mapping pattern detected from source controls,Client Data Ops,48,Escalated,2026-04-14,Breached,15,0,Missing Client Mapping,0.97,Client Data Ops,Most similar historical pattern: Missing Client Mapping,Route to client-data operations to complete portfolio and account mapping.,False,43.5,"Missing Client Mapping in Client Data from Refinitiv is ranked Medium because the item is 13 days old, has a break amount of 1220.51, and carries confidence 0.97.",0.0374,False,Aging unresolved item,Medium
EXC0001350,Price Outlier,Pricing,Aladdin,Americas,Government Bond,1,0,2476.86,26.51,0,0,16,Low,Price Outlier pattern detected from source controls,Pricing Control,72,Open,2026-04-28,Within SLA,17,0,Price Outlier,0.955,Pricing Control,Most similar historical pattern: Price Outlier,"Check vendor price history, compare secondary source, and escalate material moves.",False,15.1,"Price Outlier in Pricing from Aladdin is ranked Low because the item is 0 days old, has a break amount of 2476.86, and carries confidence 0.955.",0.5873,True,Large price/return move,High
EXC0001351,Missing Reference Data,Reference Data,Aladdin,EMEA,Equity,3,6,1119.96,-1.19,0,0,4,Low,Missing Reference Data pattern detected from source controls,Reference Data Ops,72,Escalated,2026-05-08,Breached,22,0,Missing Reference Data,0.921,Reference Data Ops,Most similar historical pattern: Missing Reference Data,"Validate security master fields, enrich ISIN/ticker, and rerun downstream load.",False,35.5,"Missing Reference Data in Reference Data from Aladdin is ranked Low because the item is 6 days old, has a break amount of 1119.96, and carries confidence 0.921.",0.1017,False,Multi-factor isolation signal,Low
EXC0001352,Missing Client Mapping,Client Data,Bloomberg,APAC,Government Bond,3,8,1390.24,-2.3,0,0,1,Low,Missing Client Mapping pattern detected from source controls,Client Data Ops,72,Resolved,2026-03-23,Breached,18,0,Missing Client Mapping,0.97,Client Data Ops,Most similar historical pattern: Missing Client Mapping,Route to client-data operations to complete portfolio and account mapping.,False,34.9,"Missing Client Mapping in Client Data from Bloomberg is ranked Low because the item is 8 days old, has a break amount of 1390.24, and carries confidence 0.97.",0.1487,False,Multi-factor isolation signal,Low
EXC0001353,Price Outlier,Pricing,SimCorp,APAC,ETF,1,7,872.56,6.54,0,0,0,Low,Price Outlier pattern detected from source controls,Pricing Control,72,Resolved,2026-03-21,Breached,12,0,Price Outlier,0.813,Pricing Control,Most similar historical pattern: Price Outlier,"Check vendor price history, compare secondary source, and escalate material moves.",False,36.2,"Price Outlier in Pricing from SimCorp is ranked Low because the item is 7 days old, has a break amount of 872.56, and carries confidence 0.813.",0.2336,False,Multi-factor isolation signal,Low
EXC0001354,Trade Match Break,Trades,Bloomberg,EMEA,Derivative,0,18,76619.65,0.72,0,0,2,Critical,Trade Match Break pattern detected from source controls,Trade Support,8,Resolved,2026-04-20,Breached,40,1,Trade Match Break,0.926,Trade Support,Most similar historical pattern: Trade Match Break,Review counterparty economic fields and run fuzzy security/client match.,False,68.5,"Trade Match Break in Trades from Bloomberg is ranked Critical because the item is 18 days old, has a break amount of 76619.65, and carries confidence 0.926.",0.3141,False,High-value reconciliation break,Critical
EXC0001355,Trade Match Break,Trades,Bloomberg,APAC,Derivative,0,0,47939.62,2.87,0,0,17,Medium,Trade Match Break pattern detected from source controls,Trade Support,48,Resolved,2026-04-15,Within SLA,40,0,Trade Match Break,0.891,Trade Support,Most similar historical pattern: Trade Match Break,Review counterparty economic fields and run fuzzy security/client match.,False,29.0,"Trade Match Break in Trades from Bloomberg is ranked Medium because the item is 0 days old, has a break amount of 47939.62, and carries confidence 0.891.",0.3664,False,Multi-factor isolation signal,Medium
EXC0001356,Missing Reference Data,Reference Data,SimCorp,Americas,ETF,1,16,1369.35,-1.24,0,0,1,Medium,Missing Reference Data pattern detected from source controls,Reference Data Ops,48,Resolved,2026-04-11,Breached,15,0,Unknown / Needs SME Review,0.512,Reference Data Ops,Most similar historical pattern: Unknown / Needs SME Review,Send to SME review with source evidence and model explanation.,True,48.1,"Unknown / Needs SME Review in Reference Data from SimCorp is ranked Medium because the item is 16 days old, has a break amount of 1369.35, and carries confidence 0.512.",0.1276,False,Aging unresolved item,Medium
EXC0001357,Delayed Source Load,Source Control,Refinitiv,APAC,Derivative,1,6,1406.96,5.27,0,0,91,Low,Delayed Source Load pattern detected from source controls,Source Systems,72,Resolved,2026-05-12,Breached,14,0,Delayed Source Load,0.973,Source Systems,Most similar historical pattern: Delayed Source Load,Check source-system batch status and notify technology owner if SLA breached.,False,34.7,"Delayed Source Load in Source Control from Refinitiv is ranked Low because the item is 6 days old, has a break amount of 1406.96, and carries confidence 0.973.",0.5317,True,Late source refresh,Low
EXC0001358,Delayed Source Load,Source Control,Aladdin,Americas,Equity,0,12,2062.4,-0.91,0,0,79,Medium,Delayed Source Load pattern detected from source controls,Source Systems,48,Open,2026-05-05,Breached,12,0,Delayed Source Load,0.968,Source Systems,Most similar historical pattern: Delayed Source Load,Check source-system batch status and notify technology owner if SLA breached.,False,43.5,"Delayed Source Load in Source Control from Aladdin is ranked Medium because the item is 12 days old, has a break amount of 2062.4, and carries confidence 0.968.",0.3675,False,Late source refresh,Medium
EXC0001359,Delayed Source Load,Source Control,ABOR,APAC,Equity,0,7,4027.41,1.28,0,0,64,Medium,Delayed Source Load pattern detected from source controls,Source Systems,48,Open,2026-04-13,Breached,22,0,Delayed Source Load,0.949,Source Systems,Most similar historical pattern: Delayed Source Load,Check source-system batch status and notify technology owner if SLA breached.,False,44.2,"Delayed Source Load in Source Control from ABOR is ranked Medium because the item is 7 days old, has a break amount of 4027.41, and carries confidence 0.949.",0.367,False,Late source refresh,Medium
EXC0001360,Stale Price,Pricing,IBOR,APAC,Equity,0,1,3280.29,1.53,0,0,68,Low,Stale Price pattern detected from source controls,Pricing Control,72,Escalated,2026-04-12,Within SLA,22,0,Stale Price,0.943,Pricing Control,Most similar historical pattern: Stale Price,"Check vendor price history, compare secondary source, and escalate material moves.",False,15.5,"Stale Price in Pricing from IBOR is ranked Low because the item is 1 days old, has a break amount of 3280.29, and carries confidence 0.943.",0.4187,False,Late source refresh,Low
EXC0001361,Unknown / Needs SME Review,Reference Data,SimCorp,APAC,Equity,0,0,642.25,2.25,0,0,5,Low,Unknown / Needs SME Review pattern detected from source controls,Reference Data Ops,72,Escalated,2026-04-27,Within SLA,10,0,Unknown / Needs SME Review,0.671,Reference Data Ops,Most similar historical pattern: Unknown / Needs SME Review,Send to SME review with source evidence and model explanation.,True,17.5,"Unknown / Needs SME Review in Reference Data from SimCorp is ranked Low because the item is 0 days old, has a break amount of 642.25, and carries confidence 0.671.",0.2261,False,Multi-factor isolation signal,Low
EXC0001362,Invalid Currency,Reference Data,SimCorp,Americas,ETF,0,8,3340.62,2.63,0,1,8,Medium,Invalid Currency pattern detected from source controls,Reference Data Ops,48,Resolved,2026-04-19,Breached,20,0,Invalid Currency,0.924,Reference Data Ops,Most similar historical pattern: Invalid Currency,"Validate security currency, trade currency, and portfolio base currency mapping.",False,44.3,"Invalid Currency in Reference Data from SimCorp is ranked Medium because the item is 8 days old, has a break amount of 3340.62, and carries confidence 0.924.",0.033,False,Multi-factor isolation signal,Medium
EXC0001363,Duplicate Record,Trades,Aladdin,Americas,Government Bond,0,18,9459.85,7.16,1,0,11,High,Duplicate Record pattern detected from source controls,Trade Support,24,Open,2026-05-08,Breached,15,0,Duplicate Record,0.896,Trade Support,Most similar historical pattern: Duplicate Record,Confirm duplicate key collision and suppress or merge after control approval.,False,53.6,"Duplicate Record in Trades from Aladdin is ranked High because the item is 18 days old, has a break amount of 9459.85, and carries confidence 0.896.",0.1886,False,Aging unresolved item,High
EXC0001364,Invalid Currency,Reference Data,SimCorp,EMEA,Government Bond,0,7,3179.73,-0.01,0,1,5,Medium,Invalid Currency pattern detected from source controls,Reference Data Ops,48,Escalated,2026-04-06,Breached,20,0,Invalid Currency,0.899,Reference Data Ops,Most similar historical pattern: Invalid Currency,"Validate security currency, trade currency, and portfolio base currency mapping.",False,44.6,"Invalid Currency in Reference Data from SimCorp is ranked Medium because the item is 7 days old, has a break amount of 3179.73, and carries confidence 0.899.",0.0687,False,Multi-factor isolation signal,Medium
EXC0001365,Missing Client Mapping,Client Data,Custodian,APAC,Government Bond,1,19,262.22,2.28,0,0,13,Medium,Missing Client Mapping pattern detected from source controls,Client Data Ops,48,Open,2026-05-02,Breached,11,0,Missing Client Mapping,0.932,Client Data Ops,Most similar historical pattern: Missing Client Mapping,Route to client-data operations to complete portfolio and account mapping.,False,43.6,"Missing Client Mapping in Client Data from Custodian is ranked Medium because the item is 19 days old, has a break amount of 262.22, and carries confidence 0.932.",0.094,False,Aging unresolved item,Medium
EXC0001366,Trade Match Break,Trades,Aladdin,EMEA,Government Bond,1,20,76596.48,1.29,0,0,5,Critical,Trade Match Break pattern detected from source controls,Trade Support,8,Resolved,2026-03-21,Breached,27,1,Trade Match Break,0.892,Trade Support,Most similar historical pattern: Trade Match Break,Review counterparty economic fields and run fuzzy security/client match.,False,68.3,"Trade Match Break in Trades from Aladdin is ranked Critical because the item is 20 days old, has a break amount of 76596.48, and carries confidence 0.892.",0.3426,False,High-value reconciliation break,Critical
EXC0001367,Duplicate Record,Trades,Aladdin,APAC,Derivative,0,3,25132.31,3.96,1,0,6,Medium,Duplicate Record pattern detected from source controls,Trade Support,48,Escalated,2026-05-04,Breached,15,0,Duplicate Record,0.915,Trade Support,Most similar historical pattern: Duplicate Record,Confirm duplicate key collision and suppress or merge after control approval.,False,46.0,"Duplicate Record in Trades from Aladdin is ranked Medium because the item is 3 days old, has a break amount of 25132.31, and carries confidence 0.915.",0.1476,False,Multi-factor isolation signal,Medium
EXC0001368,Duplicate Record,Trades,Custodian,APAC,Corporate Bond,1,18,179916.53,2.62,1,0,18,Critical,Duplicate Record pattern detected from source controls,Trade Support,8,Resolved,2026-05-17,Breached,22,1,Duplicate Record,0.891,Trade Support,Most similar historical pattern: Duplicate Record,Confirm duplicate key collision and suppress or merge after control approval.,False,76.4,"Duplicate Record in Trades from Custodian is ranked Critical because the item is 18 days old, has a break amount of 179916.53, and carries confidence 0.891.",0.5047,True,High-value reconciliation break,Critical
EXC0001369,Missing Reference Data,Reference Data,Murex,Americas,Corporate Bond,3,13,18400.21,2.05,0,0,9,High,Missing Reference Data pattern detected from source controls,Reference Data Ops,24,Resolved,2026-04-15,Breached,15,0,Missing Reference Data,0.643,Reference Data Ops,Most similar historical pattern: Missing Reference Data,"Validate security master fields, enrich ISIN/ticker, and rerun downstream load.",True,56.9,"Missing Reference Data in Reference Data from Murex is ranked High because the item is 13 days old, has a break amount of 18400.21, and carries confidence 0.643.",0.047,False,Aging unresolved item,High
EXC0001370,Missing Reference Data,Reference Data,Refinitiv,Americas,Equity,2,12,316.01,-2.23,0,0,18,Low,Missing Reference Data pattern detected from source controls,Reference Data Ops,72,Resolved,2026-05-10,Breached,17,0,Missing Reference Data,0.873,Reference Data Ops,Most similar historical pattern: Missing Reference Data,"Validate security master fields, enrich ISIN/ticker, and rerun downstream load.",False,35.7,"Missing Reference Data in Reference Data from Refinitiv is ranked Low because the item is 12 days old, has a break amount of 316.01, and carries confidence 0.873.",0.1079,False,Multi-factor isolation signal,Low
EXC0001371,Position Reconciliation Break,Positions,Bloomberg,EMEA,Government Bond,0,9,10139.42,0.37,0,0,15,Medium,Position Reconciliation Break pattern detected from source controls,Reconciliation,48,Escalated,2026-05-03,Breached,32,0,Position Reconciliation Break,0.872,Reconciliation,Most similar historical pattern: Position Reconciliation Break,"Compare IBOR, ABOR, and custodian balances; prioritize material value gaps.",False,45.9,"Position Reconciliation Break in Positions from Bloomberg is ranked Medium because the item is 9 days old, has a break amount of 10139.42, and carries confidence 0.872.",0.0485,False,Multi-factor isolation signal,Medium
EXC0001372,Position Reconciliation Break,Positions,ABOR,APAC,Corporate Bond,0,20,65812.7,-0.94,0,0,6,Critical,Position Reconciliation Break pattern detected from source controls,Reconciliation,8,Escalated,2026-04-18,Breached,21,1,Position Reconciliation Break,0.823,Reconciliation,Most similar historical pattern: Position Reconciliation Break,"Compare IBOR, ABOR, and custodian balances; prioritize material value gaps.",False,67.9,"Position Reconciliation Break in Positions from ABOR is ranked Critical because the item is 20 days old, has a break amount of 65812.7, and carries confidence 0.823.",0.3266,False,High-value reconciliation break,Critical
EXC0001373,Invalid Currency,Reference Data,ABOR,Americas,Corporate Bond,0,2,2074.9,0.38,0,1,1,Low,Invalid Currency pattern detected from source controls,Reference Data Ops,72,Open,2026-05-17,Within SLA,9,0,Invalid Currency,0.892,Reference Data Ops,Most similar historical pattern: Invalid Currency,"Validate security currency, trade currency, and portfolio base currency mapping.",False,15.4,"Invalid Currency in Reference Data from ABOR is ranked Low because the item is 2 days old, has a break amount of 2074.9, and carries confidence 0.892.",0.1305,False,Multi-factor isolation signal,Low
EXC0001374,Missing Client Mapping,Client Data,ABOR,APAC,Government Bond,1,0,2045.09,-0.56,0,0,2,Low,Missing Client Mapping pattern detected from source controls,Client Data Ops,72,Resolved,2026-05-06,Within SLA,18,0,Missing Client Mapping,0.878,Client Data Ops,Most similar historical pattern: Missing Client Mapping,Route to client-data operations to complete portfolio and account mapping.,False,15.9,"Missing Client Mapping in Client Data from ABOR is ranked Low because the item is 0 days old, has a break amount of 2045.09, and carries confidence 0.878.",0.2649,False,Multi-factor isolation signal,Low
EXC0001375,Duplicate Record,Trades,Refinitiv,EMEA,Derivative,0,0,45382.9,0.2,1,0,7,Medium,Duplicate Record pattern detected from source controls,Trade Support,48,Resolved,2026-03-31,Within SLA,12,0,Duplicate Record,0.892,Trade Support,Most similar historical pattern: Duplicate Record,Confirm duplicate key collision and suppress or merge after control approval.,False,27.7,"Duplicate Record in Trades from Refinitiv is ranked Medium because the item is 0 days old, has a break amount of 45382.9, and carries confidence 0.892.",0.3541,False,Multi-factor isolation signal,Medium
EXC0001376,Price Outlier,Pricing,Aladdin,APAC,ETF,0,19,1141.1,8.93,0,0,15,Medium,Price Outlier pattern detected from source controls,Pricing Control,48,Suppressed,2026-05-04,Breached,17,0,Price Outlier,0.966,Pricing Control,Most similar historical pattern: Price Outlier,"Check vendor price history, compare secondary source, and escalate material moves.",False,43.6,"Price Outlier in Pricing from Aladdin is ranked Medium because the item is 19 days old, has a break amount of 1141.1, and carries confidence 0.966.",0.218,False,Aging unresolved item,Medium
EXC0001377,Duplicate Record,Trades,Murex,EMEA,Equity,0,14,80171.65,0.52,1,0,15,Critical,Duplicate Record pattern detected from source controls,Trade Support,8,Escalated,2026-05-02,Breached,22,1,Duplicate Record,0.912,Trade Support,Most similar historical pattern: Duplicate Record,Confirm duplicate key collision and suppress or merge after control approval.,False,68.2,"Duplicate Record in Trades from Murex is ranked Critical because the item is 14 days old, has a break amount of 80171.65, and carries confidence 0.912.",0.2242,False,High-value reconciliation break,Critical
EXC0001378,Price Outlier,Pricing,Murex,APAC,Corporate Bond,0,11,333.29,14.29,0,0,8,Low,Price Outlier pattern detected from source controls,Pricing Control,72,Escalated,2026-04-23,Breached,17,0,Price Outlier,0.94,Pricing Control,Most similar historical pattern: Price Outlier,"Check vendor price history, compare secondary source, and escalate material moves.",False,35.1,"Price Outlier in Pricing from Murex is ranked Low because the item is 11 days old, has a break amount of 333.29, and carries confidence 0.94.",0.2437,False,Large price/return move,Low
EXC0001379,Delayed Source Load,Source Control,Custodian,Americas,Derivative,0,1,3730.33,-0.82,0,0,52,Low,Delayed Source Load pattern detected from source controls,Source Systems,72,Open,2026-05-01,Within SLA,10,0,Delayed Source Load,0.942,Source Systems,Most similar historical pattern: Delayed Source Load,Check source-system batch status and notify technology owner if SLA breached.,False,15.0,"Delayed Source Load in Source Control from Custodian is ranked Low because the item is 1 days old, has a break amount of 3730.33, and carries confidence 0.942.",0.3892,False,Late source refresh,Low
EXC0001380,Trade Match Break,Trades,ABOR,APAC,Corporate Bond,0,2,94317.35,1.59,0,0,14,High,Trade Match Break pattern detected from source controls,Trade Support,24,Resolved,2026-03-24,Breached,28,1,Trade Match Break,0.941,Trade Support,Most similar historical pattern: Trade Match Break,Review counterparty economic fields and run fuzzy security/client match.,False,60.5,"Trade Match Break in Trades from ABOR is ranked High because the item is 2 days old, has a break amount of 94317.35, and carries confidence 0.941.",0.2998,False,High-value reconciliation break,High
EXC0001381,Performance Return Outlier,Positions,Murex,EMEA,Derivative,0,19,16218.74,8.81,0,0,1,High,Performance Return Outlier pattern detected from source controls,Reconciliation,24,Resolved,2026-04-24,Breached,10,0,Performance Return Outlier,0.768,Reconciliation,Most similar historical pattern: Performance Return Outlier,"Check vendor price history, compare secondary source, and escalate material moves.",False,55.3,"Performance Return Outlier in Positions from Murex is ranked High because the item is 19 days old, has a break amount of 16218.74, and carries confidence 0.768.",0.32,False,Aging unresolved item,High
EXC0001382,Stale Price,Pricing,Aladdin,Americas,Derivative,0,19,3558.55,0.0,0,0,25,High,Stale Price pattern detected from source controls,Pricing Control,24,Resolved,2026-05-06,Breached,20,0,Stale Price,0.919,Pricing Control,Most similar historical pattern: Stale Price,"Check vendor price history, compare secondary source, and escalate material moves.",False,53.1,"Stale Price in Pricing from Aladdin is ranked High because the item is 19 days old, has a break amount of 3558.55, and carries confidence 0.919.",0.2389,False,Aging unresolved item,High
EXC0001383,Invalid Currency,Reference Data,Refinitiv,EMEA,Equity,0,17,35746.44,1.37,0,1,3,Critical,Invalid Currency pattern detected from source controls,Reference Data Ops,8,Resolved,2026-04-02,Breached,9,0,Invalid Currency,0.849,Reference Data Ops,Most similar historical pattern: Invalid Currency,"Validate security currency, trade currency, and portfolio base currency mapping.",False,64.7,"Invalid Currency in Reference Data from Refinitiv is ranked Critical because the item is 17 days old, has a break amount of 35746.44, and carries confidence 0.849.",0.1733,False,Aging unresolved item,Critical
EXC0001384,Trade Match Break,Trades,ABOR,Americas,Derivative,0,19,342509.92,-4.95,0,0,13,Critical,Trade Match Break pattern detected from source controls,Trade Support,8,Resolved,2026-05-18,Breached,28,1,Trade Match Break,0.888,Trade Support,Most similar historical pattern: Trade Match Break,Review counterparty economic fields and run fuzzy security/client match.,False,82.2,"Trade Match Break in Trades from ABOR is ranked Critical because the item is 19 days old, has a break amount of 342509.92, and carries confidence 0.888.",0.8321,True,High-value reconciliation break,Critical
EXC0001385,Stale Price,Pricing,IBOR,Americas,ETF,0,15,691.32,7.73,0,0,54,Low,Stale Price pattern detected from source controls,Pricing Control,72,Resolved,2026-04-13,Breached,22,0,Stale Price,0.655,Pricing Control,Most similar historical pattern: Stale Price,"Check vendor price history, compare secondary source, and escalate material moves.",True,38.1,"Stale Price in Pricing from IBOR is ranked Low because the item is 15 days old, has a break amount of 691.32, and carries confidence 0.655.",0.4458,False,Late source refresh,Low
EXC0001386,Position Reconciliation Break,Positions,Aladdin,EMEA,Government Bond,1,16,22937.47,2.81,0,0,17,High,Position Reconciliation Break pattern detected from source controls,Reconciliation,24,Open,2026-04-21,Breached,20,0,Position Reconciliation Break,0.834,Reconciliation,Most similar historical pattern: Position Reconciliation Break,"Compare IBOR, ABOR, and custodian balances; prioritize material value gaps.",False,55.5,"Position Reconciliation Break in Positions from Aladdin is ranked High because the item is 16 days old, has a break amount of 22937.47, and carries confidence 0.834.",0.0815,False,Aging unresolved item,High
EXC0001387,Stale Price,Pricing,Aladdin,APAC,Corporate Bond,0,18,206.3,2.3,0,0,77,Low,Stale Price pattern detected from source controls,Pricing Control,72,Escalated,2026-05-14,Breached,20,0,Stale Price,0.949,Pricing Control,Most similar historical pattern: Stale Price,"Check vendor price history, compare secondary source, and escalate material moves.",False,35.1,"Stale Price in Pricing from Aladdin is ranked Low because the item is 18 days old, has a break amount of 206.3, and carries confidence 0.949.",0.4439,False,Late source refresh,Low
EXC0001388,Price Outlier,Pricing,Bloomberg,APAC,Government Bond,1,9,1267.76,16.75,0,0,4,Low,Price Outlier pattern detected from source controls,Pricing Control,72,Resolved,2026-05-05,Breached,14,0,Price Outlier,0.973,Pricing Control,Most similar historical pattern: Price Outlier,"Check vendor price history, compare secondary source, and escalate material moves.",False,34.7,"Price Outlier in Pricing from Bloomberg is ranked Low because the item is 9 days old, has a break amount of 1267.76, and carries confidence 0.973.",0.2987,False,Large price/return move,Low
EXC0001389,Position Reconciliation Break,Positions,Refinitiv,APAC,Corporate Bond,1,2,47646.57,1.73,0,0,4,High,Position Reconciliation Break pattern detected from source controls,Reconciliation,24,Escalated,2026-04-22,Breached,17,0,Position Reconciliation Break,0.785,Reconciliation,Most similar historical pattern: Position Reconciliation Break,"Compare IBOR, ABOR, and custodian balances; prioritize material value gaps.",False,57.9,"Position Reconciliation Break in Positions from Refinitiv is ranked High because the item is 2 days old, has a break amount of 47646.57, and carries confidence 0.785.",0.2465,False,Multi-factor isolation signal,High
EXC0001390,Trade Match Break,Trades,Aladdin,EMEA,ETF,0,2,21168.11,-1.52,0,0,8,Medium,Trade Match Break pattern detected from source controls,Trade Support,48,Resolved,2026-05-18,Within SLA,27,0,Trade Match Break,0.883,Trade Support,Most similar historical pattern: Trade Match Break,Review counterparty economic fields and run fuzzy security/client match.,False,26.4,"Trade Match Break in Trades from Aladdin is ranked Medium because the item is 2 days old, has a break amount of 21168.11, and carries confidence 0.883.",0.1839,False,Multi-factor isolation signal,Medium
EXC0001391,Trade Match Break,Trades,Bloomberg,Americas,Government Bond,1,13,11954.65,2.73,0,0,10,High,Trade Match Break pattern detected from source controls,Trade Support,24,Escalated,2026-04-04,Breached,40,0,Trade Match Break,0.942,Trade Support,Most similar historical pattern: Trade Match Break,Review counterparty economic fields and run fuzzy security/client match.,False,54.4,"Trade Match Break in Trades from Bloomberg is ranked High because the item is 13 days old, has a break amount of 11954.65, and carries confidence 0.942.",0.0489,False,Aging unresolved item,High
EXC0001392,Trade Match Break,Trades,Custodian,EMEA,Government Bond,1,4,21511.16,-2.71,0,0,14,Medium,Trade Match Break pattern detected from source controls,Trade Support,48,Resolved,2026-04-01,Breached,24,0,Trade Match Break,0.9,Trade Support,Most similar historical pattern: Trade Match Break,Review counterparty economic fields and run fuzzy security/client match.,False,46.2,"Trade Match Break in Trades from Custodian is ranked Medium because the item is 4 days old, has a break amount of 21511.16, and carries confidence 0.9.",0.2316,False,Multi-factor isolation signal,Medium
EXC0001393,Missing Reference Data,Reference Data,ABOR,EMEA,Derivative,4,4,5053.32,-1.67,0,0,4,Medium,Missing Reference Data pattern detected from source controls,Reference Data Ops,48,Resolved,2026-05-17,Breached,25,0,Missing Reference Data,0.905,Reference Data Ops,Most similar historical pattern: Missing Reference Data,"Validate security master fields, enrich ISIN/ticker, and rerun downstream load.",False,44.9,"Missing Reference Data in Reference Data from ABOR is ranked Medium because the item is 4 days old, has a break amount of 5053.32, and carries confidence 0.905.",0.1571,False,Multi-factor isolation signal,Medium
EXC0001394,Trade Match Break,Trades,Custodian,APAC,Equity,1,19,33581.68,-0.27,0,0,11,Critical,Trade Match Break pattern detected from source controls,Trade Support,8,Open,2026-04-26,Breached,24,0,Trade Match Break,0.886,Trade Support,Most similar historical pattern: Trade Match Break,Review counterparty economic fields and run fuzzy security/client match.,False,64.8,"Trade Match Break in Trades from Custodian is ranked Critical because the item is 19 days old, has a break amount of 33581.68, and carries confidence 0.886.",0.176,False,Aging unresolved item,Critical
EXC0001395,Trade Match Break,Trades,Custodian,Americas,Corporate Bond,0,11,22417.82,5.27,0,0,18,High,Trade Match Break pattern detected from source controls,Trade Support,24,Resolved,2026-05-17,Breached,24,0,Trade Match Break,0.923,Trade Support,Most similar historical pattern: Trade Match Break,Review counterparty economic fields and run fuzzy security/client match.,False,54.8,"Trade Match Break in Trades from Custodian is ranked High because the item is 11 days old, has a break amount of 22417.82, and carries confidence 0.923.",0.1279,False,Multi-factor isolation signal,High
EXC0001396,Duplicate Record,Trades,IBOR,APAC,ETF,0,10,25415.56,-1.25,1,0,1,High,Duplicate Record pattern detected from source controls,Trade Support,24,Open,2026-05-10,Breached,13,0,Duplicate Record,0.886,Trade Support,Most similar historical pattern: Duplicate Record,Confirm duplicate key collision and suppress or merge after control approval.,False,54.9,"Duplicate Record in Trades from IBOR is ranked High because the item is 10 days old, has a break amount of 25415.56, and carries confidence 0.886.",0.1702,False,Multi-factor isolation signal,High
EXC0001397,Position Reconciliation Break,Positions,IBOR,Americas,Corporate Bond,0,7,30886.35,2.33,0,0,18,High,Position Reconciliation Break pattern detected from source controls,Reconciliation,24,Open,2026-04-07,Breached,27,0,Position Reconciliation Break,0.859,Reconciliation,Most similar historical pattern: Position Reconciliation Break,"Compare IBOR, ABOR, and custodian balances; prioritize material value gaps.",False,56.2,"Position Reconciliation Break in Positions from IBOR is ranked High because the item is 7 days old, has a break amount of 30886.35, and carries confidence 0.859.",0.1192,False,Multi-factor isolation signal,High
EXC0001398,Stale Price,Pricing,SimCorp,APAC,Equity,0,5,1578.28,-3.66,0,0,80,Low,Stale Price pattern detected from source controls,Pricing Control,72,Resolved,2026-04-30,Breached,16,0,Stale Price,0.925,Pricing Control,Most similar historical pattern: Stale Price,"Check vendor price history, compare secondary source, and escalate material moves.",False,35.3,"Stale Price in Pricing from SimCorp is ranked Low because the item is 5 days old, has a break amount of 1578.28, and carries confidence 0.925.",0.5465,True,Late source refresh,Low
EXC0001399,Duplicate Record,Trades,Bloomberg,EMEA,Government Bond,1,2,48111.85,1.56,1,0,7,High,Duplicate Record pattern detected from source controls,Trade Support,24,Open,2026-04-19,Breached,17,0,Duplicate Record,0.912,Trade Support,Most similar historical pattern: Duplicate Record,Confirm duplicate key collision and suppress or merge after control approval.,False,56.7,"Duplicate Record in Trades from Bloomberg is ranked High because the item is 2 days old, has a break amount of 48111.85, and carries confidence 0.912.",0.2261,False,Multi-factor isolation signal,High
