exception_id,exception_type,domain,source_system,region,asset_class,missing_field_count,age_days,break_amount,price_movement_pct,duplicate_flag,currency_mismatch_flag,refresh_delay_hours,severity,root_cause,owner,sla_hours,resolution_label,created_at
EXC0000000,Position Reconciliation Break,Positions,Bloomberg,Americas,Derivative,1,19,244822.88,1.8,0,0,14,Critical,Position Reconciliation Break pattern detected from source controls,Reconciliation,8,Resolved,2026-04-13
EXC0000001,Missing Client Mapping,Client Data,Aladdin,Americas,Corporate Bond,2,20,2065.98,0.71,0,0,15,High,Missing Client Mapping pattern detected from source controls,Client Data Ops,24,Resolved,2026-04-15
EXC0000002,Missing Client Mapping,Client Data,ABOR,APAC,Government Bond,1,21,1353.37,-3.61,0,0,12,Medium,Missing Client Mapping pattern detected from source controls,Client Data Ops,48,Open,2026-04-14
EXC0000003,Position Reconciliation Break,Positions,Bloomberg,APAC,ETF,0,11,37258.03,-2.72,0,0,1,High,Position Reconciliation Break pattern detected from source controls,Reconciliation,24,Resolved,2026-05-15
EXC0000004,Unknown / Needs SME Review,Reference Data,Refinitiv,EMEA,Equity,1,18,1341.89,8.49,0,0,4,Medium,Unknown / Needs SME Review pattern detected from source controls,Reference Data Ops,48,Resolved,2026-05-04
EXC0000005,Stale Price,Pricing,Custodian,EMEA,Corporate Bond,1,19,4559.23,3.45,0,0,38,High,Stale Price pattern detected from source controls,Pricing Control,24,Resolved,2026-04-08
EXC0000006,Missing Reference Data,Reference Data,Aladdin,Americas,ETF,1,6,3452.66,4.75,0,0,13,Medium,Missing Reference Data pattern detected from source controls,Reference Data Ops,48,Resolved,2026-05-04
EXC0000007,Trade Match Break,Trades,Custodian,EMEA,ETF,0,2,27130.14,7.9,0,0,19,Medium,Trade Match Break pattern detected from source controls,Trade Support,48,Open,2026-03-23
EXC0000008,Missing Client Mapping,Client Data,Murex,Americas,ETF,3,8,882.11,0.71,0,0,1,Low,Missing Client Mapping pattern detected from source controls,Client Data Ops,72,Resolved,2026-05-15
EXC0000009,Missing Reference Data,Reference Data,SimCorp,APAC,Equity,3,14,609.29,1.27,0,0,3,Low,Missing Reference Data pattern detected from source controls,Reference Data Ops,72,Resolved,2026-04-29
EXC0000010,Position Reconciliation Break,Positions,Murex,EMEA,Corporate Bond,0,2,142843.68,-2.5,0,0,13,High,Position Reconciliation Break pattern detected from source controls,Reconciliation,24,Escalated,2026-04-28
EXC0000011,Position Reconciliation Break,Positions,Bloomberg,Americas,Derivative,1,14,68025.97,0.9,0,0,0,Critical,Position Reconciliation Break pattern detected from source controls,Reconciliation,8,Escalated,2026-05-12
EXC0000012,Missing Client Mapping,Client Data,Aladdin,Americas,Derivative,3,7,1856.83,0.83,0,0,1,Low,Missing Client Mapping pattern detected from source controls,Client Data Ops,72,Open,2026-03-21
EXC0000013,Delayed Source Load,Source Control,Refinitiv,EMEA,Government Bond,1,9,1073.75,0.64,0,0,49,Low,Delayed Source Load pattern detected from source controls,Source Systems,72,Open,2026-05-04
EXC0000014,Price Outlier,Pricing,SimCorp,EMEA,Government Bond,1,8,3649.12,14.69,0,0,13,Medium,Price Outlier pattern detected from source controls,Pricing Control,48,Resolved,2026-03-26
EXC0000015,Price Outlier,Pricing,Refinitiv,Americas,Equity,0,16,2459.2,29.58,0,0,19,Medium,Price Outlier pattern detected from source controls,Pricing Control,48,Resolved,2026-04-11
EXC0000016,Invalid Currency,Reference Data,SimCorp,EMEA,ETF,0,7,216.8,3.92,0,1,19,Low,Invalid Currency pattern detected from source controls,Reference Data Ops,72,Resolved,2026-04-16
EXC0000017,Delayed Source Load,Source Control,IBOR,APAC,Equity,0,10,1973.05,-1.43,0,0,49,Medium,Delayed Source Load pattern detected from source controls,Source Systems,48,Open,2026-03-21
EXC0000018,Stale Price,Pricing,Bloomberg,EMEA,Equity,1,13,3308.93,1.69,0,0,60,Medium,Stale Price pattern detected from source controls,Pricing Control,48,Resolved,2026-05-18
EXC0000019,Invalid Currency,Reference Data,IBOR,EMEA,Government Bond,1,18,2125.89,2.48,0,1,6,Medium,Invalid Currency pattern detected from source controls,Reference Data Ops,48,Resolved,2026-04-01
EXC0000020,Price Outlier,Pricing,SimCorp,EMEA,Derivative,0,10,2879.02,18.74,0,0,14,Medium,Price Outlier pattern detected from source controls,Pricing Control,48,Open,2026-03-29
EXC0000021,Stale Price,Pricing,Aladdin,APAC,Derivative,1,2,1464.43,1.91,0,0,38,Low,Stale Price pattern detected from source controls,Pricing Control,72,Resolved,2026-04-03
EXC0000022,Trade Match Break,Trades,Bloomberg,EMEA,Government Bond,0,12,16936.79,1.21,0,0,12,High,Trade Match Break pattern detected from source controls,Trade Support,24,Open,2026-04-15
EXC0000023,Missing Client Mapping,Client Data,IBOR,APAC,Government Bond,4,0,1745.02,4.34,0,0,2,Low,Missing Client Mapping pattern detected from source controls,Client Data Ops,72,Resolved,2026-04-28
EXC0000024,Missing Client Mapping,Client Data,Murex,APAC,Government Bond,4,14,2094.91,0.98,0,0,5,Medium,Missing Client Mapping pattern detected from source controls,Client Data Ops,48,Escalated,2026-05-10
EXC0000025,Position Reconciliation Break,Positions,Murex,Americas,Government Bond,0,8,42428.1,2.8,0,0,18,High,Position Reconciliation Break pattern detected from source controls,Reconciliation,24,Suppressed,2026-04-13
EXC0000026,Invalid Currency,Reference Data,Aladdin,APAC,ETF,1,14,4332.88,2.72,0,1,15,High,Invalid Currency pattern detected from source controls,Reference Data Ops,24,Resolved,2026-04-23
EXC0000027,Trade Match Break,Trades,Murex,Americas,ETF,1,2,45481.16,0.32,0,0,16,Medium,Trade Match Break pattern detected from source controls,Trade Support,48,Resolved,2026-04-25
EXC0000028,Stale Price,Pricing,Refinitiv,Americas,Government Bond,1,10,1182.26,-0.11,0,0,68,Low,Stale Price pattern detected from source controls,Pricing Control,72,Resolved,2026-03-23
EXC0000029,Delayed Source Load,Source Control,Aladdin,Americas,Corporate Bond,0,3,709.84,1.42,0,0,24,Low,Delayed Source Load pattern detected from source controls,Source Systems,72,Escalated,2026-05-16
EXC0000030,Missing Reference Data,Reference Data,SimCorp,APAC,Derivative,1,12,616.34,0.42,0,0,10,Low,Missing Reference Data pattern detected from source controls,Reference Data Ops,72,Resolved,2026-05-07
EXC0000031,Performance Return Outlier,Positions,Murex,EMEA,ETF,1,1,75688.97,4.25,0,0,15,High,Performance Return Outlier pattern detected from source controls,Reconciliation,24,Open,2026-04-20
EXC0000032,Missing Client Mapping,Client Data,Custodian,EMEA,Government Bond,1,11,2893.64,3.3,0,0,2,Medium,Missing Client Mapping pattern detected from source controls,Client Data Ops,48,Resolved,2026-03-23
EXC0000033,Invalid Currency,Reference Data,SimCorp,Americas,Corporate Bond,0,9,2508.24,2.93,0,1,15,Medium,Invalid Currency pattern detected from source controls,Reference Data Ops,48,Escalated,2026-04-17
EXC0000034,Position Reconciliation Break,Positions,ABOR,EMEA,Government Bond,1,2,28425.07,-0.36,0,0,12,Medium,Position Reconciliation Break pattern detected from source controls,Reconciliation,48,Resolved,2026-04-21
EXC0000035,Delayed Source Load,Source Control,Bloomberg,EMEA,Derivative,0,16,1147.45,-0.6,0,0,72,Medium,Delayed Source Load pattern detected from source controls,Source Systems,48,Resolved,2026-03-30
EXC0000036,Missing Reference Data,Reference Data,Aladdin,EMEA,Corporate Bond,1,18,367.93,2.72,0,0,17,Low,Missing Reference Data pattern detected from source controls,Reference Data Ops,72,Resolved,2026-04-05
EXC0000037,Duplicate Record,Trades,Refinitiv,EMEA,Derivative,0,12,156597.9,5.88,1,0,15,Critical,Duplicate Record pattern detected from source controls,Trade Support,8,Suppressed,2026-04-04
EXC0000038,Price Outlier,Pricing,ABOR,APAC,Corporate Bond,1,11,6789.22,9.87,0,0,14,Medium,Price Outlier pattern detected from source controls,Pricing Control,48,Resolved,2026-04-11
EXC0000039,Duplicate Record,Trades,Bloomberg,EMEA,Equity,0,7,17813.36,4.5,1,0,10,Medium,Duplicate Record pattern detected from source controls,Trade Support,48,Resolved,2026-04-22
EXC0000040,Invalid Currency,Reference Data,SimCorp,Americas,Equity,0,6,2539.27,0.74,0,1,19,Medium,Invalid Currency pattern detected from source controls,Reference Data Ops,48,Resolved,2026-04-15
EXC0000041,Stale Price,Pricing,Bloomberg,EMEA,Equity,1,0,3728.62,2.54,0,0,86,Low,Stale Price pattern detected from source controls,Pricing Control,72,Open,2026-04-20
EXC0000042,Stale Price,Pricing,ABOR,Americas,Corporate Bond,1,10,923.28,1.17,0,0,50,Low,Stale Price pattern detected from source controls,Pricing Control,72,Resolved,2026-04-22
EXC0000043,Duplicate Record,Trades,SimCorp,APAC,ETF,0,11,49089.9,-0.32,1,0,15,High,Duplicate Record pattern detected from source controls,Trade Support,24,Resolved,2026-04-02
EXC0000044,Unknown / Needs SME Review,Reference Data,Refinitiv,Americas,Government Bond,0,0,2723.75,1.99,0,0,11,Low,Unknown / Needs SME Review pattern detected from source controls,Reference Data Ops,72,Resolved,2026-04-15
EXC0000045,Invalid Currency,Reference Data,IBOR,APAC,ETF,1,7,857.47,-0.67,0,1,18,Low,Invalid Currency pattern detected from source controls,Reference Data Ops,72,Resolved,2026-05-02
EXC0000046,Position Reconciliation Break,Positions,Aladdin,Americas,Equity,1,12,80182.29,-0.36,0,0,7,Critical,Position Reconciliation Break pattern detected from source controls,Reconciliation,8,Open,2026-04-11
EXC0000047,Performance Return Outlier,Positions,Custodian,EMEA,ETF,1,5,9039.92,17.41,0,0,15,Medium,Performance Return Outlier pattern detected from source controls,Reconciliation,48,Resolved,2026-04-28
EXC0000048,Delayed Source Load,Source Control,ABOR,EMEA,ETF,0,13,1312.17,0.65,0,0,90,Medium,Delayed Source Load pattern detected from source controls,Source Systems,48,Escalated,2026-04-01
EXC0000049,Missing Client Mapping,Client Data,Custodian,APAC,Government Bond,3,9,455.83,1.43,0,0,18,Low,Missing Client Mapping pattern detected from source controls,Client Data Ops,72,Resolved,2026-03-26
EXC0000050,Trade Match Break,Trades,SimCorp,Americas,ETF,0,20,19736.69,-3.67,0,0,3,Critical,Trade Match Break pattern detected from source controls,Trade Support,8,Resolved,2026-04-13
EXC0000051,Position Reconciliation Break,Positions,Custodian,APAC,Equity,1,3,65029.35,-0.83,0,0,3,High,Position Reconciliation Break pattern detected from source controls,Reconciliation,24,Open,2026-04-04
EXC0000052,Price Outlier,Pricing,Murex,EMEA,Government Bond,0,0,2089.89,16.83,0,0,19,Low,Price Outlier pattern detected from source controls,Pricing Control,72,Suppressed,2026-05-11
EXC0000053,Delayed Source Load,Source Control,SimCorp,Americas,ETF,1,7,921.76,1.48,0,0,30,Low,Delayed Source Load pattern detected from source controls,Source Systems,72,Resolved,2026-03-24
EXC0000054,Price Outlier,Pricing,SimCorp,APAC,Equity,0,17,1898.42,1.45,0,0,10,Medium,Price Outlier pattern detected from source controls,Pricing Control,48,Open,2026-04-09
EXC0000055,Invalid Currency,Reference Data,Custodian,EMEA,Equity,1,20,4826.03,2.54,0,1,9,High,Invalid Currency pattern detected from source controls,Reference Data Ops,24,Open,2026-03-28
EXC0000056,Delayed Source Load,Source Control,Refinitiv,EMEA,ETF,0,13,1768.27,1.23,0,0,75,Medium,Delayed Source Load pattern detected from source controls,Source Systems,48,Escalated,2026-04-04
EXC0000057,Position Reconciliation Break,Positions,IBOR,EMEA,Government Bond,0,13,10483.94,-0.71,0,0,4,High,Position Reconciliation Break pattern detected from source controls,Reconciliation,24,Escalated,2026-04-04
EXC0000058,Stale Price,Pricing,Custodian,EMEA,Corporate Bond,0,15,2442.02,0.13,0,0,50,Medium,Stale Price pattern detected from source controls,Pricing Control,48,Resolved,2026-05-13
EXC0000059,Missing Reference Data,Reference Data,Aladdin,APAC,Corporate Bond,3,21,1837.07,6.4,0,0,17,High,Missing Reference Data pattern detected from source controls,Reference Data Ops,24,Escalated,2026-05-04
EXC0000060,Invalid Currency,Reference Data,IBOR,APAC,Derivative,1,20,2144.33,0.17,0,1,18,High,Invalid Currency pattern detected from source controls,Reference Data Ops,24,Escalated,2026-04-28
EXC0000061,Price Outlier,Pricing,Murex,APAC,Corporate Bond,1,13,3938.51,19.88,0,0,3,Medium,Price Outlier pattern detected from source controls,Pricing Control,48,Resolved,2026-04-18
EXC0000062,Missing Reference Data,Reference Data,SimCorp,EMEA,Corporate Bond,1,7,1187.9,0.46,0,0,9,Low,Missing Reference Data pattern detected from source controls,Reference Data Ops,72,Open,2026-04-25
EXC0000063,Trade Match Break,Trades,Custodian,EMEA,Derivative,1,2,49979.34,0.7,0,0,9,High,Trade Match Break pattern detected from source controls,Trade Support,24,Resolved,2026-04-24
EXC0000064,Duplicate Record,Trades,Bloomberg,APAC,Corporate Bond,0,3,16516.98,1.69,1,0,10,Medium,Duplicate Record pattern detected from source controls,Trade Support,48,Resolved,2026-04-17
EXC0000065,Position Reconciliation Break,Positions,IBOR,EMEA,Government Bond,1,14,32294.81,1.06,0,0,10,High,Position Reconciliation Break pattern detected from source controls,Reconciliation,24,Resolved,2026-04-26
EXC0000066,Stale Price,Pricing,Custodian,Americas,Corporate Bond,0,1,2066.7,-0.85,0,0,41,Low,Stale Price pattern detected from source controls,Pricing Control,72,Resolved,2026-04-15
EXC0000067,Duplicate Record,Trades,Custodian,APAC,Government Bond,0,19,74070.14,1.46,1,0,17,Critical,Duplicate Record pattern detected from source controls,Trade Support,8,Resolved,2026-04-03
EXC0000068,Trade Match Break,Trades,SimCorp,EMEA,Corporate Bond,0,10,43022.3,-2.18,0,0,4,High,Trade Match Break pattern detected from source controls,Trade Support,24,Escalated,2026-04-12
EXC0000069,Position Reconciliation Break,Positions,IBOR,EMEA,Derivative,0,20,22743.28,2.41,0,0,5,Critical,Position Reconciliation Break pattern detected from source controls,Reconciliation,8,Resolved,2026-04-26
EXC0000070,Delayed Source Load,Source Control,IBOR,Americas,Equity,1,18,2001.32,2.06,0,0,87,Medium,Delayed Source Load pattern detected from source controls,Source Systems,48,Resolved,2026-03-23
EXC0000071,Missing Reference Data,Reference Data,IBOR,EMEA,Government Bond,2,12,2924.53,3.32,0,0,19,Medium,Missing Reference Data pattern detected from source controls,Reference Data Ops,48,Resolved,2026-05-11
EXC0000072,Position Reconciliation Break,Positions,SimCorp,APAC,ETF,1,9,49676.83,0.26,0,0,18,High,Position Reconciliation Break pattern detected from source controls,Reconciliation,24,Open,2026-05-19
EXC0000073,Stale Price,Pricing,ABOR,EMEA,Derivative,1,2,602.55,3.35,0,0,31,Low,Stale Price pattern detected from source controls,Pricing Control,72,Resolved,2026-04-29
EXC0000074,Stale Price,Pricing,SimCorp,Americas,Equity,1,21,465.78,2.58,0,0,85,Medium,Stale Price pattern detected from source controls,Pricing Control,48,Open,2026-04-17
EXC0000075,Duplicate Record,Trades,SimCorp,APAC,Derivative,0,14,43187.05,1.82,1,0,3,High,Duplicate Record pattern detected from source controls,Trade Support,24,Resolved,2026-04-01
EXC0000076,Invalid Currency,Reference Data,Bloomberg,EMEA,Corporate Bond,0,9,7010.9,6.44,0,1,8,Medium,Invalid Currency pattern detected from source controls,Reference Data Ops,48,Open,2026-04-14
EXC0000077,Duplicate Record,Trades,SimCorp,EMEA,ETF,0,3,65361.8,2.68,1,0,5,High,Duplicate Record pattern detected from source controls,Trade Support,24,Open,2026-04-19
EXC0000078,Performance Return Outlier,Positions,Bloomberg,Americas,Equity,0,18,53563.14,18.82,0,0,4,Critical,Performance Return Outlier pattern detected from source controls,Reconciliation,8,Open,2026-05-01
EXC0000079,Missing Client Mapping,Client Data,SimCorp,Americas,Equity,4,1,259.75,5.34,0,0,17,Low,Missing Client Mapping pattern detected from source controls,Client Data Ops,72,Open,2026-05-19
EXC0000080,Stale Price,Pricing,Aladdin,Americas,Government Bond,1,14,2437.23,2.78,0,0,20,Medium,Stale Price pattern detected from source controls,Pricing Control,48,Escalated,2026-04-26
EXC0000081,Duplicate Record,Trades,Murex,Americas,Equity,0,4,2991.25,5.95,1,0,3,Medium,Duplicate Record pattern detected from source controls,Trade Support,48,Resolved,2026-04-12
EXC0000082,Duplicate Record,Trades,IBOR,EMEA,Government Bond,1,13,107962.7,-3.14,1,0,7,Critical,Duplicate Record pattern detected from source controls,Trade Support,8,Resolved,2026-03-31
EXC0000083,Duplicate Record,Trades,Bloomberg,EMEA,Government Bond,0,2,30848.85,0.75,1,0,0,Medium,Duplicate Record pattern detected from source controls,Trade Support,48,Resolved,2026-05-09
EXC0000084,Trade Match Break,Trades,Refinitiv,Americas,Government Bond,1,17,97787.16,0.75,0,0,16,Critical,Trade Match Break pattern detected from source controls,Trade Support,8,Suppressed,2026-05-04
EXC0000085,Unknown / Needs SME Review,Reference Data,Bloomberg,EMEA,Equity,0,9,22393.21,-3.22,0,0,5,High,Unknown / Needs SME Review pattern detected from source controls,Reference Data Ops,24,Resolved,2026-05-13
EXC0000086,Position Reconciliation Break,Positions,IBOR,EMEA,ETF,1,9,23683.58,1.91,0,0,11,High,Position Reconciliation Break pattern detected from source controls,Reconciliation,24,Open,2026-04-07
EXC0000087,Missing Client Mapping,Client Data,SimCorp,EMEA,Corporate Bond,3,20,2938.36,0.57,0,0,10,High,Missing Client Mapping pattern detected from source controls,Client Data Ops,24,Escalated,2026-05-01
EXC0000088,Position Reconciliation Break,Positions,Aladdin,Americas,ETF,1,4,49743.26,-3.5,0,0,3,High,Position Reconciliation Break pattern detected from source controls,Reconciliation,24,Resolved,2026-03-28
EXC0000089,Missing Client Mapping,Client Data,Refinitiv,EMEA,Corporate Bond,1,14,2285.99,-0.42,0,0,7,Medium,Missing Client Mapping pattern detected from source controls,Client Data Ops,48,Resolved,2026-04-03
EXC0000090,Trade Match Break,Trades,SimCorp,Americas,Corporate Bond,1,12,26064.29,4.97,0,0,2,High,Trade Match Break pattern detected from source controls,Trade Support,24,Resolved,2026-03-24
EXC0000091,Missing Reference Data,Reference Data,Murex,APAC,Equity,3,15,1962.87,3.77,0,0,3,Medium,Missing Reference Data pattern detected from source controls,Reference Data Ops,48,Resolved,2026-05-16
EXC0000092,Position Reconciliation Break,Positions,Bloomberg,EMEA,Derivative,0,14,11090.52,-0.28,0,0,16,High,Position Reconciliation Break pattern detected from source controls,Reconciliation,24,Resolved,2026-03-29
EXC0000093,Position Reconciliation Break,Positions,IBOR,APAC,Corporate Bond,0,17,22716.67,-0.35,0,0,7,High,Position Reconciliation Break pattern detected from source controls,Reconciliation,24,Resolved,2026-05-07
EXC0000094,Missing Reference Data,Reference Data,Refinitiv,APAC,Equity,3,7,6915.46,3.65,0,0,9,Medium,Missing Reference Data pattern detected from source controls,Reference Data Ops,48,Resolved,2026-04-14
EXC0000095,Invalid Currency,Reference Data,SimCorp,EMEA,Corporate Bond,1,5,584.67,-3.41,0,1,13,Low,Invalid Currency pattern detected from source controls,Reference Data Ops,72,Resolved,2026-05-07
EXC0000096,Delayed Source Load,Source Control,Bloomberg,EMEA,Equity,0,14,935.11,2.98,0,0,46,Low,Delayed Source Load pattern detected from source controls,Source Systems,72,Resolved,2026-04-11
EXC0000097,Delayed Source Load,Source Control,ABOR,APAC,Equity,0,12,7965.58,-3.08,0,0,45,High,Delayed Source Load pattern detected from source controls,Source Systems,24,Resolved,2026-03-31
EXC0000098,Trade Match Break,Trades,Aladdin,EMEA,Equity,1,20,26790.53,5.6,0,0,17,Critical,Trade Match Break pattern detected from source controls,Trade Support,8,Resolved,2026-04-22
EXC0000099,Trade Match Break,Trades,Murex,EMEA,ETF,1,15,6239.37,3.15,0,0,11,High,Trade Match Break pattern detected from source controls,Trade Support,24,Resolved,2026-05-04
EXC0000100,Delayed Source Load,Source Control,Aladdin,EMEA,Government Bond,0,5,2468.5,-3.11,0,0,38,Low,Delayed Source Load pattern detected from source controls,Source Systems,72,Escalated,2026-04-20
EXC0000101,Unknown / Needs SME Review,Reference Data,IBOR,EMEA,Derivative,1,6,1242.6,0.55,0,0,18,Low,Unknown / Needs SME Review pattern detected from source controls,Reference Data Ops,72,Resolved,2026-04-15
EXC0000102,Missing Reference Data,Reference Data,IBOR,Americas,Derivative,2,15,205.87,2.29,0,0,5,Low,Missing Reference Data pattern detected from source controls,Reference Data Ops,72,Resolved,2026-04-05
EXC0000103,Missing Reference Data,Reference Data,Custodian,Americas,ETF,1,8,608.89,-3.47,0,0,14,Low,Missing Reference Data pattern detected from source controls,Reference Data Ops,72,Resolved,2026-05-12
EXC0000104,Missing Reference Data,Reference Data,Aladdin,APAC,Government Bond,4,20,9373.05,1.39,0,0,17,High,Missing Reference Data pattern detected from source controls,Reference Data Ops,24,Resolved,2026-05-17
EXC0000105,Position Reconciliation Break,Positions,IBOR,EMEA,Derivative,1,15,10930.43,2.7,0,0,16,High,Position Reconciliation Break pattern detected from source controls,Reconciliation,24,Suppressed,2026-04-02
EXC0000106,Missing Client Mapping,Client Data,Aladdin,APAC,Derivative,3,8,5831.04,-3.67,0,0,12,Medium,Missing Client Mapping pattern detected from source controls,Client Data Ops,48,Open,2026-05-13
EXC0000107,Missing Reference Data,Reference Data,IBOR,EMEA,Equity,3,17,793.65,3.37,0,0,5,Medium,Missing Reference Data pattern detected from source controls,Reference Data Ops,48,Resolved,2026-05-04
EXC0000108,Invalid Currency,Reference Data,ABOR,Americas,Government Bond,0,15,1730.16,1.19,0,1,12,Medium,Invalid Currency pattern detected from source controls,Reference Data Ops,48,Suppressed,2026-03-27
EXC0000109,Stale Price,Pricing,ABOR,EMEA,ETF,0,7,1579.53,3.79,0,0,68,Low,Stale Price pattern detected from source controls,Pricing Control,72,Open,2026-04-22
EXC0000110,Missing Reference Data,Reference Data,Refinitiv,Americas,Derivative,4,9,1166.97,0.91,0,0,13,Low,Missing Reference Data pattern detected from source controls,Reference Data Ops,72,Open,2026-05-14
EXC0000111,Duplicate Record,Trades,IBOR,APAC,Government Bond,0,13,78940.88,-1.14,1,0,6,Critical,Duplicate Record pattern detected from source controls,Trade Support,8,Resolved,2026-04-30
EXC0000112,Duplicate Record,Trades,SimCorp,EMEA,ETF,1,5,8486.62,-1.39,1,0,13,Medium,Duplicate Record pattern detected from source controls,Trade Support,48,Resolved,2026-03-29
EXC0000113,Price Outlier,Pricing,Custodian,Americas,Government Bond,0,14,4758.02,9.92,0,0,9,High,Price Outlier pattern detected from source controls,Pricing Control,24,Resolved,2026-04-10
EXC0000114,Trade Match Break,Trades,IBOR,EMEA,ETF,0,7,95312.44,1.03,0,0,19,High,Trade Match Break pattern detected from source controls,Trade Support,24,Resolved,2026-04-03
EXC0000115,Trade Match Break,Trades,SimCorp,Americas,ETF,0,20,24034.95,4.16,0,0,2,Critical,Trade Match Break pattern detected from source controls,Trade Support,8,Suppressed,2026-05-04
EXC0000116,Performance Return Outlier,Positions,ABOR,EMEA,Government Bond,0,12,21017.76,14.11,0,0,14,High,Performance Return Outlier pattern detected from source controls,Reconciliation,24,Resolved,2026-03-31
EXC0000117,Delayed Source Load,Source Control,Bloomberg,APAC,ETF,1,17,1419.58,-2.4,0,0,45,Medium,Delayed Source Load pattern detected from source controls,Source Systems,48,Resolved,2026-05-19
EXC0000118,Position Reconciliation Break,Positions,Murex,EMEA,Equity,1,12,268432.34,0.36,0,0,11,Critical,Position Reconciliation Break pattern detected from source controls,Reconciliation,8,Open,2026-05-09
EXC0000119,Unknown / Needs SME Review,Reference Data,Aladdin,EMEA,Equity,0,4,818.49,-2.31,0,0,10,Low,Unknown / Needs SME Review pattern detected from source controls,Reference Data Ops,72,Resolved,2026-04-18
EXC0000120,Duplicate Record,Trades,SimCorp,EMEA,Derivative,0,14,27041.22,2.37,1,0,2,High,Duplicate Record pattern detected from source controls,Trade Support,24,Resolved,2026-03-28
EXC0000121,Missing Reference Data,Reference Data,IBOR,Americas,Corporate Bond,2,13,1363.42,2.95,0,0,11,Medium,Missing Reference Data pattern detected from source controls,Reference Data Ops,48,Resolved,2026-03-22
EXC0000122,Position Reconciliation Break,Positions,SimCorp,Americas,Corporate Bond,1,3,21459.01,3.38,0,0,8,Medium,Position Reconciliation Break pattern detected from source controls,Reconciliation,48,Resolved,2026-04-26
EXC0000123,Performance Return Outlier,Positions,Murex,EMEA,ETF,0,21,31082.21,15.35,0,0,4,Critical,Performance Return Outlier pattern detected from source controls,Reconciliation,8,Resolved,2026-03-31
EXC0000124,Invalid Currency,Reference Data,Murex,EMEA,Government Bond,1,1,1155.31,-0.25,0,1,18,Low,Invalid Currency pattern detected from source controls,Reference Data Ops,72,Open,2026-05-04
EXC0000125,Unknown / Needs SME Review,Reference Data,Aladdin,Americas,Government Bond,0,8,840.85,0.22,0,0,4,Low,Unknown / Needs SME Review pattern detected from source controls,Reference Data Ops,72,Resolved,2026-03-21
EXC0000126,Position Reconciliation Break,Positions,ABOR,Americas,Derivative,1,2,20329.38,1.27,0,0,8,Medium,Position Reconciliation Break pattern detected from source controls,Reconciliation,48,Escalated,2026-05-13
EXC0000127,Performance Return Outlier,Positions,Refinitiv,APAC,Corporate Bond,0,16,23741.57,3.91,0,0,7,High,Performance Return Outlier pattern detected from source controls,Reconciliation,24,Resolved,2026-04-23
EXC0000128,Missing Client Mapping,Client Data,ABOR,EMEA,Corporate Bond,3,9,1099.63,5.52,0,0,9,Low,Missing Client Mapping pattern detected from source controls,Client Data Ops,72,Escalated,2026-05-19
EXC0000129,Delayed Source Load,Source Control,IBOR,Americas,Equity,1,11,725.18,0.58,0,0,85,Low,Delayed Source Load pattern detected from source controls,Source Systems,72,Escalated,2026-04-15
EXC0000130,Unknown / Needs SME Review,Reference Data,Bloomberg,APAC,Derivative,0,19,1052.93,1.24,0,0,12,Medium,Unknown / Needs SME Review pattern detected from source controls,Reference Data Ops,48,Resolved,2026-04-23
EXC0000131,Price Outlier,Pricing,Aladdin,APAC,Equity,1,9,2473.93,2.8,0,0,6,Medium,Price Outlier pattern detected from source controls,Pricing Control,48,Open,2026-04-02
EXC0000132,Duplicate Record,Trades,Bloomberg,APAC,Government Bond,0,10,18808.36,-0.32,1,0,6,High,Duplicate Record pattern detected from source controls,Trade Support,24,Resolved,2026-04-12
EXC0000133,Price Outlier,Pricing,Refinitiv,Americas,Government Bond,1,12,1526.1,15.36,0,0,14,Medium,Price Outlier pattern detected from source controls,Pricing Control,48,Resolved,2026-04-29
EXC0000134,Delayed Source Load,Source Control,Custodian,APAC,Derivative,0,20,928.53,-1.07,0,0,35,Medium,Delayed Source Load pattern detected from source controls,Source Systems,48,Open,2026-03-24
EXC0000135,Duplicate Record,Trades,ABOR,EMEA,Government Bond,1,9,150669.3,6.18,1,0,11,High,Duplicate Record pattern detected from source controls,Trade Support,24,Resolved,2026-05-13
EXC0000136,Stale Price,Pricing,ABOR,Americas,Equity,1,5,1342.77,2.86,0,0,34,Low,Stale Price pattern detected from source controls,Pricing Control,72,Open,2026-05-15
EXC0000137,Trade Match Break,Trades,Bloomberg,EMEA,Corporate Bond,1,6,18817.32,0.65,0,0,2,Medium,Trade Match Break pattern detected from source controls,Trade Support,48,Resolved,2026-05-09
EXC0000138,Stale Price,Pricing,SimCorp,APAC,Government Bond,0,12,1305.26,-0.14,0,0,85,Low,Stale Price pattern detected from source controls,Pricing Control,72,Resolved,2026-04-15
EXC0000139,Position Reconciliation Break,Positions,IBOR,Americas,ETF,0,16,14732.47,4.59,0,0,4,High,Position Reconciliation Break pattern detected from source controls,Reconciliation,24,Resolved,2026-03-23
EXC0000140,Missing Reference Data,Reference Data,IBOR,Americas,Equity,4,18,4996.24,-0.59,0,0,1,High,Missing Reference Data pattern detected from source controls,Reference Data Ops,24,Escalated,2026-05-10
EXC0000141,Unknown / Needs SME Review,Reference Data,Custodian,Americas,ETF,1,11,473.91,-2.76,0,0,12,Low,Unknown / Needs SME Review pattern detected from source controls,Reference Data Ops,72,Open,2026-04-02
EXC0000142,Duplicate Record,Trades,Custodian,APAC,Equity,0,10,4384.92,2.69,1,0,10,Medium,Duplicate Record pattern detected from source controls,Trade Support,48,Open,2026-04-04
EXC0000143,Unknown / Needs SME Review,Reference Data,IBOR,Americas,Equity,0,20,1792.26,-0.82,0,0,10,Medium,Unknown / Needs SME Review pattern detected from source controls,Reference Data Ops,48,Open,2026-05-02
EXC0000144,Stale Price,Pricing,Refinitiv,EMEA,Equity,1,14,1158.23,-1.71,0,0,67,Medium,Stale Price pattern detected from source controls,Pricing Control,48,Escalated,2026-05-10
EXC0000145,Trade Match Break,Trades,SimCorp,Americas,Equity,0,0,25837.79,-1.23,0,0,6,Medium,Trade Match Break pattern detected from source controls,Trade Support,48,Resolved,2026-04-03
EXC0000146,Performance Return Outlier,Positions,ABOR,APAC,ETF,1,14,18775.47,24.32,0,0,6,High,Performance Return Outlier pattern detected from source controls,Reconciliation,24,Escalated,2026-04-02
EXC0000147,Invalid Currency,Reference Data,SimCorp,APAC,Derivative,0,16,1940.04,1.24,0,1,3,Medium,Invalid Currency pattern detected from source controls,Reference Data Ops,48,Resolved,2026-04-07
EXC0000148,Missing Reference Data,Reference Data,Aladdin,EMEA,Equity,4,16,1260.09,-0.96,0,0,1,Medium,Missing Reference Data pattern detected from source controls,Reference Data Ops,48,Resolved,2026-04-04
EXC0000149,Delayed Source Load,Source Control,Aladdin,APAC,Derivative,1,3,1715.73,2.67,0,0,85,Low,Delayed Source Load pattern detected from source controls,Source Systems,72,Open,2026-04-21
EXC0000150,Stale Price,Pricing,Refinitiv,Americas,Corporate Bond,1,11,970.8,-0.57,0,0,78,Low,Stale Price pattern detected from source controls,Pricing Control,72,Escalated,2026-04-27
EXC0000151,Price Outlier,Pricing,Refinitiv,EMEA,Derivative,0,16,10358.25,9.98,0,0,8,High,Price Outlier pattern detected from source controls,Pricing Control,24,Resolved,2026-05-18
EXC0000152,Missing Client Mapping,Client Data,Custodian,APAC,Derivative,4,20,4053.82,-1.77,0,0,18,High,Missing Client Mapping pattern detected from source controls,Client Data Ops,24,Resolved,2026-04-19
EXC0000153,Invalid Currency,Reference Data,SimCorp,EMEA,ETF,0,19,2672.71,1.55,0,1,4,High,Invalid Currency pattern detected from source controls,Reference Data Ops,24,Resolved,2026-04-06
EXC0000154,Invalid Currency,Reference Data,Refinitiv,Americas,Government Bond,1,17,1267.68,-0.46,0,1,3,Medium,Invalid Currency pattern detected from source controls,Reference Data Ops,48,Resolved,2026-05-08
EXC0000155,Missing Reference Data,Reference Data,IBOR,EMEA,Derivative,4,17,3488.31,1.76,0,0,14,High,Missing Reference Data pattern detected from source controls,Reference Data Ops,24,Open,2026-05-02
EXC0000156,Price Outlier,Pricing,Bloomberg,APAC,Government Bond,0,7,2297.16,18.81,0,0,7,Medium,Price Outlier pattern detected from source controls,Pricing Control,48,Open,2026-04-15
EXC0000157,Trade Match Break,Trades,Custodian,Americas,Equity,0,13,82235.88,-0.08,0,0,5,Critical,Trade Match Break pattern detected from source controls,Trade Support,8,Resolved,2026-05-03
EXC0000158,Trade Match Break,Trades,Bloomberg,APAC,Corporate Bond,1,0,102067.49,8.17,0,0,15,High,Trade Match Break pattern detected from source controls,Trade Support,24,Resolved,2026-03-28
EXC0000159,Missing Reference Data,Reference Data,ABOR,EMEA,Equity,3,2,2252.2,2.19,0,0,5,Low,Missing Reference Data pattern detected from source controls,Reference Data Ops,72,Resolved,2026-04-18
EXC0000160,Invalid Currency,Reference Data,Refinitiv,Americas,Corporate Bond,1,5,6952.44,1.06,0,1,0,Medium,Invalid Currency pattern detected from source controls,Reference Data Ops,48,Resolved,2026-04-24
EXC0000161,Performance Return Outlier,Positions,ABOR,APAC,Equity,1,21,48363.87,25.37,0,0,16,Critical,Performance Return Outlier pattern detected from source controls,Reconciliation,8,Resolved,2026-05-04
EXC0000162,Unknown / Needs SME Review,Reference Data,Bloomberg,EMEA,Government Bond,1,5,1464.19,0.63,0,0,19,Low,Unknown / Needs SME Review pattern detected from source controls,Reference Data Ops,72,Open,2026-03-26
EXC0000163,Missing Client Mapping,Client Data,Bloomberg,Americas,Government Bond,1,7,1957.43,0.88,0,0,18,Low,Missing Client Mapping pattern detected from source controls,Client Data Ops,72,Resolved,2026-04-07
EXC0000164,Stale Price,Pricing,ABOR,Americas,Government Bond,1,17,1872.5,3.4,0,0,32,Medium,Stale Price pattern detected from source controls,Pricing Control,48,Escalated,2026-04-15
EXC0000165,Position Reconciliation Break,Positions,Bloomberg,Americas,Corporate Bond,1,0,10740.0,0.01,0,0,9,Medium,Position Reconciliation Break pattern detected from source controls,Reconciliation,48,Open,2026-05-02
EXC0000166,Performance Return Outlier,Positions,IBOR,EMEA,Corporate Bond,0,3,127846.31,18.01,0,0,17,High,Performance Return Outlier pattern detected from source controls,Reconciliation,24,Resolved,2026-05-12
EXC0000167,Missing Reference Data,Reference Data,Aladdin,Americas,Government Bond,4,0,3410.48,1.61,0,0,12,Low,Missing Reference Data pattern detected from source controls,Reference Data Ops,72,Resolved,2026-04-01
EXC0000168,Price Outlier,Pricing,ABOR,Americas,Corporate Bond,1,13,4742.28,11.59,0,0,5,High,Price Outlier pattern detected from source controls,Pricing Control,24,Resolved,2026-05-17
EXC0000169,Price Outlier,Pricing,ABOR,EMEA,Equity,1,16,11077.45,16.44,0,0,7,High,Price Outlier pattern detected from source controls,Pricing Control,24,Escalated,2026-04-23
EXC0000170,Duplicate Record,Trades,Custodian,APAC,ETF,0,20,21446.02,2.33,1,0,6,Critical,Duplicate Record pattern detected from source controls,Trade Support,8,Resolved,2026-04-15
EXC0000171,Unknown / Needs SME Review,Reference Data,Refinitiv,APAC,Government Bond,1,18,1984.99,3.41,0,0,12,Medium,Unknown / Needs SME Review pattern detected from source controls,Reference Data Ops,48,Open,2026-04-19
EXC0000172,Position Reconciliation Break,Positions,Bloomberg,Americas,Equity,1,15,11474.0,4.31,0,0,13,High,Position Reconciliation Break pattern detected from source controls,Reconciliation,24,Open,2026-04-08
EXC0000173,Position Reconciliation Break,Positions,Bloomberg,EMEA,Derivative,1,17,87200.09,2.84,0,0,14,Critical,Position Reconciliation Break pattern detected from source controls,Reconciliation,8,Resolved,2026-05-17
EXC0000174,Duplicate Record,Trades,Bloomberg,Americas,Corporate Bond,0,20,44177.65,2.19,1,0,5,Critical,Duplicate Record pattern detected from source controls,Trade Support,8,Resolved,2026-05-06
EXC0000175,Delayed Source Load,Source Control,IBOR,EMEA,ETF,1,12,4150.63,2.52,0,0,66,Medium,Delayed Source Load pattern detected from source controls,Source Systems,48,Resolved,2026-05-18
EXC0000176,Price Outlier,Pricing,SimCorp,APAC,Equity,1,2,4102.61,8.24,0,0,8,Medium,Price Outlier pattern detected from source controls,Pricing Control,48,Open,2026-05-04
EXC0000177,Duplicate Record,Trades,Bloomberg,EMEA,Corporate Bond,0,13,35591.14,1.78,1,0,0,High,Duplicate Record pattern detected from source controls,Trade Support,24,Suppressed,2026-05-07
EXC0000178,Performance Return Outlier,Positions,Refinitiv,EMEA,Corporate Bond,1,6,56475.19,17.74,0,0,15,High,Performance Return Outlier pattern detected from source controls,Reconciliation,24,Suppressed,2026-03-29
EXC0000179,Performance Return Outlier,Positions,Refinitiv,APAC,Equity,1,19,29517.32,16.47,0,0,1,Critical,Performance Return Outlier pattern detected from source controls,Reconciliation,8,Resolved,2026-04-29
EXC0000180,Trade Match Break,Trades,Bloomberg,Americas,Government Bond,1,11,27150.31,5.25,0,0,0,High,Trade Match Break pattern detected from source controls,Trade Support,24,Open,2026-04-16
EXC0000181,Missing Reference Data,Reference Data,Refinitiv,EMEA,Corporate Bond,1,14,740.67,2.62,0,0,14,Low,Missing Reference Data pattern detected from source controls,Reference Data Ops,72,Resolved,2026-05-09
EXC0000182,Performance Return Outlier,Positions,ABOR,APAC,Corporate Bond,0,11,142182.9,17.73,0,0,1,Critical,Performance Return Outlier pattern detected from source controls,Reconciliation,8,Escalated,2026-04-03
EXC0000183,Performance Return Outlier,Positions,Bloomberg,Americas,Government Bond,0,7,11350.07,14.8,0,0,10,Medium,Performance Return Outlier pattern detected from source controls,Reconciliation,48,Resolved,2026-04-19
EXC0000184,Missing Reference Data,Reference Data,SimCorp,APAC,Derivative,2,20,2833.43,0.95,0,0,6,High,Missing Reference Data pattern detected from source controls,Reference Data Ops,24,Resolved,2026-03-27
EXC0000185,Missing Reference Data,Reference Data,ABOR,Americas,Corporate Bond,3,20,2037.56,1.51,0,0,18,High,Missing Reference Data pattern detected from source controls,Reference Data Ops,24,Resolved,2026-04-13
EXC0000186,Stale Price,Pricing,Bloomberg,APAC,Equity,1,19,4042.62,2.02,0,0,93,High,Stale Price pattern detected from source controls,Pricing Control,24,Escalated,2026-04-02
EXC0000187,Duplicate Record,Trades,IBOR,Americas,ETF,0,21,102973.46,1.01,1,0,2,Critical,Duplicate Record pattern detected from source controls,Trade Support,8,Open,2026-04-01
EXC0000188,Price Outlier,Pricing,Murex,APAC,Government Bond,0,0,1116.54,30.1,0,0,2,Low,Price Outlier pattern detected from source controls,Pricing Control,72,Resolved,2026-05-15
EXC0000189,Price Outlier,Pricing,Custodian,APAC,Derivative,0,13,170.72,19.7,0,0,19,Low,Price Outlier pattern detected from source controls,Pricing Control,72,Escalated,2026-04-19
EXC0000190,Missing Client Mapping,Client Data,Custodian,Americas,ETF,4,9,1387.6,2.17,0,0,19,Low,Missing Client Mapping pattern detected from source controls,Client Data Ops,72,Open,2026-04-28
EXC0000191,Price Outlier,Pricing,IBOR,EMEA,Equity,1,12,1865.42,1.47,0,0,2,Medium,Price Outlier pattern detected from source controls,Pricing Control,48,Resolved,2026-04-27
EXC0000192,Unknown / Needs SME Review,Reference Data,SimCorp,APAC,ETF,0,9,1877.85,1.38,0,0,6,Medium,Unknown / Needs SME Review pattern detected from source controls,Reference Data Ops,48,Resolved,2026-04-26
EXC0000193,Trade Match Break,Trades,Aladdin,Americas,Equity,1,20,32788.45,3.77,0,0,0,Critical,Trade Match Break pattern detected from source controls,Trade Support,8,Resolved,2026-03-25
EXC0000194,Trade Match Break,Trades,SimCorp,Americas,Government Bond,0,18,10639.23,1.62,0,0,16,High,Trade Match Break pattern detected from source controls,Trade Support,24,Resolved,2026-03-22
EXC0000195,Unknown / Needs SME Review,Reference Data,Refinitiv,APAC,Equity,1,17,918.33,0.72,0,0,17,Medium,Unknown / Needs SME Review pattern detected from source controls,Reference Data Ops,48,Resolved,2026-04-23
EXC0000196,Stale Price,Pricing,ABOR,Americas,ETF,1,14,791.26,0.88,0,0,27,Low,Stale Price pattern detected from source controls,Pricing Control,72,Suppressed,2026-03-21
EXC0000197,Missing Reference Data,Reference Data,Custodian,APAC,Derivative,1,2,2560.52,4.63,0,0,10,Low,Missing Reference Data pattern detected from source controls,Reference Data Ops,72,Resolved,2026-05-03
EXC0000198,Trade Match Break,Trades,ABOR,APAC,Derivative,0,3,41183.68,2.01,0,0,7,High,Trade Match Break pattern detected from source controls,Trade Support,24,Resolved,2026-04-05
EXC0000199,Duplicate Record,Trades,Refinitiv,Americas,Equity,0,21,16615.43,1.41,1,0,5,Critical,Duplicate Record pattern detected from source controls,Trade Support,8,Resolved,2026-05-15
EXC0000200,Position Reconciliation Break,Positions,ABOR,Americas,Derivative,0,0,27718.43,0.41,0,0,14,Medium,Position Reconciliation Break pattern detected from source controls,Reconciliation,48,Resolved,2026-05-10
EXC0000201,Unknown / Needs SME Review,Reference Data,IBOR,Americas,ETF,0,15,3398.13,0.7,0,0,11,High,Unknown / Needs SME Review pattern detected from source controls,Reference Data Ops,24,Open,2026-05-08
EXC0000202,Unknown / Needs SME Review,Reference Data,Aladdin,EMEA,Derivative,1,12,1554.47,4.2,0,0,9,Medium,Unknown / Needs SME Review pattern detected from source controls,Reference Data Ops,48,Open,2026-04-15
EXC0000203,Missing Reference Data,Reference Data,Custodian,APAC,Government Bond,2,16,3206.08,-0.79,0,0,7,High,Missing Reference Data pattern detected from source controls,Reference Data Ops,24,Escalated,2026-04-08
EXC0000204,Stale Price,Pricing,IBOR,APAC,ETF,1,21,4284.15,3.17,0,0,89,High,Stale Price pattern detected from source controls,Pricing Control,24,Resolved,2026-05-18
EXC0000205,Position Reconciliation Break,Positions,Refinitiv,Americas,Government Bond,1,8,35263.78,3.27,0,0,19,High,Position Reconciliation Break pattern detected from source controls,Reconciliation,24,Resolved,2026-05-08
EXC0000206,Unknown / Needs SME Review,Reference Data,ABOR,EMEA,ETF,0,13,1216.17,2.04,0,0,2,Medium,Unknown / Needs SME Review pattern detected from source controls,Reference Data Ops,48,Resolved,2026-03-27
EXC0000207,Price Outlier,Pricing,Refinitiv,Americas,ETF,0,0,5177.34,17.06,0,0,15,Medium,Price Outlier pattern detected from source controls,Pricing Control,48,Resolved,2026-04-28
EXC0000208,Trade Match Break,Trades,IBOR,EMEA,Corporate Bond,0,7,59963.03,-2.21,0,0,9,High,Trade Match Break pattern detected from source controls,Trade Support,24,Open,2026-04-06
EXC0000209,Price Outlier,Pricing,IBOR,EMEA,Corporate Bond,0,5,1459.8,22.4,0,0,13,Low,Price Outlier pattern detected from source controls,Pricing Control,72,Resolved,2026-05-18
EXC0000210,Unknown / Needs SME Review,Reference Data,SimCorp,EMEA,Derivative,0,18,2729.6,-2.49,0,0,15,High,Unknown / Needs SME Review pattern detected from source controls,Reference Data Ops,24,Escalated,2026-04-24
EXC0000211,Stale Price,Pricing,Aladdin,APAC,Derivative,1,7,1420.58,1.92,0,0,30,Low,Stale Price pattern detected from source controls,Pricing Control,72,Escalated,2026-04-27
EXC0000212,Position Reconciliation Break,Positions,Murex,Americas,Equity,1,6,15469.59,1.63,0,0,4,Medium,Position Reconciliation Break pattern detected from source controls,Reconciliation,48,Open,2026-04-02
EXC0000213,Missing Reference Data,Reference Data,ABOR,EMEA,Equity,3,10,1340.78,3.42,0,0,0,Low,Missing Reference Data pattern detected from source controls,Reference Data Ops,72,Resolved,2026-04-11
EXC0000214,Duplicate Record,Trades,Murex,Americas,ETF,0,12,43059.63,-0.74,1,0,19,High,Duplicate Record pattern detected from source controls,Trade Support,24,Resolved,2026-05-15
EXC0000215,Trade Match Break,Trades,Aladdin,EMEA,ETF,1,15,29184.76,-0.86,0,0,15,High,Trade Match Break pattern detected from source controls,Trade Support,24,Open,2026-05-06
EXC0000216,Position Reconciliation Break,Positions,IBOR,APAC,Corporate Bond,0,21,62550.86,2.84,0,0,14,Critical,Position Reconciliation Break pattern detected from source controls,Reconciliation,8,Resolved,2026-04-16
EXC0000217,Missing Reference Data,Reference Data,SimCorp,APAC,Derivative,2,9,1671.81,1.07,0,0,0,Low,Missing Reference Data pattern detected from source controls,Reference Data Ops,72,Resolved,2026-05-19
EXC0000218,Missing Reference Data,Reference Data,Refinitiv,APAC,Equity,4,13,440.55,-3.54,0,0,18,Low,Missing Reference Data pattern detected from source controls,Reference Data Ops,72,Open,2026-05-13
EXC0000219,Missing Reference Data,Reference Data,ABOR,APAC,Equity,4,8,1306.0,1.48,0,0,2,Low,Missing Reference Data pattern detected from source controls,Reference Data Ops,72,Resolved,2026-03-30
EXC0000220,Delayed Source Load,Source Control,Bloomberg,EMEA,Government Bond,1,12,2369.63,6.02,0,0,76,Medium,Delayed Source Load pattern detected from source controls,Source Systems,48,Resolved,2026-05-18
EXC0000221,Invalid Currency,Reference Data,Bloomberg,Americas,Government Bond,0,5,1391.34,2.87,0,1,11,Low,Invalid Currency pattern detected from source controls,Reference Data Ops,72,Resolved,2026-04-06
EXC0000222,Stale Price,Pricing,Refinitiv,EMEA,Corporate Bond,1,5,3172.77,-1.46,0,0,91,Medium,Stale Price pattern detected from source controls,Pricing Control,48,Resolved,2026-04-17
EXC0000223,Trade Match Break,Trades,Refinitiv,Americas,ETF,0,16,194262.46,2.67,0,0,15,Critical,Trade Match Break pattern detected from source controls,Trade Support,8,Resolved,2026-03-21
EXC0000224,Trade Match Break,Trades,Aladdin,Americas,Derivative,0,14,57049.05,3.96,0,0,18,Critical,Trade Match Break pattern detected from source controls,Trade Support,8,Escalated,2026-04-14
EXC0000225,Missing Reference Data,Reference Data,Bloomberg,EMEA,Equity,2,17,4714.3,-2.81,0,0,8,High,Missing Reference Data pattern detected from source controls,Reference Data Ops,24,Resolved,2026-05-11
EXC0000226,Delayed Source Load,Source Control,ABOR,APAC,ETF,0,15,2207.8,0.78,0,0,22,Medium,Delayed Source Load pattern detected from source controls,Source Systems,48,Resolved,2026-04-13
EXC0000227,Trade Match Break,Trades,Aladdin,Americas,Government Bond,0,7,20263.11,4.75,0,0,11,High,Trade Match Break pattern detected from source controls,Trade Support,24,Resolved,2026-04-09
EXC0000228,Invalid Currency,Reference Data,Bloomberg,Americas,Derivative,1,17,1241.61,-2.31,0,1,15,Medium,Invalid Currency pattern detected from source controls,Reference Data Ops,48,Resolved,2026-05-02
EXC0000229,Duplicate Record,Trades,Custodian,APAC,Corporate Bond,0,4,19245.83,0.8,1,0,19,Medium,Duplicate Record pattern detected from source controls,Trade Support,48,Resolved,2026-05-04
EXC0000230,Performance Return Outlier,Positions,Refinitiv,Americas,ETF,1,0,461614.85,13.75,0,0,5,High,Performance Return Outlier pattern detected from source controls,Reconciliation,24,Resolved,2026-04-25
EXC0000231,Missing Client Mapping,Client Data,IBOR,Americas,ETF,4,4,3044.11,0.46,0,0,5,Medium,Missing Client Mapping pattern detected from source controls,Client Data Ops,48,Escalated,2026-04-19
EXC0000232,Missing Reference Data,Reference Data,Bloomberg,Americas,Corporate Bond,4,15,1049.42,4.94,0,0,1,Medium,Missing Reference Data pattern detected from source controls,Reference Data Ops,48,Escalated,2026-05-04
EXC0000233,Stale Price,Pricing,SimCorp,APAC,Government Bond,1,14,876.59,4.56,0,0,95,Low,Stale Price pattern detected from source controls,Pricing Control,72,Resolved,2026-04-05
EXC0000234,Trade Match Break,Trades,Murex,EMEA,ETF,1,16,28307.12,0.74,0,0,14,High,Trade Match Break pattern detected from source controls,Trade Support,24,Resolved,2026-03-29
EXC0000235,Missing Reference Data,Reference Data,ABOR,Americas,Government Bond,3,16,4701.95,-1.04,0,0,4,High,Missing Reference Data pattern detected from source controls,Reference Data Ops,24,Open,2026-05-09
EXC0000236,Trade Match Break,Trades,Bloomberg,APAC,ETF,1,4,34794.91,4.68,0,0,6,High,Trade Match Break pattern detected from source controls,Trade Support,24,Open,2026-04-05
EXC0000237,Unknown / Needs SME Review,Reference Data,Aladdin,EMEA,ETF,0,17,3509.19,3.44,0,0,8,High,Unknown / Needs SME Review pattern detected from source controls,Reference Data Ops,24,Resolved,2026-04-22
EXC0000238,Stale Price,Pricing,Refinitiv,APAC,Corporate Bond,0,10,9100.69,1.46,0,0,74,Medium,Stale Price pattern detected from source controls,Pricing Control,48,Escalated,2026-05-11
EXC0000239,Invalid Currency,Reference Data,ABOR,Americas,ETF,0,19,3787.56,3.14,0,1,15,High,Invalid Currency pattern detected from source controls,Reference Data Ops,24,Resolved,2026-05-03
EXC0000240,Price Outlier,Pricing,Custodian,APAC,Government Bond,0,0,4561.16,32.69,0,0,11,Low,Price Outlier pattern detected from source controls,Pricing Control,72,Escalated,2026-03-25
EXC0000241,Missing Reference Data,Reference Data,IBOR,Americas,Corporate Bond,4,16,1938.49,-0.69,0,0,8,Medium,Missing Reference Data pattern detected from source controls,Reference Data Ops,48,Escalated,2026-05-10
EXC0000242,Missing Reference Data,Reference Data,Custodian,EMEA,Derivative,3,15,1370.12,0.02,0,0,4,Medium,Missing Reference Data pattern detected from source controls,Reference Data Ops,48,Escalated,2026-05-17
EXC0000243,Missing Reference Data,Reference Data,Murex,EMEA,Equity,4,10,4481.63,1.51,0,0,11,Medium,Missing Reference Data pattern detected from source controls,Reference Data Ops,48,Resolved,2026-04-06
EXC0000244,Price Outlier,Pricing,Aladdin,EMEA,ETF,0,19,824.82,21.11,0,0,14,Medium,Price Outlier pattern detected from source controls,Pricing Control,48,Resolved,2026-04-17
EXC0000245,Unknown / Needs SME Review,Reference Data,ABOR,EMEA,Corporate Bond,0,5,2537.74,0.64,0,0,11,Low,Unknown / Needs SME Review pattern detected from source controls,Reference Data Ops,72,Resolved,2026-05-04
EXC0000246,Duplicate Record,Trades,Murex,APAC,ETF,0,8,39661.52,-0.48,1,0,15,High,Duplicate Record pattern detected from source controls,Trade Support,24,Open,2026-04-05
EXC0000247,Stale Price,Pricing,ABOR,APAC,Derivative,1,8,2371.79,1.93,0,0,58,Medium,Stale Price pattern detected from source controls,Pricing Control,48,Resolved,2026-04-18
EXC0000248,Missing Reference Data,Reference Data,Bloomberg,EMEA,ETF,4,10,2240.2,-1.32,0,0,2,Medium,Missing Reference Data pattern detected from source controls,Reference Data Ops,48,Resolved,2026-05-05
EXC0000249,Unknown / Needs SME Review,Reference Data,Murex,EMEA,Corporate Bond,1,6,2059.84,2.57,0,0,3,Low,Unknown / Needs SME Review pattern detected from source controls,Reference Data Ops,72,Resolved,2026-04-08
EXC0000250,Stale Price,Pricing,Murex,EMEA,ETF,1,14,1782.6,2.06,0,0,53,Medium,Stale Price pattern detected from source controls,Pricing Control,48,Resolved,2026-03-30
EXC0000251,Price Outlier,Pricing,ABOR,EMEA,Corporate Bond,1,2,2768.41,17.03,0,0,1,Low,Price Outlier pattern detected from source controls,Pricing Control,72,Open,2026-04-23
EXC0000252,Delayed Source Load,Source Control,Bloomberg,EMEA,Equity,1,0,3147.11,2.67,0,0,64,Low,Delayed Source Load pattern detected from source controls,Source Systems,72,Suppressed,2026-04-02
EXC0000253,Position Reconciliation Break,Positions,ABOR,APAC,Corporate Bond,1,3,36345.09,2.98,0,0,4,Medium,Position Reconciliation Break pattern detected from source controls,Reconciliation,48,Resolved,2026-05-11
EXC0000254,Price Outlier,Pricing,ABOR,APAC,ETF,1,9,1743.6,20.04,0,0,15,Low,Price Outlier pattern detected from source controls,Pricing Control,72,Resolved,2026-05-16
EXC0000255,Invalid Currency,Reference Data,SimCorp,Americas,Corporate Bond,1,0,1294.05,1.59,0,1,5,Low,Invalid Currency pattern detected from source controls,Reference Data Ops,72,Open,2026-05-19
EXC0000256,Trade Match Break,Trades,Bloomberg,Americas,Equity,0,13,16741.35,-0.2,0,0,15,High,Trade Match Break pattern detected from source controls,Trade Support,24,Resolved,2026-04-29
EXC0000257,Duplicate Record,Trades,ABOR,APAC,Government Bond,1,4,25179.3,-0.23,1,0,3,Medium,Duplicate Record pattern detected from source controls,Trade Support,48,Resolved,2026-04-27
EXC0000258,Missing Reference Data,Reference Data,ABOR,EMEA,Derivative,2,16,5014.44,5.45,0,0,12,High,Missing Reference Data pattern detected from source controls,Reference Data Ops,24,Resolved,2026-03-28
EXC0000259,Delayed Source Load,Source Control,IBOR,EMEA,Government Bond,1,18,1711.95,0.99,0,0,36,Medium,Delayed Source Load pattern detected from source controls,Source Systems,48,Resolved,2026-03-21
EXC0000260,Duplicate Record,Trades,Custodian,APAC,Government Bond,0,18,73416.42,1.47,1,0,9,Critical,Duplicate Record pattern detected from source controls,Trade Support,8,Resolved,2026-04-11
EXC0000261,Missing Reference Data,Reference Data,Murex,Americas,Corporate Bond,1,11,844.09,1.31,0,0,12,Low,Missing Reference Data pattern detected from source controls,Reference Data Ops,72,Resolved,2026-03-22
EXC0000262,Position Reconciliation Break,Positions,Bloomberg,Americas,Government Bond,0,11,18010.28,2.43,0,0,3,High,Position Reconciliation Break pattern detected from source controls,Reconciliation,24,Escalated,2026-03-22
EXC0000263,Trade Match Break,Trades,IBOR,EMEA,Corporate Bond,1,8,112679.23,0.14,0,0,9,High,Trade Match Break pattern detected from source controls,Trade Support,24,Escalated,2026-04-23
EXC0000264,Performance Return Outlier,Positions,Murex,APAC,Derivative,0,2,105212.34,15.31,0,0,14,High,Performance Return Outlier pattern detected from source controls,Reconciliation,24,Open,2026-05-04
EXC0000265,Stale Price,Pricing,Bloomberg,APAC,ETF,1,5,700.66,3.84,0,0,28,Low,Stale Price pattern detected from source controls,Pricing Control,72,Resolved,2026-04-25
EXC0000266,Trade Match Break,Trades,Aladdin,APAC,ETF,0,5,28055.32,-2.22,0,0,1,High,Trade Match Break pattern detected from source controls,Trade Support,24,Escalated,2026-05-19
EXC0000267,Missing Client Mapping,Client Data,SimCorp,EMEA,ETF,2,12,1096.1,1.97,0,0,4,Low,Missing Client Mapping pattern detected from source controls,Client Data Ops,72,Open,2026-04-11
EXC0000268,Price Outlier,Pricing,IBOR,Americas,Corporate Bond,1,0,2832.41,27.18,0,0,7,Low,Price Outlier pattern detected from source controls,Pricing Control,72,Resolved,2026-03-28
EXC0000269,Trade Match Break,Trades,Bloomberg,EMEA,ETF,0,21,7982.75,-3.52,0,0,2,High,Trade Match Break pattern detected from source controls,Trade Support,24,Resolved,2026-03-31
EXC0000270,Missing Client Mapping,Client Data,IBOR,Americas,Derivative,4,2,2236.04,1.3,0,0,16,Low,Missing Client Mapping pattern detected from source controls,Client Data Ops,72,Open,2026-05-04
EXC0000271,Invalid Currency,Reference Data,Refinitiv,EMEA,Equity,1,7,1077.23,-1.39,0,1,13,Low,Invalid Currency pattern detected from source controls,Reference Data Ops,72,Open,2026-04-15
EXC0000272,Trade Match Break,Trades,ABOR,Americas,Derivative,1,7,70027.28,-1.83,0,0,10,High,Trade Match Break pattern detected from source controls,Trade Support,24,Resolved,2026-03-27
EXC0000273,Position Reconciliation Break,Positions,IBOR,EMEA,Derivative,0,18,22767.27,7.99,0,0,9,High,Position Reconciliation Break pattern detected from source controls,Reconciliation,24,Resolved,2026-04-06
EXC0000274,Position Reconciliation Break,Positions,Custodian,APAC,Equity,0,13,25701.75,2.86,0,0,15,High,Position Reconciliation Break pattern detected from source controls,Reconciliation,24,Resolved,2026-05-16
EXC0000275,Delayed Source Load,Source Control,SimCorp,Americas,Equity,0,20,1751.34,2.92,0,0,92,Medium,Delayed Source Load pattern detected from source controls,Source Systems,48,Open,2026-05-18
EXC0000276,Invalid Currency,Reference Data,Bloomberg,APAC,Government Bond,0,20,1871.16,1.37,0,1,13,Medium,Invalid Currency pattern detected from source controls,Reference Data Ops,48,Resolved,2026-03-26
EXC0000277,Duplicate Record,Trades,SimCorp,Americas,ETF,0,17,62771.28,-1.49,1,0,7,Critical,Duplicate Record pattern detected from source controls,Trade Support,8,Resolved,2026-03-28
EXC0000278,Delayed Source Load,Source Control,Aladdin,Americas,Government Bond,1,3,791.51,1.09,0,0,89,Low,Delayed Source Load pattern detected from source controls,Source Systems,72,Resolved,2026-04-04
EXC0000279,Price Outlier,Pricing,Bloomberg,Americas,ETF,1,13,5139.98,19.4,0,0,1,High,Price Outlier pattern detected from source controls,Pricing Control,24,Open,2026-04-17
EXC0000280,Trade Match Break,Trades,Murex,APAC,Derivative,1,13,33165.02,-3.31,0,0,14,High,Trade Match Break pattern detected from source controls,Trade Support,24,Resolved,2026-03-22
EXC0000281,Invalid Currency,Reference Data,ABOR,APAC,Corporate Bond,0,6,2414.66,5.98,0,1,16,Medium,Invalid Currency pattern detected from source controls,Reference Data Ops,48,Resolved,2026-04-20
EXC0000282,Trade Match Break,Trades,SimCorp,Americas,Government Bond,1,0,29390.1,1.28,0,0,1,Medium,Trade Match Break pattern detected from source controls,Trade Support,48,Escalated,2026-04-13
EXC0000283,Position Reconciliation Break,Positions,Bloomberg,Americas,Equity,1,0,5765.43,-0.58,0,0,0,Medium,Position Reconciliation Break pattern detected from source controls,Reconciliation,48,Resolved,2026-05-07
EXC0000284,Stale Price,Pricing,IBOR,APAC,Equity,0,8,4519.37,1.81,0,0,95,Medium,Stale Price pattern detected from source controls,Pricing Control,48,Resolved,2026-04-29
EXC0000285,Duplicate Record,Trades,Aladdin,EMEA,ETF,1,16,17133.45,-1.95,1,0,7,High,Duplicate Record pattern detected from source controls,Trade Support,24,Resolved,2026-05-11
EXC0000286,Duplicate Record,Trades,IBOR,Americas,Derivative,0,3,16829.15,-0.84,1,0,3,Medium,Duplicate Record pattern detected from source controls,Trade Support,48,Open,2026-04-18
EXC0000287,Delayed Source Load,Source Control,Custodian,Americas,Government Bond,0,21,3649.71,5.34,0,0,46,High,Delayed Source Load pattern detected from source controls,Source Systems,24,Resolved,2026-04-27
EXC0000288,Missing Reference Data,Reference Data,IBOR,EMEA,ETF,1,6,3183.95,0.2,0,0,17,Medium,Missing Reference Data pattern detected from source controls,Reference Data Ops,48,Resolved,2026-04-07
EXC0000289,Performance Return Outlier,Positions,Aladdin,Americas,Derivative,1,15,32160.51,-15.25,0,0,13,High,Performance Return Outlier pattern detected from source controls,Reconciliation,24,Resolved,2026-03-25
EXC0000290,Missing Reference Data,Reference Data,Murex,EMEA,Equity,1,1,2337.17,1.76,0,0,6,Low,Missing Reference Data pattern detected from source controls,Reference Data Ops,72,Open,2026-03-30
EXC0000291,Missing Client Mapping,Client Data,IBOR,EMEA,ETF,1,0,2336.15,1.06,0,0,9,Low,Missing Client Mapping pattern detected from source controls,Client Data Ops,72,Resolved,2026-04-16
EXC0000292,Duplicate Record,Trades,SimCorp,EMEA,ETF,1,11,28019.57,0.15,1,0,18,High,Duplicate Record pattern detected from source controls,Trade Support,24,Resolved,2026-04-02
EXC0000293,Trade Match Break,Trades,ABOR,EMEA,Derivative,1,3,19967.42,7.17,0,0,15,Medium,Trade Match Break pattern detected from source controls,Trade Support,48,Open,2026-04-25
EXC0000294,Performance Return Outlier,Positions,Aladdin,Americas,Corporate Bond,1,13,31939.2,20.81,0,0,3,High,Performance Return Outlier pattern detected from source controls,Reconciliation,24,Open,2026-04-12
EXC0000295,Position Reconciliation Break,Positions,SimCorp,EMEA,ETF,1,8,14858.65,-0.73,0,0,9,Medium,Position Reconciliation Break pattern detected from source controls,Reconciliation,48,Open,2026-05-11
EXC0000296,Missing Reference Data,Reference Data,ABOR,Americas,Derivative,3,5,11361.09,2.73,0,0,1,Medium,Missing Reference Data pattern detected from source controls,Reference Data Ops,48,Resolved,2026-05-14
EXC0000297,Position Reconciliation Break,Positions,ABOR,APAC,Government Bond,0,21,14099.21,-1.71,0,0,16,Critical,Position Reconciliation Break pattern detected from source controls,Reconciliation,8,Suppressed,2026-05-16
EXC0000298,Position Reconciliation Break,Positions,Aladdin,EMEA,Corporate Bond,0,8,304742.29,4.05,0,0,13,High,Position Reconciliation Break pattern detected from source controls,Reconciliation,24,Resolved,2026-05-02
EXC0000299,Missing Client Mapping,Client Data,IBOR,EMEA,Derivative,1,1,1433.5,1.0,0,0,4,Low,Missing Client Mapping pattern detected from source controls,Client Data Ops,72,Open,2026-04-13
EXC0000300,Trade Match Break,Trades,ABOR,EMEA,Equity,1,3,21208.79,1.82,0,0,14,Medium,Trade Match Break pattern detected from source controls,Trade Support,48,Resolved,2026-04-21
EXC0000301,Missing Reference Data,Reference Data,Aladdin,Americas,Derivative,1,6,1057.35,2.24,0,0,9,Low,Missing Reference Data pattern detected from source controls,Reference Data Ops,72,Resolved,2026-03-23
EXC0000302,Trade Match Break,Trades,Aladdin,APAC,Derivative,0,10,10592.94,0.65,0,0,15,High,Trade Match Break pattern detected from source controls,Trade Support,24,Resolved,2026-05-15
EXC0000303,Duplicate Record,Trades,SimCorp,Americas,Equity,1,12,17826.47,3.79,1,0,0,High,Duplicate Record pattern detected from source controls,Trade Support,24,Resolved,2026-04-23
EXC0000304,Position Reconciliation Break,Positions,SimCorp,EMEA,Corporate Bond,1,9,55480.74,3.12,0,0,8,High,Position Reconciliation Break pattern detected from source controls,Reconciliation,24,Resolved,2026-04-26
EXC0000305,Delayed Source Load,Source Control,SimCorp,Americas,Government Bond,1,2,6564.08,2.79,0,0,68,Medium,Delayed Source Load pattern detected from source controls,Source Systems,48,Open,2026-05-05
EXC0000306,Price Outlier,Pricing,ABOR,EMEA,Equity,0,5,1182.1,16.09,0,0,2,Low,Price Outlier pattern detected from source controls,Pricing Control,72,Resolved,2026-04-17
EXC0000307,Position Reconciliation Break,Positions,SimCorp,EMEA,Equity,0,2,2369.45,0.63,0,0,8,Low,Position Reconciliation Break pattern detected from source controls,Reconciliation,72,Open,2026-04-27
EXC0000308,Unknown / Needs SME Review,Reference Data,Custodian,EMEA,Corporate Bond,0,11,1446.3,1.22,0,0,14,Low,Unknown / Needs SME Review pattern detected from source controls,Reference Data Ops,72,Resolved,2026-05-07
EXC0000309,Trade Match Break,Trades,Bloomberg,Americas,Derivative,0,1,21091.72,5.84,0,0,13,Medium,Trade Match Break pattern detected from source controls,Trade Support,48,Resolved,2026-04-19
EXC0000310,Trade Match Break,Trades,Bloomberg,Americas,Government Bond,0,17,11268.26,-2.04,0,0,2,High,Trade Match Break pattern detected from source controls,Trade Support,24,Resolved,2026-05-06
EXC0000311,Unknown / Needs SME Review,Reference Data,Murex,EMEA,ETF,1,11,530.09,-0.1,0,0,14,Low,Unknown / Needs SME Review pattern detected from source controls,Reference Data Ops,72,Resolved,2026-04-04
EXC0000312,Stale Price,Pricing,Bloomberg,Americas,ETF,1,6,6873.95,4.2,0,0,61,Medium,Stale Price pattern detected from source controls,Pricing Control,48,Open,2026-04-28
EXC0000313,Position Reconciliation Break,Positions,SimCorp,Americas,Government Bond,1,6,178078.3,-0.85,0,0,8,High,Position Reconciliation Break pattern detected from source controls,Reconciliation,24,Resolved,2026-04-22
EXC0000314,Trade Match Break,Trades,SimCorp,APAC,Equity,1,0,95713.05,-0.14,0,0,16,High,Trade Match Break pattern detected from source controls,Trade Support,24,Resolved,2026-05-09
EXC0000315,Missing Reference Data,Reference Data,Murex,EMEA,Derivative,1,0,1471.0,5.68,0,0,12,Low,Missing Reference Data pattern detected from source controls,Reference Data Ops,72,Resolved,2026-03-25
EXC0000316,Missing Client Mapping,Client Data,ABOR,Americas,Government Bond,1,14,2689.5,2.41,0,0,19,Medium,Missing Client Mapping pattern detected from source controls,Client Data Ops,48,Resolved,2026-05-09
EXC0000317,Stale Price,Pricing,Custodian,EMEA,Corporate Bond,0,11,3813.28,3.64,0,0,55,Medium,Stale Price pattern detected from source controls,Pricing Control,48,Resolved,2026-04-11
EXC0000318,Performance Return Outlier,Positions,Custodian,Americas,Government Bond,1,2,7485.48,13.28,0,0,19,Medium,Performance Return Outlier pattern detected from source controls,Reconciliation,48,Open,2026-04-11
EXC0000319,Trade Match Break,Trades,Custodian,APAC,Government Bond,0,16,7484.11,1.79,0,0,16,High,Trade Match Break pattern detected from source controls,Trade Support,24,Resolved,2026-05-12
EXC0000320,Stale Price,Pricing,Custodian,EMEA,Derivative,0,21,850.22,1.73,0,0,27,Medium,Stale Price pattern detected from source controls,Pricing Control,48,Open,2026-05-11
EXC0000321,Price Outlier,Pricing,IBOR,APAC,Corporate Bond,0,14,1289.16,5.38,0,0,2,Medium,Price Outlier pattern detected from source controls,Pricing Control,48,Resolved,2026-05-13
EXC0000322,Delayed Source Load,Source Control,Aladdin,EMEA,Derivative,1,19,2168.06,-0.62,0,0,83,High,Delayed Source Load pattern detected from source controls,Source Systems,24,Resolved,2026-03-25
EXC0000323,Trade Match Break,Trades,ABOR,APAC,Equity,1,15,37921.34,5.84,0,0,10,High,Trade Match Break pattern detected from source controls,Trade Support,24,Resolved,2026-04-16
EXC0000324,Price Outlier,Pricing,ABOR,APAC,Corporate Bond,0,20,1222.27,8.13,0,0,19,Medium,Price Outlier pattern detected from source controls,Pricing Control,48,Resolved,2026-05-11
EXC0000325,Price Outlier,Pricing,Murex,EMEA,Equity,1,12,3110.13,9.88,0,0,18,Medium,Price Outlier pattern detected from source controls,Pricing Control,48,Resolved,2026-04-01
EXC0000326,Duplicate Record,Trades,Refinitiv,EMEA,Derivative,0,17,9317.8,2.76,1,0,0,High,Duplicate Record pattern detected from source controls,Trade Support,24,Resolved,2026-03-25
EXC0000327,Price Outlier,Pricing,Aladdin,APAC,Government Bond,1,17,1120.93,15.24,0,0,5,Medium,Price Outlier pattern detected from source controls,Pricing Control,48,Open,2026-04-18
EXC0000328,Performance Return Outlier,Positions,Bloomberg,EMEA,Government Bond,0,7,40941.88,15.02,0,0,10,High,Performance Return Outlier pattern detected from source controls,Reconciliation,24,Resolved,2026-04-16
EXC0000329,Missing Reference Data,Reference Data,Refinitiv,Americas,Equity,2,1,2808.62,1.82,0,0,12,Low,Missing Reference Data pattern detected from source controls,Reference Data Ops,72,Resolved,2026-04-01
EXC0000330,Stale Price,Pricing,Custodian,Americas,Equity,0,9,678.56,-2.91,0,0,50,Low,Stale Price pattern detected from source controls,Pricing Control,72,Resolved,2026-04-24
EXC0000331,Trade Match Break,Trades,SimCorp,EMEA,Derivative,0,4,29608.81,1.28,0,0,5,Medium,Trade Match Break pattern detected from source controls,Trade Support,48,Escalated,2026-05-15
EXC0000332,Stale Price,Pricing,Aladdin,Americas,Derivative,0,19,745.32,-1.62,0,0,29,Medium,Stale Price pattern detected from source controls,Pricing Control,48,Resolved,2026-04-05
EXC0000333,Missing Client Mapping,Client Data,SimCorp,APAC,Corporate Bond,2,15,1764.28,2.77,0,0,16,Medium,Missing Client Mapping pattern detected from source controls,Client Data Ops,48,Resolved,2026-04-30
EXC0000334,Performance Return Outlier,Positions,IBOR,EMEA,ETF,1,19,104154.53,15.61,0,0,18,Critical,Performance Return Outlier pattern detected from source controls,Reconciliation,8,Resolved,2026-04-10
EXC0000335,Duplicate Record,Trades,SimCorp,EMEA,Corporate Bond,1,7,52514.56,3.69,1,0,14,High,Duplicate Record pattern detected from source controls,Trade Support,24,Suppressed,2026-05-17
EXC0000336,Delayed Source Load,Source Control,IBOR,Americas,Derivative,1,11,3295.76,-0.24,0,0,37,Medium,Delayed Source Load pattern detected from source controls,Source Systems,48,Open,2026-04-29
EXC0000337,Missing Client Mapping,Client Data,IBOR,Americas,Equity,1,5,8352.42,-1.74,0,0,18,Medium,Missing Client Mapping pattern detected from source controls,Client Data Ops,48,Resolved,2026-04-28
EXC0000338,Stale Price,Pricing,Custodian,Americas,Equity,0,10,2124.52,-1.19,0,0,39,Medium,Stale Price pattern detected from source controls,Pricing Control,48,Resolved,2026-05-01
EXC0000339,Missing Reference Data,Reference Data,Aladdin,EMEA,Corporate Bond,3,0,4390.6,6.55,0,0,13,Low,Missing Reference Data pattern detected from source controls,Reference Data Ops,72,Open,2026-04-15
EXC0000340,Duplicate Record,Trades,Aladdin,APAC,Equity,1,7,10160.66,9.07,1,0,13,Medium,Duplicate Record pattern detected from source controls,Trade Support,48,Escalated,2026-04-23
EXC0000341,Unknown / Needs SME Review,Reference Data,ABOR,APAC,ETF,0,19,520.67,6.5,0,0,9,Medium,Unknown / Needs SME Review pattern detected from source controls,Reference Data Ops,48,Resolved,2026-03-25
EXC0000342,Delayed Source Load,Source Control,Custodian,APAC,Derivative,0,13,1412.45,-2.35,0,0,44,Medium,Delayed Source Load pattern detected from source controls,Source Systems,48,Resolved,2026-04-06
EXC0000343,Duplicate Record,Trades,ABOR,EMEA,Derivative,0,18,70883.2,-1.94,1,0,10,Critical,Duplicate Record pattern detected from source controls,Trade Support,8,Resolved,2026-04-22
EXC0000344,Missing Reference Data,Reference Data,Murex,APAC,Derivative,4,16,14298.27,-1.16,0,0,2,High,Missing Reference Data pattern detected from source controls,Reference Data Ops,24,Resolved,2026-05-03
EXC0000345,Missing Client Mapping,Client Data,Refinitiv,Americas,Equity,1,1,1807.42,3.44,0,0,15,Low,Missing Client Mapping pattern detected from source controls,Client Data Ops,72,Resolved,2026-04-27
EXC0000346,Invalid Currency,Reference Data,Murex,APAC,Equity,1,10,800.91,6.77,0,1,6,Low,Invalid Currency pattern detected from source controls,Reference Data Ops,72,Resolved,2026-05-01
EXC0000347,Performance Return Outlier,Positions,Refinitiv,Americas,Equity,0,6,26530.49,16.11,0,0,14,High,Performance Return Outlier pattern detected from source controls,Reconciliation,24,Resolved,2026-04-09
EXC0000348,Invalid Currency,Reference Data,Murex,APAC,ETF,1,2,984.69,1.97,0,1,0,Low,Invalid Currency pattern detected from source controls,Reference Data Ops,72,Open,2026-03-25
EXC0000349,Missing Reference Data,Reference Data,IBOR,Americas,Equity,1,4,2028.05,-0.81,0,0,2,Low,Missing Reference Data pattern detected from source controls,Reference Data Ops,72,Resolved,2026-04-06
EXC0000350,Duplicate Record,Trades,SimCorp,APAC,ETF,1,0,3042.81,0.79,1,0,5,Low,Duplicate Record pattern detected from source controls,Trade Support,72,Resolved,2026-03-24
EXC0000351,Trade Match Break,Trades,Aladdin,APAC,Government Bond,1,4,17088.93,1.72,0,0,5,Medium,Trade Match Break pattern detected from source controls,Trade Support,48,Suppressed,2026-05-09
EXC0000352,Trade Match Break,Trades,Murex,EMEA,ETF,1,14,51379.97,3.71,0,0,2,Critical,Trade Match Break pattern detected from source controls,Trade Support,8,Resolved,2026-05-14
EXC0000353,Duplicate Record,Trades,Refinitiv,EMEA,Equity,1,5,139974.48,0.25,1,0,13,High,Duplicate Record pattern detected from source controls,Trade Support,24,Resolved,2026-04-07
EXC0000354,Performance Return Outlier,Positions,ABOR,Americas,Government Bond,0,15,54477.29,11.53,0,0,1,Critical,Performance Return Outlier pattern detected from source controls,Reconciliation,8,Resolved,2026-03-22
EXC0000355,Missing Client Mapping,Client Data,SimCorp,Americas,Equity,3,6,7341.84,2.19,0,0,2,Medium,Missing Client Mapping pattern detected from source controls,Client Data Ops,48,Resolved,2026-04-17
EXC0000356,Missing Reference Data,Reference Data,Refinitiv,Americas,Equity,4,1,1331.69,1.75,0,0,12,Low,Missing Reference Data pattern detected from source controls,Reference Data Ops,72,Resolved,2026-04-22
EXC0000357,Stale Price,Pricing,SimCorp,APAC,ETF,1,15,3412.96,0.51,0,0,35,High,Stale Price pattern detected from source controls,Pricing Control,24,Resolved,2026-04-19
EXC0000358,Trade Match Break,Trades,Aladdin,Americas,Government Bond,0,3,51178.63,1.8,0,0,13,High,Trade Match Break pattern detected from source controls,Trade Support,24,Resolved,2026-05-10
EXC0000359,Invalid Currency,Reference Data,Custodian,EMEA,ETF,0,21,1085.42,1.26,0,1,17,Medium,Invalid Currency pattern detected from source controls,Reference Data Ops,48,Resolved,2026-03-22
EXC0000360,Duplicate Record,Trades,Refinitiv,APAC,Equity,1,9,111580.86,-0.45,1,0,15,High,Duplicate Record pattern detected from source controls,Trade Support,24,Escalated,2026-05-16
EXC0000361,Position Reconciliation Break,Positions,SimCorp,APAC,Corporate Bond,1,0,8905.39,3.71,0,0,7,Medium,Position Reconciliation Break pattern detected from source controls,Reconciliation,48,Resolved,2026-04-03
EXC0000362,Trade Match Break,Trades,Bloomberg,Americas,Equity,1,5,86051.29,5.44,0,0,12,High,Trade Match Break pattern detected from source controls,Trade Support,24,Resolved,2026-04-24
EXC0000363,Missing Client Mapping,Client Data,Refinitiv,APAC,Government Bond,4,7,3683.45,1.93,0,0,4,Medium,Missing Client Mapping pattern detected from source controls,Client Data Ops,48,Escalated,2026-04-01
EXC0000364,Missing Reference Data,Reference Data,SimCorp,Americas,Government Bond,4,10,1096.4,1.39,0,0,16,Low,Missing Reference Data pattern detected from source controls,Reference Data Ops,72,Resolved,2026-04-06
EXC0000365,Duplicate Record,Trades,IBOR,APAC,ETF,1,14,90465.56,3.4,1,0,17,Critical,Duplicate Record pattern detected from source controls,Trade Support,8,Resolved,2026-03-31
EXC0000366,Missing Client Mapping,Client Data,Bloomberg,Americas,Equity,4,6,1346.92,1.96,0,0,11,Low,Missing Client Mapping pattern detected from source controls,Client Data Ops,72,Resolved,2026-04-06
EXC0000367,Price Outlier,Pricing,Custodian,APAC,Equity,0,6,7033.44,19.42,0,0,9,Medium,Price Outlier pattern detected from source controls,Pricing Control,48,Resolved,2026-04-11
EXC0000368,Stale Price,Pricing,IBOR,Americas,Derivative,0,20,4771.06,1.77,0,0,30,High,Stale Price pattern detected from source controls,Pricing Control,24,Escalated,2026-04-18
EXC0000369,Invalid Currency,Reference Data,Bloomberg,APAC,ETF,1,4,3772.38,2.97,0,1,16,Medium,Invalid Currency pattern detected from source controls,Reference Data Ops,48,Escalated,2026-05-18
EXC0000370,Stale Price,Pricing,Aladdin,APAC,Equity,0,16,3478.01,5.83,0,0,58,High,Stale Price pattern detected from source controls,Pricing Control,24,Open,2026-03-31
EXC0000371,Position Reconciliation Break,Positions,Aladdin,Americas,Corporate Bond,1,3,49099.22,4.67,0,0,1,High,Position Reconciliation Break pattern detected from source controls,Reconciliation,24,Resolved,2026-04-27
EXC0000372,Performance Return Outlier,Positions,Custodian,APAC,Government Bond,1,5,33948.26,10.18,0,0,12,High,Performance Return Outlier pattern detected from source controls,Reconciliation,24,Resolved,2026-04-26
EXC0000373,Missing Reference Data,Reference Data,Aladdin,EMEA,Government Bond,3,13,6204.73,4.2,0,0,4,High,Missing Reference Data pattern detected from source controls,Reference Data Ops,24,Resolved,2026-04-03
EXC0000374,Performance Return Outlier,Positions,Aladdin,APAC,ETF,0,2,68507.23,14.22,0,0,1,High,Performance Return Outlier pattern detected from source controls,Reconciliation,24,Resolved,2026-05-15
EXC0000375,Stale Price,Pricing,Refinitiv,APAC,Corporate Bond,0,3,922.81,1.0,0,0,87,Low,Stale Price pattern detected from source controls,Pricing Control,72,Suppressed,2026-05-09
EXC0000376,Position Reconciliation Break,Positions,Bloomberg,APAC,Government Bond,1,18,22541.94,3.58,0,0,1,High,Position Reconciliation Break pattern detected from source controls,Reconciliation,24,Resolved,2026-03-25
EXC0000377,Stale Price,Pricing,Refinitiv,EMEA,ETF,1,2,1049.91,5.32,0,0,75,Low,Stale Price pattern detected from source controls,Pricing Control,72,Resolved,2026-03-23
EXC0000378,Invalid Currency,Reference Data,IBOR,APAC,Equity,1,3,1765.79,-0.38,0,1,17,Low,Invalid Currency pattern detected from source controls,Reference Data Ops,72,Resolved,2026-03-25
EXC0000379,Unknown / Needs SME Review,Reference Data,ABOR,EMEA,Government Bond,1,16,1237.76,1.43,0,0,17,Medium,Unknown / Needs SME Review pattern detected from source controls,Reference Data Ops,48,Open,2026-05-19
EXC0000380,Price Outlier,Pricing,Refinitiv,Americas,Corporate Bond,1,10,224.26,15.0,0,0,15,Low,Price Outlier pattern detected from source controls,Pricing Control,72,Resolved,2026-04-26
EXC0000381,Performance Return Outlier,Positions,Aladdin,APAC,ETF,1,7,42131.44,11.54,0,0,12,High,Performance Return Outlier pattern detected from source controls,Reconciliation,24,Resolved,2026-04-16
EXC0000382,Invalid Currency,Reference Data,SimCorp,Americas,Equity,0,18,10282.71,-1.54,0,1,12,High,Invalid Currency pattern detected from source controls,Reference Data Ops,24,Open,2026-05-01
EXC0000383,Unknown / Needs SME Review,Reference Data,ABOR,EMEA,Corporate Bond,0,19,2335.52,2.75,0,0,0,High,Unknown / Needs SME Review pattern detected from source controls,Reference Data Ops,24,Resolved,2026-05-14
EXC0000384,Invalid Currency,Reference Data,Aladdin,EMEA,ETF,0,2,19353.75,-1.69,0,1,16,Medium,Invalid Currency pattern detected from source controls,Reference Data Ops,48,Resolved,2026-05-17
EXC0000385,Invalid Currency,Reference Data,SimCorp,EMEA,Government Bond,0,10,1599.47,4.34,0,1,0,Low,Invalid Currency pattern detected from source controls,Reference Data Ops,72,Resolved,2026-04-04
EXC0000386,Unknown / Needs SME Review,Reference Data,Murex,APAC,Equity,0,20,2158.48,4.87,0,0,15,High,Unknown / Needs SME Review pattern detected from source controls,Reference Data Ops,24,Resolved,2026-04-01
EXC0000387,Invalid Currency,Reference Data,Bloomberg,Americas,Derivative,0,2,1663.39,-0.1,0,1,14,Low,Invalid Currency pattern detected from source controls,Reference Data Ops,72,Resolved,2026-04-12
EXC0000388,Delayed Source Load,Source Control,Aladdin,APAC,Equity,1,9,1897.45,-1.67,0,0,89,Medium,Delayed Source Load pattern detected from source controls,Source Systems,48,Resolved,2026-05-13
EXC0000389,Price Outlier,Pricing,ABOR,APAC,Government Bond,1,4,2430.86,22.14,0,0,1,Low,Price Outlier pattern detected from source controls,Pricing Control,72,Resolved,2026-04-25
EXC0000390,Stale Price,Pricing,IBOR,APAC,Equity,0,3,6052.58,0.2,0,0,47,Medium,Stale Price pattern detected from source controls,Pricing Control,48,Escalated,2026-04-22
EXC0000391,Duplicate Record,Trades,ABOR,APAC,Government Bond,1,19,71033.35,0.98,1,0,4,Critical,Duplicate Record pattern detected from source controls,Trade Support,8,Resolved,2026-05-13
EXC0000392,Price Outlier,Pricing,IBOR,APAC,Corporate Bond,1,14,1820.69,11.9,0,0,10,Medium,Price Outlier pattern detected from source controls,Pricing Control,48,Resolved,2026-05-08
EXC0000393,Trade Match Break,Trades,Custodian,APAC,ETF,0,2,41826.17,-0.83,0,0,13,Medium,Trade Match Break pattern detected from source controls,Trade Support,48,Resolved,2026-04-22
EXC0000394,Delayed Source Load,Source Control,IBOR,APAC,ETF,0,7,5034.48,5.65,0,0,89,Medium,Delayed Source Load pattern detected from source controls,Source Systems,48,Resolved,2026-05-04
EXC0000395,Duplicate Record,Trades,Aladdin,APAC,Derivative,0,6,32407.1,-0.1,1,0,4,High,Duplicate Record pattern detected from source controls,Trade Support,24,Open,2026-04-29
EXC0000396,Unknown / Needs SME Review,Reference Data,Aladdin,APAC,Equity,0,20,590.7,3.84,0,0,9,Medium,Unknown / Needs SME Review pattern detected from source controls,Reference Data Ops,48,Open,2026-05-06
EXC0000397,Trade Match Break,Trades,Custodian,Americas,ETF,1,6,45578.38,-0.72,0,0,9,High,Trade Match Break pattern detected from source controls,Trade Support,24,Resolved,2026-05-08
EXC0000398,Price Outlier,Pricing,Refinitiv,Americas,Corporate Bond,1,2,4426.82,13.88,0,0,8,Medium,Price Outlier pattern detected from source controls,Pricing Control,48,Escalated,2026-03-21
EXC0000399,Stale Price,Pricing,ABOR,EMEA,ETF,0,21,1230.87,2.63,0,0,73,Medium,Stale Price pattern detected from source controls,Pricing Control,48,Resolved,2026-05-08
EXC0000400,Unknown / Needs SME Review,Reference Data,Murex,EMEA,Derivative,1,1,3087.66,1.84,0,0,1,Low,Unknown / Needs SME Review pattern detected from source controls,Reference Data Ops,72,Open,2026-04-14
EXC0000401,Trade Match Break,Trades,Bloomberg,Americas,Derivative,0,21,9284.67,0.87,0,0,6,High,Trade Match Break pattern detected from source controls,Trade Support,24,Escalated,2026-03-30
EXC0000402,Performance Return Outlier,Positions,Bloomberg,Americas,Derivative,1,7,76286.81,13.85,0,0,7,High,Performance Return Outlier pattern detected from source controls,Reconciliation,24,Resolved,2026-05-02
EXC0000403,Trade Match Break,Trades,SimCorp,Americas,Derivative,1,15,11094.0,0.48,0,0,5,High,Trade Match Break pattern detected from source controls,Trade Support,24,Resolved,2026-04-30
EXC0000404,Price Outlier,Pricing,ABOR,EMEA,ETF,1,11,2637.23,18.81,0,0,2,Medium,Price Outlier pattern detected from source controls,Pricing Control,48,Suppressed,2026-04-15
EXC0000405,Missing Client Mapping,Client Data,Refinitiv,APAC,Derivative,1,5,2088.12,2.33,0,0,8,Low,Missing Client Mapping pattern detected from source controls,Client Data Ops,72,Resolved,2026-05-14
EXC0000406,Duplicate Record,Trades,Bloomberg,APAC,ETF,1,11,33748.68,6.08,1,0,18,High,Duplicate Record pattern detected from source controls,Trade Support,24,Open,2026-04-11
EXC0000407,Position Reconciliation Break,Positions,IBOR,Americas,Equity,1,3,19452.2,2.4,0,0,3,Medium,Position Reconciliation Break pattern detected from source controls,Reconciliation,48,Resolved,2026-05-10
EXC0000408,Trade Match Break,Trades,Refinitiv,EMEA,Derivative,1,11,13443.86,2.99,0,0,13,High,Trade Match Break pattern detected from source controls,Trade Support,24,Open,2026-04-04
EXC0000409,Position Reconciliation Break,Positions,Custodian,EMEA,ETF,1,1,16982.15,4.21,0,0,19,Medium,Position Reconciliation Break pattern detected from source controls,Reconciliation,48,Resolved,2026-04-10
EXC0000410,Delayed Source Load,Source Control,ABOR,APAC,Derivative,1,5,2953.16,0.37,0,0,73,Medium,Delayed Source Load pattern detected from source controls,Source Systems,48,Resolved,2026-04-26
EXC0000411,Stale Price,Pricing,SimCorp,APAC,Corporate Bond,1,1,786.98,-3.01,0,0,79,Low,Stale Price pattern detected from source controls,Pricing Control,72,Resolved,2026-04-27
EXC0000412,Missing Reference Data,Reference Data,IBOR,Americas,Government Bond,2,13,940.39,1.51,0,0,2,Low,Missing Reference Data pattern detected from source controls,Reference Data Ops,72,Resolved,2026-05-09
EXC0000413,Missing Reference Data,Reference Data,ABOR,APAC,Government Bond,2,20,693.47,3.64,0,0,14,Medium,Missing Reference Data pattern detected from source controls,Reference Data Ops,48,Escalated,2026-05-16
EXC0000414,Position Reconciliation Break,Positions,Murex,EMEA,Equity,1,0,27194.82,6.53,0,0,6,Medium,Position Reconciliation Break pattern detected from source controls,Reconciliation,48,Resolved,2026-03-22
EXC0000415,Delayed Source Load,Source Control,ABOR,Americas,ETF,1,13,1845.94,-0.95,0,0,66,Medium,Delayed Source Load pattern detected from source controls,Source Systems,48,Open,2026-05-16
EXC0000416,Invalid Currency,Reference Data,SimCorp,EMEA,Corporate Bond,1,11,750.12,4.25,0,1,14,Low,Invalid Currency pattern detected from source controls,Reference Data Ops,72,Resolved,2026-05-09
EXC0000417,Unknown / Needs SME Review,Reference Data,IBOR,Americas,Equity,1,4,1461.1,2.15,0,0,5,Low,Unknown / Needs SME Review pattern detected from source controls,Reference Data Ops,72,Resolved,2026-05-16
EXC0000418,Duplicate Record,Trades,Custodian,Americas,Corporate Bond,1,15,138963.5,0.53,1,0,10,Critical,Duplicate Record pattern detected from source controls,Trade Support,8,Escalated,2026-04-21
EXC0000419,Position Reconciliation Break,Positions,Aladdin,EMEA,ETF,1,17,69409.66,-1.11,0,0,9,Critical,Position Reconciliation Break pattern detected from source controls,Reconciliation,8,Resolved,2026-04-05
EXC0000420,Duplicate Record,Trades,Custodian,APAC,ETF,0,20,12231.26,0.04,1,0,16,High,Duplicate Record pattern detected from source controls,Trade Support,24,Open,2026-05-04
EXC0000421,Delayed Source Load,Source Control,SimCorp,EMEA,Corporate Bond,0,1,7659.64,2.93,0,0,46,Medium,Delayed Source Load pattern detected from source controls,Source Systems,48,Resolved,2026-03-29
EXC0000422,Missing Reference Data,Reference Data,Custodian,APAC,Corporate Bond,1,3,1025.67,4.56,0,0,7,Low,Missing Reference Data pattern detected from source controls,Reference Data Ops,72,Resolved,2026-04-13
EXC0000423,Position Reconciliation Break,Positions,Custodian,APAC,Derivative,1,11,21970.76,-5.31,0,0,0,High,Position Reconciliation Break pattern detected from source controls,Reconciliation,24,Open,2026-03-30
EXC0000424,Trade Match Break,Trades,IBOR,EMEA,Government Bond,0,16,7273.79,2.78,0,0,4,High,Trade Match Break pattern detected from source controls,Trade Support,24,Resolved,2026-04-26
EXC0000425,Unknown / Needs SME Review,Reference Data,ABOR,EMEA,Corporate Bond,1,4,2121.94,0.07,0,0,3,Low,Unknown / Needs SME Review pattern detected from source controls,Reference Data Ops,72,Resolved,2026-04-17
EXC0000426,Stale Price,Pricing,Custodian,Americas,Derivative,0,7,955.43,0.3,0,0,84,Low,Stale Price pattern detected from source controls,Pricing Control,72,Resolved,2026-05-06
EXC0000427,Missing Reference Data,Reference Data,Refinitiv,Americas,Equity,2,9,394.89,2.54,0,0,15,Low,Missing Reference Data pattern detected from source controls,Reference Data Ops,72,Suppressed,2026-04-26
EXC0000428,Duplicate Record,Trades,Murex,APAC,ETF,0,14,47989.97,6.3,1,0,0,High,Duplicate Record pattern detected from source controls,Trade Support,24,Escalated,2026-03-26
EXC0000429,Duplicate Record,Trades,Bloomberg,APAC,Government Bond,1,5,19761.62,-0.29,1,0,7,Medium,Duplicate Record pattern detected from source controls,Trade Support,48,Resolved,2026-04-30
EXC0000430,Trade Match Break,Trades,Bloomberg,Americas,Corporate Bond,0,6,16950.34,1.26,0,0,2,Medium,Trade Match Break pattern detected from source controls,Trade Support,48,Escalated,2026-04-25
EXC0000431,Position Reconciliation Break,Positions,Murex,EMEA,ETF,0,3,200387.38,-2.44,0,0,17,High,Position Reconciliation Break pattern detected from source controls,Reconciliation,24,Resolved,2026-04-05
EXC0000432,Duplicate Record,Trades,Murex,APAC,Corporate Bond,1,4,35135.47,2.6,1,0,14,High,Duplicate Record pattern detected from source controls,Trade Support,24,Suppressed,2026-05-03
EXC0000433,Trade Match Break,Trades,Refinitiv,APAC,ETF,0,20,40620.05,-0.23,0,0,2,Critical,Trade Match Break pattern detected from source controls,Trade Support,8,Resolved,2026-04-01
EXC0000434,Trade Match Break,Trades,ABOR,EMEA,Corporate Bond,1,16,84477.72,5.44,0,0,13,Critical,Trade Match Break pattern detected from source controls,Trade Support,8,Resolved,2026-05-03
EXC0000435,Stale Price,Pricing,Murex,Americas,ETF,0,20,1065.74,2.4,0,0,26,Medium,Stale Price pattern detected from source controls,Pricing Control,48,Escalated,2026-03-24
EXC0000436,Missing Client Mapping,Client Data,ABOR,EMEA,Government Bond,1,20,825.36,0.79,0,0,1,Medium,Missing Client Mapping pattern detected from source controls,Client Data Ops,48,Escalated,2026-04-08
EXC0000437,Trade Match Break,Trades,Custodian,EMEA,Derivative,1,10,103358.64,0.81,0,0,12,High,Trade Match Break pattern detected from source controls,Trade Support,24,Resolved,2026-03-21
EXC0000438,Duplicate Record,Trades,ABOR,Americas,Government Bond,0,3,23181.94,2.41,1,0,10,Medium,Duplicate Record pattern detected from source controls,Trade Support,48,Resolved,2026-04-15
EXC0000439,Trade Match Break,Trades,Custodian,EMEA,Equity,0,17,100332.5,3.23,0,0,3,Critical,Trade Match Break pattern detected from source controls,Trade Support,8,Open,2026-04-07
EXC0000440,Stale Price,Pricing,Aladdin,EMEA,ETF,1,21,612.58,-1.42,0,0,95,Medium,Stale Price pattern detected from source controls,Pricing Control,48,Resolved,2026-04-08
EXC0000441,Invalid Currency,Reference Data,Aladdin,EMEA,Equity,1,4,1251.02,1.13,0,1,0,Low,Invalid Currency pattern detected from source controls,Reference Data Ops,72,Escalated,2026-05-08
EXC0000442,Trade Match Break,Trades,Murex,Americas,ETF,0,16,45369.67,1.49,0,0,9,Critical,Trade Match Break pattern detected from source controls,Trade Support,8,Escalated,2026-05-18
EXC0000443,Stale Price,Pricing,Bloomberg,EMEA,Corporate Bond,0,8,2545.43,2.03,0,0,66,Medium,Stale Price pattern detected from source controls,Pricing Control,48,Resolved,2026-03-23
EXC0000444,Performance Return Outlier,Positions,SimCorp,APAC,Derivative,0,20,15621.36,12.14,0,0,6,High,Performance Return Outlier pattern detected from source controls,Reconciliation,24,Resolved,2026-04-14
EXC0000445,Performance Return Outlier,Positions,Murex,EMEA,Corporate Bond,0,4,6983.04,17.31,0,0,5,Medium,Performance Return Outlier pattern detected from source controls,Reconciliation,48,Resolved,2026-05-12
EXC0000446,Invalid Currency,Reference Data,Bloomberg,Americas,Government Bond,1,14,2680.59,3.89,0,1,14,Medium,Invalid Currency pattern detected from source controls,Reference Data Ops,48,Suppressed,2026-04-13
EXC0000447,Position Reconciliation Break,Positions,IBOR,APAC,Government Bond,0,1,29534.11,2.41,0,0,4,Medium,Position Reconciliation Break pattern detected from source controls,Reconciliation,48,Open,2026-05-03
EXC0000448,Duplicate Record,Trades,ABOR,Americas,Equity,1,20,24569.23,0.26,1,0,10,Critical,Duplicate Record pattern detected from source controls,Trade Support,8,Resolved,2026-04-29
EXC0000449,Trade Match Break,Trades,Refinitiv,Americas,Corporate Bond,1,9,189928.38,3.52,0,0,3,High,Trade Match Break pattern detected from source controls,Trade Support,24,Escalated,2026-03-31
EXC0000450,Price Outlier,Pricing,IBOR,APAC,Derivative,0,10,2899.68,15.62,0,0,1,Medium,Price Outlier pattern detected from source controls,Pricing Control,48,Escalated,2026-04-17
EXC0000451,Duplicate Record,Trades,Custodian,Americas,Corporate Bond,0,16,21656.72,-3.03,1,0,7,High,Duplicate Record pattern detected from source controls,Trade Support,24,Escalated,2026-04-19
EXC0000452,Missing Client Mapping,Client Data,Refinitiv,Americas,ETF,2,5,1910.53,-7.08,0,0,2,Low,Missing Client Mapping pattern detected from source controls,Client Data Ops,72,Resolved,2026-04-16
EXC0000453,Position Reconciliation Break,Positions,Aladdin,Americas,Government Bond,1,16,12298.09,-1.54,0,0,10,High,Position Reconciliation Break pattern detected from source controls,Reconciliation,24,Escalated,2026-05-05
EXC0000454,Performance Return Outlier,Positions,Aladdin,APAC,Corporate Bond,0,2,87187.74,7.51,0,0,9,High,Performance Return Outlier pattern detected from source controls,Reconciliation,24,Resolved,2026-04-02
EXC0000455,Trade Match Break,Trades,ABOR,Americas,ETF,1,9,17581.02,1.93,0,0,9,High,Trade Match Break pattern detected from source controls,Trade Support,24,Resolved,2026-04-18
EXC0000456,Trade Match Break,Trades,ABOR,EMEA,Equity,0,7,68084.8,2.99,0,0,19,High,Trade Match Break pattern detected from source controls,Trade Support,24,Open,2026-04-26
EXC0000457,Trade Match Break,Trades,Aladdin,EMEA,Derivative,1,9,9971.61,0.85,0,0,17,Medium,Trade Match Break pattern detected from source controls,Trade Support,48,Resolved,2026-04-03
EXC0000458,Invalid Currency,Reference Data,Bloomberg,Americas,ETF,0,12,4542.91,-2.03,0,1,8,Medium,Invalid Currency pattern detected from source controls,Reference Data Ops,48,Resolved,2026-04-14
EXC0000459,Missing Reference Data,Reference Data,Refinitiv,Americas,ETF,4,13,2732.77,0.55,0,0,3,Medium,Missing Reference Data pattern detected from source controls,Reference Data Ops,48,Resolved,2026-05-03
EXC0000460,Trade Match Break,Trades,Aladdin,Americas,Equity,1,4,58498.92,0.95,0,0,4,High,Trade Match Break pattern detected from source controls,Trade Support,24,Resolved,2026-04-03
EXC0000461,Missing Client Mapping,Client Data,Refinitiv,Americas,Corporate Bond,3,20,1065.62,5.84,0,0,14,Medium,Missing Client Mapping pattern detected from source controls,Client Data Ops,48,Resolved,2026-04-19
EXC0000462,Position Reconciliation Break,Positions,Murex,APAC,Corporate Bond,0,14,11960.5,2.89,0,0,16,High,Position Reconciliation Break pattern detected from source controls,Reconciliation,24,Escalated,2026-05-13
EXC0000463,Price Outlier,Pricing,Custodian,APAC,Corporate Bond,1,3,778.59,24.27,0,0,18,Low,Price Outlier pattern detected from source controls,Pricing Control,72,Resolved,2026-05-02
EXC0000464,Duplicate Record,Trades,Murex,EMEA,Equity,0,3,59533.74,0.71,1,0,18,High,Duplicate Record pattern detected from source controls,Trade Support,24,Resolved,2026-04-07
EXC0000465,Performance Return Outlier,Positions,Refinitiv,EMEA,Equity,0,8,51043.39,9.32,0,0,0,High,Performance Return Outlier pattern detected from source controls,Reconciliation,24,Open,2026-04-26
EXC0000466,Position Reconciliation Break,Positions,ABOR,APAC,Government Bond,1,21,48788.18,1.55,0,0,16,Critical,Position Reconciliation Break pattern detected from source controls,Reconciliation,8,Open,2026-04-07
EXC0000467,Missing Client Mapping,Client Data,Murex,APAC,Government Bond,4,19,778.92,-2.56,0,0,15,Medium,Missing Client Mapping pattern detected from source controls,Client Data Ops,48,Resolved,2026-05-07
EXC0000468,Stale Price,Pricing,Custodian,EMEA,Corporate Bond,0,5,357.78,3.55,0,0,43,Low,Stale Price pattern detected from source controls,Pricing Control,72,Open,2026-03-23
EXC0000469,Position Reconciliation Break,Positions,ABOR,APAC,Government Bond,1,12,32825.52,2.41,0,0,5,High,Position Reconciliation Break pattern detected from source controls,Reconciliation,24,Escalated,2026-04-07
EXC0000470,Price Outlier,Pricing,SimCorp,Americas,Derivative,1,7,1874.75,10.48,0,0,19,Low,Price Outlier pattern detected from source controls,Pricing Control,72,Escalated,2026-05-05
EXC0000471,Unknown / Needs SME Review,Reference Data,Murex,Americas,Derivative,1,17,2717.16,-0.52,0,0,8,High,Unknown / Needs SME Review pattern detected from source controls,Reference Data Ops,24,Resolved,2026-05-01
EXC0000472,Stale Price,Pricing,Murex,APAC,Derivative,1,16,1811.56,4.03,0,0,20,Medium,Stale Price pattern detected from source controls,Pricing Control,48,Open,2026-04-30
EXC0000473,Unknown / Needs SME Review,Reference Data,Custodian,EMEA,Corporate Bond,1,10,3859.3,-3.03,0,0,1,Medium,Unknown / Needs SME Review pattern detected from source controls,Reference Data Ops,48,Open,2026-04-19
EXC0000474,Trade Match Break,Trades,Aladdin,APAC,Equity,1,7,35345.78,-2.39,0,0,12,High,Trade Match Break pattern detected from source controls,Trade Support,24,Resolved,2026-04-29
EXC0000475,Position Reconciliation Break,Positions,Bloomberg,EMEA,Corporate Bond,1,20,37548.79,-0.34,0,0,5,Critical,Position Reconciliation Break pattern detected from source controls,Reconciliation,8,Open,2026-04-01
EXC0000476,Position Reconciliation Break,Positions,Bloomberg,Americas,Corporate Bond,0,9,24040.18,2.26,0,0,15,High,Position Reconciliation Break pattern detected from source controls,Reconciliation,24,Resolved,2026-05-08
EXC0000477,Price Outlier,Pricing,Murex,Americas,Equity,1,19,714.63,29.33,0,0,2,Medium,Price Outlier pattern detected from source controls,Pricing Control,48,Resolved,2026-05-11
EXC0000478,Price Outlier,Pricing,Aladdin,EMEA,Corporate Bond,1,0,1013.91,4.6,0,0,19,Low,Price Outlier pattern detected from source controls,Pricing Control,72,Resolved,2026-05-16
EXC0000479,Trade Match Break,Trades,Aladdin,Americas,Government Bond,0,9,42543.98,0.65,0,0,4,High,Trade Match Break pattern detected from source controls,Trade Support,24,Resolved,2026-04-10
EXC0000480,Missing Client Mapping,Client Data,ABOR,APAC,Corporate Bond,3,11,2337.41,2.36,0,0,8,Medium,Missing Client Mapping pattern detected from source controls,Client Data Ops,48,Resolved,2026-03-27
EXC0000481,Invalid Currency,Reference Data,Murex,Americas,Derivative,0,0,5490.3,0.81,0,1,0,Medium,Invalid Currency pattern detected from source controls,Reference Data Ops,48,Escalated,2026-04-30
EXC0000482,Unknown / Needs SME Review,Reference Data,Bloomberg,APAC,Derivative,1,1,1983.44,0.82,0,0,1,Low,Unknown / Needs SME Review pattern detected from source controls,Reference Data Ops,72,Resolved,2026-04-01
EXC0000483,Missing Reference Data,Reference Data,Aladdin,Americas,Corporate Bond,4,12,1685.52,-0.26,0,0,18,Medium,Missing Reference Data pattern detected from source controls,Reference Data Ops,48,Resolved,2026-04-20
EXC0000484,Missing Client Mapping,Client Data,Murex,APAC,Government Bond,1,16,2316.89,4.22,0,0,14,Medium,Missing Client Mapping pattern detected from source controls,Client Data Ops,48,Open,2026-05-02
EXC0000485,Stale Price,Pricing,ABOR,Americas,Government Bond,1,4,1594.55,3.15,0,0,35,Low,Stale Price pattern detected from source controls,Pricing Control,72,Open,2026-04-07
EXC0000486,Position Reconciliation Break,Positions,IBOR,EMEA,Corporate Bond,1,19,158125.25,3.06,0,0,16,Critical,Position Reconciliation Break pattern detected from source controls,Reconciliation,8,Open,2026-05-19
EXC0000487,Stale Price,Pricing,ABOR,Americas,Equity,1,5,6079.8,-0.45,0,0,59,Medium,Stale Price pattern detected from source controls,Pricing Control,48,Escalated,2026-03-25
EXC0000488,Performance Return Outlier,Positions,Murex,APAC,Corporate Bond,0,1,37588.41,18.6,0,0,12,Medium,Performance Return Outlier pattern detected from source controls,Reconciliation,48,Open,2026-03-21
EXC0000489,Position Reconciliation Break,Positions,IBOR,EMEA,Government Bond,0,9,18962.66,2.69,0,0,6,High,Position Reconciliation Break pattern detected from source controls,Reconciliation,24,Open,2026-03-29
EXC0000490,Position Reconciliation Break,Positions,Aladdin,EMEA,Corporate Bond,1,2,52057.82,0.03,0,0,14,High,Position Reconciliation Break pattern detected from source controls,Reconciliation,24,Resolved,2026-03-28
EXC0000491,Price Outlier,Pricing,ABOR,Americas,Corporate Bond,0,9,4957.58,18.3,0,0,18,Medium,Price Outlier pattern detected from source controls,Pricing Control,48,Resolved,2026-03-26
EXC0000492,Trade Match Break,Trades,Aladdin,Americas,Government Bond,1,0,24315.01,2.22,0,0,4,Medium,Trade Match Break pattern detected from source controls,Trade Support,48,Open,2026-04-23
EXC0000493,Missing Reference Data,Reference Data,Aladdin,APAC,Equity,2,18,1707.0,-1.77,0,0,19,Medium,Missing Reference Data pattern detected from source controls,Reference Data Ops,48,Resolved,2026-05-17
EXC0000494,Invalid Currency,Reference Data,Refinitiv,Americas,ETF,1,14,3967.93,0.98,0,1,10,High,Invalid Currency pattern detected from source controls,Reference Data Ops,24,Resolved,2026-04-16
EXC0000495,Position Reconciliation Break,Positions,Bloomberg,Americas,ETF,1,0,72211.62,3.73,0,0,15,High,Position Reconciliation Break pattern detected from source controls,Reconciliation,24,Resolved,2026-04-24
EXC0000496,Missing Reference Data,Reference Data,Custodian,EMEA,Derivative,4,20,3620.28,1.86,0,0,7,High,Missing Reference Data pattern detected from source controls,Reference Data Ops,24,Resolved,2026-04-02
EXC0000497,Missing Reference Data,Reference Data,Bloomberg,EMEA,Equity,1,6,350.98,-1.12,0,0,13,Low,Missing Reference Data pattern detected from source controls,Reference Data Ops,72,Resolved,2026-04-01
EXC0000498,Price Outlier,Pricing,ABOR,Americas,ETF,0,11,754.8,16.3,0,0,11,Low,Price Outlier pattern detected from source controls,Pricing Control,72,Open,2026-03-31
EXC0000499,Position Reconciliation Break,Positions,Murex,APAC,Equity,0,13,48843.11,-0.0,0,0,6,High,Position Reconciliation Break pattern detected from source controls,Reconciliation,24,Open,2026-04-01
EXC0000500,Price Outlier,Pricing,Murex,Americas,ETF,0,8,12428.06,20.04,0,0,0,Medium,Price Outlier pattern detected from source controls,Pricing Control,48,Resolved,2026-03-30
EXC0000501,Stale Price,Pricing,Refinitiv,EMEA,Corporate Bond,0,13,2031.19,2.77,0,0,53,Medium,Stale Price pattern detected from source controls,Pricing Control,48,Resolved,2026-04-24
EXC0000502,Missing Reference Data,Reference Data,Custodian,APAC,Derivative,1,3,2066.09,0.63,0,0,13,Low,Missing Reference Data pattern detected from source controls,Reference Data Ops,72,Resolved,2026-04-11
EXC0000503,Price Outlier,Pricing,Aladdin,Americas,Equity,1,6,4528.65,21.5,0,0,9,Medium,Price Outlier pattern detected from source controls,Pricing Control,48,Resolved,2026-05-02
EXC0000504,Duplicate Record,Trades,Murex,APAC,Derivative,1,14,18595.92,-0.62,1,0,10,High,Duplicate Record pattern detected from source controls,Trade Support,24,Resolved,2026-04-13
EXC0000505,Invalid Currency,Reference Data,Bloomberg,Americas,ETF,0,3,159.71,7.97,0,1,12,Low,Invalid Currency pattern detected from source controls,Reference Data Ops,72,Escalated,2026-04-17
EXC0000506,Price Outlier,Pricing,SimCorp,Americas,Equity,1,6,7237.86,9.75,0,0,0,Medium,Price Outlier pattern detected from source controls,Pricing Control,48,Resolved,2026-05-17
EXC0000507,Trade Match Break,Trades,ABOR,Americas,Corporate Bond,0,6,41610.35,-2.9,0,0,3,High,Trade Match Break pattern detected from source controls,Trade Support,24,Escalated,2026-04-05
EXC0000508,Duplicate Record,Trades,Murex,Americas,Government Bond,1,2,48659.16,4.26,1,0,19,High,Duplicate Record pattern detected from source controls,Trade Support,24,Resolved,2026-04-09
EXC0000509,Trade Match Break,Trades,Murex,Americas,ETF,0,19,246489.68,3.72,0,0,0,Critical,Trade Match Break pattern detected from source controls,Trade Support,8,Open,2026-04-08
EXC0000510,Unknown / Needs SME Review,Reference Data,Aladdin,APAC,ETF,1,21,4195.25,2.4,0,0,2,High,Unknown / Needs SME Review pattern detected from source controls,Reference Data Ops,24,Resolved,2026-05-06
EXC0000511,Invalid Currency,Reference Data,Murex,EMEA,Government Bond,1,5,1630.41,-3.48,0,1,19,Low,Invalid Currency pattern detected from source controls,Reference Data Ops,72,Open,2026-05-04
EXC0000512,Position Reconciliation Break,Positions,Refinitiv,APAC,ETF,1,18,23099.78,2.85,0,0,15,High,Position Reconciliation Break pattern detected from source controls,Reconciliation,24,Escalated,2026-05-17
EXC0000513,Position Reconciliation Break,Positions,SimCorp,EMEA,Corporate Bond,0,10,11227.6,-0.95,0,0,12,High,Position Reconciliation Break pattern detected from source controls,Reconciliation,24,Escalated,2026-05-19
EXC0000514,Position Reconciliation Break,Positions,SimCorp,APAC,Corporate Bond,1,5,4793.79,1.25,0,0,18,Medium,Position Reconciliation Break pattern detected from source controls,Reconciliation,48,Escalated,2026-04-06
EXC0000515,Price Outlier,Pricing,IBOR,EMEA,Equity,0,20,2734.68,11.72,0,0,13,High,Price Outlier pattern detected from source controls,Pricing Control,24,Resolved,2026-03-27
EXC0000516,Missing Reference Data,Reference Data,ABOR,Americas,ETF,1,2,680.2,2.77,0,0,1,Low,Missing Reference Data pattern detected from source controls,Reference Data Ops,72,Resolved,2026-04-26
EXC0000517,Delayed Source Load,Source Control,Refinitiv,APAC,ETF,0,2,6314.31,-0.13,0,0,30,Medium,Delayed Source Load pattern detected from source controls,Source Systems,48,Escalated,2026-04-23
EXC0000518,Performance Return Outlier,Positions,Custodian,APAC,Derivative,1,9,55859.31,10.1,0,0,17,High,Performance Return Outlier pattern detected from source controls,Reconciliation,24,Escalated,2026-04-26
EXC0000519,Unknown / Needs SME Review,Reference Data,IBOR,APAC,Government Bond,1,19,1043.71,3.53,0,0,8,Medium,Unknown / Needs SME Review pattern detected from source controls,Reference Data Ops,48,Resolved,2026-03-31
EXC0000520,Trade Match Break,Trades,Refinitiv,APAC,ETF,0,6,15765.6,-0.9,0,0,7,Medium,Trade Match Break pattern detected from source controls,Trade Support,48,Resolved,2026-03-30
EXC0000521,Unknown / Needs SME Review,Reference Data,ABOR,Americas,ETF,1,16,1366.28,0.3,0,0,5,Medium,Unknown / Needs SME Review pattern detected from source controls,Reference Data Ops,48,Resolved,2026-03-28
EXC0000522,Invalid Currency,Reference Data,Bloomberg,EMEA,Derivative,1,19,2097.5,-0.4,0,1,15,Medium,Invalid Currency pattern detected from source controls,Reference Data Ops,48,Resolved,2026-05-14
EXC0000523,Trade Match Break,Trades,Bloomberg,APAC,Government Bond,1,10,10138.59,1.34,0,0,16,High,Trade Match Break pattern detected from source controls,Trade Support,24,Resolved,2026-03-24
EXC0000524,Performance Return Outlier,Positions,Refinitiv,APAC,ETF,1,2,66648.4,13.3,0,0,12,High,Performance Return Outlier pattern detected from source controls,Reconciliation,24,Escalated,2026-05-19
EXC0000525,Unknown / Needs SME Review,Reference Data,Custodian,Americas,Derivative,0,20,934.77,-3.13,0,0,9,Medium,Unknown / Needs SME Review pattern detected from source controls,Reference Data Ops,48,Resolved,2026-04-28
EXC0000526,Position Reconciliation Break,Positions,Bloomberg,APAC,Government Bond,1,17,41637.24,-3.46,0,0,11,Critical,Position Reconciliation Break pattern detected from source controls,Reconciliation,8,Resolved,2026-05-02
EXC0000527,Missing Client Mapping,Client Data,Bloomberg,APAC,Government Bond,2,1,972.48,-0.58,0,0,7,Low,Missing Client Mapping pattern detected from source controls,Client Data Ops,72,Resolved,2026-04-10
EXC0000528,Missing Client Mapping,Client Data,Bloomberg,EMEA,ETF,2,12,1197.94,4.88,0,0,7,Low,Missing Client Mapping pattern detected from source controls,Client Data Ops,72,Resolved,2026-05-04
EXC0000529,Duplicate Record,Trades,Refinitiv,APAC,Derivative,0,18,51692.54,2.09,1,0,2,Critical,Duplicate Record pattern detected from source controls,Trade Support,8,Open,2026-04-14
EXC0000530,Trade Match Break,Trades,IBOR,Americas,Government Bond,1,12,15327.48,5.44,0,0,9,High,Trade Match Break pattern detected from source controls,Trade Support,24,Resolved,2026-03-27
EXC0000531,Stale Price,Pricing,Bloomberg,EMEA,Government Bond,1,4,1228.62,1.11,0,0,92,Low,Stale Price pattern detected from source controls,Pricing Control,72,Suppressed,2026-05-10
EXC0000532,Unknown / Needs SME Review,Reference Data,IBOR,Americas,Corporate Bond,1,20,1823.74,-0.61,0,0,5,Medium,Unknown / Needs SME Review pattern detected from source controls,Reference Data Ops,48,Resolved,2026-03-28
EXC0000533,Missing Reference Data,Reference Data,Bloomberg,EMEA,Derivative,1,7,2306.4,-2.69,0,0,7,Medium,Missing Reference Data pattern detected from source controls,Reference Data Ops,48,Open,2026-04-23
EXC0000534,Stale Price,Pricing,SimCorp,Americas,Equity,0,0,599.73,-0.57,0,0,85,Low,Stale Price pattern detected from source controls,Pricing Control,72,Resolved,2026-04-14
EXC0000535,Trade Match Break,Trades,Bloomberg,EMEA,Derivative,0,2,3485.95,-0.05,0,0,15,Low,Trade Match Break pattern detected from source controls,Trade Support,72,Open,2026-04-24
EXC0000536,Trade Match Break,Trades,ABOR,EMEA,Corporate Bond,1,10,19762.14,-4.56,0,0,16,High,Trade Match Break pattern detected from source controls,Trade Support,24,Open,2026-05-08
EXC0000537,Price Outlier,Pricing,Bloomberg,Americas,Corporate Bond,1,10,2139.63,19.93,0,0,16,Medium,Price Outlier pattern detected from source controls,Pricing Control,48,Resolved,2026-05-08
EXC0000538,Missing Reference Data,Reference Data,IBOR,EMEA,Corporate Bond,4,13,1625.15,-0.62,0,0,19,Medium,Missing Reference Data pattern detected from source controls,Reference Data Ops,48,Resolved,2026-05-17
EXC0000539,Performance Return Outlier,Positions,Custodian,EMEA,ETF,0,3,200506.34,20.4,0,0,7,High,Performance Return Outlier pattern detected from source controls,Reconciliation,24,Open,2026-04-27
EXC0000540,Position Reconciliation Break,Positions,IBOR,APAC,Corporate Bond,0,2,3863.48,1.39,0,0,17,Medium,Position Reconciliation Break pattern detected from source controls,Reconciliation,48,Resolved,2026-05-14
EXC0000541,Unknown / Needs SME Review,Reference Data,Custodian,APAC,Equity,1,5,1951.91,2.3,0,0,8,Low,Unknown / Needs SME Review pattern detected from source controls,Reference Data Ops,72,Resolved,2026-04-23
EXC0000542,Delayed Source Load,Source Control,Murex,Americas,Government Bond,1,1,703.35,-2.56,0,0,79,Low,Delayed Source Load pattern detected from source controls,Source Systems,72,Resolved,2026-04-21
EXC0000543,Position Reconciliation Break,Positions,Murex,EMEA,Derivative,1,1,90950.72,-1.34,0,0,19,High,Position Reconciliation Break pattern detected from source controls,Reconciliation,24,Open,2026-04-02
EXC0000544,Trade Match Break,Trades,Bloomberg,APAC,Derivative,1,14,69737.66,3.81,0,0,15,Critical,Trade Match Break pattern detected from source controls,Trade Support,8,Resolved,2026-04-06
EXC0000545,Price Outlier,Pricing,Refinitiv,Americas,Corporate Bond,0,6,1907.15,4.82,0,0,7,Low,Price Outlier pattern detected from source controls,Pricing Control,72,Open,2026-03-29
EXC0000546,Unknown / Needs SME Review,Reference Data,Bloomberg,APAC,ETF,1,3,4592.42,3.62,0,0,7,Medium,Unknown / Needs SME Review pattern detected from source controls,Reference Data Ops,48,Escalated,2026-05-18
EXC0000547,Duplicate Record,Trades,IBOR,EMEA,Government Bond,1,3,10954.84,1.15,1,0,12,Medium,Duplicate Record pattern detected from source controls,Trade Support,48,Open,2026-04-06
EXC0000548,Delayed Source Load,Source Control,Refinitiv,Americas,Corporate Bond,0,17,2185.46,1.97,0,0,75,Medium,Delayed Source Load pattern detected from source controls,Source Systems,48,Resolved,2026-05-03
EXC0000549,Unknown / Needs SME Review,Reference Data,Murex,EMEA,Equity,1,15,313.25,2.82,0,0,2,Low,Unknown / Needs SME Review pattern detected from source controls,Reference Data Ops,72,Resolved,2026-04-01
EXC0000550,Price Outlier,Pricing,IBOR,Americas,Equity,0,0,370.39,18.48,0,0,5,Low,Price Outlier pattern detected from source controls,Pricing Control,72,Resolved,2026-03-26
EXC0000551,Performance Return Outlier,Positions,Refinitiv,EMEA,Derivative,1,14,33733.43,-0.39,0,0,8,High,Performance Return Outlier pattern detected from source controls,Reconciliation,24,Resolved,2026-05-14
EXC0000552,Missing Client Mapping,Client Data,Bloomberg,Americas,Derivative,3,13,2103.95,-0.2,0,0,16,Medium,Missing Client Mapping pattern detected from source controls,Client Data Ops,48,Resolved,2026-04-19
EXC0000553,Position Reconciliation Break,Positions,ABOR,Americas,Derivative,0,14,6312.85,1.31,0,0,4,High,Position Reconciliation Break pattern detected from source controls,Reconciliation,24,Resolved,2026-04-16
EXC0000554,Unknown / Needs SME Review,Reference Data,ABOR,APAC,Derivative,1,17,3432.09,2.94,0,0,9,High,Unknown / Needs SME Review pattern detected from source controls,Reference Data Ops,24,Escalated,2026-05-03
EXC0000555,Duplicate Record,Trades,Murex,APAC,Government Bond,1,14,9831.27,0.48,1,0,4,High,Duplicate Record pattern detected from source controls,Trade Support,24,Open,2026-05-04
EXC0000556,Trade Match Break,Trades,Custodian,Americas,Equity,1,15,17543.87,4.39,0,0,14,High,Trade Match Break pattern detected from source controls,Trade Support,24,Resolved,2026-05-11
EXC0000557,Stale Price,Pricing,ABOR,Americas,Equity,1,2,697.53,5.87,0,0,60,Low,Stale Price pattern detected from source controls,Pricing Control,72,Resolved,2026-04-24
EXC0000558,Invalid Currency,Reference Data,Murex,APAC,ETF,0,20,3605.53,-0.7,0,1,1,High,Invalid Currency pattern detected from source controls,Reference Data Ops,24,Open,2026-04-07
EXC0000559,Missing Client Mapping,Client Data,Aladdin,EMEA,ETF,4,4,1259.7,4.47,0,0,9,Low,Missing Client Mapping pattern detected from source controls,Client Data Ops,72,Resolved,2026-04-07
EXC0000560,Stale Price,Pricing,SimCorp,APAC,Derivative,0,16,15877.18,1.46,0,0,33,High,Stale Price pattern detected from source controls,Pricing Control,24,Resolved,2026-04-03
EXC0000561,Trade Match Break,Trades,SimCorp,EMEA,Corporate Bond,1,16,49336.31,2.45,0,0,5,Critical,Trade Match Break pattern detected from source controls,Trade Support,8,Escalated,2026-03-24
EXC0000562,Missing Reference Data,Reference Data,SimCorp,APAC,Corporate Bond,2,10,1704.07,1.17,0,0,19,Medium,Missing Reference Data pattern detected from source controls,Reference Data Ops,48,Open,2026-04-11
EXC0000563,Position Reconciliation Break,Positions,Bloomberg,APAC,Derivative,1,10,261847.95,4.55,0,0,16,Critical,Position Reconciliation Break pattern detected from source controls,Reconciliation,8,Escalated,2026-04-28
EXC0000564,Duplicate Record,Trades,Aladdin,APAC,Derivative,0,19,32666.19,2.37,1,0,12,Critical,Duplicate Record pattern detected from source controls,Trade Support,8,Open,2026-05-03
EXC0000565,Delayed Source Load,Source Control,IBOR,APAC,Corporate Bond,1,13,814.25,0.63,0,0,37,Low,Delayed Source Load pattern detected from source controls,Source Systems,72,Open,2026-04-15
EXC0000566,Missing Reference Data,Reference Data,Custodian,Americas,Derivative,1,5,10543.68,0.46,0,0,16,Medium,Missing Reference Data pattern detected from source controls,Reference Data Ops,48,Open,2026-04-23
EXC0000567,Missing Reference Data,Reference Data,IBOR,APAC,Government Bond,1,1,1109.28,-1.5,0,0,1,Low,Missing Reference Data pattern detected from source controls,Reference Data Ops,72,Resolved,2026-05-13
EXC0000568,Missing Reference Data,Reference Data,ABOR,APAC,Derivative,2,2,1077.94,0.07,0,0,8,Low,Missing Reference Data pattern detected from source controls,Reference Data Ops,72,Resolved,2026-04-26
EXC0000569,Unknown / Needs SME Review,Reference Data,SimCorp,APAC,Equity,1,8,1656.53,4.55,0,0,8,Low,Unknown / Needs SME Review pattern detected from source controls,Reference Data Ops,72,Resolved,2026-04-09
EXC0000570,Position Reconciliation Break,Positions,Bloomberg,EMEA,Government Bond,1,14,164453.14,4.21,0,0,0,Critical,Position Reconciliation Break pattern detected from source controls,Reconciliation,8,Resolved,2026-05-09
EXC0000571,Price Outlier,Pricing,Refinitiv,Americas,Derivative,1,9,1045.35,10.43,0,0,1,Low,Price Outlier pattern detected from source controls,Pricing Control,72,Resolved,2026-05-05
EXC0000572,Missing Reference Data,Reference Data,Bloomberg,EMEA,Derivative,3,16,3876.9,-1.25,0,0,8,High,Missing Reference Data pattern detected from source controls,Reference Data Ops,24,Escalated,2026-05-03
EXC0000573,Missing Reference Data,Reference Data,Refinitiv,APAC,Government Bond,2,15,2043.01,3.88,0,0,2,Medium,Missing Reference Data pattern detected from source controls,Reference Data Ops,48,Resolved,2026-04-21
EXC0000574,Invalid Currency,Reference Data,Refinitiv,APAC,Equity,0,15,1837.34,2.57,0,1,19,Medium,Invalid Currency pattern detected from source controls,Reference Data Ops,48,Suppressed,2026-04-01
EXC0000575,Position Reconciliation Break,Positions,IBOR,APAC,Derivative,1,20,12115.97,-3.44,0,0,2,High,Position Reconciliation Break pattern detected from source controls,Reconciliation,24,Resolved,2026-04-30
EXC0000576,Missing Client Mapping,Client Data,SimCorp,APAC,Equity,3,1,917.01,8.7,0,0,0,Low,Missing Client Mapping pattern detected from source controls,Client Data Ops,72,Resolved,2026-05-12
EXC0000577,Price Outlier,Pricing,Bloomberg,APAC,Corporate Bond,0,12,1132.26,11.28,0,0,15,Low,Price Outlier pattern detected from source controls,Pricing Control,72,Resolved,2026-05-16
EXC0000578,Trade Match Break,Trades,Bloomberg,Americas,Derivative,1,7,21133.31,5.75,0,0,8,High,Trade Match Break pattern detected from source controls,Trade Support,24,Resolved,2026-04-13
EXC0000579,Duplicate Record,Trades,SimCorp,APAC,Government Bond,1,16,49730.36,1.94,1,0,8,Critical,Duplicate Record pattern detected from source controls,Trade Support,8,Resolved,2026-04-05
EXC0000580,Stale Price,Pricing,ABOR,APAC,Corporate Bond,0,17,1487.56,-1.1,0,0,80,Medium,Stale Price pattern detected from source controls,Pricing Control,48,Resolved,2026-05-14
EXC0000581,Price Outlier,Pricing,Custodian,Americas,Equity,1,14,1402.93,11.48,0,0,0,Medium,Price Outlier pattern detected from source controls,Pricing Control,48,Escalated,2026-04-12
EXC0000582,Stale Price,Pricing,ABOR,Americas,Equity,1,16,334.71,-2.17,0,0,38,Low,Stale Price pattern detected from source controls,Pricing Control,72,Resolved,2026-03-26
EXC0000583,Invalid Currency,Reference Data,Aladdin,Americas,ETF,0,20,1038.14,1.19,0,1,10,Medium,Invalid Currency pattern detected from source controls,Reference Data Ops,48,Escalated,2026-03-31
EXC0000584,Duplicate Record,Trades,IBOR,EMEA,ETF,1,12,66176.72,-1.22,1,0,7,High,Duplicate Record pattern detected from source controls,Trade Support,24,Resolved,2026-03-24
EXC0000585,Trade Match Break,Trades,IBOR,APAC,Equity,0,17,56571.89,0.99,0,0,4,Critical,Trade Match Break pattern detected from source controls,Trade Support,8,Resolved,2026-03-24
EXC0000586,Position Reconciliation Break,Positions,ABOR,APAC,Derivative,0,2,157203.88,2.12,0,0,2,High,Position Reconciliation Break pattern detected from source controls,Reconciliation,24,Suppressed,2026-04-02
EXC0000587,Stale Price,Pricing,Refinitiv,Americas,Government Bond,1,5,25721.55,2.24,0,0,23,Medium,Stale Price pattern detected from source controls,Pricing Control,48,Open,2026-04-25
EXC0000588,Delayed Source Load,Source Control,IBOR,APAC,ETF,1,19,2111.99,-2.15,0,0,40,Medium,Delayed Source Load pattern detected from source controls,Source Systems,48,Resolved,2026-04-08
EXC0000589,Missing Client Mapping,Client Data,Custodian,Americas,ETF,3,4,2359.5,-0.11,0,0,18,Low,Missing Client Mapping pattern detected from source controls,Client Data Ops,72,Resolved,2026-04-04
EXC0000590,Stale Price,Pricing,ABOR,EMEA,Equity,1,0,983.97,-3.44,0,0,63,Low,Stale Price pattern detected from source controls,Pricing Control,72,Resolved,2026-04-04
EXC0000591,Delayed Source Load,Source Control,ABOR,APAC,Equity,0,20,781.55,3.05,0,0,70,Medium,Delayed Source Load pattern detected from source controls,Source Systems,48,Open,2026-05-01
EXC0000592,Trade Match Break,Trades,ABOR,EMEA,ETF,1,7,96609.18,2.01,0,0,17,High,Trade Match Break pattern detected from source controls,Trade Support,24,Open,2026-04-23
EXC0000593,Position Reconciliation Break,Positions,SimCorp,APAC,ETF,0,13,4182.03,-1.44,0,0,5,Medium,Position Reconciliation Break pattern detected from source controls,Reconciliation,48,Escalated,2026-04-24
EXC0000594,Position Reconciliation Break,Positions,IBOR,EMEA,Derivative,1,16,10143.59,5.01,0,0,5,High,Position Reconciliation Break pattern detected from source controls,Reconciliation,24,Resolved,2026-04-01
EXC0000595,Missing Client Mapping,Client Data,SimCorp,EMEA,Derivative,1,9,2200.51,2.67,0,0,14,Medium,Missing Client Mapping pattern detected from source controls,Client Data Ops,48,Resolved,2026-03-30
EXC0000596,Stale Price,Pricing,Refinitiv,APAC,Government Bond,0,0,1282.01,1.24,0,0,45,Low,Stale Price pattern detected from source controls,Pricing Control,72,Resolved,2026-03-23
EXC0000597,Price Outlier,Pricing,Murex,Americas,Government Bond,0,15,2912.26,14.05,0,0,12,Medium,Price Outlier pattern detected from source controls,Pricing Control,48,Suppressed,2026-03-27
EXC0000598,Performance Return Outlier,Positions,SimCorp,APAC,Government Bond,0,14,129878.36,7.63,0,0,5,Critical,Performance Return Outlier pattern detected from source controls,Reconciliation,8,Suppressed,2026-05-13
EXC0000599,Performance Return Outlier,Positions,IBOR,EMEA,ETF,0,6,18956.94,20.47,0,0,16,Medium,Performance Return Outlier pattern detected from source controls,Reconciliation,48,Resolved,2026-04-27
EXC0000600,Missing Client Mapping,Client Data,Bloomberg,APAC,Derivative,3,14,2167.94,4.43,0,0,9,Medium,Missing Client Mapping pattern detected from source controls,Client Data Ops,48,Resolved,2026-04-25
EXC0000601,Stale Price,Pricing,Bloomberg,Americas,Equity,1,17,3064.66,2.19,0,0,30,High,Stale Price pattern detected from source controls,Pricing Control,24,Escalated,2026-04-01
EXC0000602,Duplicate Record,Trades,Aladdin,APAC,Government Bond,1,21,19810.0,-1.12,1,0,9,Critical,Duplicate Record pattern detected from source controls,Trade Support,8,Resolved,2026-05-18
EXC0000603,Trade Match Break,Trades,IBOR,Americas,Government Bond,1,11,63146.34,4.74,0,0,3,High,Trade Match Break pattern detected from source controls,Trade Support,24,Escalated,2026-04-04
EXC0000604,Missing Reference Data,Reference Data,ABOR,EMEA,Corporate Bond,3,1,1404.21,1.27,0,0,6,Low,Missing Reference Data pattern detected from source controls,Reference Data Ops,72,Escalated,2026-03-27
EXC0000605,Missing Reference Data,Reference Data,Refinitiv,Americas,Derivative,4,19,3865.48,-0.8,0,0,16,High,Missing Reference Data pattern detected from source controls,Reference Data Ops,24,Open,2026-05-08
EXC0000606,Delayed Source Load,Source Control,SimCorp,APAC,Government Bond,0,9,7546.73,6.44,0,0,74,Medium,Delayed Source Load pattern detected from source controls,Source Systems,48,Open,2026-04-29
EXC0000607,Missing Reference Data,Reference Data,Custodian,APAC,Equity,2,14,3148.7,-1.24,0,0,3,Medium,Missing Reference Data pattern detected from source controls,Reference Data Ops,48,Resolved,2026-04-12
EXC0000608,Price Outlier,Pricing,Murex,APAC,ETF,1,19,1714.6,24.27,0,0,1,Medium,Price Outlier pattern detected from source controls,Pricing Control,48,Resolved,2026-04-14
EXC0000609,Stale Price,Pricing,ABOR,EMEA,Derivative,1,5,1214.07,1.5,0,0,81,Low,Stale Price pattern detected from source controls,Pricing Control,72,Escalated,2026-04-20
EXC0000610,Position Reconciliation Break,Positions,ABOR,Americas,Equity,0,0,16804.06,2.31,0,0,16,Medium,Position Reconciliation Break pattern detected from source controls,Reconciliation,48,Resolved,2026-05-02
EXC0000611,Missing Client Mapping,Client Data,Aladdin,Americas,Government Bond,2,21,726.43,-0.38,0,0,18,Medium,Missing Client Mapping pattern detected from source controls,Client Data Ops,48,Resolved,2026-05-16
EXC0000612,Price Outlier,Pricing,Murex,Americas,Corporate Bond,0,3,3700.66,-1.22,0,0,10,Medium,Price Outlier pattern detected from source controls,Pricing Control,48,Escalated,2026-05-05
EXC0000613,Missing Client Mapping,Client Data,Custodian,EMEA,Equity,1,8,5501.3,1.58,0,0,11,Medium,Missing Client Mapping pattern detected from source controls,Client Data Ops,48,Resolved,2026-04-17
EXC0000614,Stale Price,Pricing,IBOR,EMEA,Government Bond,1,17,1316.12,-1.11,0,0,77,Medium,Stale Price pattern detected from source controls,Pricing Control,48,Open,2026-05-06
EXC0000615,Trade Match Break,Trades,Bloomberg,Americas,Corporate Bond,0,16,24305.95,0.6,0,0,6,High,Trade Match Break pattern detected from source controls,Trade Support,24,Resolved,2026-03-22
EXC0000616,Price Outlier,Pricing,Murex,APAC,Derivative,1,3,776.73,25.5,0,0,15,Low,Price Outlier pattern detected from source controls,Pricing Control,72,Resolved,2026-05-08
EXC0000617,Position Reconciliation Break,Positions,Custodian,APAC,Government Bond,1,5,44659.15,-1.21,0,0,5,High,Position Reconciliation Break pattern detected from source controls,Reconciliation,24,Resolved,2026-04-03
EXC0000618,Unknown / Needs SME Review,Reference Data,SimCorp,EMEA,ETF,0,15,1792.38,0.83,0,0,14,Medium,Unknown / Needs SME Review pattern detected from source controls,Reference Data Ops,48,Resolved,2026-04-30
EXC0000619,Missing Client Mapping,Client Data,Bloomberg,Americas,Derivative,2,9,569.8,-0.08,0,0,1,Low,Missing Client Mapping pattern detected from source controls,Client Data Ops,72,Resolved,2026-05-07
EXC0000620,Stale Price,Pricing,SimCorp,EMEA,Government Bond,1,11,18618.89,-0.6,0,0,62,High,Stale Price pattern detected from source controls,Pricing Control,24,Resolved,2026-05-07
EXC0000621,Unknown / Needs SME Review,Reference Data,Murex,Americas,ETF,0,16,435.88,3.91,0,0,11,Low,Unknown / Needs SME Review pattern detected from source controls,Reference Data Ops,72,Escalated,2026-05-06
EXC0000622,Invalid Currency,Reference Data,ABOR,Americas,Government Bond,1,18,571.44,-0.99,0,1,2,Medium,Invalid Currency pattern detected from source controls,Reference Data Ops,48,Escalated,2026-03-23
EXC0000623,Position Reconciliation Break,Positions,Custodian,EMEA,Government Bond,0,15,61163.65,0.87,0,0,17,Critical,Position Reconciliation Break pattern detected from source controls,Reconciliation,8,Resolved,2026-04-30
EXC0000624,Performance Return Outlier,Positions,ABOR,Americas,Corporate Bond,1,3,65931.84,20.41,0,0,3,High,Performance Return Outlier pattern detected from source controls,Reconciliation,24,Resolved,2026-05-01
EXC0000625,Missing Client Mapping,Client Data,ABOR,Americas,Derivative,3,20,1021.02,-2.73,0,0,13,Medium,Missing Client Mapping pattern detected from source controls,Client Data Ops,48,Resolved,2026-05-18
EXC0000626,Invalid Currency,Reference Data,Bloomberg,APAC,Corporate Bond,1,12,969.73,-1.29,0,1,9,Low,Invalid Currency pattern detected from source controls,Reference Data Ops,72,Resolved,2026-04-30
EXC0000627,Stale Price,Pricing,Bloomberg,Americas,Corporate Bond,0,17,2607.92,1.4,0,0,62,Medium,Stale Price pattern detected from source controls,Pricing Control,48,Escalated,2026-05-15
EXC0000628,Stale Price,Pricing,Murex,APAC,Corporate Bond,1,13,2446.71,1.31,0,0,32,Medium,Stale Price pattern detected from source controls,Pricing Control,48,Resolved,2026-05-08
EXC0000629,Delayed Source Load,Source Control,Bloomberg,APAC,Corporate Bond,1,7,1029.55,-0.47,0,0,59,Low,Delayed Source Load pattern detected from source controls,Source Systems,72,Suppressed,2026-04-06
EXC0000630,Invalid Currency,Reference Data,Aladdin,EMEA,Corporate Bond,1,14,4004.17,1.43,0,1,14,High,Invalid Currency pattern detected from source controls,Reference Data Ops,24,Resolved,2026-04-12
EXC0000631,Delayed Source Load,Source Control,ABOR,APAC,ETF,0,18,2856.89,2.17,0,0,90,High,Delayed Source Load pattern detected from source controls,Source Systems,24,Resolved,2026-04-17
EXC0000632,Missing Client Mapping,Client Data,SimCorp,EMEA,ETF,2,18,5266.84,2.97,0,0,4,High,Missing Client Mapping pattern detected from source controls,Client Data Ops,24,Escalated,2026-05-06
EXC0000633,Performance Return Outlier,Positions,SimCorp,APAC,Government Bond,0,20,17263.4,14.99,0,0,8,Critical,Performance Return Outlier pattern detected from source controls,Reconciliation,8,Open,2026-04-08
EXC0000634,Trade Match Break,Trades,IBOR,APAC,Corporate Bond,1,1,8989.95,4.52,0,0,7,Medium,Trade Match Break pattern detected from source controls,Trade Support,48,Open,2026-05-10
EXC0000635,Trade Match Break,Trades,Murex,APAC,Corporate Bond,0,20,8893.85,1.77,0,0,0,High,Trade Match Break pattern detected from source controls,Trade Support,24,Resolved,2026-04-07
EXC0000636,Price Outlier,Pricing,Aladdin,EMEA,ETF,0,7,2787.4,13.54,0,0,12,Medium,Price Outlier pattern detected from source controls,Pricing Control,48,Resolved,2026-04-07
EXC0000637,Missing Reference Data,Reference Data,IBOR,Americas,ETF,4,19,2407.29,0.76,0,0,1,High,Missing Reference Data pattern detected from source controls,Reference Data Ops,24,Resolved,2026-05-15
EXC0000638,Position Reconciliation Break,Positions,Bloomberg,Americas,Government Bond,0,11,18725.25,-1.67,0,0,15,High,Position Reconciliation Break pattern detected from source controls,Reconciliation,24,Resolved,2026-04-13
EXC0000639,Position Reconciliation Break,Positions,Murex,APAC,Corporate Bond,1,15,108079.08,3.61,0,0,3,Critical,Position Reconciliation Break pattern detected from source controls,Reconciliation,8,Resolved,2026-03-24
EXC0000640,Missing Reference Data,Reference Data,Murex,APAC,Government Bond,3,17,398.98,4.93,0,0,12,Low,Missing Reference Data pattern detected from source controls,Reference Data Ops,72,Resolved,2026-04-12
EXC0000641,Duplicate Record,Trades,Aladdin,APAC,Government Bond,0,17,95199.1,1.48,1,0,17,Critical,Duplicate Record pattern detected from source controls,Trade Support,8,Resolved,2026-03-22
EXC0000642,Trade Match Break,Trades,Aladdin,EMEA,Equity,0,7,12716.04,4.41,0,0,7,Medium,Trade Match Break pattern detected from source controls,Trade Support,48,Resolved,2026-03-30
EXC0000643,Position Reconciliation Break,Positions,Refinitiv,EMEA,Derivative,0,14,25686.89,4.24,0,0,4,High,Position Reconciliation Break pattern detected from source controls,Reconciliation,24,Open,2026-05-17
EXC0000644,Position Reconciliation Break,Positions,Aladdin,EMEA,ETF,0,12,14681.24,2.26,0,0,4,High,Position Reconciliation Break pattern detected from source controls,Reconciliation,24,Resolved,2026-03-26
EXC0000645,Trade Match Break,Trades,Bloomberg,APAC,Corporate Bond,0,7,62811.41,2.82,0,0,9,High,Trade Match Break pattern detected from source controls,Trade Support,24,Resolved,2026-05-15
EXC0000646,Invalid Currency,Reference Data,SimCorp,Americas,Derivative,1,0,1028.9,3.87,0,1,5,Low,Invalid Currency pattern detected from source controls,Reference Data Ops,72,Escalated,2026-05-07
EXC0000647,Position Reconciliation Break,Positions,Murex,EMEA,ETF,0,17,75442.24,-1.99,0,0,17,Critical,Position Reconciliation Break pattern detected from source controls,Reconciliation,8,Resolved,2026-03-31
EXC0000648,Trade Match Break,Trades,IBOR,EMEA,Government Bond,1,9,42313.3,2.12,0,0,16,High,Trade Match Break pattern detected from source controls,Trade Support,24,Open,2026-04-20
EXC0000649,Trade Match Break,Trades,SimCorp,APAC,Derivative,0,5,5187.63,2.89,0,0,13,Medium,Trade Match Break pattern detected from source controls,Trade Support,48,Escalated,2026-04-13
EXC0000650,Missing Reference Data,Reference Data,Custodian,Americas,Corporate Bond,2,7,5239.48,-2.09,0,0,6,Medium,Missing Reference Data pattern detected from source controls,Reference Data Ops,48,Open,2026-05-02
EXC0000651,Missing Client Mapping,Client Data,IBOR,APAC,Corporate Bond,2,9,1793.49,6.28,0,0,2,Medium,Missing Client Mapping pattern detected from source controls,Client Data Ops,48,Suppressed,2026-03-21
EXC0000652,Unknown / Needs SME Review,Reference Data,ABOR,EMEA,Derivative,0,21,1076.61,4.23,0,0,4,Medium,Unknown / Needs SME Review pattern detected from source controls,Reference Data Ops,48,Resolved,2026-05-14
EXC0000653,Stale Price,Pricing,IBOR,APAC,Equity,0,7,1036.04,4.25,0,0,22,Low,Stale Price pattern detected from source controls,Pricing Control,72,Resolved,2026-05-05
EXC0000654,Price Outlier,Pricing,Custodian,EMEA,Derivative,0,2,753.56,9.24,0,0,16,Low,Price Outlier pattern detected from source controls,Pricing Control,72,Open,2026-03-30
EXC0000655,Delayed Source Load,Source Control,ABOR,APAC,Derivative,0,3,864.28,-0.87,0,0,69,Low,Delayed Source Load pattern detected from source controls,Source Systems,72,Resolved,2026-04-02
EXC0000656,Invalid Currency,Reference Data,Bloomberg,Americas,Corporate Bond,0,20,1564.99,-1.67,0,1,19,Medium,Invalid Currency pattern detected from source controls,Reference Data Ops,48,Resolved,2026-05-02
EXC0000657,Trade Match Break,Trades,Murex,APAC,Government Bond,1,17,44782.92,1.25,0,0,8,Critical,Trade Match Break pattern detected from source controls,Trade Support,8,Resolved,2026-04-18
EXC0000658,Duplicate Record,Trades,SimCorp,Americas,Derivative,0,0,54564.8,3.24,1,0,11,Medium,Duplicate Record pattern detected from source controls,Trade Support,48,Open,2026-05-17
EXC0000659,Performance Return Outlier,Positions,ABOR,EMEA,Corporate Bond,1,10,30256.17,12.72,0,0,4,High,Performance Return Outlier pattern detected from source controls,Reconciliation,24,Open,2026-04-16
EXC0000660,Stale Price,Pricing,Murex,APAC,Corporate Bond,1,5,1947.52,5.78,0,0,78,Low,Stale Price pattern detected from source controls,Pricing Control,72,Open,2026-03-29
EXC0000661,Invalid Currency,Reference Data,Bloomberg,EMEA,Equity,1,11,1378.44,0.72,0,1,12,Low,Invalid Currency pattern detected from source controls,Reference Data Ops,72,Escalated,2026-05-07
EXC0000662,Delayed Source Load,Source Control,IBOR,APAC,Corporate Bond,1,13,883.65,0.6,0,0,36,Low,Delayed Source Load pattern detected from source controls,Source Systems,72,Resolved,2026-03-24
EXC0000663,Missing Reference Data,Reference Data,ABOR,APAC,Equity,1,11,266.95,1.52,0,0,8,Low,Missing Reference Data pattern detected from source controls,Reference Data Ops,72,Escalated,2026-04-13
EXC0000664,Performance Return Outlier,Positions,Bloomberg,APAC,Corporate Bond,1,10,10799.67,3.61,0,0,18,High,Performance Return Outlier pattern detected from source controls,Reconciliation,24,Resolved,2026-05-17
EXC0000665,Unknown / Needs SME Review,Reference Data,Custodian,EMEA,Government Bond,0,15,1751.64,5.25,0,0,10,Medium,Unknown / Needs SME Review pattern detected from source controls,Reference Data Ops,48,Suppressed,2026-04-25
EXC0000666,Missing Client Mapping,Client Data,ABOR,APAC,ETF,3,15,2336.85,0.87,0,0,8,Medium,Missing Client Mapping pattern detected from source controls,Client Data Ops,48,Escalated,2026-05-09
EXC0000667,Position Reconciliation Break,Positions,IBOR,Americas,Derivative,0,3,45666.42,2.13,0,0,2,High,Position Reconciliation Break pattern detected from source controls,Reconciliation,24,Escalated,2026-05-06
EXC0000668,Duplicate Record,Trades,ABOR,Americas,Corporate Bond,1,15,59162.36,3.54,1,0,15,Critical,Duplicate Record pattern detected from source controls,Trade Support,8,Escalated,2026-05-15
EXC0000669,Duplicate Record,Trades,Bloomberg,EMEA,Government Bond,1,11,50453.17,-0.38,1,0,18,High,Duplicate Record pattern detected from source controls,Trade Support,24,Escalated,2026-03-30
EXC0000670,Stale Price,Pricing,Custodian,EMEA,Equity,0,8,1956.45,2.19,0,0,35,Medium,Stale Price pattern detected from source controls,Pricing Control,48,Resolved,2026-04-09
EXC0000671,Price Outlier,Pricing,ABOR,EMEA,Corporate Bond,1,5,3329.7,14.09,0,0,18,Medium,Price Outlier pattern detected from source controls,Pricing Control,48,Escalated,2026-05-07
EXC0000672,Missing Reference Data,Reference Data,SimCorp,EMEA,Corporate Bond,1,12,3953.3,3.94,0,0,18,Medium,Missing Reference Data pattern detected from source controls,Reference Data Ops,48,Resolved,2026-05-14
EXC0000673,Trade Match Break,Trades,Refinitiv,EMEA,Derivative,0,21,146610.52,1.52,0,0,6,Critical,Trade Match Break pattern detected from source controls,Trade Support,8,Escalated,2026-05-01
EXC0000674,Missing Client Mapping,Client Data,Custodian,APAC,Derivative,2,10,929.33,-5.64,0,0,15,Low,Missing Client Mapping pattern detected from source controls,Client Data Ops,72,Resolved,2026-05-02
EXC0000675,Delayed Source Load,Source Control,ABOR,APAC,Corporate Bond,1,1,2207.34,-0.84,0,0,95,Low,Delayed Source Load pattern detected from source controls,Source Systems,72,Resolved,2026-05-14
EXC0000676,Trade Match Break,Trades,ABOR,EMEA,Equity,0,5,13520.27,-2.25,0,0,7,Medium,Trade Match Break pattern detected from source controls,Trade Support,48,Resolved,2026-05-12
EXC0000677,Duplicate Record,Trades,Refinitiv,APAC,Equity,0,20,30875.37,6.32,1,0,3,Critical,Duplicate Record pattern detected from source controls,Trade Support,8,Resolved,2026-04-09
EXC0000678,Duplicate Record,Trades,Murex,Americas,Government Bond,0,17,23802.85,5.04,1,0,0,High,Duplicate Record pattern detected from source controls,Trade Support,24,Open,2026-04-04
EXC0000679,Position Reconciliation Break,Positions,Custodian,Americas,Derivative,0,1,33366.47,-3.88,0,0,11,Medium,Position Reconciliation Break pattern detected from source controls,Reconciliation,48,Open,2026-05-02
EXC0000680,Invalid Currency,Reference Data,Custodian,APAC,Government Bond,0,17,1645.44,-1.03,0,1,1,Medium,Invalid Currency pattern detected from source controls,Reference Data Ops,48,Resolved,2026-04-26
EXC0000681,Stale Price,Pricing,Aladdin,APAC,Corporate Bond,1,2,3097.18,-1.96,0,0,24,Low,Stale Price pattern detected from source controls,Pricing Control,72,Resolved,2026-03-23
EXC0000682,Missing Reference Data,Reference Data,SimCorp,EMEA,Derivative,1,6,1371.86,2.04,0,0,3,Low,Missing Reference Data pattern detected from source controls,Reference Data Ops,72,Resolved,2026-04-29
EXC0000683,Trade Match Break,Trades,Aladdin,Americas,Government Bond,1,19,85571.65,-0.89,0,0,12,Critical,Trade Match Break pattern detected from source controls,Trade Support,8,Resolved,2026-04-05
EXC0000684,Unknown / Needs SME Review,Reference Data,Aladdin,Americas,Corporate Bond,1,14,951.73,0.84,0,0,9,Low,Unknown / Needs SME Review pattern detected from source controls,Reference Data Ops,72,Open,2026-03-30
EXC0000685,Unknown / Needs SME Review,Reference Data,Murex,EMEA,Derivative,1,14,3141.89,-1.94,0,0,18,Medium,Unknown / Needs SME Review pattern detected from source controls,Reference Data Ops,48,Open,2026-03-26
EXC0000686,Duplicate Record,Trades,Bloomberg,Americas,Derivative,0,4,28288.49,2.58,1,0,13,Medium,Duplicate Record pattern detected from source controls,Trade Support,48,Resolved,2026-03-22
EXC0000687,Position Reconciliation Break,Positions,IBOR,APAC,Corporate Bond,1,7,21590.58,-2.7,0,0,3,High,Position Reconciliation Break pattern detected from source controls,Reconciliation,24,Open,2026-05-08
EXC0000688,Duplicate Record,Trades,Custodian,Americas,Derivative,0,2,40959.79,7.76,1,0,5,Medium,Duplicate Record pattern detected from source controls,Trade Support,48,Suppressed,2026-03-23
EXC0000689,Trade Match Break,Trades,SimCorp,APAC,Government Bond,0,12,63565.02,5.26,0,0,4,High,Trade Match Break pattern detected from source controls,Trade Support,24,Open,2026-04-11
EXC0000690,Price Outlier,Pricing,ABOR,EMEA,Corporate Bond,1,10,2110.23,1.69,0,0,9,Medium,Price Outlier pattern detected from source controls,Pricing Control,48,Resolved,2026-05-05
EXC0000691,Missing Reference Data,Reference Data,Custodian,Americas,Derivative,2,3,732.68,3.02,0,0,1,Low,Missing Reference Data pattern detected from source controls,Reference Data Ops,72,Escalated,2026-03-28
EXC0000692,Missing Reference Data,Reference Data,ABOR,Americas,Equity,4,6,1829.48,5.39,0,0,8,Low,Missing Reference Data pattern detected from source controls,Reference Data Ops,72,Resolved,2026-04-26
EXC0000693,Unknown / Needs SME Review,Reference Data,ABOR,APAC,Corporate Bond,0,1,181.94,3.73,0,0,6,Low,Unknown / Needs SME Review pattern detected from source controls,Reference Data Ops,72,Resolved,2026-03-23
EXC0000694,Missing Client Mapping,Client Data,ABOR,EMEA,Corporate Bond,4,1,1759.97,-1.01,0,0,2,Low,Missing Client Mapping pattern detected from source controls,Client Data Ops,72,Resolved,2026-04-22
EXC0000695,Invalid Currency,Reference Data,Custodian,APAC,Derivative,0,1,897.73,0.57,0,1,17,Low,Invalid Currency pattern detected from source controls,Reference Data Ops,72,Resolved,2026-04-10
EXC0000696,Delayed Source Load,Source Control,SimCorp,Americas,Derivative,0,7,655.77,2.56,0,0,34,Low,Delayed Source Load pattern detected from source controls,Source Systems,72,Escalated,2026-04-21
EXC0000697,Duplicate Record,Trades,Refinitiv,Americas,Equity,1,5,83453.39,4.38,1,0,0,High,Duplicate Record pattern detected from source controls,Trade Support,24,Open,2026-03-24
EXC0000698,Invalid Currency,Reference Data,IBOR,Americas,Equity,0,4,1644.28,1.48,0,1,14,Low,Invalid Currency pattern detected from source controls,Reference Data Ops,72,Resolved,2026-04-21
EXC0000699,Missing Client Mapping,Client Data,ABOR,EMEA,Derivative,1,3,1487.29,2.89,0,0,12,Low,Missing Client Mapping pattern detected from source controls,Client Data Ops,72,Resolved,2026-05-11
EXC0000700,Stale Price,Pricing,Custodian,EMEA,Government Bond,0,20,1012.88,0.67,0,0,72,Medium,Stale Price pattern detected from source controls,Pricing Control,48,Resolved,2026-03-28
EXC0000701,Stale Price,Pricing,Aladdin,APAC,Corporate Bond,0,8,3698.4,0.47,0,0,28,Medium,Stale Price pattern detected from source controls,Pricing Control,48,Escalated,2026-05-17
EXC0000702,Position Reconciliation Break,Positions,Murex,APAC,Equity,0,11,44329.15,-2.18,0,0,3,High,Position Reconciliation Break pattern detected from source controls,Reconciliation,24,Resolved,2026-04-04
EXC0000703,Missing Reference Data,Reference Data,IBOR,Americas,Government Bond,2,19,5944.32,2.61,0,0,6,High,Missing Reference Data pattern detected from source controls,Reference Data Ops,24,Resolved,2026-04-22
EXC0000704,Duplicate Record,Trades,Custodian,EMEA,Equity,1,21,12996.86,0.27,1,0,3,High,Duplicate Record pattern detected from source controls,Trade Support,24,Suppressed,2026-04-08
EXC0000705,Delayed Source Load,Source Control,Refinitiv,EMEA,Government Bond,0,8,5654.69,-1.71,0,0,80,Medium,Delayed Source Load pattern detected from source controls,Source Systems,48,Resolved,2026-04-30
EXC0000706,Delayed Source Load,Source Control,Refinitiv,Americas,Equity,1,16,3922.21,0.02,0,0,92,High,Delayed Source Load pattern detected from source controls,Source Systems,24,Resolved,2026-05-06
EXC0000707,Trade Match Break,Trades,IBOR,EMEA,Corporate Bond,0,8,16916.56,2.21,0,0,16,High,Trade Match Break pattern detected from source controls,Trade Support,24,Suppressed,2026-03-25
EXC0000708,Stale Price,Pricing,IBOR,APAC,Equity,1,5,1885.52,3.17,0,0,88,Low,Stale Price pattern detected from source controls,Pricing Control,72,Resolved,2026-05-08
EXC0000709,Unknown / Needs SME Review,Reference Data,Bloomberg,EMEA,Equity,1,2,1536.94,1.04,0,0,16,Low,Unknown / Needs SME Review pattern detected from source controls,Reference Data Ops,72,Resolved,2026-05-19
EXC0000710,Performance Return Outlier,Positions,Refinitiv,Americas,ETF,1,7,105114.56,29.3,0,0,16,High,Performance Return Outlier pattern detected from source controls,Reconciliation,24,Resolved,2026-04-25
EXC0000711,Trade Match Break,Trades,SimCorp,EMEA,ETF,0,21,173220.79,5.23,0,0,0,Critical,Trade Match Break pattern detected from source controls,Trade Support,8,Resolved,2026-04-30
EXC0000712,Performance Return Outlier,Positions,Bloomberg,Americas,Government Bond,0,3,14381.15,10.42,0,0,5,Medium,Performance Return Outlier pattern detected from source controls,Reconciliation,48,Escalated,2026-04-14
EXC0000713,Delayed Source Load,Source Control,Murex,Americas,Derivative,1,3,6811.88,3.93,0,0,89,Medium,Delayed Source Load pattern detected from source controls,Source Systems,48,Open,2026-04-29
EXC0000714,Trade Match Break,Trades,Bloomberg,Americas,Derivative,0,5,35171.38,-0.17,0,0,3,High,Trade Match Break pattern detected from source controls,Trade Support,24,Resolved,2026-04-28
EXC0000715,Trade Match Break,Trades,ABOR,EMEA,Equity,0,7,35946.98,-1.75,0,0,8,High,Trade Match Break pattern detected from source controls,Trade Support,24,Resolved,2026-04-07
EXC0000716,Performance Return Outlier,Positions,Refinitiv,APAC,Corporate Bond,1,8,9943.81,18.03,0,0,14,Medium,Performance Return Outlier pattern detected from source controls,Reconciliation,48,Resolved,2026-04-03
EXC0000717,Missing Client Mapping,Client Data,Murex,APAC,ETF,2,20,4259.84,-0.66,0,0,0,High,Missing Client Mapping pattern detected from source controls,Client Data Ops,24,Escalated,2026-05-19
EXC0000718,Duplicate Record,Trades,Custodian,Americas,Government Bond,1,20,61871.23,0.41,1,0,12,Critical,Duplicate Record pattern detected from source controls,Trade Support,8,Resolved,2026-05-09
EXC0000719,Unknown / Needs SME Review,Reference Data,ABOR,EMEA,Corporate Bond,0,10,2609.11,6.46,0,0,6,Medium,Unknown / Needs SME Review pattern detected from source controls,Reference Data Ops,48,Resolved,2026-03-30
EXC0000720,Delayed Source Load,Source Control,Refinitiv,APAC,Government Bond,1,19,2183.75,0.19,0,0,49,High,Delayed Source Load pattern detected from source controls,Source Systems,24,Resolved,2026-03-27
EXC0000721,Missing Reference Data,Reference Data,Aladdin,EMEA,Government Bond,1,7,312.84,0.56,0,0,3,Low,Missing Reference Data pattern detected from source controls,Reference Data Ops,72,Open,2026-03-24
EXC0000722,Position Reconciliation Break,Positions,Bloomberg,Americas,Government Bond,0,8,1203.18,1.88,0,0,14,Low,Position Reconciliation Break pattern detected from source controls,Reconciliation,72,Escalated,2026-04-28
EXC0000723,Performance Return Outlier,Positions,IBOR,APAC,Government Bond,0,15,50426.67,15.91,0,0,15,Critical,Performance Return Outlier pattern detected from source controls,Reconciliation,8,Resolved,2026-04-20
EXC0000724,Missing Reference Data,Reference Data,SimCorp,Americas,Equity,4,19,2325.75,1.86,0,0,8,High,Missing Reference Data pattern detected from source controls,Reference Data Ops,24,Resolved,2026-05-11
EXC0000725,Missing Reference Data,Reference Data,Refinitiv,Americas,ETF,3,0,822.67,3.14,0,0,8,Low,Missing Reference Data pattern detected from source controls,Reference Data Ops,72,Escalated,2026-05-13
EXC0000726,Delayed Source Load,Source Control,Aladdin,Americas,Equity,1,12,802.62,5.21,0,0,74,Low,Delayed Source Load pattern detected from source controls,Source Systems,72,Resolved,2026-04-14
EXC0000727,Missing Client Mapping,Client Data,Bloomberg,Americas,Government Bond,2,7,1408.33,4.78,0,0,15,Low,Missing Client Mapping pattern detected from source controls,Client Data Ops,72,Resolved,2026-05-16
EXC0000728,Stale Price,Pricing,Aladdin,APAC,Government Bond,1,8,5224.03,2.41,0,0,21,Medium,Stale Price pattern detected from source controls,Pricing Control,48,Resolved,2026-05-10
EXC0000729,Stale Price,Pricing,SimCorp,EMEA,Equity,0,12,323.02,0.94,0,0,76,Low,Stale Price pattern detected from source controls,Pricing Control,72,Resolved,2026-05-04
EXC0000730,Delayed Source Load,Source Control,Refinitiv,APAC,Corporate Bond,0,11,216.75,1.09,0,0,70,Low,Delayed Source Load pattern detected from source controls,Source Systems,72,Resolved,2026-05-17
EXC0000731,Stale Price,Pricing,SimCorp,Americas,Corporate Bond,0,21,7246.52,2.52,0,0,54,High,Stale Price pattern detected from source controls,Pricing Control,24,Escalated,2026-05-11
EXC0000732,Stale Price,Pricing,Aladdin,Americas,Corporate Bond,0,9,531.49,1.38,0,0,47,Low,Stale Price pattern detected from source controls,Pricing Control,72,Resolved,2026-05-19
EXC0000733,Performance Return Outlier,Positions,SimCorp,Americas,Corporate Bond,1,21,28579.01,2.09,0,0,11,Critical,Performance Return Outlier pattern detected from source controls,Reconciliation,8,Resolved,2026-04-19
EXC0000734,Missing Client Mapping,Client Data,IBOR,Americas,Corporate Bond,2,14,544.24,-0.84,0,0,9,Low,Missing Client Mapping pattern detected from source controls,Client Data Ops,72,Open,2026-04-14
EXC0000735,Trade Match Break,Trades,Aladdin,APAC,Government Bond,0,13,18426.17,3.18,0,0,19,High,Trade Match Break pattern detected from source controls,Trade Support,24,Open,2026-04-25
EXC0000736,Duplicate Record,Trades,Aladdin,Americas,Equity,1,11,23423.79,2.24,1,0,9,High,Duplicate Record pattern detected from source controls,Trade Support,24,Resolved,2026-04-27
EXC0000737,Trade Match Break,Trades,IBOR,APAC,Equity,0,7,3888.29,-0.39,0,0,3,Medium,Trade Match Break pattern detected from source controls,Trade Support,48,Resolved,2026-05-08
EXC0000738,Price Outlier,Pricing,Refinitiv,APAC,Government Bond,1,12,3218.08,10.51,0,0,7,Medium,Price Outlier pattern detected from source controls,Pricing Control,48,Resolved,2026-03-29
EXC0000739,Unknown / Needs SME Review,Reference Data,Murex,Americas,Corporate Bond,1,12,647.75,2.02,0,0,1,Low,Unknown / Needs SME Review pattern detected from source controls,Reference Data Ops,72,Resolved,2026-03-31
EXC0000740,Position Reconciliation Break,Positions,Refinitiv,Americas,Government Bond,1,2,22233.22,-2.06,0,0,5,Medium,Position Reconciliation Break pattern detected from source controls,Reconciliation,48,Resolved,2026-04-24
EXC0000741,Duplicate Record,Trades,Refinitiv,EMEA,Equity,1,20,12584.77,3.86,1,0,9,High,Duplicate Record pattern detected from source controls,Trade Support,24,Resolved,2026-04-13
EXC0000742,Trade Match Break,Trades,Aladdin,EMEA,Corporate Bond,0,19,64195.07,-0.18,0,0,1,Critical,Trade Match Break pattern detected from source controls,Trade Support,8,Open,2026-03-23
EXC0000743,Position Reconciliation Break,Positions,Aladdin,APAC,Corporate Bond,0,14,21091.6,0.48,0,0,9,High,Position Reconciliation Break pattern detected from source controls,Reconciliation,24,Open,2026-04-12
EXC0000744,Price Outlier,Pricing,ABOR,EMEA,Equity,1,14,4664.92,25.98,0,0,4,High,Price Outlier pattern detected from source controls,Pricing Control,24,Resolved,2026-04-19
EXC0000745,Trade Match Break,Trades,SimCorp,APAC,Government Bond,0,3,48086.31,3.66,0,0,18,High,Trade Match Break pattern detected from source controls,Trade Support,24,Open,2026-04-08
EXC0000746,Duplicate Record,Trades,Aladdin,APAC,Equity,1,13,17201.63,1.36,1,0,2,High,Duplicate Record pattern detected from source controls,Trade Support,24,Resolved,2026-04-01
EXC0000747,Delayed Source Load,Source Control,IBOR,Americas,Derivative,1,21,2994.77,3.05,0,0,43,High,Delayed Source Load pattern detected from source controls,Source Systems,24,Resolved,2026-03-29
EXC0000748,Missing Client Mapping,Client Data,Murex,EMEA,Equity,2,2,703.28,-2.43,0,0,3,Low,Missing Client Mapping pattern detected from source controls,Client Data Ops,72,Open,2026-05-09
EXC0000749,Missing Reference Data,Reference Data,Bloomberg,APAC,Equity,4,19,5107.6,-1.26,0,0,8,High,Missing Reference Data pattern detected from source controls,Reference Data Ops,24,Open,2026-04-09
EXC0000750,Position Reconciliation Break,Positions,Refinitiv,APAC,Government Bond,0,7,34514.01,1.58,0,0,9,High,Position Reconciliation Break pattern detected from source controls,Reconciliation,24,Open,2026-03-27
EXC0000751,Trade Match Break,Trades,IBOR,APAC,Equity,1,4,16786.64,-0.31,0,0,9,Medium,Trade Match Break pattern detected from source controls,Trade Support,48,Resolved,2026-05-12
EXC0000752,Duplicate Record,Trades,Aladdin,Americas,ETF,1,19,97408.94,0.99,1,0,9,Critical,Duplicate Record pattern detected from source controls,Trade Support,8,Resolved,2026-03-22
EXC0000753,Delayed Source Load,Source Control,SimCorp,Americas,Corporate Bond,0,14,201.93,3.36,0,0,76,Low,Delayed Source Load pattern detected from source controls,Source Systems,72,Resolved,2026-04-27
EXC0000754,Missing Client Mapping,Client Data,ABOR,EMEA,Equity,3,17,1291.46,-0.51,0,0,5,Medium,Missing Client Mapping pattern detected from source controls,Client Data Ops,48,Resolved,2026-03-27
EXC0000755,Trade Match Break,Trades,ABOR,Americas,ETF,0,19,10499.6,-0.34,0,0,17,High,Trade Match Break pattern detected from source controls,Trade Support,24,Resolved,2026-04-18
EXC0000756,Missing Client Mapping,Client Data,SimCorp,APAC,Equity,1,0,790.27,1.77,0,0,12,Low,Missing Client Mapping pattern detected from source controls,Client Data Ops,72,Escalated,2026-04-21
EXC0000757,Missing Reference Data,Reference Data,IBOR,APAC,ETF,3,4,1093.82,-3.82,0,0,12,Low,Missing Reference Data pattern detected from source controls,Reference Data Ops,72,Resolved,2026-05-08
EXC0000758,Stale Price,Pricing,Murex,EMEA,ETF,1,5,1196.11,4.02,0,0,80,Low,Stale Price pattern detected from source controls,Pricing Control,72,Open,2026-04-02
EXC0000759,Price Outlier,Pricing,SimCorp,Americas,Corporate Bond,0,20,2776.24,9.87,0,0,15,High,Price Outlier pattern detected from source controls,Pricing Control,24,Resolved,2026-03-24
EXC0000760,Trade Match Break,Trades,SimCorp,EMEA,ETF,0,11,65381.84,1.73,0,0,13,High,Trade Match Break pattern detected from source controls,Trade Support,24,Escalated,2026-03-24
EXC0000761,Position Reconciliation Break,Positions,Murex,Americas,Equity,0,3,333691.65,0.15,0,0,3,High,Position Reconciliation Break pattern detected from source controls,Reconciliation,24,Resolved,2026-05-04
EXC0000762,Trade Match Break,Trades,Murex,EMEA,Derivative,0,15,53697.9,3.22,0,0,8,Critical,Trade Match Break pattern detected from source controls,Trade Support,8,Resolved,2026-04-10
EXC0000763,Duplicate Record,Trades,Custodian,APAC,Derivative,1,7,36300.62,1.1,1,0,17,High,Duplicate Record pattern detected from source controls,Trade Support,24,Resolved,2026-04-03
EXC0000764,Stale Price,Pricing,Refinitiv,APAC,Equity,1,12,6986.24,4.57,0,0,73,High,Stale Price pattern detected from source controls,Pricing Control,24,Resolved,2026-03-23
EXC0000765,Position Reconciliation Break,Positions,SimCorp,APAC,Government Bond,1,20,32984.95,-2.78,0,0,19,Critical,Position Reconciliation Break pattern detected from source controls,Reconciliation,8,Resolved,2026-03-23
EXC0000766,Price Outlier,Pricing,Aladdin,Americas,Government Bond,1,5,3172.81,6.32,0,0,15,Medium,Price Outlier pattern detected from source controls,Pricing Control,48,Open,2026-04-12
EXC0000767,Trade Match Break,Trades,Custodian,EMEA,ETF,0,20,15032.43,1.61,0,0,19,High,Trade Match Break pattern detected from source controls,Trade Support,24,Escalated,2026-05-03
EXC0000768,Position Reconciliation Break,Positions,SimCorp,EMEA,Corporate Bond,1,16,92289.38,2.28,0,0,5,Critical,Position Reconciliation Break pattern detected from source controls,Reconciliation,8,Resolved,2026-05-09
EXC0000769,Stale Price,Pricing,Refinitiv,EMEA,Corporate Bond,1,0,1898.23,5.01,0,0,73,Low,Stale Price pattern detected from source controls,Pricing Control,72,Open,2026-04-22
EXC0000770,Trade Match Break,Trades,Murex,EMEA,Corporate Bond,0,8,70709.62,-1.91,0,0,18,High,Trade Match Break pattern detected from source controls,Trade Support,24,Resolved,2026-04-11
EXC0000771,Missing Client Mapping,Client Data,Murex,EMEA,Derivative,1,19,1343.45,-1.99,0,0,13,Medium,Missing Client Mapping pattern detected from source controls,Client Data Ops,48,Escalated,2026-05-05
EXC0000772,Price Outlier,Pricing,Refinitiv,EMEA,Government Bond,1,18,396.68,19.68,0,0,13,Low,Price Outlier pattern detected from source controls,Pricing Control,72,Resolved,2026-04-12
EXC0000773,Missing Client Mapping,Client Data,Bloomberg,APAC,ETF,2,15,1481.04,-3.23,0,0,13,Medium,Missing Client Mapping pattern detected from source controls,Client Data Ops,48,Open,2026-03-31
EXC0000774,Price Outlier,Pricing,Murex,EMEA,Equity,0,15,6745.57,27.03,0,0,2,High,Price Outlier pattern detected from source controls,Pricing Control,24,Resolved,2026-04-16
EXC0000775,Missing Client Mapping,Client Data,Murex,APAC,Equity,3,19,2850.01,3.83,0,0,1,High,Missing Client Mapping pattern detected from source controls,Client Data Ops,24,Open,2026-04-02
EXC0000776,Stale Price,Pricing,Custodian,APAC,Derivative,0,3,1923.13,2.79,0,0,27,Low,Stale Price pattern detected from source controls,Pricing Control,72,Resolved,2026-04-30
EXC0000777,Unknown / Needs SME Review,Reference Data,IBOR,APAC,Equity,0,10,3310.97,3.46,0,0,5,Medium,Unknown / Needs SME Review pattern detected from source controls,Reference Data Ops,48,Resolved,2026-03-27
EXC0000778,Stale Price,Pricing,Refinitiv,EMEA,ETF,0,7,1610.8,4.68,0,0,37,Low,Stale Price pattern detected from source controls,Pricing Control,72,Suppressed,2026-03-21
EXC0000779,Unknown / Needs SME Review,Reference Data,IBOR,EMEA,Equity,0,21,1851.18,-0.04,0,0,15,High,Unknown / Needs SME Review pattern detected from source controls,Reference Data Ops,24,Resolved,2026-05-16
EXC0000780,Price Outlier,Pricing,Custodian,EMEA,Government Bond,1,16,1280.52,26.5,0,0,0,Medium,Price Outlier pattern detected from source controls,Pricing Control,48,Resolved,2026-05-03
EXC0000781,Invalid Currency,Reference Data,SimCorp,APAC,Derivative,1,16,2649.18,2.36,0,1,7,Medium,Invalid Currency pattern detected from source controls,Reference Data Ops,48,Resolved,2026-04-05
EXC0000782,Price Outlier,Pricing,Aladdin,APAC,Government Bond,1,2,1177.43,13.61,0,0,2,Low,Price Outlier pattern detected from source controls,Pricing Control,72,Resolved,2026-04-04
EXC0000783,Missing Reference Data,Reference Data,Aladdin,APAC,Corporate Bond,1,16,1404.98,-0.82,0,0,12,Medium,Missing Reference Data pattern detected from source controls,Reference Data Ops,48,Resolved,2026-04-15
EXC0000784,Missing Reference Data,Reference Data,ABOR,APAC,Equity,4,18,3652.54,0.18,0,0,19,High,Missing Reference Data pattern detected from source controls,Reference Data Ops,24,Resolved,2026-04-16
EXC0000785,Stale Price,Pricing,ABOR,EMEA,Corporate Bond,1,9,1547.74,2.45,0,0,63,Low,Stale Price pattern detected from source controls,Pricing Control,72,Open,2026-04-24
EXC0000786,Trade Match Break,Trades,Custodian,Americas,Derivative,1,18,73255.15,3.78,0,0,11,Critical,Trade Match Break pattern detected from source controls,Trade Support,8,Escalated,2026-04-15
EXC0000787,Duplicate Record,Trades,Custodian,EMEA,Government Bond,0,8,30316.0,-1.68,1,0,11,High,Duplicate Record pattern detected from source controls,Trade Support,24,Resolved,2026-03-27
EXC0000788,Position Reconciliation Break,Positions,Murex,APAC,Government Bond,0,14,69051.95,1.03,0,0,5,Critical,Position Reconciliation Break pattern detected from source controls,Reconciliation,8,Escalated,2026-05-17
EXC0000789,Duplicate Record,Trades,Murex,EMEA,ETF,1,4,159288.53,1.36,1,0,7,High,Duplicate Record pattern detected from source controls,Trade Support,24,Escalated,2026-03-28
EXC0000790,Missing Reference Data,Reference Data,IBOR,EMEA,Government Bond,4,11,629.04,-1.98,0,0,6,Low,Missing Reference Data pattern detected from source controls,Reference Data Ops,72,Open,2026-05-15
EXC0000791,Invalid Currency,Reference Data,Custodian,EMEA,Government Bond,1,1,752.11,2.62,0,1,17,Low,Invalid Currency pattern detected from source controls,Reference Data Ops,72,Open,2026-04-08
EXC0000792,Missing Client Mapping,Client Data,Refinitiv,EMEA,Equity,2,2,2943.29,1.23,0,0,7,Low,Missing Client Mapping pattern detected from source controls,Client Data Ops,72,Open,2026-04-29
EXC0000793,Price Outlier,Pricing,Custodian,Americas,Government Bond,0,19,2900.08,19.43,0,0,4,High,Price Outlier pattern detected from source controls,Pricing Control,24,Resolved,2026-05-09
EXC0000794,Missing Client Mapping,Client Data,IBOR,Americas,Corporate Bond,1,15,819.03,0.29,0,0,10,Low,Missing Client Mapping pattern detected from source controls,Client Data Ops,72,Suppressed,2026-05-19
EXC0000795,Price Outlier,Pricing,Murex,Americas,Corporate Bond,1,12,2482.76,11.11,0,0,15,Medium,Price Outlier pattern detected from source controls,Pricing Control,48,Resolved,2026-05-04
EXC0000796,Trade Match Break,Trades,IBOR,Americas,Corporate Bond,1,8,60324.7,3.94,0,0,7,High,Trade Match Break pattern detected from source controls,Trade Support,24,Resolved,2026-05-19
EXC0000797,Missing Client Mapping,Client Data,IBOR,Americas,Equity,3,12,3821.54,2.35,0,0,0,Medium,Missing Client Mapping pattern detected from source controls,Client Data Ops,48,Open,2026-05-10
EXC0000798,Invalid Currency,Reference Data,Aladdin,APAC,Government Bond,1,15,10222.97,6.27,0,1,8,High,Invalid Currency pattern detected from source controls,Reference Data Ops,24,Resolved,2026-04-26
EXC0000799,Position Reconciliation Break,Positions,Bloomberg,Americas,Equity,1,7,72541.68,4.29,0,0,16,High,Position Reconciliation Break pattern detected from source controls,Reconciliation,24,Resolved,2026-05-04
EXC0000800,Trade Match Break,Trades,Bloomberg,Americas,Government Bond,1,7,45576.86,2.88,0,0,17,High,Trade Match Break pattern detected from source controls,Trade Support,24,Resolved,2026-04-23
EXC0000801,Position Reconciliation Break,Positions,ABOR,EMEA,Derivative,0,16,4740.29,-0.26,0,0,15,High,Position Reconciliation Break pattern detected from source controls,Reconciliation,24,Resolved,2026-04-03
EXC0000802,Position Reconciliation Break,Positions,Bloomberg,APAC,Derivative,1,11,9676.41,4.33,0,0,10,High,Position Reconciliation Break pattern detected from source controls,Reconciliation,24,Resolved,2026-05-18
EXC0000803,Unknown / Needs SME Review,Reference Data,Bloomberg,APAC,Derivative,0,8,10690.53,-0.42,0,0,19,Medium,Unknown / Needs SME Review pattern detected from source controls,Reference Data Ops,48,Resolved,2026-04-29
EXC0000804,Delayed Source Load,Source Control,IBOR,Americas,Equity,0,9,677.82,3.37,0,0,44,Low,Delayed Source Load pattern detected from source controls,Source Systems,72,Resolved,2026-04-27
EXC0000805,Missing Reference Data,Reference Data,Custodian,EMEA,Derivative,4,17,2567.82,-4.61,0,0,2,Medium,Missing Reference Data pattern detected from source controls,Reference Data Ops,48,Open,2026-05-03
EXC0000806,Trade Match Break,Trades,Refinitiv,EMEA,Derivative,1,11,1973.29,0.27,0,0,14,Medium,Trade Match Break pattern detected from source controls,Trade Support,48,Resolved,2026-04-17
EXC0000807,Duplicate Record,Trades,SimCorp,APAC,Corporate Bond,0,1,16997.63,-1.99,1,0,16,Medium,Duplicate Record pattern detected from source controls,Trade Support,48,Open,2026-05-05
EXC0000808,Invalid Currency,Reference Data,Murex,Americas,Corporate Bond,1,18,1234.87,0.78,0,1,4,Medium,Invalid Currency pattern detected from source controls,Reference Data Ops,48,Escalated,2026-05-06
EXC0000809,Stale Price,Pricing,Murex,EMEA,Equity,0,5,5374.59,-2.35,0,0,70,Medium,Stale Price pattern detected from source controls,Pricing Control,48,Open,2026-05-16
EXC0000810,Delayed Source Load,Source Control,Aladdin,APAC,Derivative,1,1,2844.55,1.57,0,0,25,Low,Delayed Source Load pattern detected from source controls,Source Systems,72,Resolved,2026-04-07
EXC0000811,Duplicate Record,Trades,Murex,APAC,Government Bond,0,6,7242.8,2.67,1,0,4,Medium,Duplicate Record pattern detected from source controls,Trade Support,48,Resolved,2026-04-29
EXC0000812,Missing Reference Data,Reference Data,ABOR,Americas,Corporate Bond,2,2,7228.3,-0.13,0,0,0,Medium,Missing Reference Data pattern detected from source controls,Reference Data Ops,48,Resolved,2026-04-01
EXC0000813,Missing Reference Data,Reference Data,ABOR,APAC,Equity,2,0,1644.28,0.7,0,0,4,Low,Missing Reference Data pattern detected from source controls,Reference Data Ops,72,Escalated,2026-05-14
EXC0000814,Invalid Currency,Reference Data,Refinitiv,APAC,Government Bond,1,15,3254.85,2.05,0,1,13,Medium,Invalid Currency pattern detected from source controls,Reference Data Ops,48,Resolved,2026-05-06
EXC0000815,Missing Client Mapping,Client Data,Refinitiv,APAC,Derivative,3,14,618.74,1.38,0,0,14,Low,Missing Client Mapping pattern detected from source controls,Client Data Ops,72,Resolved,2026-04-16
EXC0000816,Trade Match Break,Trades,Custodian,EMEA,Corporate Bond,1,6,135554.86,4.87,0,0,17,High,Trade Match Break pattern detected from source controls,Trade Support,24,Resolved,2026-03-29
EXC0000817,Stale Price,Pricing,IBOR,APAC,ETF,1,15,3190.08,-0.21,0,0,74,Medium,Stale Price pattern detected from source controls,Pricing Control,48,Suppressed,2026-05-08
EXC0000818,Stale Price,Pricing,Murex,EMEA,Corporate Bond,0,0,2313.34,2.84,0,0,85,Low,Stale Price pattern detected from source controls,Pricing Control,72,Resolved,2026-05-01
EXC0000819,Trade Match Break,Trades,Bloomberg,Americas,Derivative,1,9,20904.22,2.15,0,0,13,High,Trade Match Break pattern detected from source controls,Trade Support,24,Resolved,2026-05-03
EXC0000820,Duplicate Record,Trades,Murex,EMEA,ETF,0,12,259975.34,-2.47,1,0,7,Critical,Duplicate Record pattern detected from source controls,Trade Support,8,Resolved,2026-05-18
EXC0000821,Stale Price,Pricing,Refinitiv,EMEA,Derivative,1,17,3104.39,1.72,0,0,36,High,Stale Price pattern detected from source controls,Pricing Control,24,Escalated,2026-04-21
EXC0000822,Missing Client Mapping,Client Data,IBOR,APAC,ETF,1,6,1485.36,1.28,0,0,13,Low,Missing Client Mapping pattern detected from source controls,Client Data Ops,72,Resolved,2026-04-09
EXC0000823,Price Outlier,Pricing,ABOR,APAC,Government Bond,1,20,3563.8,24.57,0,0,7,High,Price Outlier pattern detected from source controls,Pricing Control,24,Escalated,2026-04-27
EXC0000824,Missing Client Mapping,Client Data,IBOR,Americas,Equity,4,8,3344.4,5.94,0,0,12,Medium,Missing Client Mapping pattern detected from source controls,Client Data Ops,48,Escalated,2026-04-08
EXC0000825,Performance Return Outlier,Positions,Aladdin,Americas,Corporate Bond,1,16,28196.6,32.1,0,0,4,High,Performance Return Outlier pattern detected from source controls,Reconciliation,24,Open,2026-04-30
EXC0000826,Stale Price,Pricing,Murex,Americas,Corporate Bond,0,3,999.81,-0.41,0,0,36,Low,Stale Price pattern detected from source controls,Pricing Control,72,Resolved,2026-04-17
EXC0000827,Performance Return Outlier,Positions,Aladdin,Americas,Derivative,1,14,37468.78,18.72,0,0,1,High,Performance Return Outlier pattern detected from source controls,Reconciliation,24,Suppressed,2026-03-23
EXC0000828,Invalid Currency,Reference Data,Custodian,Americas,Government Bond,0,12,742.32,3.36,0,1,0,Low,Invalid Currency pattern detected from source controls,Reference Data Ops,72,Resolved,2026-05-10
EXC0000829,Delayed Source Load,Source Control,IBOR,EMEA,Government Bond,1,9,2420.74,1.86,0,0,40,Medium,Delayed Source Load pattern detected from source controls,Source Systems,48,Resolved,2026-05-16
EXC0000830,Trade Match Break,Trades,Bloomberg,APAC,Derivative,1,5,50014.47,-1.25,0,0,17,High,Trade Match Break pattern detected from source controls,Trade Support,24,Open,2026-05-12
EXC0000831,Delayed Source Load,Source Control,ABOR,EMEA,Derivative,0,12,1135.81,-0.88,0,0,78,Low,Delayed Source Load pattern detected from source controls,Source Systems,72,Open,2026-03-28
EXC0000832,Position Reconciliation Break,Positions,Custodian,EMEA,ETF,1,9,65767.96,2.82,0,0,13,High,Position Reconciliation Break pattern detected from source controls,Reconciliation,24,Suppressed,2026-04-14
EXC0000833,Stale Price,Pricing,Refinitiv,APAC,Corporate Bond,1,6,3656.08,2.77,0,0,36,Medium,Stale Price pattern detected from source controls,Pricing Control,48,Suppressed,2026-03-25
EXC0000834,Unknown / Needs SME Review,Reference Data,SimCorp,APAC,Equity,1,11,497.86,0.79,0,0,5,Low,Unknown / Needs SME Review pattern detected from source controls,Reference Data Ops,72,Resolved,2026-04-26
EXC0000835,Unknown / Needs SME Review,Reference Data,IBOR,APAC,Government Bond,1,5,2882.23,4.79,0,0,8,Medium,Unknown / Needs SME Review pattern detected from source controls,Reference Data Ops,48,Resolved,2026-03-22
EXC0000836,Stale Price,Pricing,Aladdin,APAC,Derivative,0,14,725.64,5.23,0,0,37,Low,Stale Price pattern detected from source controls,Pricing Control,72,Escalated,2026-04-27
EXC0000837,Position Reconciliation Break,Positions,Murex,Americas,Government Bond,0,0,71968.11,5.2,0,0,1,High,Position Reconciliation Break pattern detected from source controls,Reconciliation,24,Resolved,2026-03-29
EXC0000838,Unknown / Needs SME Review,Reference Data,Aladdin,APAC,Derivative,0,5,3336.8,5.21,0,0,16,Medium,Unknown / Needs SME Review pattern detected from source controls,Reference Data Ops,48,Resolved,2026-04-17
EXC0000839,Position Reconciliation Break,Positions,Aladdin,EMEA,Equity,1,10,144325.03,1.46,0,0,6,Critical,Position Reconciliation Break pattern detected from source controls,Reconciliation,8,Resolved,2026-04-01
EXC0000840,Position Reconciliation Break,Positions,SimCorp,EMEA,Equity,1,2,130518.97,-1.84,0,0,10,High,Position Reconciliation Break pattern detected from source controls,Reconciliation,24,Resolved,2026-04-02
EXC0000841,Stale Price,Pricing,ABOR,APAC,Government Bond,1,4,2220.59,0.69,0,0,30,Low,Stale Price pattern detected from source controls,Pricing Control,72,Resolved,2026-05-05
EXC0000842,Trade Match Break,Trades,ABOR,Americas,Corporate Bond,1,9,88425.63,1.21,0,0,0,High,Trade Match Break pattern detected from source controls,Trade Support,24,Open,2026-04-03
EXC0000843,Position Reconciliation Break,Positions,Custodian,APAC,Equity,1,10,13126.92,-0.07,0,0,12,High,Position Reconciliation Break pattern detected from source controls,Reconciliation,24,Suppressed,2026-05-09
EXC0000844,Invalid Currency,Reference Data,ABOR,APAC,Derivative,1,7,3686.31,0.55,0,1,8,Medium,Invalid Currency pattern detected from source controls,Reference Data Ops,48,Escalated,2026-04-19
EXC0000845,Position Reconciliation Break,Positions,Refinitiv,EMEA,Corporate Bond,1,17,14014.49,-1.39,0,0,13,High,Position Reconciliation Break pattern detected from source controls,Reconciliation,24,Resolved,2026-04-13
EXC0000846,Duplicate Record,Trades,Murex,EMEA,Corporate Bond,0,11,127279.17,3.29,1,0,17,Critical,Duplicate Record pattern detected from source controls,Trade Support,8,Resolved,2026-05-16
EXC0000847,Missing Reference Data,Reference Data,Aladdin,Americas,Government Bond,4,8,743.42,5.57,0,0,17,Low,Missing Reference Data pattern detected from source controls,Reference Data Ops,72,Resolved,2026-04-17
EXC0000848,Missing Client Mapping,Client Data,Custodian,APAC,Derivative,2,11,1442.56,7.45,0,0,1,Low,Missing Client Mapping pattern detected from source controls,Client Data Ops,72,Resolved,2026-05-07
EXC0000849,Missing Reference Data,Reference Data,Refinitiv,APAC,Equity,2,7,2642.62,2.12,0,0,5,Medium,Missing Reference Data pattern detected from source controls,Reference Data Ops,48,Resolved,2026-04-06
EXC0000850,Duplicate Record,Trades,Bloomberg,EMEA,Corporate Bond,1,1,104026.64,1.07,1,0,4,High,Duplicate Record pattern detected from source controls,Trade Support,24,Escalated,2026-04-21
EXC0000851,Delayed Source Load,Source Control,ABOR,EMEA,ETF,0,9,2882.13,1.41,0,0,71,Medium,Delayed Source Load pattern detected from source controls,Source Systems,48,Resolved,2026-05-12
EXC0000852,Missing Client Mapping,Client Data,ABOR,EMEA,ETF,1,7,2439.57,4.9,0,0,9,Medium,Missing Client Mapping pattern detected from source controls,Client Data Ops,48,Resolved,2026-03-21
EXC0000853,Stale Price,Pricing,Custodian,Americas,Equity,0,10,1563.3,4.86,0,0,69,Low,Stale Price pattern detected from source controls,Pricing Control,72,Open,2026-05-02
EXC0000854,Delayed Source Load,Source Control,ABOR,Americas,Equity,1,11,1899.26,0.9,0,0,77,Medium,Delayed Source Load pattern detected from source controls,Source Systems,48,Resolved,2026-04-17
EXC0000855,Missing Reference Data,Reference Data,SimCorp,Americas,ETF,3,5,1904.72,4.51,0,0,16,Low,Missing Reference Data pattern detected from source controls,Reference Data Ops,72,Resolved,2026-04-09
EXC0000856,Missing Reference Data,Reference Data,Aladdin,Americas,Corporate Bond,1,10,2574.19,1.9,0,0,1,Medium,Missing Reference Data pattern detected from source controls,Reference Data Ops,48,Open,2026-04-01
EXC0000857,Delayed Source Load,Source Control,SimCorp,APAC,Equity,1,13,3285.04,-0.34,0,0,86,Medium,Delayed Source Load pattern detected from source controls,Source Systems,48,Resolved,2026-04-13
EXC0000858,Stale Price,Pricing,Aladdin,EMEA,Derivative,1,5,17982.38,1.11,0,0,81,Medium,Stale Price pattern detected from source controls,Pricing Control,48,Resolved,2026-04-10
EXC0000859,Trade Match Break,Trades,ABOR,EMEA,ETF,1,0,59945.71,5.76,0,0,18,Medium,Trade Match Break pattern detected from source controls,Trade Support,48,Open,2026-04-29
EXC0000860,Performance Return Outlier,Positions,Custodian,Americas,Government Bond,1,4,117567.17,21.49,0,0,5,High,Performance Return Outlier pattern detected from source controls,Reconciliation,24,Resolved,2026-04-30
EXC0000861,Stale Price,Pricing,Refinitiv,Americas,Government Bond,1,10,393.49,0.23,0,0,30,Low,Stale Price pattern detected from source controls,Pricing Control,72,Resolved,2026-05-11
EXC0000862,Missing Client Mapping,Client Data,Refinitiv,APAC,Derivative,3,15,586.18,3.84,0,0,18,Low,Missing Client Mapping pattern detected from source controls,Client Data Ops,72,Resolved,2026-03-21
EXC0000863,Duplicate Record,Trades,Aladdin,EMEA,ETF,1,14,25763.93,3.28,1,0,14,High,Duplicate Record pattern detected from source controls,Trade Support,24,Open,2026-03-29
EXC0000864,Trade Match Break,Trades,IBOR,Americas,Government Bond,1,17,71663.44,0.73,0,0,13,Critical,Trade Match Break pattern detected from source controls,Trade Support,8,Suppressed,2026-05-06
EXC0000865,Position Reconciliation Break,Positions,Murex,APAC,Government Bond,1,10,51085.31,-0.37,0,0,13,High,Position Reconciliation Break pattern detected from source controls,Reconciliation,24,Escalated,2026-03-31
EXC0000866,Trade Match Break,Trades,SimCorp,EMEA,Government Bond,0,19,25777.19,-1.28,0,0,14,Critical,Trade Match Break pattern detected from source controls,Trade Support,8,Resolved,2026-04-09
EXC0000867,Delayed Source Load,Source Control,Bloomberg,EMEA,Corporate Bond,1,21,1006.63,-2.61,0,0,63,Medium,Delayed Source Load pattern detected from source controls,Source Systems,48,Resolved,2026-05-11
EXC0000868,Delayed Source Load,Source Control,ABOR,EMEA,Government Bond,1,0,2602.83,-0.14,0,0,69,Low,Delayed Source Load pattern detected from source controls,Source Systems,72,Resolved,2026-05-05
EXC0000869,Trade Match Break,Trades,ABOR,EMEA,ETF,0,3,4555.83,1.06,0,0,4,Medium,Trade Match Break pattern detected from source controls,Trade Support,48,Resolved,2026-04-05
EXC0000870,Invalid Currency,Reference Data,Bloomberg,APAC,ETF,1,8,1310.59,4.65,0,1,18,Low,Invalid Currency pattern detected from source controls,Reference Data Ops,72,Resolved,2026-03-22
EXC0000871,Position Reconciliation Break,Positions,Aladdin,Americas,Corporate Bond,1,9,28088.87,3.56,0,0,7,High,Position Reconciliation Break pattern detected from source controls,Reconciliation,24,Resolved,2026-05-11
EXC0000872,Missing Client Mapping,Client Data,IBOR,EMEA,Derivative,4,4,1271.15,1.99,0,0,18,Low,Missing Client Mapping pattern detected from source controls,Client Data Ops,72,Resolved,2026-03-24
EXC0000873,Missing Reference Data,Reference Data,Bloomberg,Americas,Corporate Bond,4,6,674.86,-3.18,0,0,6,Low,Missing Reference Data pattern detected from source controls,Reference Data Ops,72,Open,2026-04-22
EXC0000874,Trade Match Break,Trades,ABOR,Americas,ETF,1,0,61310.49,2.24,0,0,3,Medium,Trade Match Break pattern detected from source controls,Trade Support,48,Resolved,2026-03-26
EXC0000875,Trade Match Break,Trades,Bloomberg,APAC,Government Bond,1,19,54320.18,-2.61,0,0,6,Critical,Trade Match Break pattern detected from source controls,Trade Support,8,Escalated,2026-04-22
EXC0000876,Duplicate Record,Trades,Murex,Americas,Derivative,1,17,50151.28,3.68,1,0,11,Critical,Duplicate Record pattern detected from source controls,Trade Support,8,Escalated,2026-05-02
EXC0000877,Stale Price,Pricing,ABOR,Americas,ETF,0,3,3883.24,3.75,0,0,31,Medium,Stale Price pattern detected from source controls,Pricing Control,48,Open,2026-04-25
EXC0000878,Position Reconciliation Break,Positions,Aladdin,EMEA,ETF,0,8,35473.75,1.63,0,0,0,High,Position Reconciliation Break pattern detected from source controls,Reconciliation,24,Resolved,2026-04-19
EXC0000879,Unknown / Needs SME Review,Reference Data,IBOR,Americas,ETF,1,11,1571.65,3.54,0,0,1,Medium,Unknown / Needs SME Review pattern detected from source controls,Reference Data Ops,48,Resolved,2026-04-29
EXC0000880,Missing Reference Data,Reference Data,IBOR,EMEA,Equity,4,9,1439.56,4.04,0,0,5,Low,Missing Reference Data pattern detected from source controls,Reference Data Ops,72,Resolved,2026-05-03
EXC0000881,Position Reconciliation Break,Positions,Bloomberg,Americas,Derivative,0,9,32795.25,1.77,0,0,14,High,Position Reconciliation Break pattern detected from source controls,Reconciliation,24,Resolved,2026-04-21
EXC0000882,Stale Price,Pricing,Murex,Americas,ETF,0,12,1618.09,1.14,0,0,79,Medium,Stale Price pattern detected from source controls,Pricing Control,48,Escalated,2026-05-01
EXC0000883,Duplicate Record,Trades,ABOR,Americas,Equity,0,20,24089.18,-1.82,1,0,9,Critical,Duplicate Record pattern detected from source controls,Trade Support,8,Resolved,2026-04-07
EXC0000884,Price Outlier,Pricing,Bloomberg,APAC,Corporate Bond,1,11,1015.85,10.76,0,0,19,Low,Price Outlier pattern detected from source controls,Pricing Control,72,Resolved,2026-05-03
EXC0000885,Performance Return Outlier,Positions,ABOR,EMEA,Equity,0,12,20693.92,12.78,0,0,3,High,Performance Return Outlier pattern detected from source controls,Reconciliation,24,Resolved,2026-04-30
EXC0000886,Trade Match Break,Trades,IBOR,Americas,Equity,0,5,26463.03,-1.02,0,0,3,Medium,Trade Match Break pattern detected from source controls,Trade Support,48,Open,2026-04-02
EXC0000887,Unknown / Needs SME Review,Reference Data,Custodian,APAC,Government Bond,1,10,2523.17,-0.33,0,0,13,Medium,Unknown / Needs SME Review pattern detected from source controls,Reference Data Ops,48,Escalated,2026-04-15
EXC0000888,Missing Reference Data,Reference Data,Murex,APAC,ETF,1,14,1747.1,-3.4,0,0,15,Medium,Missing Reference Data pattern detected from source controls,Reference Data Ops,48,Resolved,2026-03-31
EXC0000889,Delayed Source Load,Source Control,Custodian,Americas,ETF,1,12,1218.25,3.95,0,0,63,Low,Delayed Source Load pattern detected from source controls,Source Systems,72,Escalated,2026-04-28
EXC0000890,Price Outlier,Pricing,Bloomberg,Americas,Derivative,0,10,3073.8,20.3,0,0,3,Medium,Price Outlier pattern detected from source controls,Pricing Control,48,Resolved,2026-04-02
EXC0000891,Stale Price,Pricing,Custodian,Americas,Equity,0,15,5803.77,4.4,0,0,90,High,Stale Price pattern detected from source controls,Pricing Control,24,Resolved,2026-03-22
EXC0000892,Delayed Source Load,Source Control,Refinitiv,Americas,ETF,1,4,1217.05,3.5,0,0,59,Low,Delayed Source Load pattern detected from source controls,Source Systems,72,Resolved,2026-05-19
EXC0000893,Price Outlier,Pricing,SimCorp,EMEA,Corporate Bond,1,0,759.61,7.48,0,0,11,Low,Price Outlier pattern detected from source controls,Pricing Control,72,Resolved,2026-04-08
EXC0000894,Duplicate Record,Trades,Custodian,APAC,Equity,1,6,27616.98,3.49,1,0,7,High,Duplicate Record pattern detected from source controls,Trade Support,24,Resolved,2026-03-25
EXC0000895,Missing Client Mapping,Client Data,ABOR,APAC,Derivative,2,5,1830.5,1.88,0,0,6,Low,Missing Client Mapping pattern detected from source controls,Client Data Ops,72,Resolved,2026-03-29
EXC0000896,Trade Match Break,Trades,Murex,APAC,Equity,1,20,42233.79,4.76,0,0,3,Critical,Trade Match Break pattern detected from source controls,Trade Support,8,Open,2026-04-26
EXC0000897,Missing Reference Data,Reference Data,IBOR,APAC,Corporate Bond,2,5,4081.43,0.23,0,0,5,Medium,Missing Reference Data pattern detected from source controls,Reference Data Ops,48,Open,2026-04-24
EXC0000898,Performance Return Outlier,Positions,Refinitiv,Americas,Government Bond,0,20,34795.98,4.55,0,0,15,Critical,Performance Return Outlier pattern detected from source controls,Reconciliation,8,Resolved,2026-05-01
EXC0000899,Duplicate Record,Trades,ABOR,APAC,Corporate Bond,1,9,19872.9,0.8,1,0,9,High,Duplicate Record pattern detected from source controls,Trade Support,24,Resolved,2026-05-04
EXC0000900,Performance Return Outlier,Positions,Murex,EMEA,Equity,0,15,36159.13,11.17,0,0,18,High,Performance Return Outlier pattern detected from source controls,Reconciliation,24,Resolved,2026-04-01
EXC0000901,Missing Client Mapping,Client Data,ABOR,Americas,Corporate Bond,4,12,24236.14,-0.08,0,0,10,High,Missing Client Mapping pattern detected from source controls,Client Data Ops,24,Escalated,2026-05-15
EXC0000902,Missing Client Mapping,Client Data,ABOR,APAC,ETF,4,0,1623.87,4.72,0,0,12,Low,Missing Client Mapping pattern detected from source controls,Client Data Ops,72,Escalated,2026-04-23
EXC0000903,Duplicate Record,Trades,ABOR,APAC,Equity,1,20,94637.24,-1.91,1,0,14,Critical,Duplicate Record pattern detected from source controls,Trade Support,8,Resolved,2026-03-31
EXC0000904,Missing Reference Data,Reference Data,Refinitiv,APAC,Equity,4,10,1479.52,1.75,0,0,3,Low,Missing Reference Data pattern detected from source controls,Reference Data Ops,72,Resolved,2026-04-07
EXC0000905,Delayed Source Load,Source Control,ABOR,EMEA,Corporate Bond,0,12,2591.61,1.05,0,0,75,Medium,Delayed Source Load pattern detected from source controls,Source Systems,48,Open,2026-04-08
EXC0000906,Delayed Source Load,Source Control,Refinitiv,APAC,Derivative,1,5,1545.67,-1.05,0,0,95,Low,Delayed Source Load pattern detected from source controls,Source Systems,72,Resolved,2026-04-21
EXC0000907,Invalid Currency,Reference Data,Murex,Americas,Equity,0,3,3416.33,-0.16,0,1,10,Medium,Invalid Currency pattern detected from source controls,Reference Data Ops,48,Open,2026-03-31
EXC0000908,Delayed Source Load,Source Control,Murex,EMEA,ETF,1,0,1674.81,2.76,0,0,86,Low,Delayed Source Load pattern detected from source controls,Source Systems,72,Resolved,2026-04-27
EXC0000909,Stale Price,Pricing,Custodian,APAC,Corporate Bond,1,11,2704.85,0.66,0,0,43,Medium,Stale Price pattern detected from source controls,Pricing Control,48,Resolved,2026-04-09
EXC0000910,Price Outlier,Pricing,IBOR,APAC,Government Bond,0,6,987.53,14.11,0,0,13,Low,Price Outlier pattern detected from source controls,Pricing Control,72,Open,2026-05-18
EXC0000911,Stale Price,Pricing,ABOR,APAC,Corporate Bond,0,9,955.93,3.74,0,0,49,Low,Stale Price pattern detected from source controls,Pricing Control,72,Resolved,2026-05-17
EXC0000912,Duplicate Record,Trades,Custodian,Americas,Derivative,1,21,41924.2,1.45,1,0,15,Critical,Duplicate Record pattern detected from source controls,Trade Support,8,Resolved,2026-05-03
EXC0000913,Trade Match Break,Trades,ABOR,EMEA,Government Bond,1,14,85351.72,2.33,0,0,2,Critical,Trade Match Break pattern detected from source controls,Trade Support,8,Escalated,2026-04-24
EXC0000914,Missing Reference Data,Reference Data,IBOR,Americas,Equity,4,16,1075.78,4.23,0,0,11,Medium,Missing Reference Data pattern detected from source controls,Reference Data Ops,48,Resolved,2026-05-01
EXC0000915,Position Reconciliation Break,Positions,Bloomberg,Americas,Corporate Bond,1,14,104448.23,5.36,0,0,13,Critical,Position Reconciliation Break pattern detected from source controls,Reconciliation,8,Resolved,2026-04-30
EXC0000916,Trade Match Break,Trades,SimCorp,EMEA,Corporate Bond,0,3,264346.6,-4.22,0,0,14,High,Trade Match Break pattern detected from source controls,Trade Support,24,Resolved,2026-05-14
EXC0000917,Position Reconciliation Break,Positions,Custodian,Americas,Derivative,0,14,12547.16,1.23,0,0,0,High,Position Reconciliation Break pattern detected from source controls,Reconciliation,24,Resolved,2026-04-23
EXC0000918,Price Outlier,Pricing,Aladdin,Americas,Equity,1,19,4516.5,16.19,0,0,5,High,Price Outlier pattern detected from source controls,Pricing Control,24,Resolved,2026-05-14
EXC0000919,Stale Price,Pricing,IBOR,EMEA,Corporate Bond,1,21,1485.03,8.32,0,0,30,Medium,Stale Price pattern detected from source controls,Pricing Control,48,Resolved,2026-04-09
EXC0000920,Position Reconciliation Break,Positions,IBOR,Americas,Equity,1,1,13833.09,1.88,0,0,3,Medium,Position Reconciliation Break pattern detected from source controls,Reconciliation,48,Resolved,2026-04-02
EXC0000921,Price Outlier,Pricing,Aladdin,Americas,Equity,0,0,1623.35,12.67,0,0,15,Low,Price Outlier pattern detected from source controls,Pricing Control,72,Escalated,2026-04-16
EXC0000922,Trade Match Break,Trades,Bloomberg,EMEA,Derivative,1,21,6730.35,-0.07,0,0,9,High,Trade Match Break pattern detected from source controls,Trade Support,24,Open,2026-04-30
EXC0000923,Trade Match Break,Trades,Custodian,Americas,ETF,1,16,16654.14,0.61,0,0,7,High,Trade Match Break pattern detected from source controls,Trade Support,24,Open,2026-04-11
EXC0000924,Unknown / Needs SME Review,Reference Data,IBOR,APAC,Derivative,0,0,673.26,4.25,0,0,10,Low,Unknown / Needs SME Review pattern detected from source controls,Reference Data Ops,72,Open,2026-03-29
EXC0000925,Stale Price,Pricing,Aladdin,APAC,Derivative,0,18,1828.81,2.79,0,0,27,Medium,Stale Price pattern detected from source controls,Pricing Control,48,Open,2026-05-07
EXC0000926,Price Outlier,Pricing,Custodian,APAC,Derivative,1,20,1114.75,2.0,0,0,4,Medium,Price Outlier pattern detected from source controls,Pricing Control,48,Resolved,2026-05-07
EXC0000927,Missing Client Mapping,Client Data,SimCorp,Americas,Government Bond,2,5,1353.74,-0.59,0,0,10,Low,Missing Client Mapping pattern detected from source controls,Client Data Ops,72,Suppressed,2026-04-20
EXC0000928,Price Outlier,Pricing,Refinitiv,APAC,Government Bond,0,4,7083.27,19.21,0,0,4,Medium,Price Outlier pattern detected from source controls,Pricing Control,48,Resolved,2026-04-24
EXC0000929,Position Reconciliation Break,Positions,Refinitiv,Americas,Corporate Bond,1,16,239598.66,2.78,0,0,8,Critical,Position Reconciliation Break pattern detected from source controls,Reconciliation,8,Open,2026-05-05
EXC0000930,Missing Client Mapping,Client Data,SimCorp,EMEA,Equity,1,6,499.74,3.16,0,0,6,Low,Missing Client Mapping pattern detected from source controls,Client Data Ops,72,Resolved,2026-04-30
EXC0000931,Missing Reference Data,Reference Data,Bloomberg,Americas,Derivative,1,2,2125.2,2.55,0,0,18,Low,Missing Reference Data pattern detected from source controls,Reference Data Ops,72,Open,2026-04-19
EXC0000932,Unknown / Needs SME Review,Reference Data,Refinitiv,APAC,Corporate Bond,1,15,2449.56,-1.81,0,0,17,Medium,Unknown / Needs SME Review pattern detected from source controls,Reference Data Ops,48,Resolved,2026-03-25
EXC0000933,Position Reconciliation Break,Positions,ABOR,Americas,ETF,0,11,14767.27,-0.86,0,0,18,High,Position Reconciliation Break pattern detected from source controls,Reconciliation,24,Open,2026-05-02
EXC0000934,Missing Client Mapping,Client Data,Bloomberg,Americas,Derivative,2,6,1048.29,2.35,0,0,7,Low,Missing Client Mapping pattern detected from source controls,Client Data Ops,72,Escalated,2026-05-10
EXC0000935,Performance Return Outlier,Positions,IBOR,Americas,Corporate Bond,1,7,6023.06,25.27,0,0,5,Medium,Performance Return Outlier pattern detected from source controls,Reconciliation,48,Resolved,2026-05-06
EXC0000936,Delayed Source Load,Source Control,Bloomberg,EMEA,Equity,1,10,614.05,-0.72,0,0,43,Low,Delayed Source Load pattern detected from source controls,Source Systems,72,Resolved,2026-04-14
EXC0000937,Price Outlier,Pricing,Bloomberg,APAC,Corporate Bond,1,5,2533.64,29.11,0,0,16,Low,Price Outlier pattern detected from source controls,Pricing Control,72,Escalated,2026-03-24
EXC0000938,Position Reconciliation Break,Positions,Aladdin,Americas,Derivative,1,1,13632.0,-0.44,0,0,16,Medium,Position Reconciliation Break pattern detected from source controls,Reconciliation,48,Resolved,2026-03-26
EXC0000939,Trade Match Break,Trades,Aladdin,APAC,Equity,0,14,20624.84,2.07,0,0,10,High,Trade Match Break pattern detected from source controls,Trade Support,24,Open,2026-05-03
EXC0000940,Position Reconciliation Break,Positions,Bloomberg,EMEA,Corporate Bond,1,6,87258.36,1.28,0,0,11,High,Position Reconciliation Break pattern detected from source controls,Reconciliation,24,Resolved,2026-05-01
EXC0000941,Missing Client Mapping,Client Data,Bloomberg,Americas,Equity,4,8,1599.14,-0.47,0,0,10,Low,Missing Client Mapping pattern detected from source controls,Client Data Ops,72,Resolved,2026-04-12
EXC0000942,Trade Match Break,Trades,ABOR,APAC,ETF,0,6,10643.33,-0.41,0,0,9,Medium,Trade Match Break pattern detected from source controls,Trade Support,48,Escalated,2026-05-06
EXC0000943,Position Reconciliation Break,Positions,Custodian,EMEA,Equity,1,3,61067.03,4.69,0,0,2,High,Position Reconciliation Break pattern detected from source controls,Reconciliation,24,Open,2026-04-12
EXC0000944,Duplicate Record,Trades,Aladdin,APAC,Corporate Bond,0,11,26897.46,2.46,1,0,6,High,Duplicate Record pattern detected from source controls,Trade Support,24,Resolved,2026-03-28
EXC0000945,Price Outlier,Pricing,ABOR,Americas,Corporate Bond,1,13,1536.72,22.51,0,0,16,Medium,Price Outlier pattern detected from source controls,Pricing Control,48,Open,2026-04-15
EXC0000946,Duplicate Record,Trades,Refinitiv,EMEA,Equity,0,11,35590.67,1.64,1,0,17,High,Duplicate Record pattern detected from source controls,Trade Support,24,Resolved,2026-04-05
EXC0000947,Stale Price,Pricing,Custodian,Americas,Derivative,0,11,1552.72,-0.77,0,0,82,Medium,Stale Price pattern detected from source controls,Pricing Control,48,Resolved,2026-04-06
EXC0000948,Duplicate Record,Trades,SimCorp,EMEA,Corporate Bond,1,15,17798.53,0.09,1,0,19,High,Duplicate Record pattern detected from source controls,Trade Support,24,Resolved,2026-05-09
EXC0000949,Stale Price,Pricing,Aladdin,APAC,Derivative,1,0,1458.05,-4.5,0,0,57,Low,Stale Price pattern detected from source controls,Pricing Control,72,Escalated,2026-04-13
EXC0000950,Missing Client Mapping,Client Data,Aladdin,APAC,Government Bond,3,17,920.46,-0.09,0,0,10,Medium,Missing Client Mapping pattern detected from source controls,Client Data Ops,48,Open,2026-05-05
EXC0000951,Stale Price,Pricing,Refinitiv,APAC,Equity,1,18,477.34,-0.05,0,0,26,Low,Stale Price pattern detected from source controls,Pricing Control,72,Resolved,2026-03-30
EXC0000952,Duplicate Record,Trades,Murex,Americas,Equity,1,3,17954.13,2.87,1,0,4,Medium,Duplicate Record pattern detected from source controls,Trade Support,48,Resolved,2026-04-06
EXC0000953,Duplicate Record,Trades,Murex,Americas,Equity,1,21,32347.46,-0.01,1,0,9,Critical,Duplicate Record pattern detected from source controls,Trade Support,8,Resolved,2026-05-18
EXC0000954,Trade Match Break,Trades,ABOR,APAC,Corporate Bond,1,10,13710.74,3.46,0,0,8,High,Trade Match Break pattern detected from source controls,Trade Support,24,Resolved,2026-05-03
EXC0000955,Duplicate Record,Trades,Murex,APAC,Government Bond,1,7,127567.32,0.85,1,0,17,High,Duplicate Record pattern detected from source controls,Trade Support,24,Suppressed,2026-05-15
EXC0000956,Delayed Source Load,Source Control,ABOR,Americas,Equity,1,6,4494.59,1.87,0,0,31,Medium,Delayed Source Load pattern detected from source controls,Source Systems,48,Resolved,2026-04-26
EXC0000957,Stale Price,Pricing,IBOR,EMEA,Corporate Bond,0,21,3820.05,1.42,0,0,94,High,Stale Price pattern detected from source controls,Pricing Control,24,Open,2026-04-16
EXC0000958,Invalid Currency,Reference Data,Refinitiv,Americas,Equity,0,12,648.33,3.25,0,1,7,Low,Invalid Currency pattern detected from source controls,Reference Data Ops,72,Resolved,2026-03-24
EXC0000959,Trade Match Break,Trades,Bloomberg,APAC,Derivative,0,21,45927.71,4.52,0,0,17,Critical,Trade Match Break pattern detected from source controls,Trade Support,8,Resolved,2026-04-26
EXC0000960,Invalid Currency,Reference Data,IBOR,Americas,Corporate Bond,1,15,2536.43,-0.97,0,1,12,Medium,Invalid Currency pattern detected from source controls,Reference Data Ops,48,Resolved,2026-04-22
EXC0000961,Delayed Source Load,Source Control,Aladdin,EMEA,Derivative,1,10,2886.36,5.9,0,0,49,Medium,Delayed Source Load pattern detected from source controls,Source Systems,48,Escalated,2026-05-07
EXC0000962,Duplicate Record,Trades,SimCorp,EMEA,Corporate Bond,1,0,69843.93,-0.64,1,0,0,High,Duplicate Record pattern detected from source controls,Trade Support,24,Resolved,2026-04-14
EXC0000963,Stale Price,Pricing,Refinitiv,EMEA,Government Bond,0,20,709.29,1.04,0,0,43,Medium,Stale Price pattern detected from source controls,Pricing Control,48,Resolved,2026-04-28
EXC0000964,Trade Match Break,Trades,IBOR,APAC,Government Bond,0,5,41314.32,0.18,0,0,16,High,Trade Match Break pattern detected from source controls,Trade Support,24,Resolved,2026-04-06
EXC0000965,Position Reconciliation Break,Positions,Bloomberg,APAC,Equity,1,17,18494.84,5.27,0,0,17,High,Position Reconciliation Break pattern detected from source controls,Reconciliation,24,Resolved,2026-04-11
EXC0000966,Stale Price,Pricing,ABOR,APAC,ETF,0,2,2423.78,-1.15,0,0,54,Low,Stale Price pattern detected from source controls,Pricing Control,72,Resolved,2026-05-13
EXC0000967,Duplicate Record,Trades,IBOR,APAC,Derivative,0,18,21044.24,3.29,1,0,0,High,Duplicate Record pattern detected from source controls,Trade Support,24,Suppressed,2026-03-29
EXC0000968,Invalid Currency,Reference Data,Bloomberg,EMEA,Derivative,1,0,1505.78,-4.02,0,1,5,Low,Invalid Currency pattern detected from source controls,Reference Data Ops,72,Escalated,2026-05-01
EXC0000969,Missing Client Mapping,Client Data,Aladdin,APAC,Government Bond,1,2,434.45,3.53,0,0,17,Low,Missing Client Mapping pattern detected from source controls,Client Data Ops,72,Resolved,2026-05-09
EXC0000970,Missing Reference Data,Reference Data,Bloomberg,EMEA,ETF,3,6,1804.68,1.02,0,0,8,Low,Missing Reference Data pattern detected from source controls,Reference Data Ops,72,Escalated,2026-04-11
EXC0000971,Invalid Currency,Reference Data,Murex,EMEA,Government Bond,0,17,9471.7,0.56,0,1,0,High,Invalid Currency pattern detected from source controls,Reference Data Ops,24,Resolved,2026-05-02
EXC0000972,Trade Match Break,Trades,SimCorp,APAC,Equity,0,21,139322.09,-0.23,0,0,10,Critical,Trade Match Break pattern detected from source controls,Trade Support,8,Escalated,2026-04-19
EXC0000973,Stale Price,Pricing,IBOR,APAC,ETF,1,5,677.91,1.33,0,0,24,Low,Stale Price pattern detected from source controls,Pricing Control,72,Resolved,2026-05-11
EXC0000974,Position Reconciliation Break,Positions,IBOR,EMEA,Government Bond,1,12,37248.2,0.61,0,0,1,High,Position Reconciliation Break pattern detected from source controls,Reconciliation,24,Resolved,2026-04-01
EXC0000975,Position Reconciliation Break,Positions,Murex,APAC,Corporate Bond,0,16,384532.06,-2.23,0,0,12,Critical,Position Reconciliation Break pattern detected from source controls,Reconciliation,8,Resolved,2026-03-21
EXC0000976,Position Reconciliation Break,Positions,Murex,EMEA,Equity,0,19,17338.97,-0.46,0,0,16,High,Position Reconciliation Break pattern detected from source controls,Reconciliation,24,Escalated,2026-04-28
EXC0000977,Delayed Source Load,Source Control,ABOR,EMEA,Corporate Bond,1,5,310.61,3.5,0,0,60,Low,Delayed Source Load pattern detected from source controls,Source Systems,72,Resolved,2026-05-18
EXC0000978,Stale Price,Pricing,Bloomberg,EMEA,Government Bond,1,2,1272.34,0.49,0,0,83,Low,Stale Price pattern detected from source controls,Pricing Control,72,Resolved,2026-04-06
EXC0000979,Trade Match Break,Trades,Refinitiv,EMEA,ETF,1,17,5894.34,-0.48,0,0,16,High,Trade Match Break pattern detected from source controls,Trade Support,24,Resolved,2026-05-10
EXC0000980,Price Outlier,Pricing,Refinitiv,APAC,Corporate Bond,1,0,707.29,20.26,0,0,9,Low,Price Outlier pattern detected from source controls,Pricing Control,72,Resolved,2026-04-20
EXC0000981,Missing Reference Data,Reference Data,IBOR,APAC,Equity,3,19,6814.64,2.72,0,0,1,High,Missing Reference Data pattern detected from source controls,Reference Data Ops,24,Resolved,2026-04-26
EXC0000982,Trade Match Break,Trades,SimCorp,APAC,Corporate Bond,0,8,19436.3,3.13,0,0,2,High,Trade Match Break pattern detected from source controls,Trade Support,24,Open,2026-05-12
EXC0000983,Invalid Currency,Reference Data,ABOR,EMEA,Equity,0,11,695.46,2.34,0,1,17,Low,Invalid Currency pattern detected from source controls,Reference Data Ops,72,Open,2026-05-08
EXC0000984,Position Reconciliation Break,Positions,IBOR,Americas,Government Bond,1,10,35886.13,4.52,0,0,17,High,Position Reconciliation Break pattern detected from source controls,Reconciliation,24,Open,2026-03-29
EXC0000985,Trade Match Break,Trades,SimCorp,EMEA,Government Bond,1,9,99808.05,1.62,0,0,19,High,Trade Match Break pattern detected from source controls,Trade Support,24,Resolved,2026-04-09
EXC0000986,Position Reconciliation Break,Positions,Aladdin,Americas,ETF,1,0,42233.36,0.91,0,0,13,Medium,Position Reconciliation Break pattern detected from source controls,Reconciliation,48,Resolved,2026-05-01
EXC0000987,Trade Match Break,Trades,Aladdin,Americas,Equity,0,3,43436.59,3.68,0,0,13,High,Trade Match Break pattern detected from source controls,Trade Support,24,Suppressed,2026-05-18
EXC0000988,Stale Price,Pricing,Bloomberg,EMEA,ETF,0,7,1804.89,-0.27,0,0,63,Low,Stale Price pattern detected from source controls,Pricing Control,72,Resolved,2026-05-10
EXC0000989,Duplicate Record,Trades,Bloomberg,Americas,ETF,1,5,254476.58,0.49,1,0,18,High,Duplicate Record pattern detected from source controls,Trade Support,24,Resolved,2026-04-19
EXC0000990,Delayed Source Load,Source Control,SimCorp,Americas,Derivative,1,17,1004.56,-2.48,0,0,81,Medium,Delayed Source Load pattern detected from source controls,Source Systems,48,Open,2026-04-05
EXC0000991,Missing Client Mapping,Client Data,Refinitiv,Americas,Derivative,2,21,589.26,6.03,0,0,12,Medium,Missing Client Mapping pattern detected from source controls,Client Data Ops,48,Open,2026-05-08
EXC0000992,Price Outlier,Pricing,Aladdin,Americas,ETF,1,4,1867.21,24.61,0,0,15,Low,Price Outlier pattern detected from source controls,Pricing Control,72,Escalated,2026-04-08
EXC0000993,Trade Match Break,Trades,Custodian,Americas,Derivative,1,16,28468.15,1.06,0,0,19,High,Trade Match Break pattern detected from source controls,Trade Support,24,Resolved,2026-04-12
EXC0000994,Position Reconciliation Break,Positions,Refinitiv,EMEA,Corporate Bond,0,11,270376.25,3.41,0,0,1,Critical,Position Reconciliation Break pattern detected from source controls,Reconciliation,8,Resolved,2026-05-15
EXC0000995,Missing Client Mapping,Client Data,Bloomberg,APAC,Equity,2,16,3064.78,3.25,0,0,15,High,Missing Client Mapping pattern detected from source controls,Client Data Ops,24,Open,2026-05-12
EXC0000996,Stale Price,Pricing,Refinitiv,APAC,Equity,0,16,1206.44,1.97,0,0,58,Medium,Stale Price pattern detected from source controls,Pricing Control,48,Open,2026-05-10
EXC0000997,Stale Price,Pricing,Refinitiv,EMEA,Derivative,0,17,1655.87,4.54,0,0,37,Medium,Stale Price pattern detected from source controls,Pricing Control,48,Resolved,2026-05-08
EXC0000998,Performance Return Outlier,Positions,ABOR,APAC,Equity,0,21,180256.29,15.45,0,0,19,Critical,Performance Return Outlier pattern detected from source controls,Reconciliation,8,Escalated,2026-05-18
EXC0000999,Stale Price,Pricing,IBOR,Americas,Equity,0,12,2457.53,1.04,0,0,76,Medium,Stale Price pattern detected from source controls,Pricing Control,48,Resolved,2026-03-31
EXC0001000,Unknown / Needs SME Review,Reference Data,SimCorp,Americas,ETF,0,20,1174.03,-3.72,0,0,3,Medium,Unknown / Needs SME Review pattern detected from source controls,Reference Data Ops,48,Resolved,2026-03-29
EXC0001001,Duplicate Record,Trades,ABOR,Americas,Corporate Bond,0,9,16663.39,-1.03,1,0,9,High,Duplicate Record pattern detected from source controls,Trade Support,24,Open,2026-03-26
EXC0001002,Position Reconciliation Break,Positions,Bloomberg,EMEA,Government Bond,0,1,26439.02,-2.56,0,0,8,Medium,Position Reconciliation Break pattern detected from source controls,Reconciliation,48,Resolved,2026-03-28
EXC0001003,Stale Price,Pricing,SimCorp,Americas,Equity,1,7,3395.38,-3.09,0,0,64,Medium,Stale Price pattern detected from source controls,Pricing Control,48,Resolved,2026-04-28
EXC0001004,Delayed Source Load,Source Control,IBOR,Americas,Government Bond,0,15,1127.68,0.26,0,0,95,Medium,Delayed Source Load pattern detected from source controls,Source Systems,48,Escalated,2026-04-26
EXC0001005,Stale Price,Pricing,ABOR,EMEA,Derivative,1,0,1746.47,2.41,0,0,75,Low,Stale Price pattern detected from source controls,Pricing Control,72,Open,2026-04-14
EXC0001006,Trade Match Break,Trades,Aladdin,EMEA,Government Bond,1,18,66140.32,-0.16,0,0,17,Critical,Trade Match Break pattern detected from source controls,Trade Support,8,Escalated,2026-03-25
EXC0001007,Missing Reference Data,Reference Data,Murex,EMEA,Corporate Bond,3,17,1304.81,0.14,0,0,13,Medium,Missing Reference Data pattern detected from source controls,Reference Data Ops,48,Resolved,2026-04-09
EXC0001008,Missing Reference Data,Reference Data,IBOR,EMEA,Equity,3,5,650.73,-0.34,0,0,12,Low,Missing Reference Data pattern detected from source controls,Reference Data Ops,72,Resolved,2026-04-13
EXC0001009,Invalid Currency,Reference Data,Refinitiv,APAC,ETF,0,19,2139.47,1.85,0,1,2,High,Invalid Currency pattern detected from source controls,Reference Data Ops,24,Resolved,2026-04-04
EXC0001010,Stale Price,Pricing,ABOR,Americas,ETF,0,17,1933.24,-0.01,0,0,85,Medium,Stale Price pattern detected from source controls,Pricing Control,48,Resolved,2026-03-29
EXC0001011,Duplicate Record,Trades,Custodian,EMEA,ETF,1,7,16167.72,-1.02,1,0,6,Medium,Duplicate Record pattern detected from source controls,Trade Support,48,Resolved,2026-04-17
EXC0001012,Invalid Currency,Reference Data,Murex,APAC,Equity,1,20,1871.83,3.83,0,1,2,Medium,Invalid Currency pattern detected from source controls,Reference Data Ops,48,Suppressed,2026-04-03
EXC0001013,Position Reconciliation Break,Positions,Aladdin,APAC,Corporate Bond,1,11,45198.22,-0.68,0,0,11,High,Position Reconciliation Break pattern detected from source controls,Reconciliation,24,Resolved,2026-04-15
EXC0001014,Duplicate Record,Trades,Custodian,Americas,Equity,0,9,5046.69,-1.68,1,0,12,Medium,Duplicate Record pattern detected from source controls,Trade Support,48,Open,2026-04-05
EXC0001015,Price Outlier,Pricing,IBOR,EMEA,ETF,0,12,2296.32,21.35,0,0,0,Medium,Price Outlier pattern detected from source controls,Pricing Control,48,Open,2026-04-02
EXC0001016,Delayed Source Load,Source Control,Aladdin,APAC,Corporate Bond,0,21,1995.81,-2.71,0,0,95,High,Delayed Source Load pattern detected from source controls,Source Systems,24,Resolved,2026-04-07
EXC0001017,Stale Price,Pricing,ABOR,APAC,Corporate Bond,0,14,1695.82,4.57,0,0,31,Medium,Stale Price pattern detected from source controls,Pricing Control,48,Resolved,2026-04-17
EXC0001018,Duplicate Record,Trades,Bloomberg,APAC,Government Bond,1,11,290596.29,-1.07,1,0,9,Critical,Duplicate Record pattern detected from source controls,Trade Support,8,Open,2026-03-27
EXC0001019,Delayed Source Load,Source Control,Aladdin,APAC,Equity,0,14,857.95,1.7,0,0,29,Low,Delayed Source Load pattern detected from source controls,Source Systems,72,Resolved,2026-04-17
EXC0001020,Missing Client Mapping,Client Data,Refinitiv,Americas,ETF,3,16,1599.76,-0.99,0,0,0,Medium,Missing Client Mapping pattern detected from source controls,Client Data Ops,48,Resolved,2026-04-29
EXC0001021,Missing Reference Data,Reference Data,ABOR,APAC,Government Bond,1,4,1433.06,1.53,0,0,4,Low,Missing Reference Data pattern detected from source controls,Reference Data Ops,72,Open,2026-05-03
EXC0001022,Trade Match Break,Trades,Murex,APAC,Government Bond,1,11,15691.59,0.2,0,0,19,High,Trade Match Break pattern detected from source controls,Trade Support,24,Resolved,2026-04-30
EXC0001023,Delayed Source Load,Source Control,SimCorp,EMEA,ETF,1,15,4172.25,-0.96,0,0,41,High,Delayed Source Load pattern detected from source controls,Source Systems,24,Resolved,2026-03-30
EXC0001024,Delayed Source Load,Source Control,Refinitiv,Americas,ETF,0,4,3699.11,-2.51,0,0,60,Medium,Delayed Source Load pattern detected from source controls,Source Systems,48,Open,2026-03-23
EXC0001025,Duplicate Record,Trades,ABOR,APAC,Equity,1,16,19400.89,0.15,1,0,5,High,Duplicate Record pattern detected from source controls,Trade Support,24,Resolved,2026-04-23
EXC0001026,Missing Reference Data,Reference Data,Aladdin,APAC,Equity,1,0,430.19,2.69,0,0,0,Low,Missing Reference Data pattern detected from source controls,Reference Data Ops,72,Resolved,2026-05-01
EXC0001027,Trade Match Break,Trades,Custodian,APAC,Derivative,1,0,52209.48,3.19,0,0,17,Medium,Trade Match Break pattern detected from source controls,Trade Support,48,Resolved,2026-04-16
EXC0001028,Unknown / Needs SME Review,Reference Data,Custodian,Americas,Derivative,0,8,397.59,-0.3,0,0,8,Low,Unknown / Needs SME Review pattern detected from source controls,Reference Data Ops,72,Open,2026-04-27
EXC0001029,Missing Reference Data,Reference Data,Bloomberg,APAC,Corporate Bond,3,13,4059.3,-0.29,0,0,10,Medium,Missing Reference Data pattern detected from source controls,Reference Data Ops,48,Resolved,2026-04-12
EXC0001030,Missing Client Mapping,Client Data,Bloomberg,Americas,Equity,1,2,1551.09,1.06,0,0,19,Low,Missing Client Mapping pattern detected from source controls,Client Data Ops,72,Suppressed,2026-05-16
EXC0001031,Trade Match Break,Trades,Murex,EMEA,ETF,0,9,1948.47,1.5,0,0,18,Medium,Trade Match Break pattern detected from source controls,Trade Support,48,Open,2026-04-17
EXC0001032,Missing Client Mapping,Client Data,Bloomberg,APAC,Derivative,2,4,986.86,1.49,0,0,11,Low,Missing Client Mapping pattern detected from source controls,Client Data Ops,72,Resolved,2026-05-07
EXC0001033,Missing Reference Data,Reference Data,Custodian,Americas,Equity,3,19,4695.4,0.42,0,0,14,High,Missing Reference Data pattern detected from source controls,Reference Data Ops,24,Resolved,2026-04-23
EXC0001034,Missing Reference Data,Reference Data,ABOR,APAC,Equity,3,16,1852.84,0.59,0,0,11,Medium,Missing Reference Data pattern detected from source controls,Reference Data Ops,48,Resolved,2026-04-13
EXC0001035,Price Outlier,Pricing,Aladdin,EMEA,Corporate Bond,0,20,1558.82,8.86,0,0,8,Medium,Price Outlier pattern detected from source controls,Pricing Control,48,Resolved,2026-04-20
EXC0001036,Delayed Source Load,Source Control,ABOR,Americas,ETF,0,8,1888.24,-4.54,0,0,48,Low,Delayed Source Load pattern detected from source controls,Source Systems,72,Open,2026-03-23
EXC0001037,Invalid Currency,Reference Data,ABOR,APAC,Government Bond,1,12,2007.82,0.49,0,1,0,Medium,Invalid Currency pattern detected from source controls,Reference Data Ops,48,Resolved,2026-05-14
EXC0001038,Duplicate Record,Trades,SimCorp,Americas,Government Bond,0,7,52189.61,3.46,1,0,18,High,Duplicate Record pattern detected from source controls,Trade Support,24,Escalated,2026-04-26
EXC0001039,Unknown / Needs SME Review,Reference Data,SimCorp,APAC,Government Bond,0,8,4690.47,4.98,0,0,17,Medium,Unknown / Needs SME Review pattern detected from source controls,Reference Data Ops,48,Resolved,2026-03-31
EXC0001040,Trade Match Break,Trades,Custodian,APAC,Derivative,0,12,76195.35,4.44,0,0,7,Critical,Trade Match Break pattern detected from source controls,Trade Support,8,Resolved,2026-04-29
EXC0001041,Delayed Source Load,Source Control,Murex,APAC,Corporate Bond,0,20,1841.54,1.73,0,0,75,Medium,Delayed Source Load pattern detected from source controls,Source Systems,48,Resolved,2026-05-15
EXC0001042,Missing Reference Data,Reference Data,Murex,Americas,Equity,4,19,916.97,-1.47,0,0,2,Medium,Missing Reference Data pattern detected from source controls,Reference Data Ops,48,Resolved,2026-04-13
EXC0001043,Stale Price,Pricing,SimCorp,EMEA,Government Bond,0,5,2219.05,0.13,0,0,73,Low,Stale Price pattern detected from source controls,Pricing Control,72,Escalated,2026-03-21
EXC0001044,Position Reconciliation Break,Positions,Custodian,APAC,Government Bond,0,6,15003.11,-0.4,0,0,17,Medium,Position Reconciliation Break pattern detected from source controls,Reconciliation,48,Resolved,2026-03-25
EXC0001045,Unknown / Needs SME Review,Reference Data,Refinitiv,APAC,Corporate Bond,1,10,5350.53,-2.02,0,0,18,Medium,Unknown / Needs SME Review pattern detected from source controls,Reference Data Ops,48,Escalated,2026-03-22
EXC0001046,Invalid Currency,Reference Data,IBOR,Americas,Derivative,0,16,6003.02,-0.86,0,1,12,High,Invalid Currency pattern detected from source controls,Reference Data Ops,24,Resolved,2026-04-25
EXC0001047,Missing Reference Data,Reference Data,Custodian,EMEA,Equity,3,7,3040.79,-0.32,0,0,9,Medium,Missing Reference Data pattern detected from source controls,Reference Data Ops,48,Escalated,2026-03-28
EXC0001048,Unknown / Needs SME Review,Reference Data,Custodian,EMEA,Equity,1,1,675.33,-1.99,0,0,12,Low,Unknown / Needs SME Review pattern detected from source controls,Reference Data Ops,72,Resolved,2026-05-19
EXC0001049,Missing Client Mapping,Client Data,Custodian,APAC,Equity,1,3,1177.35,3.83,0,0,0,Low,Missing Client Mapping pattern detected from source controls,Client Data Ops,72,Escalated,2026-05-15
EXC0001050,Missing Client Mapping,Client Data,Aladdin,APAC,Derivative,3,8,1456.12,3.02,0,0,6,Low,Missing Client Mapping pattern detected from source controls,Client Data Ops,72,Open,2026-04-04
EXC0001051,Position Reconciliation Break,Positions,Custodian,EMEA,Derivative,0,19,78277.15,1.38,0,0,5,Critical,Position Reconciliation Break pattern detected from source controls,Reconciliation,8,Resolved,2026-05-18
EXC0001052,Trade Match Break,Trades,SimCorp,APAC,Derivative,0,15,29135.53,2.45,0,0,10,High,Trade Match Break pattern detected from source controls,Trade Support,24,Resolved,2026-04-14
EXC0001053,Missing Reference Data,Reference Data,Refinitiv,Americas,Equity,3,5,2059.72,2.26,0,0,17,Low,Missing Reference Data pattern detected from source controls,Reference Data Ops,72,Resolved,2026-04-12
EXC0001054,Duplicate Record,Trades,Custodian,APAC,Equity,0,13,6353.58,-0.33,1,0,1,High,Duplicate Record pattern detected from source controls,Trade Support,24,Resolved,2026-05-08
EXC0001055,Stale Price,Pricing,IBOR,EMEA,Corporate Bond,1,17,4791.88,6.0,0,0,37,High,Stale Price pattern detected from source controls,Pricing Control,24,Resolved,2026-05-10
EXC0001056,Duplicate Record,Trades,ABOR,Americas,Government Bond,1,6,15174.37,-0.42,1,0,15,Medium,Duplicate Record pattern detected from source controls,Trade Support,48,Resolved,2026-05-09
EXC0001057,Position Reconciliation Break,Positions,SimCorp,Americas,Corporate Bond,1,16,48095.54,-2.67,0,0,16,Critical,Position Reconciliation Break pattern detected from source controls,Reconciliation,8,Resolved,2026-03-24
EXC0001058,Duplicate Record,Trades,Custodian,APAC,ETF,0,14,32565.58,1.9,1,0,17,High,Duplicate Record pattern detected from source controls,Trade Support,24,Open,2026-05-07
EXC0001059,Delayed Source Load,Source Control,ABOR,EMEA,ETF,1,14,2259.09,2.91,0,0,38,Medium,Delayed Source Load pattern detected from source controls,Source Systems,48,Suppressed,2026-04-10
EXC0001060,Trade Match Break,Trades,Bloomberg,APAC,ETF,1,2,2251.28,0.75,0,0,18,Low,Trade Match Break pattern detected from source controls,Trade Support,72,Resolved,2026-03-29
EXC0001061,Trade Match Break,Trades,Aladdin,APAC,Corporate Bond,1,2,57676.7,4.61,0,0,2,High,Trade Match Break pattern detected from source controls,Trade Support,24,Open,2026-03-29
EXC0001062,Missing Reference Data,Reference Data,Murex,EMEA,Equity,3,10,1088.73,1.95,0,0,16,Low,Missing Reference Data pattern detected from source controls,Reference Data Ops,72,Resolved,2026-05-03
EXC0001063,Price Outlier,Pricing,ABOR,Americas,Corporate Bond,0,8,1113.66,23.6,0,0,3,Low,Price Outlier pattern detected from source controls,Pricing Control,72,Resolved,2026-03-21
EXC0001064,Missing Reference Data,Reference Data,IBOR,APAC,Equity,3,6,3040.81,0.02,0,0,13,Medium,Missing Reference Data pattern detected from source controls,Reference Data Ops,48,Resolved,2026-04-28
EXC0001065,Stale Price,Pricing,IBOR,APAC,Derivative,1,20,1636.42,1.87,0,0,47,Medium,Stale Price pattern detected from source controls,Pricing Control,48,Escalated,2026-03-24
EXC0001066,Trade Match Break,Trades,Bloomberg,Americas,Derivative,1,5,63960.04,1.7,0,0,13,High,Trade Match Break pattern detected from source controls,Trade Support,24,Resolved,2026-05-03
EXC0001067,Trade Match Break,Trades,ABOR,Americas,Derivative,1,8,63654.06,4.53,0,0,3,High,Trade Match Break pattern detected from source controls,Trade Support,24,Resolved,2026-05-13
EXC0001068,Performance Return Outlier,Positions,Murex,EMEA,ETF,0,1,19744.17,10.78,0,0,17,Medium,Performance Return Outlier pattern detected from source controls,Reconciliation,48,Open,2026-04-15
EXC0001069,Missing Reference Data,Reference Data,Bloomberg,Americas,Equity,4,0,1154.62,-2.42,0,0,18,Low,Missing Reference Data pattern detected from source controls,Reference Data Ops,72,Resolved,2026-03-22
EXC0001070,Stale Price,Pricing,Refinitiv,APAC,Government Bond,0,7,1638.98,1.08,0,0,24,Low,Stale Price pattern detected from source controls,Pricing Control,72,Resolved,2026-04-06
EXC0001071,Missing Client Mapping,Client Data,ABOR,Americas,ETF,3,15,2544.31,-1.61,0,0,5,Medium,Missing Client Mapping pattern detected from source controls,Client Data Ops,48,Resolved,2026-05-15
EXC0001072,Missing Reference Data,Reference Data,SimCorp,EMEA,Equity,1,13,3894.56,5.15,0,0,12,Medium,Missing Reference Data pattern detected from source controls,Reference Data Ops,48,Resolved,2026-04-01
EXC0001073,Duplicate Record,Trades,IBOR,Americas,Derivative,0,15,43989.0,-0.93,1,0,19,Critical,Duplicate Record pattern detected from source controls,Trade Support,8,Resolved,2026-04-03
EXC0001074,Missing Client Mapping,Client Data,Aladdin,APAC,Derivative,4,16,3957.38,2.01,0,0,19,High,Missing Client Mapping pattern detected from source controls,Client Data Ops,24,Resolved,2026-03-23
EXC0001075,Duplicate Record,Trades,Murex,APAC,Derivative,1,12,121050.01,-0.24,1,0,1,Critical,Duplicate Record pattern detected from source controls,Trade Support,8,Escalated,2026-04-05
EXC0001076,Price Outlier,Pricing,Aladdin,APAC,Corporate Bond,0,9,7307.06,22.58,0,0,2,Medium,Price Outlier pattern detected from source controls,Pricing Control,48,Open,2026-04-25
EXC0001077,Missing Reference Data,Reference Data,Aladdin,APAC,Corporate Bond,3,7,2802.99,-1.64,0,0,10,Medium,Missing Reference Data pattern detected from source controls,Reference Data Ops,48,Resolved,2026-05-07
EXC0001078,Unknown / Needs SME Review,Reference Data,Refinitiv,Americas,ETF,0,0,162.78,0.88,0,0,17,Low,Unknown / Needs SME Review pattern detected from source controls,Reference Data Ops,72,Resolved,2026-03-23
EXC0001079,Delayed Source Load,Source Control,ABOR,EMEA,ETF,1,7,1797.19,2.92,0,0,35,Low,Delayed Source Load pattern detected from source controls,Source Systems,72,Suppressed,2026-04-27
EXC0001080,Missing Client Mapping,Client Data,SimCorp,EMEA,Corporate Bond,2,10,1290.42,2.83,0,0,13,Low,Missing Client Mapping pattern detected from source controls,Client Data Ops,72,Open,2026-04-17
EXC0001081,Stale Price,Pricing,Custodian,APAC,Corporate Bond,0,5,1362.53,-1.83,0,0,69,Low,Stale Price pattern detected from source controls,Pricing Control,72,Open,2026-04-12
EXC0001082,Trade Match Break,Trades,Bloomberg,APAC,Corporate Bond,0,3,504673.86,2.28,0,0,5,High,Trade Match Break pattern detected from source controls,Trade Support,24,Resolved,2026-03-21
EXC0001083,Invalid Currency,Reference Data,Murex,EMEA,ETF,0,13,2238.17,3.87,0,1,17,Medium,Invalid Currency pattern detected from source controls,Reference Data Ops,48,Resolved,2026-04-20
EXC0001084,Missing Reference Data,Reference Data,Refinitiv,EMEA,Equity,1,10,1019.36,2.78,0,0,5,Low,Missing Reference Data pattern detected from source controls,Reference Data Ops,72,Resolved,2026-03-28
EXC0001085,Unknown / Needs SME Review,Reference Data,Refinitiv,APAC,Government Bond,1,21,5827.95,0.6,0,0,3,High,Unknown / Needs SME Review pattern detected from source controls,Reference Data Ops,24,Resolved,2026-04-07
EXC0001086,Unknown / Needs SME Review,Reference Data,Aladdin,APAC,Corporate Bond,0,18,626.36,1.62,0,0,19,Medium,Unknown / Needs SME Review pattern detected from source controls,Reference Data Ops,48,Resolved,2026-05-08
EXC0001087,Stale Price,Pricing,Bloomberg,EMEA,ETF,0,17,593.41,1.88,0,0,92,Low,Stale Price pattern detected from source controls,Pricing Control,72,Suppressed,2026-05-12
EXC0001088,Stale Price,Pricing,Aladdin,Americas,ETF,0,10,734.47,4.99,0,0,50,Low,Stale Price pattern detected from source controls,Pricing Control,72,Resolved,2026-04-11
EXC0001089,Trade Match Break,Trades,Murex,Americas,Derivative,1,14,202053.43,5.75,0,0,11,Critical,Trade Match Break pattern detected from source controls,Trade Support,8,Resolved,2026-04-25
EXC0001090,Position Reconciliation Break,Positions,Refinitiv,Americas,Corporate Bond,1,19,26046.26,3.11,0,0,5,Critical,Position Reconciliation Break pattern detected from source controls,Reconciliation,8,Escalated,2026-05-17
EXC0001091,Trade Match Break,Trades,Bloomberg,APAC,Equity,1,12,57989.0,1.63,0,0,14,High,Trade Match Break pattern detected from source controls,Trade Support,24,Escalated,2026-04-06
EXC0001092,Invalid Currency,Reference Data,SimCorp,EMEA,Corporate Bond,0,5,1087.73,1.42,0,1,15,Low,Invalid Currency pattern detected from source controls,Reference Data Ops,72,Resolved,2026-03-24
EXC0001093,Position Reconciliation Break,Positions,IBOR,EMEA,Corporate Bond,0,15,171070.94,1.68,0,0,7,Critical,Position Reconciliation Break pattern detected from source controls,Reconciliation,8,Resolved,2026-05-19
EXC0001094,Stale Price,Pricing,IBOR,Americas,Equity,0,2,744.86,2.01,0,0,92,Low,Stale Price pattern detected from source controls,Pricing Control,72,Resolved,2026-03-24
EXC0001095,Price Outlier,Pricing,Bloomberg,APAC,Government Bond,0,11,3317.34,12.36,0,0,19,Medium,Price Outlier pattern detected from source controls,Pricing Control,48,Resolved,2026-04-10
EXC0001096,Trade Match Break,Trades,Bloomberg,Americas,ETF,0,18,11014.46,6.42,0,0,11,High,Trade Match Break pattern detected from source controls,Trade Support,24,Escalated,2026-03-23
EXC0001097,Position Reconciliation Break,Positions,Murex,APAC,Corporate Bond,0,18,19895.19,-0.48,0,0,16,High,Position Reconciliation Break pattern detected from source controls,Reconciliation,24,Resolved,2026-04-17
EXC0001098,Performance Return Outlier,Positions,Aladdin,APAC,Corporate Bond,1,17,9830.15,24.26,0,0,0,High,Performance Return Outlier pattern detected from source controls,Reconciliation,24,Resolved,2026-04-28
EXC0001099,Missing Reference Data,Reference Data,Custodian,EMEA,Government Bond,3,12,1910.05,-3.99,0,0,18,Medium,Missing Reference Data pattern detected from source controls,Reference Data Ops,48,Resolved,2026-03-25
EXC0001100,Missing Client Mapping,Client Data,Murex,EMEA,Equity,3,7,5229.64,0.81,0,0,19,Medium,Missing Client Mapping pattern detected from source controls,Client Data Ops,48,Open,2026-04-14
EXC0001101,Trade Match Break,Trades,Bloomberg,APAC,ETF,1,5,11137.24,0.65,0,0,2,Medium,Trade Match Break pattern detected from source controls,Trade Support,48,Escalated,2026-03-23
EXC0001102,Invalid Currency,Reference Data,Aladdin,Americas,Corporate Bond,1,10,1315.62,2.07,0,1,8,Low,Invalid Currency pattern detected from source controls,Reference Data Ops,72,Open,2026-05-04
EXC0001103,Price Outlier,Pricing,ABOR,Americas,ETF,1,12,1797.32,15.65,0,0,5,Medium,Price Outlier pattern detected from source controls,Pricing Control,48,Resolved,2026-04-08
EXC0001104,Trade Match Break,Trades,Murex,Americas,ETF,1,7,37567.43,4.96,0,0,11,High,Trade Match Break pattern detected from source controls,Trade Support,24,Open,2026-04-14
EXC0001105,Trade Match Break,Trades,Aladdin,EMEA,ETF,1,5,7016.27,0.89,0,0,16,Medium,Trade Match Break pattern detected from source controls,Trade Support,48,Resolved,2026-04-17
EXC0001106,Missing Client Mapping,Client Data,Refinitiv,EMEA,Government Bond,4,16,844.58,-1.07,0,0,3,Medium,Missing Client Mapping pattern detected from source controls,Client Data Ops,48,Resolved,2026-03-31
EXC0001107,Stale Price,Pricing,Aladdin,APAC,Equity,0,11,411.99,-0.91,0,0,54,Low,Stale Price pattern detected from source controls,Pricing Control,72,Resolved,2026-04-18
EXC0001108,Trade Match Break,Trades,Murex,EMEA,Equity,1,10,9611.7,0.32,0,0,2,Medium,Trade Match Break pattern detected from source controls,Trade Support,48,Resolved,2026-04-01
EXC0001109,Position Reconciliation Break,Positions,ABOR,APAC,Equity,1,17,65026.75,3.31,0,0,7,Critical,Position Reconciliation Break pattern detected from source controls,Reconciliation,8,Resolved,2026-04-23
EXC0001110,Duplicate Record,Trades,ABOR,EMEA,Equity,1,21,36149.72,3.76,1,0,10,Critical,Duplicate Record pattern detected from source controls,Trade Support,8,Open,2026-05-09
EXC0001111,Missing Reference Data,Reference Data,Bloomberg,EMEA,Derivative,3,16,753.34,-1.51,0,0,9,Low,Missing Reference Data pattern detected from source controls,Reference Data Ops,72,Resolved,2026-04-03
EXC0001112,Missing Reference Data,Reference Data,IBOR,EMEA,Equity,2,17,1101.13,-0.5,0,0,2,Medium,Missing Reference Data pattern detected from source controls,Reference Data Ops,48,Resolved,2026-04-11
EXC0001113,Invalid Currency,Reference Data,SimCorp,Americas,Government Bond,0,5,7577.62,-1.16,0,1,8,Medium,Invalid Currency pattern detected from source controls,Reference Data Ops,48,Resolved,2026-04-29
EXC0001114,Trade Match Break,Trades,SimCorp,APAC,Government Bond,1,18,27019.34,0.79,0,0,6,Critical,Trade Match Break pattern detected from source controls,Trade Support,8,Resolved,2026-05-19
EXC0001115,Stale Price,Pricing,Custodian,Americas,ETF,1,16,1361.76,3.9,0,0,85,Medium,Stale Price pattern detected from source controls,Pricing Control,48,Resolved,2026-05-05
EXC0001116,Price Outlier,Pricing,Murex,Americas,Equity,0,12,1159.16,6.72,0,0,6,Low,Price Outlier pattern detected from source controls,Pricing Control,72,Resolved,2026-04-24
EXC0001117,Duplicate Record,Trades,Bloomberg,EMEA,Equity,1,2,67112.13,2.88,1,0,9,High,Duplicate Record pattern detected from source controls,Trade Support,24,Escalated,2026-04-23
EXC0001118,Unknown / Needs SME Review,Reference Data,Refinitiv,APAC,Derivative,0,11,539.36,3.37,0,0,19,Low,Unknown / Needs SME Review pattern detected from source controls,Reference Data Ops,72,Resolved,2026-04-05
EXC0001119,Missing Client Mapping,Client Data,Murex,EMEA,ETF,3,14,934.65,0.03,0,0,9,Low,Missing Client Mapping pattern detected from source controls,Client Data Ops,72,Suppressed,2026-04-30
EXC0001120,Missing Client Mapping,Client Data,Refinitiv,APAC,ETF,1,4,1844.96,-1.7,0,0,14,Low,Missing Client Mapping pattern detected from source controls,Client Data Ops,72,Suppressed,2026-05-15
EXC0001121,Duplicate Record,Trades,ABOR,EMEA,Equity,0,6,16073.34,0.03,1,0,6,Medium,Duplicate Record pattern detected from source controls,Trade Support,48,Resolved,2026-04-01
EXC0001122,Trade Match Break,Trades,IBOR,Americas,ETF,1,17,24043.62,3.55,0,0,13,High,Trade Match Break pattern detected from source controls,Trade Support,24,Escalated,2026-04-29
EXC0001123,Unknown / Needs SME Review,Reference Data,Murex,EMEA,ETF,1,13,3960.0,3.01,0,0,8,Medium,Unknown / Needs SME Review pattern detected from source controls,Reference Data Ops,48,Open,2026-05-03
EXC0001124,Missing Reference Data,Reference Data,Bloomberg,Americas,Derivative,4,5,998.48,1.7,0,0,12,Low,Missing Reference Data pattern detected from source controls,Reference Data Ops,72,Resolved,2026-04-04
EXC0001125,Missing Client Mapping,Client Data,ABOR,EMEA,Equity,4,18,2253.46,3.87,0,0,3,Medium,Missing Client Mapping pattern detected from source controls,Client Data Ops,48,Open,2026-04-25
EXC0001126,Price Outlier,Pricing,ABOR,EMEA,Government Bond,1,18,1526.88,19.89,0,0,16,Medium,Price Outlier pattern detected from source controls,Pricing Control,48,Resolved,2026-04-20
EXC0001127,Duplicate Record,Trades,Murex,Americas,Equity,0,2,203655.03,0.67,1,0,3,High,Duplicate Record pattern detected from source controls,Trade Support,24,Resolved,2026-05-03
EXC0001128,Unknown / Needs SME Review,Reference Data,Murex,Americas,Corporate Bond,0,1,3953.75,-2.42,0,0,3,Low,Unknown / Needs SME Review pattern detected from source controls,Reference Data Ops,72,Resolved,2026-03-27
EXC0001129,Delayed Source Load,Source Control,Bloomberg,Americas,Corporate Bond,1,15,2149.6,4.68,0,0,24,Medium,Delayed Source Load pattern detected from source controls,Source Systems,48,Escalated,2026-04-17
EXC0001130,Delayed Source Load,Source Control,ABOR,Americas,Equity,1,1,6280.07,1.26,0,0,85,Medium,Delayed Source Load pattern detected from source controls,Source Systems,48,Escalated,2026-05-01
EXC0001131,Delayed Source Load,Source Control,IBOR,APAC,Corporate Bond,0,15,2566.57,0.37,0,0,54,Medium,Delayed Source Load pattern detected from source controls,Source Systems,48,Resolved,2026-05-01
EXC0001132,Position Reconciliation Break,Positions,Aladdin,Americas,Derivative,0,11,9661.94,1.24,0,0,13,High,Position Reconciliation Break pattern detected from source controls,Reconciliation,24,Resolved,2026-04-24
EXC0001133,Trade Match Break,Trades,Murex,APAC,Derivative,0,16,200235.24,5.25,0,0,4,Critical,Trade Match Break pattern detected from source controls,Trade Support,8,Resolved,2026-04-12
EXC0001134,Position Reconciliation Break,Positions,IBOR,Americas,Government Bond,1,0,7134.66,3.98,0,0,19,Medium,Position Reconciliation Break pattern detected from source controls,Reconciliation,48,Escalated,2026-05-05
EXC0001135,Price Outlier,Pricing,IBOR,EMEA,Government Bond,0,21,2481.86,17.26,0,0,18,High,Price Outlier pattern detected from source controls,Pricing Control,24,Resolved,2026-04-01
EXC0001136,Position Reconciliation Break,Positions,Aladdin,Americas,Derivative,1,2,23556.82,2.67,0,0,5,Medium,Position Reconciliation Break pattern detected from source controls,Reconciliation,48,Resolved,2026-04-29
EXC0001137,Stale Price,Pricing,Murex,EMEA,Government Bond,0,10,6054.18,4.57,0,0,69,Medium,Stale Price pattern detected from source controls,Pricing Control,48,Open,2026-04-05
EXC0001138,Performance Return Outlier,Positions,Murex,APAC,Government Bond,0,17,61891.62,16.9,0,0,8,Critical,Performance Return Outlier pattern detected from source controls,Reconciliation,8,Open,2026-03-25
EXC0001139,Missing Client Mapping,Client Data,ABOR,Americas,Equity,1,2,667.11,1.8,0,0,19,Low,Missing Client Mapping pattern detected from source controls,Client Data Ops,72,Resolved,2026-05-01
EXC0001140,Missing Reference Data,Reference Data,Bloomberg,Americas,Equity,2,16,2708.82,-3.73,0,0,19,Medium,Missing Reference Data pattern detected from source controls,Reference Data Ops,48,Resolved,2026-04-19
EXC0001141,Duplicate Record,Trades,Aladdin,Americas,Government Bond,0,15,19650.25,4.61,1,0,7,High,Duplicate Record pattern detected from source controls,Trade Support,24,Open,2026-04-16
EXC0001142,Missing Client Mapping,Client Data,IBOR,APAC,Corporate Bond,1,19,1081.25,-1.07,0,0,18,Medium,Missing Client Mapping pattern detected from source controls,Client Data Ops,48,Resolved,2026-04-05
EXC0001143,Delayed Source Load,Source Control,Custodian,APAC,Equity,1,11,1267.58,-3.18,0,0,61,Low,Delayed Source Load pattern detected from source controls,Source Systems,72,Resolved,2026-04-27
EXC0001144,Trade Match Break,Trades,Bloomberg,Americas,ETF,0,6,8655.99,-3.01,0,0,1,Medium,Trade Match Break pattern detected from source controls,Trade Support,48,Resolved,2026-04-06
EXC0001145,Duplicate Record,Trades,Bloomberg,Americas,ETF,0,17,110933.49,-0.64,1,0,10,Critical,Duplicate Record pattern detected from source controls,Trade Support,8,Open,2026-04-10
EXC0001146,Price Outlier,Pricing,IBOR,APAC,Equity,0,3,4235.69,13.85,0,0,7,Medium,Price Outlier pattern detected from source controls,Pricing Control,48,Resolved,2026-04-30
EXC0001147,Delayed Source Load,Source Control,Murex,Americas,Derivative,0,17,2049.36,4.4,0,0,78,Medium,Delayed Source Load pattern detected from source controls,Source Systems,48,Resolved,2026-03-28
EXC0001148,Delayed Source Load,Source Control,Custodian,APAC,Corporate Bond,1,3,308.36,2.35,0,0,53,Low,Delayed Source Load pattern detected from source controls,Source Systems,72,Open,2026-05-17
EXC0001149,Missing Reference Data,Reference Data,Murex,EMEA,Corporate Bond,2,16,1852.55,5.84,0,0,1,Medium,Missing Reference Data pattern detected from source controls,Reference Data Ops,48,Resolved,2026-03-30
EXC0001150,Price Outlier,Pricing,Custodian,APAC,Equity,0,0,1286.88,6.45,0,0,2,Low,Price Outlier pattern detected from source controls,Pricing Control,72,Resolved,2026-04-28
EXC0001151,Missing Reference Data,Reference Data,Custodian,APAC,Derivative,3,8,2896.68,0.92,0,0,1,Medium,Missing Reference Data pattern detected from source controls,Reference Data Ops,48,Resolved,2026-03-27
EXC0001152,Trade Match Break,Trades,Bloomberg,APAC,Derivative,0,19,89906.0,-3.17,0,0,9,Critical,Trade Match Break pattern detected from source controls,Trade Support,8,Resolved,2026-05-05
EXC0001153,Missing Reference Data,Reference Data,Aladdin,EMEA,Derivative,3,10,833.11,0.06,0,0,17,Low,Missing Reference Data pattern detected from source controls,Reference Data Ops,72,Escalated,2026-04-25
EXC0001154,Missing Client Mapping,Client Data,Bloomberg,Americas,Equity,1,0,2075.58,-3.61,0,0,9,Low,Missing Client Mapping pattern detected from source controls,Client Data Ops,72,Suppressed,2026-05-13
EXC0001155,Trade Match Break,Trades,Bloomberg,EMEA,Derivative,0,20,21686.12,-1.85,0,0,1,Critical,Trade Match Break pattern detected from source controls,Trade Support,8,Resolved,2026-04-01
EXC0001156,Position Reconciliation Break,Positions,Custodian,EMEA,Equity,1,13,48266.5,3.08,0,0,17,High,Position Reconciliation Break pattern detected from source controls,Reconciliation,24,Resolved,2026-04-07
EXC0001157,Missing Client Mapping,Client Data,SimCorp,APAC,ETF,2,9,3870.59,-2.72,0,0,18,Medium,Missing Client Mapping pattern detected from source controls,Client Data Ops,48,Resolved,2026-04-27
EXC0001158,Invalid Currency,Reference Data,Custodian,APAC,ETF,1,19,781.85,-2.47,0,1,15,Medium,Invalid Currency pattern detected from source controls,Reference Data Ops,48,Resolved,2026-04-13
EXC0001159,Trade Match Break,Trades,Custodian,APAC,Derivative,1,12,94161.0,-2.89,0,0,1,Critical,Trade Match Break pattern detected from source controls,Trade Support,8,Escalated,2026-05-13
EXC0001160,Missing Client Mapping,Client Data,Custodian,EMEA,Government Bond,4,13,298.04,3.44,0,0,4,Low,Missing Client Mapping pattern detected from source controls,Client Data Ops,72,Resolved,2026-04-11
EXC0001161,Duplicate Record,Trades,Murex,EMEA,Corporate Bond,0,15,16342.05,5.6,1,0,2,High,Duplicate Record pattern detected from source controls,Trade Support,24,Resolved,2026-04-14
EXC0001162,Stale Price,Pricing,SimCorp,APAC,ETF,1,3,1953.29,1.31,0,0,64,Low,Stale Price pattern detected from source controls,Pricing Control,72,Resolved,2026-03-28
EXC0001163,Missing Reference Data,Reference Data,Bloomberg,Americas,Government Bond,1,2,1653.37,3.86,0,0,6,Low,Missing Reference Data pattern detected from source controls,Reference Data Ops,72,Resolved,2026-04-14
EXC0001164,Missing Client Mapping,Client Data,Bloomberg,APAC,Equity,1,13,1631.99,-1.41,0,0,1,Medium,Missing Client Mapping pattern detected from source controls,Client Data Ops,48,Open,2026-05-01
EXC0001165,Stale Price,Pricing,IBOR,EMEA,ETF,1,16,2654.99,4.57,0,0,84,Medium,Stale Price pattern detected from source controls,Pricing Control,48,Open,2026-04-04
EXC0001166,Missing Reference Data,Reference Data,IBOR,EMEA,ETF,3,21,4156.96,-0.29,0,0,14,High,Missing Reference Data pattern detected from source controls,Reference Data Ops,24,Open,2026-04-04
EXC0001167,Trade Match Break,Trades,ABOR,APAC,Corporate Bond,1,0,84517.45,3.17,0,0,11,High,Trade Match Break pattern detected from source controls,Trade Support,24,Resolved,2026-03-30
EXC0001168,Performance Return Outlier,Positions,Custodian,Americas,ETF,1,1,8704.52,8.12,0,0,3,Medium,Performance Return Outlier pattern detected from source controls,Reconciliation,48,Resolved,2026-04-10
EXC0001169,Invalid Currency,Reference Data,ABOR,APAC,Corporate Bond,0,21,2485.65,-3.29,0,1,18,High,Invalid Currency pattern detected from source controls,Reference Data Ops,24,Open,2026-03-27
EXC0001170,Missing Client Mapping,Client Data,Aladdin,EMEA,Government Bond,2,3,311.45,-0.71,0,0,7,Low,Missing Client Mapping pattern detected from source controls,Client Data Ops,72,Resolved,2026-04-13
EXC0001171,Price Outlier,Pricing,SimCorp,APAC,Corporate Bond,0,12,1026.17,18.21,0,0,12,Low,Price Outlier pattern detected from source controls,Pricing Control,72,Resolved,2026-04-07
EXC0001172,Delayed Source Load,Source Control,Custodian,EMEA,ETF,1,10,2561.63,-3.12,0,0,56,Medium,Delayed Source Load pattern detected from source controls,Source Systems,48,Escalated,2026-03-25
EXC0001173,Trade Match Break,Trades,SimCorp,EMEA,Equity,1,3,25603.26,2.24,0,0,11,Medium,Trade Match Break pattern detected from source controls,Trade Support,48,Open,2026-04-12
EXC0001174,Unknown / Needs SME Review,Reference Data,Bloomberg,Americas,Equity,0,16,5362.89,-2.04,0,0,17,High,Unknown / Needs SME Review pattern detected from source controls,Reference Data Ops,24,Resolved,2026-04-14
EXC0001175,Position Reconciliation Break,Positions,SimCorp,Americas,Government Bond,0,17,13833.34,2.85,0,0,11,High,Position Reconciliation Break pattern detected from source controls,Reconciliation,24,Suppressed,2026-05-19
EXC0001176,Duplicate Record,Trades,SimCorp,APAC,ETF,0,6,99765.18,-1.9,1,0,5,High,Duplicate Record pattern detected from source controls,Trade Support,24,Open,2026-05-06
EXC0001177,Performance Return Outlier,Positions,Bloomberg,EMEA,ETF,1,18,15204.8,8.18,0,0,8,High,Performance Return Outlier pattern detected from source controls,Reconciliation,24,Escalated,2026-05-13
EXC0001178,Unknown / Needs SME Review,Reference Data,Murex,EMEA,Equity,0,13,2515.4,3.54,0,0,5,Medium,Unknown / Needs SME Review pattern detected from source controls,Reference Data Ops,48,Open,2026-05-02
EXC0001179,Missing Reference Data,Reference Data,Aladdin,APAC,ETF,4,4,359.29,1.08,0,0,12,Low,Missing Reference Data pattern detected from source controls,Reference Data Ops,72,Open,2026-05-11
EXC0001180,Price Outlier,Pricing,Murex,EMEA,Derivative,0,5,1176.5,16.3,0,0,10,Low,Price Outlier pattern detected from source controls,Pricing Control,72,Resolved,2026-04-12
EXC0001181,Duplicate Record,Trades,Custodian,Americas,ETF,0,0,12531.02,5.21,1,0,19,Medium,Duplicate Record pattern detected from source controls,Trade Support,48,Resolved,2026-05-04
EXC0001182,Missing Reference Data,Reference Data,ABOR,APAC,Equity,3,12,1497.06,-0.46,0,0,0,Medium,Missing Reference Data pattern detected from source controls,Reference Data Ops,48,Open,2026-05-05
EXC0001183,Trade Match Break,Trades,IBOR,EMEA,ETF,0,11,24253.66,0.16,0,0,19,High,Trade Match Break pattern detected from source controls,Trade Support,24,Escalated,2026-03-27
EXC0001184,Stale Price,Pricing,Aladdin,EMEA,Corporate Bond,1,3,1467.0,3.1,0,0,90,Low,Stale Price pattern detected from source controls,Pricing Control,72,Escalated,2026-04-23
EXC0001185,Position Reconciliation Break,Positions,Bloomberg,EMEA,Equity,0,14,25348.51,2.56,0,0,2,High,Position Reconciliation Break pattern detected from source controls,Reconciliation,24,Resolved,2026-04-06
EXC0001186,Duplicate Record,Trades,ABOR,APAC,Government Bond,1,6,13051.64,0.89,1,0,5,Medium,Duplicate Record pattern detected from source controls,Trade Support,48,Open,2026-05-16
EXC0001187,Stale Price,Pricing,IBOR,EMEA,Equity,1,3,2654.32,-1.54,0,0,29,Low,Stale Price pattern detected from source controls,Pricing Control,72,Resolved,2026-04-12
EXC0001188,Position Reconciliation Break,Positions,Bloomberg,Americas,Equity,0,4,48467.54,3.93,0,0,14,High,Position Reconciliation Break pattern detected from source controls,Reconciliation,24,Open,2026-03-28
EXC0001189,Trade Match Break,Trades,Custodian,EMEA,Equity,0,12,59080.16,-1.6,0,0,11,High,Trade Match Break pattern detected from source controls,Trade Support,24,Resolved,2026-05-12
EXC0001190,Unknown / Needs SME Review,Reference Data,Refinitiv,APAC,Corporate Bond,0,20,1837.62,7.2,0,0,4,Medium,Unknown / Needs SME Review pattern detected from source controls,Reference Data Ops,48,Resolved,2026-05-09
EXC0001191,Missing Reference Data,Reference Data,Aladdin,EMEA,Derivative,2,11,1690.66,-1.49,0,0,14,Medium,Missing Reference Data pattern detected from source controls,Reference Data Ops,48,Resolved,2026-04-10
EXC0001192,Delayed Source Load,Source Control,Murex,EMEA,Corporate Bond,0,13,3755.23,-1.26,0,0,26,Medium,Delayed Source Load pattern detected from source controls,Source Systems,48,Escalated,2026-04-12
EXC0001193,Unknown / Needs SME Review,Reference Data,SimCorp,APAC,Derivative,1,18,1180.08,2.35,0,0,6,Medium,Unknown / Needs SME Review pattern detected from source controls,Reference Data Ops,48,Open,2026-04-06
EXC0001194,Position Reconciliation Break,Positions,ABOR,EMEA,Equity,0,14,81525.51,2.87,0,0,19,Critical,Position Reconciliation Break pattern detected from source controls,Reconciliation,8,Resolved,2026-05-04
EXC0001195,Invalid Currency,Reference Data,SimCorp,Americas,Government Bond,1,17,3901.93,-0.93,0,1,19,High,Invalid Currency pattern detected from source controls,Reference Data Ops,24,Open,2026-05-01
EXC0001196,Stale Price,Pricing,Custodian,EMEA,Corporate Bond,0,11,3486.63,5.73,0,0,80,Medium,Stale Price pattern detected from source controls,Pricing Control,48,Open,2026-05-15
EXC0001197,Trade Match Break,Trades,Refinitiv,APAC,Corporate Bond,1,2,48686.2,2.32,0,0,8,High,Trade Match Break pattern detected from source controls,Trade Support,24,Resolved,2026-05-05
EXC0001198,Stale Price,Pricing,Murex,APAC,Government Bond,1,14,6396.32,0.88,0,0,51,High,Stale Price pattern detected from source controls,Pricing Control,24,Resolved,2026-04-11
EXC0001199,Duplicate Record,Trades,IBOR,Americas,Derivative,1,15,76532.09,2.47,1,0,5,Critical,Duplicate Record pattern detected from source controls,Trade Support,8,Escalated,2026-04-08
EXC0001200,Unknown / Needs SME Review,Reference Data,Custodian,APAC,ETF,0,9,4839.28,4.53,0,0,3,Medium,Unknown / Needs SME Review pattern detected from source controls,Reference Data Ops,48,Resolved,2026-04-16
EXC0001201,Missing Reference Data,Reference Data,Bloomberg,Americas,Equity,1,11,994.39,5.52,0,0,15,Low,Missing Reference Data pattern detected from source controls,Reference Data Ops,72,Resolved,2026-05-12
EXC0001202,Position Reconciliation Break,Positions,ABOR,Americas,Derivative,1,2,99521.23,1.98,0,0,13,High,Position Reconciliation Break pattern detected from source controls,Reconciliation,24,Resolved,2026-03-29
EXC0001203,Invalid Currency,Reference Data,SimCorp,Americas,Equity,1,10,1974.73,-1.69,0,1,11,Medium,Invalid Currency pattern detected from source controls,Reference Data Ops,48,Resolved,2026-04-15
EXC0001204,Trade Match Break,Trades,Custodian,APAC,Government Bond,0,20,30182.84,-1.65,0,0,15,Critical,Trade Match Break pattern detected from source controls,Trade Support,8,Resolved,2026-05-17
EXC0001205,Position Reconciliation Break,Positions,Bloomberg,Americas,ETF,0,3,41454.95,-2.04,0,0,18,High,Position Reconciliation Break pattern detected from source controls,Reconciliation,24,Resolved,2026-03-22
EXC0001206,Position Reconciliation Break,Positions,Refinitiv,EMEA,Government Bond,1,14,30550.54,-0.11,0,0,17,High,Position Reconciliation Break pattern detected from source controls,Reconciliation,24,Resolved,2026-04-14
EXC0001207,Duplicate Record,Trades,Aladdin,EMEA,Government Bond,1,16,135808.27,1.59,1,0,2,Critical,Duplicate Record pattern detected from source controls,Trade Support,8,Resolved,2026-05-18
EXC0001208,Missing Reference Data,Reference Data,IBOR,EMEA,ETF,3,15,5450.47,2.03,0,0,15,High,Missing Reference Data pattern detected from source controls,Reference Data Ops,24,Resolved,2026-04-25
EXC0001209,Position Reconciliation Break,Positions,IBOR,EMEA,Derivative,0,19,8082.54,4.32,0,0,1,High,Position Reconciliation Break pattern detected from source controls,Reconciliation,24,Resolved,2026-05-09
EXC0001210,Position Reconciliation Break,Positions,IBOR,Americas,Corporate Bond,0,4,28038.92,-3.68,0,0,14,Medium,Position Reconciliation Break pattern detected from source controls,Reconciliation,48,Resolved,2026-05-19
EXC0001211,Stale Price,Pricing,IBOR,Americas,Derivative,0,4,1533.5,1.47,0,0,93,Low,Stale Price pattern detected from source controls,Pricing Control,72,Open,2026-04-18
EXC0001212,Position Reconciliation Break,Positions,Aladdin,EMEA,Equity,0,7,100174.73,2.65,0,0,18,High,Position Reconciliation Break pattern detected from source controls,Reconciliation,24,Open,2026-05-18
EXC0001213,Position Reconciliation Break,Positions,IBOR,APAC,Derivative,0,0,40693.03,-5.52,0,0,8,Medium,Position Reconciliation Break pattern detected from source controls,Reconciliation,48,Resolved,2026-05-15
EXC0001214,Duplicate Record,Trades,Bloomberg,APAC,Corporate Bond,1,0,19267.14,2.63,1,0,19,Medium,Duplicate Record pattern detected from source controls,Trade Support,48,Resolved,2026-04-20
EXC0001215,Position Reconciliation Break,Positions,Custodian,APAC,ETF,1,13,34749.28,8.33,0,0,4,High,Position Reconciliation Break pattern detected from source controls,Reconciliation,24,Resolved,2026-04-07
EXC0001216,Trade Match Break,Trades,IBOR,Americas,Corporate Bond,0,6,18860.78,3.43,0,0,18,Medium,Trade Match Break pattern detected from source controls,Trade Support,48,Resolved,2026-04-28
EXC0001217,Missing Client Mapping,Client Data,Bloomberg,APAC,Derivative,4,21,1751.52,2.27,0,0,14,Medium,Missing Client Mapping pattern detected from source controls,Client Data Ops,48,Resolved,2026-05-15
EXC0001218,Trade Match Break,Trades,SimCorp,EMEA,Government Bond,1,18,15490.01,0.82,0,0,15,High,Trade Match Break pattern detected from source controls,Trade Support,24,Open,2026-04-07
EXC0001219,Position Reconciliation Break,Positions,Aladdin,APAC,ETF,1,14,60499.66,2.08,0,0,19,Critical,Position Reconciliation Break pattern detected from source controls,Reconciliation,8,Escalated,2026-05-08
EXC0001220,Trade Match Break,Trades,Refinitiv,Americas,Corporate Bond,0,18,27704.17,5.34,0,0,15,Critical,Trade Match Break pattern detected from source controls,Trade Support,8,Resolved,2026-05-05
EXC0001221,Position Reconciliation Break,Positions,Custodian,EMEA,Government Bond,0,5,26674.16,0.63,0,0,19,High,Position Reconciliation Break pattern detected from source controls,Reconciliation,24,Resolved,2026-04-17
EXC0001222,Missing Client Mapping,Client Data,Aladdin,Americas,ETF,3,15,4471.83,4.48,0,0,8,High,Missing Client Mapping pattern detected from source controls,Client Data Ops,24,Escalated,2026-05-08
EXC0001223,Invalid Currency,Reference Data,IBOR,EMEA,Government Bond,0,19,1897.29,2.66,0,1,19,Medium,Invalid Currency pattern detected from source controls,Reference Data Ops,48,Resolved,2026-04-01
EXC0001224,Missing Reference Data,Reference Data,SimCorp,APAC,Equity,3,3,1513.55,5.57,0,0,16,Low,Missing Reference Data pattern detected from source controls,Reference Data Ops,72,Escalated,2026-04-02
EXC0001225,Position Reconciliation Break,Positions,ABOR,APAC,Derivative,0,11,50561.2,4.22,0,0,3,High,Position Reconciliation Break pattern detected from source controls,Reconciliation,24,Open,2026-04-27
EXC0001226,Stale Price,Pricing,IBOR,Americas,Corporate Bond,0,21,830.33,1.97,0,0,65,Medium,Stale Price pattern detected from source controls,Pricing Control,48,Escalated,2026-04-06
EXC0001227,Invalid Currency,Reference Data,IBOR,EMEA,Equity,0,11,2628.36,1.81,0,1,17,Medium,Invalid Currency pattern detected from source controls,Reference Data Ops,48,Open,2026-05-16
EXC0001228,Unknown / Needs SME Review,Reference Data,SimCorp,Americas,ETF,1,17,1482.23,0.72,0,0,12,Medium,Unknown / Needs SME Review pattern detected from source controls,Reference Data Ops,48,Resolved,2026-03-31
EXC0001229,Duplicate Record,Trades,IBOR,EMEA,Government Bond,0,1,12431.11,3.94,1,0,2,Medium,Duplicate Record pattern detected from source controls,Trade Support,48,Open,2026-04-29
EXC0001230,Trade Match Break,Trades,IBOR,APAC,Government Bond,0,7,17457.09,0.02,0,0,11,Medium,Trade Match Break pattern detected from source controls,Trade Support,48,Resolved,2026-03-23
EXC0001231,Missing Reference Data,Reference Data,ABOR,EMEA,Corporate Bond,4,1,765.86,1.78,0,0,7,Low,Missing Reference Data pattern detected from source controls,Reference Data Ops,72,Open,2026-05-15
EXC0001232,Trade Match Break,Trades,Custodian,EMEA,Equity,1,15,34582.26,1.02,0,0,2,High,Trade Match Break pattern detected from source controls,Trade Support,24,Resolved,2026-05-07
EXC0001233,Position Reconciliation Break,Positions,ABOR,Americas,ETF,1,12,9196.1,-1.85,0,0,3,High,Position Reconciliation Break pattern detected from source controls,Reconciliation,24,Open,2026-05-08
EXC0001234,Delayed Source Load,Source Control,Refinitiv,APAC,Corporate Bond,1,4,3603.86,2.05,0,0,46,Medium,Delayed Source Load pattern detected from source controls,Source Systems,48,Resolved,2026-04-12
EXC0001235,Position Reconciliation Break,Positions,Murex,APAC,ETF,1,17,16411.42,-2.31,0,0,7,High,Position Reconciliation Break pattern detected from source controls,Reconciliation,24,Resolved,2026-04-21
EXC0001236,Unknown / Needs SME Review,Reference Data,IBOR,APAC,Derivative,0,11,981.29,0.38,0,0,17,Low,Unknown / Needs SME Review pattern detected from source controls,Reference Data Ops,72,Resolved,2026-05-18
EXC0001237,Trade Match Break,Trades,Aladdin,Americas,Corporate Bond,0,16,56208.49,3.17,0,0,4,Critical,Trade Match Break pattern detected from source controls,Trade Support,8,Resolved,2026-03-28
EXC0001238,Missing Reference Data,Reference Data,ABOR,Americas,Government Bond,4,15,2195.85,1.92,0,0,3,Medium,Missing Reference Data pattern detected from source controls,Reference Data Ops,48,Resolved,2026-04-29
EXC0001239,Duplicate Record,Trades,SimCorp,Americas,ETF,0,20,24107.04,1.88,1,0,17,Critical,Duplicate Record pattern detected from source controls,Trade Support,8,Resolved,2026-03-27
EXC0001240,Stale Price,Pricing,Aladdin,Americas,Government Bond,1,5,5385.58,-0.66,0,0,94,Medium,Stale Price pattern detected from source controls,Pricing Control,48,Escalated,2026-04-28
EXC0001241,Price Outlier,Pricing,Custodian,APAC,Government Bond,1,11,4136.87,11.7,0,0,19,Medium,Price Outlier pattern detected from source controls,Pricing Control,48,Open,2026-04-07
EXC0001242,Missing Reference Data,Reference Data,Refinitiv,EMEA,Government Bond,2,3,1007.53,-0.72,0,0,6,Low,Missing Reference Data pattern detected from source controls,Reference Data Ops,72,Resolved,2026-03-23
EXC0001243,Position Reconciliation Break,Positions,Refinitiv,APAC,Equity,1,13,41604.22,3.27,0,0,3,High,Position Reconciliation Break pattern detected from source controls,Reconciliation,24,Open,2026-03-30
EXC0001244,Price Outlier,Pricing,Refinitiv,EMEA,ETF,0,7,1689.42,-0.24,0,0,17,Low,Price Outlier pattern detected from source controls,Pricing Control,72,Resolved,2026-04-08
EXC0001245,Unknown / Needs SME Review,Reference Data,Bloomberg,APAC,ETF,1,13,5079.55,-2.33,0,0,2,High,Unknown / Needs SME Review pattern detected from source controls,Reference Data Ops,24,Open,2026-04-17
EXC0001246,Delayed Source Load,Source Control,Murex,Americas,Government Bond,1,1,1439.93,0.48,0,0,29,Low,Delayed Source Load pattern detected from source controls,Source Systems,72,Resolved,2026-04-01
EXC0001247,Invalid Currency,Reference Data,IBOR,APAC,Equity,1,8,2980.3,0.25,0,1,3,Medium,Invalid Currency pattern detected from source controls,Reference Data Ops,48,Resolved,2026-03-23
EXC0001248,Trade Match Break,Trades,ABOR,Americas,Equity,0,10,5852.88,2.18,0,0,17,Medium,Trade Match Break pattern detected from source controls,Trade Support,48,Open,2026-04-20
EXC0001249,Missing Reference Data,Reference Data,Custodian,EMEA,Derivative,4,0,542.71,-0.86,0,0,11,Low,Missing Reference Data pattern detected from source controls,Reference Data Ops,72,Suppressed,2026-03-30
EXC0001250,Invalid Currency,Reference Data,IBOR,EMEA,Equity,1,2,7313.92,-1.41,0,1,2,Medium,Invalid Currency pattern detected from source controls,Reference Data Ops,48,Resolved,2026-05-19
EXC0001251,Missing Reference Data,Reference Data,Custodian,EMEA,Derivative,1,18,967.73,1.37,0,0,17,Medium,Missing Reference Data pattern detected from source controls,Reference Data Ops,48,Resolved,2026-04-10
EXC0001252,Trade Match Break,Trades,Murex,Americas,Equity,1,10,43444.86,0.1,0,0,5,High,Trade Match Break pattern detected from source controls,Trade Support,24,Open,2026-03-23
EXC0001253,Missing Reference Data,Reference Data,Aladdin,Americas,Equity,3,1,1114.17,1.14,0,0,14,Low,Missing Reference Data pattern detected from source controls,Reference Data Ops,72,Resolved,2026-05-05
EXC0001254,Position Reconciliation Break,Positions,ABOR,Americas,Corporate Bond,1,3,29929.24,3.73,0,0,3,Medium,Position Reconciliation Break pattern detected from source controls,Reconciliation,48,Resolved,2026-04-01
EXC0001255,Position Reconciliation Break,Positions,Refinitiv,Americas,Corporate Bond,1,21,7876.18,-2.54,0,0,8,High,Position Reconciliation Break pattern detected from source controls,Reconciliation,24,Resolved,2026-04-04
EXC0001256,Position Reconciliation Break,Positions,Bloomberg,APAC,Corporate Bond,0,3,128698.98,1.22,0,0,5,High,Position Reconciliation Break pattern detected from source controls,Reconciliation,24,Resolved,2026-05-10
EXC0001257,Invalid Currency,Reference Data,Custodian,APAC,Equity,1,18,3324.22,0.02,0,1,19,High,Invalid Currency pattern detected from source controls,Reference Data Ops,24,Open,2026-03-28
EXC0001258,Price Outlier,Pricing,Murex,EMEA,Equity,1,5,1982.67,20.37,0,0,2,Low,Price Outlier pattern detected from source controls,Pricing Control,72,Suppressed,2026-04-13
EXC0001259,Price Outlier,Pricing,Bloomberg,APAC,ETF,0,2,1618.68,11.66,0,0,10,Low,Price Outlier pattern detected from source controls,Pricing Control,72,Resolved,2026-04-21
EXC0001260,Trade Match Break,Trades,Refinitiv,APAC,Derivative,0,18,25820.08,-1.45,0,0,5,Critical,Trade Match Break pattern detected from source controls,Trade Support,8,Escalated,2026-05-03
EXC0001261,Invalid Currency,Reference Data,SimCorp,Americas,Equity,1,2,7428.96,2.48,0,1,15,Medium,Invalid Currency pattern detected from source controls,Reference Data Ops,48,Resolved,2026-04-28
EXC0001262,Missing Reference Data,Reference Data,ABOR,Americas,ETF,1,17,519.03,8.43,0,0,11,Low,Missing Reference Data pattern detected from source controls,Reference Data Ops,72,Resolved,2026-04-20
EXC0001263,Delayed Source Load,Source Control,Custodian,EMEA,Government Bond,1,16,6626.59,1.25,0,0,34,High,Delayed Source Load pattern detected from source controls,Source Systems,24,Resolved,2026-04-28
EXC0001264,Price Outlier,Pricing,Bloomberg,Americas,ETF,1,21,1774.84,28.18,0,0,16,Medium,Price Outlier pattern detected from source controls,Pricing Control,48,Resolved,2026-04-23
EXC0001265,Stale Price,Pricing,Murex,APAC,Corporate Bond,1,11,613.54,-0.32,0,0,26,Low,Stale Price pattern detected from source controls,Pricing Control,72,Resolved,2026-04-04
EXC0001266,Duplicate Record,Trades,SimCorp,APAC,Corporate Bond,0,20,15948.75,3.84,1,0,13,High,Duplicate Record pattern detected from source controls,Trade Support,24,Escalated,2026-05-07
EXC0001267,Price Outlier,Pricing,Aladdin,EMEA,ETF,1,14,1646.6,15.9,0,0,7,Medium,Price Outlier pattern detected from source controls,Pricing Control,48,Resolved,2026-03-23
EXC0001268,Trade Match Break,Trades,Bloomberg,EMEA,ETF,0,0,57960.98,4.75,0,0,4,Medium,Trade Match Break pattern detected from source controls,Trade Support,48,Escalated,2026-04-29
EXC0001269,Missing Reference Data,Reference Data,Bloomberg,Americas,ETF,4,6,2031.06,-2.59,0,0,1,Low,Missing Reference Data pattern detected from source controls,Reference Data Ops,72,Resolved,2026-04-25
EXC0001270,Position Reconciliation Break,Positions,Bloomberg,Americas,Equity,1,0,28892.55,1.98,0,0,11,Medium,Position Reconciliation Break pattern detected from source controls,Reconciliation,48,Resolved,2026-04-24
EXC0001271,Price Outlier,Pricing,Aladdin,Americas,Government Bond,1,19,1276.44,15.54,0,0,12,Medium,Price Outlier pattern detected from source controls,Pricing Control,48,Resolved,2026-05-13
EXC0001272,Stale Price,Pricing,Murex,Americas,Derivative,0,8,794.14,3.41,0,0,23,Low,Stale Price pattern detected from source controls,Pricing Control,72,Resolved,2026-04-17
EXC0001273,Trade Match Break,Trades,Bloomberg,EMEA,Government Bond,1,11,147667.58,3.23,0,0,5,Critical,Trade Match Break pattern detected from source controls,Trade Support,8,Open,2026-05-17
EXC0001274,Missing Client Mapping,Client Data,Murex,EMEA,Derivative,4,17,1188.01,2.17,0,0,1,Medium,Missing Client Mapping pattern detected from source controls,Client Data Ops,48,Open,2026-04-01
EXC0001275,Missing Client Mapping,Client Data,IBOR,EMEA,ETF,2,12,2494.66,4.38,0,0,11,Medium,Missing Client Mapping pattern detected from source controls,Client Data Ops,48,Open,2026-03-31
EXC0001276,Trade Match Break,Trades,ABOR,APAC,Corporate Bond,1,20,213288.8,-0.98,0,0,18,Critical,Trade Match Break pattern detected from source controls,Trade Support,8,Open,2026-04-30
EXC0001277,Unknown / Needs SME Review,Reference Data,Bloomberg,APAC,Government Bond,0,21,1591.08,-0.11,0,0,13,Medium,Unknown / Needs SME Review pattern detected from source controls,Reference Data Ops,48,Resolved,2026-05-01
EXC0001278,Stale Price,Pricing,IBOR,EMEA,Corporate Bond,1,4,3165.49,0.49,0,0,85,Medium,Stale Price pattern detected from source controls,Pricing Control,48,Resolved,2026-05-04
EXC0001279,Delayed Source Load,Source Control,Refinitiv,EMEA,Government Bond,1,16,1764.33,5.21,0,0,76,Medium,Delayed Source Load pattern detected from source controls,Source Systems,48,Escalated,2026-03-31
EXC0001280,Unknown / Needs SME Review,Reference Data,Bloomberg,EMEA,Equity,0,4,1350.57,2.67,0,0,18,Low,Unknown / Needs SME Review pattern detected from source controls,Reference Data Ops,72,Resolved,2026-03-22
EXC0001281,Position Reconciliation Break,Positions,Murex,EMEA,Equity,1,15,53130.88,3.2,0,0,3,Critical,Position Reconciliation Break pattern detected from source controls,Reconciliation,8,Resolved,2026-05-13
EXC0001282,Missing Reference Data,Reference Data,ABOR,APAC,ETF,2,11,1751.94,1.05,0,0,5,Medium,Missing Reference Data pattern detected from source controls,Reference Data Ops,48,Open,2026-05-11
EXC0001283,Performance Return Outlier,Positions,Bloomberg,Americas,Corporate Bond,1,19,7966.91,18.39,0,0,16,High,Performance Return Outlier pattern detected from source controls,Reconciliation,24,Resolved,2026-05-17
EXC0001284,Trade Match Break,Trades,Aladdin,APAC,Derivative,0,3,24817.72,-2.38,0,0,13,Medium,Trade Match Break pattern detected from source controls,Trade Support,48,Resolved,2026-04-23
EXC0001285,Stale Price,Pricing,Custodian,Americas,Corporate Bond,0,21,354.93,0.48,0,0,44,Medium,Stale Price pattern detected from source controls,Pricing Control,48,Resolved,2026-05-01
EXC0001286,Performance Return Outlier,Positions,Murex,EMEA,ETF,1,11,2768.14,3.25,0,0,0,Medium,Performance Return Outlier pattern detected from source controls,Reconciliation,48,Resolved,2026-04-26
EXC0001287,Trade Match Break,Trades,Murex,Americas,Government Bond,0,17,147716.72,0.31,0,0,2,Critical,Trade Match Break pattern detected from source controls,Trade Support,8,Open,2026-05-01
EXC0001288,Position Reconciliation Break,Positions,Refinitiv,Americas,Corporate Bond,0,17,64476.55,0.7,0,0,11,Critical,Position Reconciliation Break pattern detected from source controls,Reconciliation,8,Escalated,2026-04-16
EXC0001289,Position Reconciliation Break,Positions,Custodian,EMEA,ETF,0,17,28726.69,2.87,0,0,6,Critical,Position Reconciliation Break pattern detected from source controls,Reconciliation,8,Resolved,2026-03-21
EXC0001290,Performance Return Outlier,Positions,ABOR,APAC,Government Bond,1,5,48419.34,19.47,0,0,3,High,Performance Return Outlier pattern detected from source controls,Reconciliation,24,Escalated,2026-03-22
EXC0001291,Position Reconciliation Break,Positions,SimCorp,EMEA,Derivative,1,4,94949.94,4.48,0,0,1,High,Position Reconciliation Break pattern detected from source controls,Reconciliation,24,Resolved,2026-05-05
EXC0001292,Delayed Source Load,Source Control,Bloomberg,APAC,Corporate Bond,1,2,2589.13,-3.72,0,0,58,Low,Delayed Source Load pattern detected from source controls,Source Systems,72,Open,2026-03-30
EXC0001293,Stale Price,Pricing,SimCorp,Americas,Corporate Bond,0,19,1500.3,5.22,0,0,48,Medium,Stale Price pattern detected from source controls,Pricing Control,48,Open,2026-04-05
EXC0001294,Duplicate Record,Trades,Custodian,Americas,Equity,1,13,85035.46,-0.12,1,0,4,Critical,Duplicate Record pattern detected from source controls,Trade Support,8,Open,2026-03-26
EXC0001295,Position Reconciliation Break,Positions,Murex,APAC,Government Bond,0,19,43267.65,4.79,0,0,15,Critical,Position Reconciliation Break pattern detected from source controls,Reconciliation,8,Resolved,2026-03-25
EXC0001296,Trade Match Break,Trades,Bloomberg,EMEA,Government Bond,1,7,11959.58,0.46,0,0,15,Medium,Trade Match Break pattern detected from source controls,Trade Support,48,Resolved,2026-05-13
EXC0001297,Stale Price,Pricing,Murex,EMEA,ETF,1,13,1348.85,2.42,0,0,59,Medium,Stale Price pattern detected from source controls,Pricing Control,48,Open,2026-04-03
EXC0001298,Missing Reference Data,Reference Data,Custodian,EMEA,Equity,4,1,2455.47,-1.19,0,0,14,Low,Missing Reference Data pattern detected from source controls,Reference Data Ops,72,Escalated,2026-04-04
EXC0001299,Price Outlier,Pricing,Bloomberg,APAC,Corporate Bond,1,14,624.45,21.96,0,0,9,Low,Price Outlier pattern detected from source controls,Pricing Control,72,Resolved,2026-03-22
EXC0001300,Invalid Currency,Reference Data,Murex,APAC,Corporate Bond,1,19,4022.19,2.95,0,1,3,High,Invalid Currency pattern detected from source controls,Reference Data Ops,24,Escalated,2026-04-04
EXC0001301,Price Outlier,Pricing,Custodian,APAC,Government Bond,1,13,2074.3,1.67,0,0,3,Medium,Price Outlier pattern detected from source controls,Pricing Control,48,Resolved,2026-05-09
EXC0001302,Invalid Currency,Reference Data,Custodian,EMEA,Corporate Bond,1,18,688.41,-1.54,0,1,12,Medium,Invalid Currency pattern detected from source controls,Reference Data Ops,48,Open,2026-04-29
EXC0001303,Delayed Source Load,Source Control,SimCorp,Americas,Government Bond,0,11,1132.96,3.42,0,0,38,Low,Delayed Source Load pattern detected from source controls,Source Systems,72,Resolved,2026-04-08
EXC0001304,Invalid Currency,Reference Data,Custodian,EMEA,Derivative,0,9,2860.54,0.46,0,1,14,Medium,Invalid Currency pattern detected from source controls,Reference Data Ops,48,Resolved,2026-04-30
EXC0001305,Missing Client Mapping,Client Data,SimCorp,Americas,Corporate Bond,3,4,477.16,-0.71,0,0,16,Low,Missing Client Mapping pattern detected from source controls,Client Data Ops,72,Resolved,2026-04-18
EXC0001306,Position Reconciliation Break,Positions,Refinitiv,EMEA,Derivative,0,5,30320.73,5.31,0,0,16,High,Position Reconciliation Break pattern detected from source controls,Reconciliation,24,Open,2026-04-13
EXC0001307,Unknown / Needs SME Review,Reference Data,Murex,Americas,Equity,0,14,1245.52,6.19,0,0,0,Medium,Unknown / Needs SME Review pattern detected from source controls,Reference Data Ops,48,Open,2026-03-28
EXC0001308,Missing Client Mapping,Client Data,Murex,APAC,Government Bond,2,8,3944.88,1.5,0,0,18,Medium,Missing Client Mapping pattern detected from source controls,Client Data Ops,48,Resolved,2026-05-11
EXC0001309,Trade Match Break,Trades,Refinitiv,APAC,Equity,0,8,54094.72,4.68,0,0,12,High,Trade Match Break pattern detected from source controls,Trade Support,24,Open,2026-04-05
EXC0001310,Invalid Currency,Reference Data,Bloomberg,Americas,Government Bond,1,12,2447.9,5.29,0,1,17,Medium,Invalid Currency pattern detected from source controls,Reference Data Ops,48,Escalated,2026-03-25
EXC0001311,Invalid Currency,Reference Data,SimCorp,EMEA,Corporate Bond,1,11,144.29,1.46,0,1,18,Low,Invalid Currency pattern detected from source controls,Reference Data Ops,72,Resolved,2026-04-03
EXC0001312,Missing Client Mapping,Client Data,SimCorp,APAC,Equity,4,17,739.95,0.22,0,0,2,Medium,Missing Client Mapping pattern detected from source controls,Client Data Ops,48,Resolved,2026-05-19
EXC0001313,Trade Match Break,Trades,Custodian,Americas,Derivative,0,19,5745.05,1.72,0,0,18,High,Trade Match Break pattern detected from source controls,Trade Support,24,Suppressed,2026-04-26
EXC0001314,Position Reconciliation Break,Positions,Murex,APAC,ETF,1,2,28576.57,-2.14,0,0,10,Medium,Position Reconciliation Break pattern detected from source controls,Reconciliation,48,Resolved,2026-04-17
EXC0001315,Delayed Source Load,Source Control,ABOR,Americas,Equity,0,2,224.73,2.92,0,0,21,Low,Delayed Source Load pattern detected from source controls,Source Systems,72,Escalated,2026-04-09
EXC0001316,Unknown / Needs SME Review,Reference Data,Bloomberg,EMEA,ETF,1,18,12066.85,0.68,0,0,19,High,Unknown / Needs SME Review pattern detected from source controls,Reference Data Ops,24,Resolved,2026-04-02
EXC0001317,Trade Match Break,Trades,ABOR,Americas,Equity,0,21,13309.33,1.64,0,0,12,Critical,Trade Match Break pattern detected from source controls,Trade Support,8,Resolved,2026-03-28
EXC0001318,Position Reconciliation Break,Positions,Refinitiv,Americas,Government Bond,1,11,8125.45,1.61,0,0,12,High,Position Reconciliation Break pattern detected from source controls,Reconciliation,24,Open,2026-04-01
EXC0001319,Trade Match Break,Trades,IBOR,EMEA,ETF,1,12,2274.76,-0.62,0,0,12,Medium,Trade Match Break pattern detected from source controls,Trade Support,48,Open,2026-05-08
EXC0001320,Invalid Currency,Reference Data,Bloomberg,APAC,Equity,0,15,10527.45,1.41,0,1,12,High,Invalid Currency pattern detected from source controls,Reference Data Ops,24,Resolved,2026-04-10
EXC0001321,Missing Reference Data,Reference Data,ABOR,APAC,Derivative,1,20,582.01,-1.9,0,0,14,Medium,Missing Reference Data pattern detected from source controls,Reference Data Ops,48,Resolved,2026-05-18
EXC0001322,Unknown / Needs SME Review,Reference Data,Refinitiv,EMEA,Equity,1,7,1132.01,0.29,0,0,7,Low,Unknown / Needs SME Review pattern detected from source controls,Reference Data Ops,72,Open,2026-05-12
EXC0001323,Position Reconciliation Break,Positions,ABOR,EMEA,Equity,1,4,12454.38,-1.28,0,0,18,Medium,Position Reconciliation Break pattern detected from source controls,Reconciliation,48,Open,2026-05-01
EXC0001324,Price Outlier,Pricing,SimCorp,EMEA,Government Bond,0,17,1161.54,19.64,0,0,13,Medium,Price Outlier pattern detected from source controls,Pricing Control,48,Resolved,2026-04-12
EXC0001325,Missing Reference Data,Reference Data,Murex,Americas,ETF,3,1,2667.99,-4.14,0,0,9,Low,Missing Reference Data pattern detected from source controls,Reference Data Ops,72,Resolved,2026-03-29
EXC0001326,Position Reconciliation Break,Positions,Refinitiv,Americas,Government Bond,0,2,22350.08,0.43,0,0,10,Medium,Position Reconciliation Break pattern detected from source controls,Reconciliation,48,Open,2026-04-05
EXC0001327,Duplicate Record,Trades,IBOR,APAC,Equity,0,13,43167.3,2.71,1,0,1,High,Duplicate Record pattern detected from source controls,Trade Support,24,Resolved,2026-04-22
EXC0001328,Invalid Currency,Reference Data,Custodian,EMEA,Equity,1,6,743.32,1.94,0,1,1,Low,Invalid Currency pattern detected from source controls,Reference Data Ops,72,Open,2026-05-14
EXC0001329,Position Reconciliation Break,Positions,Custodian,APAC,Equity,1,11,38219.77,4.21,0,0,14,High,Position Reconciliation Break pattern detected from source controls,Reconciliation,24,Escalated,2026-05-04
EXC0001330,Position Reconciliation Break,Positions,Bloomberg,EMEA,Derivative,1,10,11988.92,-0.88,0,0,7,High,Position Reconciliation Break pattern detected from source controls,Reconciliation,24,Open,2026-04-10
EXC0001331,Price Outlier,Pricing,Murex,EMEA,Derivative,0,16,2892.53,27.07,0,0,18,Medium,Price Outlier pattern detected from source controls,Pricing Control,48,Open,2026-03-26
EXC0001332,Stale Price,Pricing,SimCorp,Americas,Equity,1,3,3461.15,3.79,0,0,90,Medium,Stale Price pattern detected from source controls,Pricing Control,48,Resolved,2026-05-12
EXC0001333,Price Outlier,Pricing,Bloomberg,APAC,ETF,1,13,2130.45,18.64,0,0,17,Medium,Price Outlier pattern detected from source controls,Pricing Control,48,Resolved,2026-05-17
EXC0001334,Trade Match Break,Trades,Refinitiv,EMEA,Derivative,0,16,100865.63,1.96,0,0,14,Critical,Trade Match Break pattern detected from source controls,Trade Support,8,Suppressed,2026-04-18
EXC0001335,Missing Client Mapping,Client Data,Refinitiv,APAC,Government Bond,1,11,506.08,6.79,0,0,0,Low,Missing Client Mapping pattern detected from source controls,Client Data Ops,72,Resolved,2026-04-01
EXC0001336,Missing Reference Data,Reference Data,SimCorp,Americas,Equity,4,6,2294.25,0.86,0,0,6,Low,Missing Reference Data pattern detected from source controls,Reference Data Ops,72,Resolved,2026-05-06
EXC0001337,Duplicate Record,Trades,ABOR,EMEA,Equity,0,19,79566.53,0.29,1,0,17,Critical,Duplicate Record pattern detected from source controls,Trade Support,8,Resolved,2026-04-02
EXC0001338,Missing Reference Data,Reference Data,Custodian,Americas,ETF,3,2,2687.0,-0.98,0,0,15,Low,Missing Reference Data pattern detected from source controls,Reference Data Ops,72,Open,2026-03-21
EXC0001339,Missing Reference Data,Reference Data,Murex,Americas,Government Bond,3,7,3300.46,0.78,0,0,2,Medium,Missing Reference Data pattern detected from source controls,Reference Data Ops,48,Open,2026-04-18
EXC0001340,Price Outlier,Pricing,Bloomberg,APAC,Equity,1,12,779.87,24.7,0,0,4,Low,Price Outlier pattern detected from source controls,Pricing Control,72,Resolved,2026-04-07
EXC0001341,Trade Match Break,Trades,Refinitiv,EMEA,Equity,0,5,117530.61,2.93,0,0,19,High,Trade Match Break pattern detected from source controls,Trade Support,24,Open,2026-05-04
EXC0001342,Stale Price,Pricing,Custodian,Americas,Government Bond,0,14,5258.4,5.08,0,0,43,High,Stale Price pattern detected from source controls,Pricing Control,24,Open,2026-04-07
EXC0001343,Delayed Source Load,Source Control,Custodian,Americas,Corporate Bond,1,17,2305.76,2.4,0,0,60,Medium,Delayed Source Load pattern detected from source controls,Source Systems,48,Escalated,2026-04-23
EXC0001344,Price Outlier,Pricing,SimCorp,EMEA,Derivative,0,11,1668.7,23.71,0,0,9,Medium,Price Outlier pattern detected from source controls,Pricing Control,48,Open,2026-04-01
EXC0001345,Position Reconciliation Break,Positions,ABOR,Americas,ETF,0,7,50679.11,3.07,0,0,2,High,Position Reconciliation Break pattern detected from source controls,Reconciliation,24,Open,2026-04-28
EXC0001346,Unknown / Needs SME Review,Reference Data,Murex,APAC,Government Bond,1,13,2791.3,1.76,0,0,11,Medium,Unknown / Needs SME Review pattern detected from source controls,Reference Data Ops,48,Resolved,2026-04-15
EXC0001347,Price Outlier,Pricing,Custodian,APAC,Government Bond,0,12,594.54,14.49,0,0,2,Low,Price Outlier pattern detected from source controls,Pricing Control,72,Suppressed,2026-05-11
EXC0001348,Duplicate Record,Trades,Refinitiv,APAC,Government Bond,1,17,41718.88,4.55,1,0,18,Critical,Duplicate Record pattern detected from source controls,Trade Support,8,Open,2026-04-10
EXC0001349,Missing Client Mapping,Client Data,Refinitiv,APAC,ETF,4,13,1220.51,0.81,0,0,5,Medium,Missing Client Mapping pattern detected from source controls,Client Data Ops,48,Escalated,2026-04-14
EXC0001350,Price Outlier,Pricing,Aladdin,Americas,Government Bond,1,0,2476.86,26.51,0,0,16,Low,Price Outlier pattern detected from source controls,Pricing Control,72,Open,2026-04-28
EXC0001351,Missing Reference Data,Reference Data,Aladdin,EMEA,Equity,3,6,1119.96,-1.19,0,0,4,Low,Missing Reference Data pattern detected from source controls,Reference Data Ops,72,Escalated,2026-05-08
EXC0001352,Missing Client Mapping,Client Data,Bloomberg,APAC,Government Bond,3,8,1390.24,-2.3,0,0,1,Low,Missing Client Mapping pattern detected from source controls,Client Data Ops,72,Resolved,2026-03-23
EXC0001353,Price Outlier,Pricing,SimCorp,APAC,ETF,1,7,872.56,6.54,0,0,0,Low,Price Outlier pattern detected from source controls,Pricing Control,72,Resolved,2026-03-21
EXC0001354,Trade Match Break,Trades,Bloomberg,EMEA,Derivative,0,18,76619.65,0.72,0,0,2,Critical,Trade Match Break pattern detected from source controls,Trade Support,8,Resolved,2026-04-20
EXC0001355,Trade Match Break,Trades,Bloomberg,APAC,Derivative,0,0,47939.62,2.87,0,0,17,Medium,Trade Match Break pattern detected from source controls,Trade Support,48,Resolved,2026-04-15
EXC0001356,Missing Reference Data,Reference Data,SimCorp,Americas,ETF,1,16,1369.35,-1.24,0,0,1,Medium,Missing Reference Data pattern detected from source controls,Reference Data Ops,48,Resolved,2026-04-11
EXC0001357,Delayed Source Load,Source Control,Refinitiv,APAC,Derivative,1,6,1406.96,5.27,0,0,91,Low,Delayed Source Load pattern detected from source controls,Source Systems,72,Resolved,2026-05-12
EXC0001358,Delayed Source Load,Source Control,Aladdin,Americas,Equity,0,12,2062.4,-0.91,0,0,79,Medium,Delayed Source Load pattern detected from source controls,Source Systems,48,Open,2026-05-05
EXC0001359,Delayed Source Load,Source Control,ABOR,APAC,Equity,0,7,4027.41,1.28,0,0,64,Medium,Delayed Source Load pattern detected from source controls,Source Systems,48,Open,2026-04-13
EXC0001360,Stale Price,Pricing,IBOR,APAC,Equity,0,1,3280.29,1.53,0,0,68,Low,Stale Price pattern detected from source controls,Pricing Control,72,Escalated,2026-04-12
EXC0001361,Unknown / Needs SME Review,Reference Data,SimCorp,APAC,Equity,0,0,642.25,2.25,0,0,5,Low,Unknown / Needs SME Review pattern detected from source controls,Reference Data Ops,72,Escalated,2026-04-27
EXC0001362,Invalid Currency,Reference Data,SimCorp,Americas,ETF,0,8,3340.62,2.63,0,1,8,Medium,Invalid Currency pattern detected from source controls,Reference Data Ops,48,Resolved,2026-04-19
EXC0001363,Duplicate Record,Trades,Aladdin,Americas,Government Bond,0,18,9459.85,7.16,1,0,11,High,Duplicate Record pattern detected from source controls,Trade Support,24,Open,2026-05-08
EXC0001364,Invalid Currency,Reference Data,SimCorp,EMEA,Government Bond,0,7,3179.73,-0.01,0,1,5,Medium,Invalid Currency pattern detected from source controls,Reference Data Ops,48,Escalated,2026-04-06
EXC0001365,Missing Client Mapping,Client Data,Custodian,APAC,Government Bond,1,19,262.22,2.28,0,0,13,Medium,Missing Client Mapping pattern detected from source controls,Client Data Ops,48,Open,2026-05-02
EXC0001366,Trade Match Break,Trades,Aladdin,EMEA,Government Bond,1,20,76596.48,1.29,0,0,5,Critical,Trade Match Break pattern detected from source controls,Trade Support,8,Resolved,2026-03-21
EXC0001367,Duplicate Record,Trades,Aladdin,APAC,Derivative,0,3,25132.31,3.96,1,0,6,Medium,Duplicate Record pattern detected from source controls,Trade Support,48,Escalated,2026-05-04
EXC0001368,Duplicate Record,Trades,Custodian,APAC,Corporate Bond,1,18,179916.53,2.62,1,0,18,Critical,Duplicate Record pattern detected from source controls,Trade Support,8,Resolved,2026-05-17
EXC0001369,Missing Reference Data,Reference Data,Murex,Americas,Corporate Bond,3,13,18400.21,2.05,0,0,9,High,Missing Reference Data pattern detected from source controls,Reference Data Ops,24,Resolved,2026-04-15
EXC0001370,Missing Reference Data,Reference Data,Refinitiv,Americas,Equity,2,12,316.01,-2.23,0,0,18,Low,Missing Reference Data pattern detected from source controls,Reference Data Ops,72,Resolved,2026-05-10
EXC0001371,Position Reconciliation Break,Positions,Bloomberg,EMEA,Government Bond,0,9,10139.42,0.37,0,0,15,Medium,Position Reconciliation Break pattern detected from source controls,Reconciliation,48,Escalated,2026-05-03
EXC0001372,Position Reconciliation Break,Positions,ABOR,APAC,Corporate Bond,0,20,65812.7,-0.94,0,0,6,Critical,Position Reconciliation Break pattern detected from source controls,Reconciliation,8,Escalated,2026-04-18
EXC0001373,Invalid Currency,Reference Data,ABOR,Americas,Corporate Bond,0,2,2074.9,0.38,0,1,1,Low,Invalid Currency pattern detected from source controls,Reference Data Ops,72,Open,2026-05-17
EXC0001374,Missing Client Mapping,Client Data,ABOR,APAC,Government Bond,1,0,2045.09,-0.56,0,0,2,Low,Missing Client Mapping pattern detected from source controls,Client Data Ops,72,Resolved,2026-05-06
EXC0001375,Duplicate Record,Trades,Refinitiv,EMEA,Derivative,0,0,45382.9,0.2,1,0,7,Medium,Duplicate Record pattern detected from source controls,Trade Support,48,Resolved,2026-03-31
EXC0001376,Price Outlier,Pricing,Aladdin,APAC,ETF,0,19,1141.1,8.93,0,0,15,Medium,Price Outlier pattern detected from source controls,Pricing Control,48,Suppressed,2026-05-04
EXC0001377,Duplicate Record,Trades,Murex,EMEA,Equity,0,14,80171.65,0.52,1,0,15,Critical,Duplicate Record pattern detected from source controls,Trade Support,8,Escalated,2026-05-02
EXC0001378,Price Outlier,Pricing,Murex,APAC,Corporate Bond,0,11,333.29,14.29,0,0,8,Low,Price Outlier pattern detected from source controls,Pricing Control,72,Escalated,2026-04-23
EXC0001379,Delayed Source Load,Source Control,Custodian,Americas,Derivative,0,1,3730.33,-0.82,0,0,52,Low,Delayed Source Load pattern detected from source controls,Source Systems,72,Open,2026-05-01
EXC0001380,Trade Match Break,Trades,ABOR,APAC,Corporate Bond,0,2,94317.35,1.59,0,0,14,High,Trade Match Break pattern detected from source controls,Trade Support,24,Resolved,2026-03-24
EXC0001381,Performance Return Outlier,Positions,Murex,EMEA,Derivative,0,19,16218.74,8.81,0,0,1,High,Performance Return Outlier pattern detected from source controls,Reconciliation,24,Resolved,2026-04-24
EXC0001382,Stale Price,Pricing,Aladdin,Americas,Derivative,0,19,3558.55,0.0,0,0,25,High,Stale Price pattern detected from source controls,Pricing Control,24,Resolved,2026-05-06
EXC0001383,Invalid Currency,Reference Data,Refinitiv,EMEA,Equity,0,17,35746.44,1.37,0,1,3,Critical,Invalid Currency pattern detected from source controls,Reference Data Ops,8,Resolved,2026-04-02
EXC0001384,Trade Match Break,Trades,ABOR,Americas,Derivative,0,19,342509.92,-4.95,0,0,13,Critical,Trade Match Break pattern detected from source controls,Trade Support,8,Resolved,2026-05-18
EXC0001385,Stale Price,Pricing,IBOR,Americas,ETF,0,15,691.32,7.73,0,0,54,Low,Stale Price pattern detected from source controls,Pricing Control,72,Resolved,2026-04-13
EXC0001386,Position Reconciliation Break,Positions,Aladdin,EMEA,Government Bond,1,16,22937.47,2.81,0,0,17,High,Position Reconciliation Break pattern detected from source controls,Reconciliation,24,Open,2026-04-21
EXC0001387,Stale Price,Pricing,Aladdin,APAC,Corporate Bond,0,18,206.3,2.3,0,0,77,Low,Stale Price pattern detected from source controls,Pricing Control,72,Escalated,2026-05-14
EXC0001388,Price Outlier,Pricing,Bloomberg,APAC,Government Bond,1,9,1267.76,16.75,0,0,4,Low,Price Outlier pattern detected from source controls,Pricing Control,72,Resolved,2026-05-05
EXC0001389,Position Reconciliation Break,Positions,Refinitiv,APAC,Corporate Bond,1,2,47646.57,1.73,0,0,4,High,Position Reconciliation Break pattern detected from source controls,Reconciliation,24,Escalated,2026-04-22
EXC0001390,Trade Match Break,Trades,Aladdin,EMEA,ETF,0,2,21168.11,-1.52,0,0,8,Medium,Trade Match Break pattern detected from source controls,Trade Support,48,Resolved,2026-05-18
EXC0001391,Trade Match Break,Trades,Bloomberg,Americas,Government Bond,1,13,11954.65,2.73,0,0,10,High,Trade Match Break pattern detected from source controls,Trade Support,24,Escalated,2026-04-04
EXC0001392,Trade Match Break,Trades,Custodian,EMEA,Government Bond,1,4,21511.16,-2.71,0,0,14,Medium,Trade Match Break pattern detected from source controls,Trade Support,48,Resolved,2026-04-01
EXC0001393,Missing Reference Data,Reference Data,ABOR,EMEA,Derivative,4,4,5053.32,-1.67,0,0,4,Medium,Missing Reference Data pattern detected from source controls,Reference Data Ops,48,Resolved,2026-05-17
EXC0001394,Trade Match Break,Trades,Custodian,APAC,Equity,1,19,33581.68,-0.27,0,0,11,Critical,Trade Match Break pattern detected from source controls,Trade Support,8,Open,2026-04-26
EXC0001395,Trade Match Break,Trades,Custodian,Americas,Corporate Bond,0,11,22417.82,5.27,0,0,18,High,Trade Match Break pattern detected from source controls,Trade Support,24,Resolved,2026-05-17
EXC0001396,Duplicate Record,Trades,IBOR,APAC,ETF,0,10,25415.56,-1.25,1,0,1,High,Duplicate Record pattern detected from source controls,Trade Support,24,Open,2026-05-10
EXC0001397,Position Reconciliation Break,Positions,IBOR,Americas,Corporate Bond,0,7,30886.35,2.33,0,0,18,High,Position Reconciliation Break pattern detected from source controls,Reconciliation,24,Open,2026-04-07
EXC0001398,Stale Price,Pricing,SimCorp,APAC,Equity,0,5,1578.28,-3.66,0,0,80,Low,Stale Price pattern detected from source controls,Pricing Control,72,Resolved,2026-04-30
EXC0001399,Duplicate Record,Trades,Bloomberg,EMEA,Government Bond,1,2,48111.85,1.56,1,0,7,High,Duplicate Record pattern detected from source controls,Trade Support,24,Open,2026-04-19
