security_id,price_date,close_price,vendor,currency
SEC00000,2026-03-20,49.46,Refinitiv,EUR
SEC00000,2026-03-21,49.57,Refinitiv,CAD
SEC00000,2026-03-22,50.78,Refinitiv,JPY
SEC00000,2026-03-23,50.95,Bloomberg,INR
SEC00000,2026-03-24,52.19,Bloomberg,INR
SEC00000,2026-03-25,50.45,Refinitiv,GBP
SEC00000,2026-03-26,50.89,ICE,INR
SEC00000,2026-03-27,50.55,Bloomberg,GBP
SEC00000,2026-03-28,49.8,Refinitiv,USD
SEC00000,2026-03-29,50.86,Refinitiv,USD
SEC00000,2026-03-30,51.7,Refinitiv,EUR
SEC00000,2026-03-31,49.86,Bloomberg,INR
SEC00000,2026-04-01,50.53,Bloomberg,USD
SEC00000,2026-04-02,51.09,Bloomberg,USD
SEC00000,2026-04-03,50.45,ICE,CAD
SEC00000,2026-04-04,49.72,ICE,INR
SEC00000,2026-04-05,48.32,Bloomberg,JPY
SEC00000,2026-04-06,48.05,Bloomberg,EUR
SEC00000,2026-04-07,47.92,Refinitiv,INR
SEC00000,2026-04-08,48.63,Bloomberg,EUR
SEC00000,2026-04-09,48.89,ICE,EUR
SEC00000,2026-04-10,47.99,Refinitiv,EUR
SEC00000,2026-04-11,48.22,ICE,JPY
SEC00000,2026-04-12,48.02,Bloomberg,USD
SEC00000,2026-04-13,47.24,ICE,CAD
SEC00000,2026-04-14,45.91,ICE,USD
SEC00000,2026-04-15,46.45,ICE,JPY
SEC00000,2026-04-16,46.84,ICE,GBP
SEC00000,2026-04-17,47.34,Refinitiv,JPY
SEC00000,2026-04-18,46.74,Bloomberg,INR
SEC00000,2026-04-19,46.91,Refinitiv,EUR
SEC00000,2026-04-20,45.77,ICE,EUR
SEC00000,2026-04-21,44.98,ICE,EUR
SEC00000,2026-04-22,45.03,Refinitiv,GBP
SEC00000,2026-04-23,45.26,ICE,EUR
SEC00000,2026-04-24,43.96,Bloomberg,EUR
SEC00000,2026-04-25,43.14,Bloomberg,GBP
SEC00000,2026-04-26,42.88,Refinitiv,CAD
SEC00000,2026-04-27,43.64,Refinitiv,GBP
SEC00000,2026-04-28,43.03,Bloomberg,USD
SEC00000,2026-04-29,43.16,ICE,JPY
SEC00000,2026-04-30,43.37,Refinitiv,GBP
SEC00000,2026-05-01,43.2,Refinitiv,CAD
SEC00000,2026-05-02,43.43,Bloomberg,GBP
SEC00000,2026-05-03,42.4,Bloomberg,USD
SEC00000,2026-05-04,41.92,ICE,INR
SEC00000,2026-05-05,43.02,ICE,USD
SEC00000,2026-05-06,44.21,Bloomberg,JPY
SEC00000,2026-05-07,44.9,ICE,CAD
SEC00000,2026-05-08,45.81,ICE,CAD
SEC00000,2026-05-09,44.33,ICE,EUR
SEC00000,2026-05-10,43.59,Refinitiv,JPY
SEC00000,2026-05-11,43.37,Refinitiv,CAD
SEC00000,2026-05-12,45.28,ICE,JPY
SEC00000,2026-05-13,45.05,Refinitiv,INR
SEC00000,2026-05-14,45.67,Bloomberg,EUR
SEC00000,2026-05-15,46.01,Refinitiv,USD
SEC00000,2026-05-16,46.33,Refinitiv,GBP
SEC00000,2026-05-17,46.33,Refinitiv,GBP
SEC00000,2026-05-18,45.35,ICE,EUR
SEC00000,2026-05-19,43.17,Refinitiv,INR
SEC00001,2026-03-20,79.01,Bloomberg,CAD
SEC00001,2026-03-21,78.79,Bloomberg,JPY
SEC00001,2026-03-22,77.32,Refinitiv,CAD
SEC00001,2026-03-23,78.14,ICE,USD
SEC00001,2026-03-24,79.2,ICE,INR
SEC00001,2026-03-25,78.85,Refinitiv,GBP
SEC00001,2026-03-26,77.85,Refinitiv,INR
SEC00001,2026-03-27,78.72,ICE,JPY
SEC00001,2026-03-28,78.58,ICE,EUR
SEC00001,2026-03-29,80.63,Refinitiv,JPY
SEC00001,2026-03-30,83.25,Bloomberg,GBP
SEC00001,2026-03-31,84.79,ICE,INR
SEC00001,2026-04-01,85.18,ICE,USD
SEC00001,2026-04-02,88.03,Bloomberg,GBP
SEC00001,2026-04-03,88.45,Bloomberg,USD
SEC00001,2026-04-04,87.73,Refinitiv,INR
SEC00001,2026-04-05,86.71,ICE,USD
SEC00001,2026-04-06,85.66,ICE,GBP
SEC00001,2026-04-07,85.69,Bloomberg,GBP
SEC00001,2026-04-08,86.45,Bloomberg,INR
SEC00001,2026-04-09,84.29,ICE,INR
SEC00001,2026-04-10,83.65,Bloomberg,GBP
SEC00001,2026-04-11,84.01,Refinitiv,CAD
SEC00001,2026-04-12,85.03,Refinitiv,JPY
SEC00001,2026-04-13,85.03,Refinitiv,EUR
SEC00001,2026-04-14,85.45,ICE,CAD
SEC00001,2026-04-15,83.58,Bloomberg,JPY
SEC00001,2026-04-16,82.25,ICE,USD
SEC00001,2026-04-17,82.2,Refinitiv,GBP
SEC00001,2026-04-18,83.0,Refinitiv,JPY
SEC00001,2026-04-19,83.39,ICE,USD
SEC00001,2026-04-20,82.16,Bloomberg,GBP
SEC00001,2026-04-21,81.85,ICE,JPY
SEC00001,2026-04-22,84.11,Bloomberg,USD
SEC00001,2026-04-23,84.98,ICE,USD
SEC00001,2026-04-24,84.77,Bloomberg,GBP
SEC00001,2026-04-25,83.25,Refinitiv,EUR
SEC00001,2026-04-26,82.22,Bloomberg,USD
SEC00001,2026-04-27,82.28,Refinitiv,CAD
SEC00001,2026-04-28,82.73,Bloomberg,JPY
SEC00001,2026-04-29,83.61,Bloomberg,INR
SEC00001,2026-04-30,84.23,Bloomberg,EUR
SEC00001,2026-05-01,83.72,Bloomberg,JPY
SEC00001,2026-05-02,82.99,ICE,EUR
SEC00001,2026-05-03,86.09,Refinitiv,EUR
SEC00001,2026-05-04,85.27,Bloomberg,USD
SEC00001,2026-05-05,83.33,ICE,JPY
SEC00001,2026-05-06,80.91,Refinitiv,EUR
SEC00001,2026-05-07,80.44,Bloomberg,INR
SEC00001,2026-05-08,81.84,Refinitiv,USD
SEC00001,2026-05-09,81.03,Refinitiv,JPY
SEC00001,2026-05-10,83.23,Refinitiv,JPY
SEC00001,2026-05-11,83.26,ICE,EUR
SEC00001,2026-05-12,84.96,Refinitiv,CAD
SEC00001,2026-05-13,83.84,ICE,CAD
SEC00001,2026-05-14,82.77,ICE,USD
SEC00001,2026-05-15,82.94,ICE,USD
SEC00001,2026-05-16,83.71,Refinitiv,GBP
SEC00001,2026-05-17,83.48,ICE,INR
SEC00001,2026-05-18,83.96,ICE,EUR
SEC00001,2026-05-19,84.89,ICE,INR
SEC00002,2026-03-20,53.81,Refinitiv,USD
SEC00002,2026-03-21,53.56,Refinitiv,GBP
SEC00002,2026-03-22,54.21,Refinitiv,JPY
SEC00002,2026-03-23,53.24,ICE,USD
SEC00002,2026-03-24,53.42,Bloomberg,INR
SEC00002,2026-03-25,53.87,Bloomberg,GBP
SEC00002,2026-03-26,54.98,Refinitiv,GBP
SEC00002,2026-03-27,56.7,Refinitiv,USD
SEC00002,2026-03-28,56.34,Bloomberg,USD
SEC00002,2026-03-29,56.56,ICE,INR
SEC00002,2026-03-30,56.8,Bloomberg,USD
SEC00002,2026-03-31,57.5,Bloomberg,CAD
SEC00002,2026-04-01,58.08,ICE,JPY
SEC00002,2026-04-02,59.6,ICE,EUR
SEC00002,2026-04-03,57.13,Refinitiv,INR
SEC00002,2026-04-04,57.59,Bloomberg,GBP
SEC00002,2026-04-05,41.85,Refinitiv,EUR
SEC00002,2026-04-06,57.9,Bloomberg,CAD
SEC00002,2026-04-07,55.57,Refinitiv,USD
SEC00002,2026-04-08,55.54,ICE,JPY
SEC00002,2026-04-09,54.86,Refinitiv,GBP
SEC00002,2026-04-10,56.54,Refinitiv,CAD
SEC00002,2026-04-11,56.95,ICE,GBP
SEC00002,2026-04-12,56.16,Bloomberg,USD
SEC00002,2026-04-13,54.12,Bloomberg,USD
SEC00002,2026-04-14,54.72,ICE,JPY
SEC00002,2026-04-15,55.43,Bloomberg,CAD
SEC00002,2026-04-16,55.25,Bloomberg,JPY
SEC00002,2026-04-17,55.87,Bloomberg,JPY
SEC00002,2026-04-18,55.55,Refinitiv,CAD
SEC00002,2026-04-19,56.65,Refinitiv,GBP
SEC00002,2026-04-20,57.69,Refinitiv,JPY
SEC00002,2026-04-21,56.01,Refinitiv,INR
SEC00002,2026-04-22,54.63,Refinitiv,CAD
SEC00002,2026-04-23,56.66,Bloomberg,INR
SEC00002,2026-04-24,57.64,ICE,INR
SEC00002,2026-04-25,56.36,ICE,GBP
SEC00002,2026-04-26,54.79,Refinitiv,USD
SEC00002,2026-04-27,55.03,Refinitiv,USD
SEC00002,2026-04-28,53.92,ICE,INR
SEC00002,2026-04-29,53.64,Bloomberg,INR
SEC00002,2026-04-30,53.62,Bloomberg,INR
SEC00002,2026-05-01,53.56,ICE,INR
SEC00002,2026-05-02,54.67,Bloomberg,EUR
SEC00002,2026-05-03,56.51,Bloomberg,CAD
SEC00002,2026-05-04,56.05,Refinitiv,USD
SEC00002,2026-05-05,54.94,Refinitiv,JPY
SEC00002,2026-05-06,55.35,Refinitiv,JPY
SEC00002,2026-05-07,57.0,Bloomberg,GBP
SEC00002,2026-05-08,56.62,ICE,CAD
SEC00002,2026-05-09,57.51,Bloomberg,JPY
SEC00002,2026-05-10,56.67,ICE,JPY
SEC00002,2026-05-11,56.72,Bloomberg,JPY
SEC00002,2026-05-12,55.56,Bloomberg,GBP
SEC00002,2026-05-13,55.6,Refinitiv,USD
SEC00002,2026-05-14,55.51,Bloomberg,CAD
SEC00002,2026-05-15,56.15,Refinitiv,GBP
SEC00002,2026-05-16,57.98,Bloomberg,USD
SEC00002,2026-05-17,57.6,Refinitiv,JPY
SEC00002,2026-05-18,55.55,Bloomberg,INR
SEC00002,2026-05-19,55.38,Refinitiv,USD
SEC00003,2026-03-20,36.29,Bloomberg,INR
SEC00003,2026-03-21,36.04,Refinitiv,INR
SEC00003,2026-03-22,35.41,Refinitiv,EUR
SEC00003,2026-03-23,34.98,ICE,GBP
SEC00003,2026-03-24,35.4,Refinitiv,JPY
SEC00003,2026-03-25,35.27,ICE,CAD
SEC00003,2026-03-26,34.18,Refinitiv,EUR
SEC00003,2026-03-27,34.82,Bloomberg,EUR
SEC00003,2026-03-28,35.1,Bloomberg,GBP
SEC00003,2026-03-29,34.25,Bloomberg,JPY
SEC00003,2026-03-30,34.04,ICE,GBP
SEC00003,2026-03-31,33.57,Bloomberg,GBP
SEC00003,2026-04-01,34.0,Refinitiv,JPY
SEC00003,2026-04-02,33.79,Bloomberg,EUR
SEC00003,2026-04-03,33.76,ICE,EUR
SEC00003,2026-04-04,33.66,ICE,EUR
SEC00003,2026-04-05,32.78,ICE,USD
SEC00003,2026-04-06,33.63,Bloomberg,GBP
SEC00003,2026-04-07,34.04,Refinitiv,USD
SEC00003,2026-04-08,33.6,Bloomberg,CAD
SEC00003,2026-04-09,33.73,ICE,GBP
SEC00003,2026-04-10,34.34,Bloomberg,EUR
SEC00003,2026-04-11,34.4,ICE,CAD
SEC00003,2026-04-12,35.38,ICE,CAD
SEC00003,2026-04-13,37.25,ICE,JPY
SEC00003,2026-04-14,37.19,ICE,JPY
SEC00003,2026-04-15,36.81,Refinitiv,JPY
SEC00003,2026-04-16,36.18,Bloomberg,JPY
SEC00003,2026-04-17,34.75,Refinitiv,GBP
SEC00003,2026-04-18,35.55,Bloomberg,CAD
SEC00003,2026-04-19,35.34,ICE,USD
SEC00003,2026-04-20,35.92,Refinitiv,GBP
SEC00003,2026-04-21,36.63,ICE,INR
SEC00003,2026-04-22,35.94,ICE,GBP
SEC00003,2026-04-23,35.35,Bloomberg,INR
SEC00003,2026-04-24,36.48,Bloomberg,JPY
SEC00003,2026-04-25,36.45,Refinitiv,GBP
SEC00003,2026-04-26,36.04,Bloomberg,INR
SEC00003,2026-04-27,35.38,ICE,GBP
SEC00003,2026-04-28,35.31,ICE,CAD
SEC00003,2026-04-29,36.28,ICE,CAD
SEC00003,2026-04-30,36.75,Refinitiv,GBP
SEC00003,2026-05-01,36.89,ICE,JPY
SEC00003,2026-05-02,37.96,Refinitiv,JPY
SEC00003,2026-05-03,38.93,ICE,INR
SEC00003,2026-05-04,39.19,ICE,USD
SEC00003,2026-05-05,41.16,ICE,EUR
SEC00003,2026-05-06,41.0,Bloomberg,EUR
SEC00003,2026-05-07,41.83,ICE,INR
SEC00003,2026-05-08,41.56,Bloomberg,EUR
SEC00003,2026-05-09,42.25,Refinitiv,EUR
SEC00003,2026-05-10,42.09,Refinitiv,INR
SEC00003,2026-05-11,42.46,Bloomberg,EUR
SEC00003,2026-05-12,44.3,Bloomberg,INR
SEC00003,2026-05-13,45.08,Bloomberg,EUR
SEC00003,2026-05-14,45.49,ICE,USD
SEC00003,2026-05-15,44.88,Refinitiv,USD
SEC00003,2026-05-16,45.06,ICE,INR
SEC00003,2026-05-17,44.26,ICE,JPY
SEC00003,2026-05-18,44.99,Refinitiv,CAD
SEC00003,2026-05-19,45.71,ICE,USD
SEC00004,2026-03-20,45.28,ICE,USD
SEC00004,2026-03-21,46.03,Bloomberg,EUR
SEC00004,2026-03-22,44.02,Refinitiv,USD
SEC00004,2026-03-23,44.63,Bloomberg,GBP
SEC00004,2026-03-24,44.08,ICE,USD
SEC00004,2026-03-25,43.53,Bloomberg,EUR
SEC00004,2026-03-26,45.09,Bloomberg,EUR
SEC00004,2026-03-27,44.68,Refinitiv,USD
SEC00004,2026-03-28,45.47,ICE,EUR
SEC00004,2026-03-29,45.72,ICE,INR
SEC00004,2026-03-30,46.06,Refinitiv,EUR
SEC00004,2026-03-31,45.87,ICE,CAD
SEC00004,2026-04-01,45.65,Refinitiv,USD
SEC00004,2026-04-02,46.93,ICE,GBP
SEC00004,2026-04-03,47.74,Bloomberg,INR
SEC00004,2026-04-04,47.33,Bloomberg,GBP
SEC00004,2026-04-05,46.46,Bloomberg,GBP
SEC00004,2026-04-06,46.0,ICE,USD
SEC00004,2026-04-07,46.83,Bloomberg,CAD
SEC00004,2026-04-08,47.85,Bloomberg,USD
SEC00004,2026-04-09,48.35,Refinitiv,EUR
SEC00004,2026-04-10,46.97,ICE,USD
SEC00004,2026-04-11,47.63,Refinitiv,CAD
SEC00004,2026-04-12,48.77,ICE,USD
SEC00004,2026-04-13,48.95,Bloomberg,USD
SEC00004,2026-04-14,50.72,ICE,EUR
SEC00004,2026-04-15,49.54,Bloomberg,GBP
SEC00004,2026-04-16,50.17,Bloomberg,USD
SEC00004,2026-04-17,49.27,Refinitiv,CAD
SEC00004,2026-04-18,50.24,Bloomberg,CAD
SEC00004,2026-04-19,50.82,Refinitiv,GBP
SEC00004,2026-04-20,52.49,ICE,GBP
SEC00004,2026-04-21,52.99,Bloomberg,EUR
SEC00004,2026-04-22,52.63,Bloomberg,JPY
SEC00004,2026-04-23,52.19,Bloomberg,EUR
SEC00004,2026-04-24,51.98,Bloomberg,USD
SEC00004,2026-04-25,51.53,ICE,USD
SEC00004,2026-04-26,52.81,Refinitiv,EUR
SEC00004,2026-04-27,54.04,Bloomberg,EUR
SEC00004,2026-04-28,52.62,Bloomberg,EUR
SEC00004,2026-04-29,52.68,ICE,JPY
SEC00004,2026-04-30,37.99,ICE,INR
SEC00004,2026-05-01,52.05,ICE,USD
SEC00004,2026-05-02,52.48,Bloomberg,GBP
SEC00004,2026-05-03,53.89,Refinitiv,INR
SEC00004,2026-05-04,54.78,Bloomberg,USD
SEC00004,2026-05-05,56.14,ICE,JPY
SEC00004,2026-05-06,55.44,Refinitiv,EUR
SEC00004,2026-05-07,55.51,ICE,INR
SEC00004,2026-05-08,54.77,Bloomberg,USD
SEC00004,2026-05-09,55.03,ICE,CAD
SEC00004,2026-05-10,55.39,Bloomberg,INR
SEC00004,2026-05-11,56.37,ICE,USD
SEC00004,2026-05-12,57.73,Bloomberg,USD
SEC00004,2026-05-13,58.48,ICE,INR
SEC00004,2026-05-14,57.6,Bloomberg,EUR
SEC00004,2026-05-15,56.23,Refinitiv,CAD
SEC00005,2026-03-20,57.51,Bloomberg,EUR
SEC00005,2026-03-21,56.73,ICE,JPY
SEC00005,2026-03-22,57.38,Bloomberg,USD
SEC00005,2026-03-23,57.18,Bloomberg,JPY
SEC00005,2026-03-24,57.99,ICE,EUR
SEC00005,2026-03-25,58.93,Bloomberg,CAD
SEC00005,2026-03-26,58.63,ICE,JPY
SEC00005,2026-03-27,59.66,Bloomberg,INR
SEC00005,2026-03-28,59.84,Refinitiv,EUR
SEC00005,2026-03-29,60.16,Bloomberg,USD
SEC00005,2026-03-30,57.82,Refinitiv,INR
SEC00005,2026-03-31,56.84,ICE,INR
SEC00005,2026-04-01,55.93,ICE,CAD
SEC00005,2026-04-02,55.64,Bloomberg,GBP
SEC00005,2026-04-03,55.78,Refinitiv,INR
SEC00005,2026-04-04,55.96,ICE,CAD
SEC00005,2026-04-05,56.28,Bloomberg,JPY
SEC00005,2026-04-06,55.61,Bloomberg,EUR
SEC00005,2026-04-07,56.33,Refinitiv,JPY
SEC00005,2026-04-08,58.2,ICE,CAD
SEC00005,2026-04-09,57.85,Refinitiv,JPY
SEC00005,2026-04-10,57.19,Bloomberg,USD
SEC00005,2026-04-11,56.52,ICE,CAD
SEC00005,2026-04-12,56.63,ICE,EUR
SEC00005,2026-04-13,56.12,Refinitiv,EUR
SEC00005,2026-04-14,54.4,ICE,GBP
SEC00005,2026-04-15,53.0,ICE,GBP
SEC00005,2026-04-16,54.0,Refinitiv,JPY
SEC00005,2026-04-17,55.28,ICE,USD
SEC00005,2026-04-18,56.9,Refinitiv,GBP
SEC00005,2026-04-19,57.16,Bloomberg,INR
SEC00005,2026-04-20,56.17,ICE,USD
SEC00005,2026-04-21,55.75,ICE,CAD
SEC00005,2026-04-22,54.28,Bloomberg,JPY
SEC00005,2026-04-23,52.81,Refinitiv,USD
SEC00005,2026-04-24,53.08,ICE,INR
SEC00005,2026-04-25,53.63,Bloomberg,EUR
SEC00005,2026-04-26,55.54,ICE,INR
SEC00005,2026-04-27,55.49,Bloomberg,GBP
SEC00005,2026-04-28,54.16,Refinitiv,USD
SEC00005,2026-04-29,54.07,ICE,EUR
SEC00005,2026-04-30,53.82,ICE,USD
SEC00005,2026-05-01,53.37,ICE,USD
SEC00005,2026-05-02,53.73,ICE,GBP
SEC00005,2026-05-03,52.58,Refinitiv,USD
SEC00005,2026-05-04,52.73,ICE,JPY
SEC00005,2026-05-05,53.37,Bloomberg,GBP
SEC00005,2026-05-06,54.76,Refinitiv,INR
SEC00005,2026-05-07,55.1,Refinitiv,USD
SEC00005,2026-05-08,56.16,Refinitiv,GBP
SEC00005,2026-05-09,55.74,Refinitiv,GBP
SEC00005,2026-05-10,55.46,Refinitiv,EUR
SEC00005,2026-05-11,56.84,Bloomberg,INR
SEC00005,2026-05-12,55.46,Bloomberg,INR
SEC00005,2026-05-13,55.09,Refinitiv,JPY
SEC00005,2026-05-14,56.23,Bloomberg,EUR
SEC00005,2026-05-15,56.05,ICE,INR
SEC00005,2026-05-16,55.79,Bloomberg,CAD
SEC00005,2026-05-17,55.55,ICE,USD
SEC00005,2026-05-18,55.69,Bloomberg,EUR
SEC00005,2026-05-19,56.81,ICE,CAD
SEC00006,2026-03-20,89.03,ICE,GBP
SEC00006,2026-03-21,87.61,ICE,USD
SEC00006,2026-03-22,88.09,ICE,JPY
SEC00006,2026-03-23,88.92,Bloomberg,INR
SEC00006,2026-03-24,88.2,ICE,INR
SEC00006,2026-03-25,88.51,ICE,CAD
SEC00006,2026-03-26,86.56,Bloomberg,EUR
SEC00006,2026-03-27,85.62,Bloomberg,USD
SEC00006,2026-03-28,86.24,Bloomberg,INR
SEC00006,2026-03-29,88.62,Refinitiv,USD
SEC00006,2026-03-30,90.5,Refinitiv,USD
SEC00006,2026-03-31,91.63,Bloomberg,USD
SEC00006,2026-04-01,91.8,Refinitiv,USD
SEC00006,2026-04-02,91.72,ICE,CAD
SEC00006,2026-04-03,89.38,ICE,INR
SEC00006,2026-04-04,88.08,ICE,CAD
SEC00006,2026-04-05,86.85,ICE,EUR
SEC00006,2026-04-06,87.79,Refinitiv,EUR
SEC00006,2026-04-07,89.33,ICE,USD
SEC00006,2026-04-08,90.56,Refinitiv,GBP
SEC00006,2026-04-09,92.53,ICE,EUR
SEC00006,2026-04-10,92.7,ICE,GBP
SEC00006,2026-04-11,91.11,ICE,JPY
SEC00006,2026-04-12,91.07,Refinitiv,EUR
SEC00006,2026-04-13,89.93,Bloomberg,JPY
SEC00006,2026-04-14,91.04,Bloomberg,CAD
SEC00006,2026-04-15,90.49,Bloomberg,EUR
SEC00006,2026-04-16,90.38,Bloomberg,CAD
SEC00006,2026-04-17,91.55,Refinitiv,USD
SEC00006,2026-04-18,90.38,Bloomberg,CAD
SEC00006,2026-04-19,91.99,ICE,EUR
SEC00006,2026-04-20,89.8,Refinitiv,EUR
SEC00006,2026-04-21,90.34,ICE,INR
SEC00006,2026-04-22,90.24,Refinitiv,CAD
SEC00006,2026-04-23,91.63,Bloomberg,CAD
SEC00006,2026-04-24,89.41,Bloomberg,CAD
SEC00006,2026-04-25,86.99,ICE,JPY
SEC00006,2026-04-26,88.21,Bloomberg,INR
SEC00006,2026-04-27,87.63,ICE,CAD
SEC00006,2026-04-28,87.53,Bloomberg,EUR
SEC00006,2026-04-29,86.54,Refinitiv,GBP
SEC00006,2026-04-30,88.0,Bloomberg,USD
SEC00006,2026-05-01,88.52,Refinitiv,CAD
SEC00006,2026-05-02,88.95,Bloomberg,EUR
SEC00006,2026-05-03,87.12,ICE,USD
SEC00006,2026-05-04,87.95,Bloomberg,CAD
SEC00006,2026-05-05,86.42,Bloomberg,EUR
SEC00006,2026-05-06,85.44,Bloomberg,GBP
SEC00006,2026-05-07,83.39,ICE,CAD
SEC00006,2026-05-08,83.19,Refinitiv,INR
SEC00006,2026-05-09,84.83,Refinitiv,INR
SEC00006,2026-05-10,85.22,Refinitiv,EUR
SEC00006,2026-05-11,84.58,ICE,CAD
SEC00006,2026-05-12,84.79,Bloomberg,USD
SEC00006,2026-05-13,84.99,ICE,USD
SEC00006,2026-05-14,85.13,ICE,CAD
SEC00006,2026-05-15,85.45,Bloomberg,INR
SEC00006,2026-05-16,83.89,Bloomberg,EUR
SEC00006,2026-05-17,84.09,Refinitiv,INR
SEC00006,2026-05-18,81.48,Bloomberg,USD
SEC00006,2026-05-19,82.36,Bloomberg,INR
SEC00007,2026-03-20,51.16,Refinitiv,USD
SEC00007,2026-03-21,50.26,ICE,USD
SEC00007,2026-03-22,50.42,Bloomberg,GBP
SEC00007,2026-03-23,51.85,ICE,GBP
SEC00007,2026-03-24,51.67,ICE,JPY
SEC00007,2026-03-25,53.41,Bloomberg,EUR
SEC00007,2026-03-26,53.59,ICE,GBP
SEC00007,2026-03-27,53.56,Refinitiv,GBP
SEC00007,2026-03-28,53.7,Bloomberg,JPY
SEC00007,2026-03-29,53.43,Bloomberg,CAD
SEC00007,2026-03-30,51.55,ICE,INR
SEC00007,2026-03-31,52.39,Bloomberg,USD
SEC00007,2026-04-01,54.49,Bloomberg,CAD
SEC00007,2026-04-02,54.99,ICE,INR
SEC00007,2026-04-03,55.55,Refinitiv,EUR
SEC00007,2026-04-04,55.4,ICE,JPY
SEC00007,2026-04-05,56.58,Refinitiv,USD
SEC00007,2026-04-06,56.57,Refinitiv,INR
SEC00007,2026-04-07,56.87,ICE,USD
SEC00007,2026-04-08,55.29,Bloomberg,CAD
SEC00007,2026-04-09,54.79,Bloomberg,GBP
SEC00007,2026-04-10,55.18,Refinitiv,GBP
SEC00007,2026-04-11,56.11,ICE,CAD
SEC00007,2026-04-12,57.08,Refinitiv,EUR
SEC00007,2026-04-13,55.49,ICE,INR
SEC00007,2026-04-14,54.04,ICE,GBP
SEC00007,2026-04-15,54.64,Refinitiv,EUR
SEC00007,2026-04-16,53.93,Refinitiv,JPY
SEC00007,2026-04-17,54.82,Bloomberg,JPY
SEC00007,2026-04-18,53.24,Refinitiv,CAD
SEC00007,2026-04-19,53.18,Bloomberg,EUR
SEC00007,2026-04-20,53.17,Refinitiv,CAD
SEC00007,2026-04-21,53.66,Bloomberg,CAD
SEC00007,2026-04-22,52.69,ICE,USD
SEC00007,2026-04-23,50.85,Refinitiv,EUR
SEC00007,2026-04-24,51.03,Refinitiv,CAD
SEC00007,2026-04-25,51.54,Refinitiv,JPY
SEC00007,2026-04-26,52.5,Bloomberg,JPY
SEC00007,2026-04-27,52.19,Refinitiv,CAD
SEC00007,2026-04-28,52.94,ICE,EUR
SEC00007,2026-04-29,53.43,Refinitiv,GBP
SEC00007,2026-04-30,54.73,Refinitiv,GBP
SEC00007,2026-05-01,54.7,ICE,EUR
SEC00007,2026-05-02,53.03,Bloomberg,EUR
SEC00007,2026-05-03,52.99,ICE,EUR
SEC00007,2026-05-04,53.1,Bloomberg,GBP
SEC00007,2026-05-05,53.62,ICE,CAD
SEC00007,2026-05-06,52.17,ICE,INR
SEC00007,2026-05-07,51.9,ICE,INR
SEC00007,2026-05-08,52.74,Bloomberg,GBP
SEC00007,2026-05-09,52.67,Refinitiv,GBP
SEC00007,2026-05-10,52.4,ICE,CAD
SEC00007,2026-05-11,54.23,Refinitiv,USD
SEC00007,2026-05-12,53.21,Refinitiv,EUR
SEC00007,2026-05-13,54.42,Refinitiv,EUR
SEC00007,2026-05-14,55.45,Bloomberg,EUR
SEC00007,2026-05-15,55.25,Refinitiv,USD
SEC00007,2026-05-16,55.24,Bloomberg,EUR
SEC00007,2026-05-17,55.23,Refinitiv,JPY
SEC00007,2026-05-18,55.44,Refinitiv,JPY
SEC00007,2026-05-19,54.88,Bloomberg,INR
SEC00008,2026-03-20,38.6,Bloomberg,INR
SEC00008,2026-03-21,38.49,ICE,GBP
SEC00008,2026-03-22,38.71,Refinitiv,GBP
SEC00008,2026-03-23,38.71,ICE,CAD
SEC00008,2026-03-24,38.64,Refinitiv,INR
SEC00008,2026-03-25,38.69,Bloomberg,GBP
SEC00008,2026-03-26,38.69,ICE,INR
SEC00008,2026-03-27,38.16,Refinitiv,EUR
SEC00008,2026-03-28,38.94,ICE,CAD
SEC00008,2026-03-29,38.62,Refinitiv,INR
SEC00008,2026-03-30,38.73,Refinitiv,GBP
SEC00008,2026-03-31,37.32,Bloomberg,JPY
SEC00008,2026-04-01,37.19,Refinitiv,JPY
SEC00008,2026-04-02,36.47,Bloomberg,GBP
SEC00008,2026-04-03,35.85,ICE,CAD
SEC00008,2026-04-04,37.43,Bloomberg,JPY
SEC00008,2026-04-05,37.62,Bloomberg,INR
SEC00008,2026-04-06,38.47,Refinitiv,INR
SEC00008,2026-04-07,39.08,Refinitiv,EUR
SEC00008,2026-04-08,39.79,Refinitiv,JPY
SEC00008,2026-04-09,39.66,ICE,INR
SEC00008,2026-04-10,40.83,ICE,CAD
SEC00008,2026-04-11,41.47,Refinitiv,JPY
SEC00008,2026-04-12,41.53,Refinitiv,JPY
SEC00008,2026-04-13,41.74,Bloomberg,CAD
SEC00008,2026-04-14,41.66,Refinitiv,JPY
SEC00008,2026-04-15,41.72,ICE,GBP
SEC00008,2026-04-16,41.71,Refinitiv,JPY
SEC00008,2026-04-17,42.02,ICE,EUR
SEC00008,2026-04-18,43.35,Bloomberg,USD
SEC00008,2026-04-19,42.44,ICE,USD
SEC00008,2026-04-20,43.33,ICE,CAD
SEC00008,2026-04-21,43.06,ICE,EUR
SEC00008,2026-04-22,44.07,Refinitiv,GBP
SEC00008,2026-04-23,43.83,Bloomberg,EUR
SEC00008,2026-04-24,44.17,ICE,JPY
SEC00008,2026-04-25,44.07,Refinitiv,INR
SEC00008,2026-04-26,42.72,Refinitiv,CAD
SEC00008,2026-04-27,44.08,Bloomberg,EUR
SEC00008,2026-04-28,43.35,Bloomberg,GBP
SEC00008,2026-04-29,43.44,ICE,GBP
SEC00008,2026-04-30,42.64,Bloomberg,USD
SEC00008,2026-05-01,41.63,Refinitiv,EUR
SEC00008,2026-05-02,41.5,Bloomberg,USD
SEC00008,2026-05-03,41.08,Refinitiv,INR
SEC00008,2026-05-04,40.23,ICE,USD
SEC00008,2026-05-05,40.23,ICE,JPY
SEC00008,2026-05-06,39.18,Refinitiv,CAD
SEC00008,2026-05-07,39.28,Bloomberg,JPY
SEC00008,2026-05-08,39.21,Bloomberg,GBP
SEC00008,2026-05-09,37.48,Bloomberg,EUR
SEC00008,2026-05-10,37.15,Refinitiv,USD
SEC00008,2026-05-11,37.48,ICE,EUR
SEC00008,2026-05-12,36.78,Bloomberg,GBP
SEC00008,2026-05-13,37.14,Refinitiv,JPY
SEC00008,2026-05-14,37.45,ICE,JPY
SEC00008,2026-05-15,36.78,Refinitiv,INR
SEC00008,2026-05-16,36.79,Refinitiv,USD
SEC00008,2026-05-17,37.35,Refinitiv,INR
SEC00008,2026-05-18,36.78,Bloomberg,CAD
SEC00008,2026-05-19,36.67,Refinitiv,EUR
SEC00009,2026-03-20,90.32,Refinitiv,EUR
SEC00009,2026-03-21,88.36,ICE,INR
SEC00009,2026-03-22,85.38,Refinitiv,INR
SEC00009,2026-03-23,86.19,Refinitiv,CAD
SEC00009,2026-03-24,88.68,ICE,CAD
SEC00009,2026-03-25,87.19,Bloomberg,USD
SEC00009,2026-03-26,90.52,Refinitiv,INR
SEC00009,2026-03-27,90.56,Bloomberg,USD
SEC00009,2026-03-28,87.41,Bloomberg,JPY
SEC00009,2026-03-29,85.0,ICE,GBP
SEC00009,2026-03-30,86.22,ICE,USD
SEC00009,2026-03-31,86.46,Bloomberg,INR
SEC00009,2026-04-01,88.81,Refinitiv,USD
SEC00009,2026-04-02,86.94,Bloomberg,INR
SEC00009,2026-04-03,87.17,ICE,INR
SEC00009,2026-04-04,87.23,Refinitiv,CAD
SEC00009,2026-04-05,87.05,ICE,GBP
SEC00009,2026-04-06,86.49,Bloomberg,CAD
SEC00009,2026-04-07,85.97,Refinitiv,GBP
SEC00009,2026-04-08,86.28,ICE,EUR
SEC00009,2026-04-09,86.79,ICE,USD
SEC00009,2026-04-10,87.23,Bloomberg,GBP
SEC00009,2026-04-11,89.17,Refinitiv,EUR
SEC00009,2026-04-12,87.29,ICE,JPY
SEC00009,2026-04-13,84.48,ICE,INR
SEC00009,2026-04-14,86.07,Refinitiv,JPY
SEC00009,2026-04-15,84.65,Refinitiv,INR
SEC00009,2026-04-16,84.12,ICE,EUR
SEC00009,2026-04-17,83.23,Refinitiv,EUR
SEC00009,2026-04-18,82.33,Bloomberg,CAD
SEC00009,2026-04-19,80.21,Refinitiv,INR
SEC00009,2026-04-20,79.42,ICE,USD
SEC00009,2026-04-21,80.39,Refinitiv,EUR
SEC00009,2026-04-22,80.43,Bloomberg,EUR
SEC00009,2026-04-23,81.2,Refinitiv,USD
SEC00009,2026-04-24,80.51,Refinitiv,EUR
SEC00009,2026-04-25,81.86,ICE,INR
SEC00009,2026-04-26,81.15,Refinitiv,EUR
SEC00009,2026-04-27,78.11,ICE,JPY
SEC00009,2026-04-28,78.6,Refinitiv,USD
SEC00009,2026-04-29,79.72,Bloomberg,JPY
SEC00009,2026-04-30,78.96,Refinitiv,INR
SEC00009,2026-05-01,80.7,Bloomberg,EUR
SEC00009,2026-05-02,79.51,ICE,CAD
SEC00009,2026-05-03,80.51,ICE,USD
SEC00009,2026-05-04,83.08,Bloomberg,CAD
SEC00009,2026-05-05,83.17,Refinitiv,GBP
SEC00009,2026-05-06,82.88,ICE,EUR
SEC00009,2026-05-07,82.76,Bloomberg,INR
SEC00009,2026-05-08,85.23,ICE,GBP
SEC00009,2026-05-09,85.89,Bloomberg,USD
SEC00009,2026-05-10,89.24,Bloomberg,GBP
SEC00009,2026-05-11,89.74,Refinitiv,GBP
SEC00009,2026-05-12,88.73,Bloomberg,INR
SEC00009,2026-05-13,87.84,ICE,EUR
SEC00009,2026-05-14,87.98,ICE,JPY
SEC00009,2026-05-15,84.79,ICE,USD
SEC00009,2026-05-16,84.11,ICE,INR
SEC00009,2026-05-17,83.47,ICE,CAD
SEC00009,2026-05-18,83.87,ICE,CAD
SEC00009,2026-05-19,86.84,ICE,GBP
SEC00010,2026-03-20,45.25,ICE,EUR
SEC00010,2026-03-21,44.03,Bloomberg,EUR
SEC00010,2026-03-22,44.54,ICE,EUR
SEC00010,2026-03-23,43.45,ICE,GBP
SEC00010,2026-03-24,42.63,Bloomberg,CAD
SEC00010,2026-03-25,42.57,ICE,EUR
SEC00010,2026-03-26,42.28,Bloomberg,CAD
SEC00010,2026-03-27,42.97,Bloomberg,CAD
SEC00010,2026-03-28,43.04,Bloomberg,CAD
SEC00010,2026-03-29,42.44,ICE,EUR
SEC00010,2026-03-30,43.21,Bloomberg,USD
SEC00010,2026-03-31,43.79,ICE,GBP
SEC00010,2026-04-01,42.7,Refinitiv,JPY
SEC00010,2026-04-02,42.92,Refinitiv,EUR
SEC00010,2026-04-03,42.39,Refinitiv,JPY
SEC00010,2026-04-04,41.84,Bloomberg,GBP
SEC00010,2026-04-05,43.27,ICE,GBP
SEC00010,2026-04-06,43.39,Refinitiv,CAD
SEC00010,2026-04-07,43.24,Refinitiv,INR
SEC00010,2026-04-08,43.33,Bloomberg,CAD
SEC00010,2026-04-09,44.03,ICE,INR
SEC00010,2026-04-10,43.5,ICE,JPY
SEC00010,2026-04-11,43.11,Refinitiv,JPY
SEC00010,2026-04-12,43.64,Refinitiv,INR
SEC00010,2026-04-13,42.47,Refinitiv,INR
SEC00010,2026-04-14,43.25,Refinitiv,GBP
SEC00010,2026-04-15,42.02,Bloomberg,CAD
SEC00010,2026-04-16,41.85,ICE,EUR
SEC00010,2026-04-17,40.67,Bloomberg,CAD
SEC00010,2026-04-18,39.92,Bloomberg,GBP
SEC00010,2026-04-19,40.87,Bloomberg,INR
SEC00010,2026-04-20,41.66,Bloomberg,GBP
SEC00010,2026-04-21,42.54,Refinitiv,GBP
SEC00010,2026-04-22,41.45,ICE,JPY
SEC00010,2026-04-23,40.69,Refinitiv,EUR
SEC00010,2026-04-24,40.96,Refinitiv,EUR
SEC00010,2026-04-25,41.51,Refinitiv,INR
SEC00010,2026-04-26,40.93,Refinitiv,USD
SEC00010,2026-04-27,40.53,ICE,INR
SEC00010,2026-04-28,39.72,ICE,USD
SEC00010,2026-04-29,40.93,ICE,GBP
SEC00010,2026-04-30,40.6,ICE,INR
SEC00010,2026-05-01,40.64,ICE,USD
SEC00010,2026-05-02,40.72,Refinitiv,INR
SEC00010,2026-05-03,41.55,Refinitiv,INR
SEC00010,2026-05-04,40.86,ICE,USD
SEC00010,2026-05-05,41.74,Bloomberg,JPY
SEC00010,2026-05-06,40.8,Refinitiv,GBP
SEC00010,2026-05-07,41.68,ICE,USD
SEC00010,2026-05-08,40.41,Refinitiv,EUR
SEC00010,2026-05-09,40.35,Bloomberg,GBP
SEC00010,2026-05-10,41.56,Refinitiv,GBP
SEC00010,2026-05-11,42.1,Bloomberg,INR
SEC00010,2026-05-12,42.44,Refinitiv,JPY
SEC00010,2026-05-13,41.66,Refinitiv,JPY
SEC00010,2026-05-14,41.13,Refinitiv,EUR
SEC00010,2026-05-15,42.14,Refinitiv,JPY
SEC00010,2026-05-16,42.52,Bloomberg,INR
SEC00010,2026-05-17,43.23,Refinitiv,EUR
SEC00010,2026-05-18,43.31,Bloomberg,EUR
SEC00010,2026-05-19,43.11,Refinitiv,CAD
SEC00011,2026-03-20,55.2,Refinitiv,USD
SEC00011,2026-03-21,55.12,Refinitiv,JPY
SEC00011,2026-03-22,54.57,Bloomberg,USD
SEC00011,2026-03-23,54.79,Refinitiv,INR
SEC00011,2026-03-24,53.91,Bloomberg,GBP
SEC00011,2026-03-25,54.49,Refinitiv,INR
SEC00011,2026-03-26,54.23,Bloomberg,INR
SEC00011,2026-03-27,54.46,ICE,JPY
SEC00011,2026-03-28,54.7,ICE,EUR
SEC00011,2026-03-29,56.31,ICE,EUR
SEC00011,2026-03-30,56.72,Bloomberg,JPY
SEC00011,2026-03-31,56.83,Refinitiv,GBP
SEC00011,2026-04-01,56.15,ICE,JPY
SEC00011,2026-04-02,56.99,Refinitiv,INR
SEC00011,2026-04-03,56.74,Refinitiv,CAD
SEC00011,2026-04-04,55.21,ICE,GBP
SEC00011,2026-04-05,55.04,ICE,INR
SEC00011,2026-04-06,55.26,ICE,GBP
SEC00011,2026-04-07,54.47,Refinitiv,EUR
SEC00011,2026-04-08,54.38,Refinitiv,JPY
SEC00011,2026-04-09,54.34,Refinitiv,EUR
SEC00011,2026-04-10,54.31,Refinitiv,JPY
SEC00011,2026-04-11,55.55,Bloomberg,JPY
SEC00011,2026-04-12,54.26,ICE,EUR
SEC00011,2026-04-13,56.28,Refinitiv,USD
SEC00011,2026-04-14,56.27,Refinitiv,GBP
SEC00011,2026-04-15,56.89,ICE,CAD
SEC00011,2026-04-16,57.05,ICE,EUR
SEC00011,2026-04-17,55.3,Bloomberg,GBP
SEC00011,2026-04-18,54.28,Refinitiv,USD
SEC00011,2026-04-19,53.79,Refinitiv,USD
SEC00011,2026-04-20,54.78,Bloomberg,GBP
SEC00011,2026-04-21,53.45,Bloomberg,EUR
SEC00011,2026-04-22,52.65,Refinitiv,CAD
SEC00011,2026-04-23,52.83,ICE,EUR
SEC00011,2026-04-24,53.31,ICE,GBP
SEC00011,2026-04-25,53.76,Refinitiv,CAD
SEC00011,2026-04-26,52.83,Refinitiv,INR
SEC00011,2026-04-27,51.34,Bloomberg,EUR
SEC00011,2026-04-28,51.86,ICE,EUR
SEC00011,2026-04-29,53.23,ICE,GBP
SEC00011,2026-04-30,52.92,ICE,GBP
SEC00011,2026-05-01,51.86,Refinitiv,GBP
SEC00011,2026-05-02,51.48,Bloomberg,CAD
SEC00011,2026-05-03,51.88,Refinitiv,JPY
SEC00011,2026-05-04,51.68,Refinitiv,INR
SEC00011,2026-05-05,53.02,Refinitiv,EUR
SEC00011,2026-05-06,53.93,Bloomberg,CAD
SEC00011,2026-05-07,54.13,Bloomberg,CAD
SEC00011,2026-05-08,52.26,Refinitiv,USD
SEC00011,2026-05-09,51.63,ICE,INR
SEC00011,2026-05-10,51.15,ICE,JPY
SEC00011,2026-05-11,50.49,ICE,USD
SEC00011,2026-05-12,50.69,Bloomberg,JPY
SEC00011,2026-05-13,50.9,ICE,JPY
SEC00011,2026-05-14,49.4,Refinitiv,INR
SEC00011,2026-05-15,50.14,Bloomberg,JPY
SEC00012,2026-03-20,43.32,Bloomberg,EUR
SEC00012,2026-03-21,43.57,Bloomberg,INR
SEC00012,2026-03-22,43.5,Bloomberg,USD
SEC00012,2026-03-23,43.46,Refinitiv,GBP
SEC00012,2026-03-24,43.68,ICE,INR
SEC00012,2026-03-25,44.11,Bloomberg,INR
SEC00012,2026-03-26,44.35,ICE,EUR
SEC00012,2026-03-27,44.24,Refinitiv,INR
SEC00012,2026-03-28,43.62,Refinitiv,GBP
SEC00012,2026-03-29,43.16,ICE,JPY
SEC00012,2026-03-30,43.84,Refinitiv,USD
SEC00012,2026-03-31,43.53,Refinitiv,EUR
SEC00012,2026-04-01,42.5,ICE,EUR
SEC00012,2026-04-02,43.41,Bloomberg,GBP
SEC00012,2026-04-03,42.69,Refinitiv,GBP
SEC00012,2026-04-04,42.74,ICE,EUR
SEC00012,2026-04-05,43.14,ICE,USD
SEC00012,2026-04-06,43.16,Refinitiv,USD
SEC00012,2026-04-07,41.26,Bloomberg,USD
SEC00012,2026-04-08,41.57,Bloomberg,GBP
SEC00012,2026-04-09,42.58,ICE,INR
SEC00012,2026-04-10,43.21,ICE,GBP
SEC00012,2026-04-11,41.58,Bloomberg,EUR
SEC00012,2026-04-12,43.19,Bloomberg,JPY
SEC00012,2026-04-13,42.18,ICE,JPY
SEC00012,2026-04-14,41.38,Refinitiv,GBP
SEC00012,2026-04-15,41.99,ICE,CAD
SEC00012,2026-04-16,42.35,Refinitiv,INR
SEC00012,2026-04-17,42.43,Refinitiv,USD
SEC00012,2026-04-18,42.02,Bloomberg,CAD
SEC00012,2026-04-19,43.05,Refinitiv,CAD
SEC00012,2026-04-20,43.04,Bloomberg,GBP
SEC00012,2026-04-21,41.84,Bloomberg,INR
SEC00012,2026-04-22,42.79,Bloomberg,USD
SEC00012,2026-04-23,42.98,Bloomberg,JPY
SEC00012,2026-04-24,43.87,ICE,CAD
SEC00012,2026-04-25,44.34,Bloomberg,JPY
SEC00012,2026-04-26,46.27,Refinitiv,INR
SEC00012,2026-04-27,46.04,ICE,USD
SEC00012,2026-04-28,46.07,Bloomberg,JPY
SEC00012,2026-04-29,46.69,Refinitiv,CAD
SEC00012,2026-04-30,46.46,ICE,USD
SEC00012,2026-05-01,47.16,Refinitiv,GBP
SEC00012,2026-05-02,44.68,Refinitiv,USD
SEC00012,2026-05-03,44.64,ICE,USD
SEC00012,2026-05-04,44.58,ICE,CAD
SEC00012,2026-05-05,44.49,ICE,USD
SEC00012,2026-05-06,43.81,Refinitiv,USD
SEC00012,2026-05-07,44.55,Refinitiv,CAD
SEC00012,2026-05-08,44.17,Refinitiv,USD
SEC00012,2026-05-09,44.35,Bloomberg,EUR
SEC00012,2026-05-10,44.34,Refinitiv,GBP
SEC00012,2026-05-11,44.76,ICE,EUR
SEC00012,2026-05-12,45.94,Bloomberg,EUR
SEC00012,2026-05-13,46.12,ICE,EUR
SEC00012,2026-05-14,46.84,ICE,JPY
SEC00012,2026-05-15,46.99,Bloomberg,JPY
SEC00012,2026-05-16,46.58,Bloomberg,CAD
SEC00012,2026-05-17,46.49,ICE,EUR
SEC00012,2026-05-18,46.28,Bloomberg,GBP
SEC00012,2026-05-19,46.77,ICE,JPY
SEC00013,2026-03-20,28.81,Bloomberg,JPY
SEC00013,2026-03-21,29.1,Bloomberg,INR
SEC00013,2026-03-22,29.31,Refinitiv,GBP
SEC00013,2026-03-23,29.01,ICE,CAD
SEC00013,2026-03-24,29.54,ICE,GBP
SEC00013,2026-03-25,29.02,Refinitiv,GBP
SEC00013,2026-03-26,28.71,Bloomberg,GBP
SEC00013,2026-03-27,28.65,ICE,EUR
SEC00013,2026-03-28,28.82,Refinitiv,USD
SEC00013,2026-03-29,28.67,Bloomberg,USD
SEC00013,2026-03-30,29.32,Refinitiv,EUR
SEC00013,2026-03-31,29.49,ICE,JPY
SEC00013,2026-04-01,29.54,Refinitiv,JPY
SEC00013,2026-04-02,29.69,ICE,EUR
SEC00013,2026-04-03,30.1,Bloomberg,JPY
SEC00013,2026-04-04,30.25,Bloomberg,JPY
SEC00013,2026-04-05,40.4,Bloomberg,CAD
SEC00013,2026-04-06,29.86,ICE,USD
SEC00013,2026-04-07,29.94,Refinitiv,EUR
SEC00013,2026-04-08,30.33,Refinitiv,JPY
SEC00013,2026-04-09,30.12,ICE,EUR
SEC00013,2026-04-10,29.15,Refinitiv,CAD
SEC00013,2026-04-11,27.97,Bloomberg,EUR
SEC00013,2026-04-12,27.5,ICE,USD
SEC00013,2026-04-13,27.77,Bloomberg,CAD
SEC00013,2026-04-14,28.44,Refinitiv,USD
SEC00013,2026-04-15,28.61,ICE,JPY
SEC00013,2026-04-16,28.08,Refinitiv,CAD
SEC00013,2026-04-17,27.7,Bloomberg,GBP
SEC00013,2026-04-18,28.39,Refinitiv,EUR
SEC00013,2026-04-19,27.73,Bloomberg,USD
SEC00013,2026-04-20,28.79,Bloomberg,USD
SEC00013,2026-04-21,29.78,Refinitiv,CAD
SEC00013,2026-04-22,30.94,Bloomberg,USD
SEC00013,2026-04-23,31.17,Bloomberg,USD
SEC00013,2026-04-24,30.99,Refinitiv,GBP
SEC00013,2026-04-25,31.21,Refinitiv,INR
SEC00013,2026-04-26,31.73,Refinitiv,JPY
SEC00013,2026-04-27,31.38,ICE,EUR
SEC00013,2026-04-28,30.77,Bloomberg,EUR
SEC00013,2026-04-29,30.63,Bloomberg,INR
SEC00013,2026-04-30,30.22,ICE,JPY
SEC00013,2026-05-01,30.91,Bloomberg,CAD
SEC00013,2026-05-02,30.58,ICE,GBP
SEC00013,2026-05-03,30.65,ICE,JPY
SEC00013,2026-05-04,31.21,Refinitiv,GBP
SEC00013,2026-05-05,31.94,Bloomberg,EUR
SEC00013,2026-05-06,32.08,Refinitiv,INR
SEC00013,2026-05-07,32.31,ICE,USD
SEC00013,2026-05-08,31.74,Bloomberg,GBP
SEC00013,2026-05-09,32.34,ICE,JPY
SEC00013,2026-05-10,33.09,ICE,INR
SEC00013,2026-05-11,31.99,ICE,JPY
SEC00013,2026-05-12,33.03,Bloomberg,EUR
SEC00013,2026-05-13,32.63,ICE,EUR
SEC00013,2026-05-14,32.99,ICE,GBP
SEC00013,2026-05-15,33.05,Bloomberg,INR
SEC00013,2026-05-16,33.03,ICE,GBP
SEC00013,2026-05-17,32.93,Bloomberg,GBP
SEC00013,2026-05-18,32.36,ICE,EUR
SEC00013,2026-05-19,32.68,Bloomberg,INR
SEC00014,2026-03-20,35.39,Bloomberg,USD
SEC00014,2026-03-21,35.96,Refinitiv,CAD
SEC00014,2026-03-22,35.78,ICE,USD
SEC00014,2026-03-23,36.68,Bloomberg,CAD
SEC00014,2026-03-24,36.41,Bloomberg,CAD
SEC00014,2026-03-25,36.35,Refinitiv,INR
SEC00014,2026-03-26,35.72,Bloomberg,GBP
SEC00014,2026-03-27,35.82,ICE,USD
SEC00014,2026-03-28,35.84,Bloomberg,JPY
SEC00014,2026-03-29,36.27,Bloomberg,CAD
SEC00014,2026-03-30,35.87,ICE,INR
SEC00014,2026-03-31,35.45,Refinitiv,JPY
SEC00014,2026-04-01,35.76,ICE,USD
SEC00014,2026-04-02,36.68,Bloomberg,INR
SEC00014,2026-04-03,37.11,Bloomberg,EUR
SEC00014,2026-04-04,38.37,Bloomberg,USD
SEC00014,2026-04-05,38.77,Refinitiv,JPY
SEC00014,2026-04-06,39.15,Bloomberg,CAD
SEC00014,2026-04-07,39.65,ICE,JPY
SEC00014,2026-04-08,40.73,Bloomberg,JPY
SEC00014,2026-04-09,41.66,ICE,EUR
SEC00014,2026-04-10,40.87,Refinitiv,JPY
SEC00014,2026-04-11,41.48,ICE,CAD
SEC00014,2026-04-12,41.7,Bloomberg,USD
SEC00014,2026-04-13,41.57,Bloomberg,EUR
SEC00014,2026-04-14,40.26,Refinitiv,CAD
SEC00014,2026-04-15,39.17,Refinitiv,INR
SEC00014,2026-04-16,38.93,Refinitiv,CAD
SEC00014,2026-04-17,37.92,Bloomberg,INR
SEC00014,2026-04-18,37.71,Bloomberg,EUR
SEC00014,2026-04-19,38.21,ICE,USD
SEC00014,2026-04-20,37.83,Bloomberg,GBP
SEC00014,2026-04-21,37.91,Bloomberg,INR
SEC00014,2026-04-22,37.2,Refinitiv,GBP
SEC00014,2026-04-23,37.41,Bloomberg,CAD
SEC00014,2026-04-24,37.78,Refinitiv,INR
SEC00014,2026-04-25,36.83,Refinitiv,CAD
SEC00014,2026-04-26,36.35,Refinitiv,CAD
SEC00014,2026-04-27,35.54,ICE,USD
SEC00014,2026-04-28,35.88,Bloomberg,INR
SEC00014,2026-04-29,36.0,Bloomberg,EUR
SEC00014,2026-04-30,35.99,ICE,GBP
SEC00014,2026-05-01,35.92,Bloomberg,EUR
SEC00014,2026-05-02,36.15,Bloomberg,CAD
SEC00014,2026-05-03,36.39,Refinitiv,CAD
SEC00014,2026-05-04,36.09,ICE,EUR
SEC00014,2026-05-05,35.69,Bloomberg,CAD
SEC00014,2026-05-06,35.67,ICE,USD
SEC00014,2026-05-07,35.57,Bloomberg,INR
SEC00014,2026-05-08,36.9,ICE,CAD
SEC00014,2026-05-09,36.67,Bloomberg,CAD
SEC00014,2026-05-10,36.88,ICE,GBP
SEC00014,2026-05-11,37.2,Refinitiv,INR
SEC00014,2026-05-12,38.16,ICE,CAD
SEC00014,2026-05-13,37.62,Refinitiv,EUR
SEC00014,2026-05-14,38.55,ICE,EUR
SEC00014,2026-05-15,38.47,ICE,JPY
SEC00015,2026-03-20,53.35,ICE,JPY
SEC00015,2026-03-21,54.29,ICE,GBP
SEC00015,2026-03-22,55.27,ICE,USD
SEC00015,2026-03-23,55.46,Bloomberg,INR
SEC00015,2026-03-24,54.34,ICE,EUR
SEC00015,2026-03-25,53.61,ICE,GBP
SEC00015,2026-03-26,53.7,ICE,EUR
SEC00015,2026-03-27,52.56,ICE,EUR
SEC00015,2026-03-28,52.88,Bloomberg,INR
SEC00015,2026-03-29,53.67,ICE,EUR
SEC00015,2026-03-30,54.22,Refinitiv,CAD
SEC00015,2026-03-31,54.74,Refinitiv,JPY
SEC00015,2026-04-01,52.93,Bloomberg,JPY
SEC00015,2026-04-02,54.23,ICE,JPY
SEC00015,2026-04-03,52.73,Bloomberg,INR
SEC00015,2026-04-04,52.61,Refinitiv,USD
SEC00015,2026-04-05,53.22,Refinitiv,EUR
SEC00015,2026-04-06,53.59,ICE,CAD
SEC00015,2026-04-07,52.38,ICE,JPY
SEC00015,2026-04-08,51.38,Bloomberg,USD
SEC00015,2026-04-09,51.67,Bloomberg,GBP
SEC00015,2026-04-10,52.17,Bloomberg,CAD
SEC00015,2026-04-11,51.15,Bloomberg,EUR
SEC00015,2026-04-12,51.54,ICE,CAD
SEC00015,2026-04-13,50.16,Refinitiv,USD
SEC00015,2026-04-14,50.75,Bloomberg,JPY
SEC00015,2026-04-15,49.97,ICE,GBP
SEC00015,2026-04-16,50.07,Bloomberg,GBP
SEC00015,2026-04-17,50.01,Bloomberg,GBP
SEC00015,2026-04-18,51.08,Refinitiv,INR
SEC00015,2026-04-19,51.33,Bloomberg,GBP
SEC00015,2026-04-20,50.8,Bloomberg,GBP
SEC00015,2026-04-21,51.16,ICE,INR
SEC00015,2026-04-22,53.15,ICE,USD
SEC00015,2026-04-23,53.89,ICE,CAD
SEC00015,2026-04-24,53.86,ICE,INR
SEC00015,2026-04-25,53.08,Bloomberg,INR
SEC00015,2026-04-26,52.51,ICE,EUR
SEC00015,2026-04-27,53.18,Refinitiv,GBP
SEC00015,2026-04-28,52.36,Bloomberg,USD
SEC00015,2026-04-29,52.39,Bloomberg,USD
SEC00015,2026-04-30,53.77,Refinitiv,USD
SEC00015,2026-05-01,53.95,Bloomberg,JPY
SEC00015,2026-05-02,52.92,Bloomberg,GBP
SEC00015,2026-05-03,55.03,Refinitiv,GBP
SEC00015,2026-05-04,56.8,Refinitiv,USD
SEC00015,2026-05-05,57.34,Bloomberg,GBP
SEC00015,2026-05-06,58.68,Refinitiv,INR
SEC00015,2026-05-07,58.43,Bloomberg,USD
SEC00015,2026-05-08,59.22,Refinitiv,CAD
SEC00015,2026-05-09,58.8,Bloomberg,USD
SEC00015,2026-05-10,57.4,Refinitiv,JPY
SEC00015,2026-05-11,60.1,Refinitiv,USD
SEC00015,2026-05-12,58.61,Refinitiv,GBP
SEC00015,2026-05-13,58.95,Bloomberg,CAD
SEC00015,2026-05-14,59.29,Refinitiv,EUR
SEC00015,2026-05-15,59.87,ICE,INR
SEC00015,2026-05-16,82.53,Bloomberg,CAD
SEC00015,2026-05-17,59.75,Refinitiv,EUR
SEC00015,2026-05-18,59.92,Refinitiv,EUR
SEC00015,2026-05-19,60.47,ICE,EUR
SEC00016,2026-03-20,32.97,Refinitiv,USD
SEC00016,2026-03-21,33.45,ICE,JPY
SEC00016,2026-03-22,33.17,Refinitiv,JPY
SEC00016,2026-03-23,33.08,Bloomberg,JPY
SEC00016,2026-03-24,33.7,Bloomberg,INR
SEC00016,2026-03-25,33.22,Bloomberg,USD
SEC00016,2026-03-26,32.69,ICE,USD
SEC00016,2026-03-27,32.57,ICE,USD
SEC00016,2026-03-28,33.34,Refinitiv,CAD
SEC00016,2026-03-29,34.32,ICE,JPY
SEC00016,2026-03-30,34.28,ICE,INR
SEC00016,2026-03-31,33.86,Bloomberg,EUR
SEC00016,2026-04-01,34.52,Bloomberg,EUR
SEC00016,2026-04-02,33.5,Bloomberg,JPY
SEC00016,2026-04-03,33.67,ICE,JPY
SEC00016,2026-04-04,33.66,Bloomberg,INR
SEC00016,2026-04-05,34.46,Refinitiv,INR
SEC00016,2026-04-06,35.34,Refinitiv,GBP
SEC00016,2026-04-07,34.76,Refinitiv,INR
SEC00016,2026-04-08,34.88,Bloomberg,JPY
SEC00016,2026-04-09,34.54,ICE,USD
SEC00016,2026-04-10,34.38,Bloomberg,JPY
SEC00016,2026-04-11,34.77,ICE,CAD
SEC00016,2026-04-12,34.58,Refinitiv,JPY
SEC00016,2026-04-13,34.72,Refinitiv,GBP
SEC00016,2026-04-14,35.34,ICE,JPY
SEC00016,2026-04-15,36.32,Refinitiv,CAD
SEC00016,2026-04-16,36.52,Bloomberg,CAD
SEC00016,2026-04-17,36.62,ICE,JPY
SEC00016,2026-04-18,35.91,Refinitiv,JPY
SEC00016,2026-04-19,36.95,Refinitiv,GBP
SEC00016,2026-04-20,37.3,ICE,EUR
SEC00016,2026-04-21,37.41,Refinitiv,JPY
SEC00016,2026-04-22,37.49,Refinitiv,INR
SEC00016,2026-04-23,37.75,Bloomberg,JPY
SEC00016,2026-04-24,38.29,Bloomberg,EUR
SEC00016,2026-04-25,38.93,Refinitiv,CAD
SEC00016,2026-04-26,40.08,Bloomberg,USD
SEC00016,2026-04-27,40.27,Bloomberg,GBP
SEC00016,2026-04-28,41.56,ICE,INR
SEC00016,2026-04-29,42.37,Bloomberg,CAD
SEC00016,2026-04-30,42.35,Bloomberg,JPY
SEC00016,2026-05-01,41.1,ICE,INR
SEC00016,2026-05-02,41.18,ICE,EUR
SEC00016,2026-05-03,42.36,ICE,GBP
SEC00016,2026-05-04,41.79,Refinitiv,JPY
SEC00016,2026-05-05,41.87,Refinitiv,EUR
SEC00016,2026-05-06,42.02,ICE,CAD
SEC00016,2026-05-07,42.75,Bloomberg,EUR
SEC00016,2026-05-08,42.47,Bloomberg,GBP
SEC00016,2026-05-09,41.83,Bloomberg,CAD
SEC00016,2026-05-10,42.28,ICE,INR
SEC00016,2026-05-11,41.74,Bloomberg,INR
SEC00016,2026-05-12,40.38,Refinitiv,EUR
SEC00016,2026-05-13,41.74,Refinitiv,USD
SEC00016,2026-05-14,42.45,ICE,USD
SEC00016,2026-05-15,43.91,Bloomberg,EUR
SEC00016,2026-05-16,44.63,Refinitiv,INR
SEC00016,2026-05-17,45.2,ICE,GBP
SEC00016,2026-05-18,45.52,Bloomberg,USD
SEC00016,2026-05-19,45.39,Refinitiv,CAD
SEC00017,2026-03-20,50.66,Bloomberg,USD
SEC00017,2026-03-21,49.75,Bloomberg,JPY
SEC00017,2026-03-22,49.36,Refinitiv,JPY
SEC00017,2026-03-23,49.98,Bloomberg,EUR
SEC00017,2026-03-24,50.67,Refinitiv,INR
SEC00017,2026-03-25,50.96,Refinitiv,INR
SEC00017,2026-03-26,50.72,Refinitiv,GBP
SEC00017,2026-03-27,50.29,Refinitiv,GBP
SEC00017,2026-03-28,49.49,Bloomberg,JPY
SEC00017,2026-03-29,49.02,Bloomberg,EUR
SEC00017,2026-03-30,47.9,ICE,USD
SEC00017,2026-03-31,49.09,Bloomberg,GBP
SEC00017,2026-04-01,50.74,Refinitiv,CAD
SEC00017,2026-04-02,49.0,Refinitiv,EUR
SEC00017,2026-04-03,49.28,Refinitiv,GBP
SEC00017,2026-04-04,49.54,Refinitiv,INR
SEC00017,2026-04-05,49.75,ICE,INR
SEC00017,2026-04-06,49.25,Refinitiv,EUR
SEC00017,2026-04-07,50.18,Bloomberg,INR
SEC00017,2026-04-08,50.58,ICE,USD
SEC00017,2026-04-09,51.54,Bloomberg,EUR
SEC00017,2026-04-10,50.88,ICE,EUR
SEC00017,2026-04-11,49.64,Bloomberg,GBP
SEC00017,2026-04-12,50.06,Refinitiv,GBP
SEC00017,2026-04-13,49.21,Refinitiv,EUR
SEC00017,2026-04-14,50.17,Bloomberg,USD
SEC00017,2026-04-15,48.28,ICE,JPY
SEC00017,2026-04-16,47.89,Bloomberg,CAD
SEC00017,2026-04-17,47.39,Refinitiv,INR
SEC00017,2026-04-18,47.13,ICE,EUR
SEC00017,2026-04-19,47.37,Refinitiv,JPY
SEC00017,2026-04-20,47.73,Refinitiv,JPY
SEC00017,2026-04-21,48.31,Refinitiv,USD
SEC00017,2026-04-22,48.99,Bloomberg,GBP
SEC00017,2026-04-23,48.86,ICE,EUR
SEC00017,2026-04-24,50.74,Refinitiv,USD
SEC00017,2026-04-25,52.03,Refinitiv,EUR
SEC00017,2026-04-26,51.77,Refinitiv,INR
SEC00017,2026-04-27,51.66,Refinitiv,CAD
SEC00017,2026-04-28,51.38,Bloomberg,USD
SEC00017,2026-04-29,51.74,Bloomberg,EUR
SEC00017,2026-04-30,50.86,Refinitiv,CAD
SEC00017,2026-05-01,50.17,Bloomberg,GBP
SEC00017,2026-05-02,48.23,Bloomberg,INR
SEC00017,2026-05-03,47.91,Refinitiv,USD
SEC00017,2026-05-04,48.85,Refinitiv,EUR
SEC00017,2026-05-05,48.74,Refinitiv,EUR
SEC00017,2026-05-06,48.68,ICE,USD
SEC00017,2026-05-07,48.95,Refinitiv,INR
SEC00017,2026-05-08,48.09,Bloomberg,CAD
SEC00017,2026-05-09,48.14,ICE,EUR
SEC00017,2026-05-10,48.93,Refinitiv,INR
SEC00017,2026-05-11,49.23,Refinitiv,INR
SEC00017,2026-05-12,50.12,ICE,GBP
SEC00017,2026-05-13,51.29,Bloomberg,GBP
SEC00017,2026-05-14,51.92,Refinitiv,INR
SEC00017,2026-05-15,51.28,Bloomberg,CAD
SEC00017,2026-05-16,50.99,Bloomberg,JPY
SEC00017,2026-05-17,52.79,Refinitiv,INR
SEC00017,2026-05-18,53.11,Bloomberg,CAD
SEC00017,2026-05-19,53.31,Bloomberg,INR
SEC00018,2026-03-20,67.7,Refinitiv,JPY
SEC00018,2026-03-21,67.63,Bloomberg,INR
SEC00018,2026-03-22,68.12,Refinitiv,CAD
SEC00018,2026-03-23,69.79,Bloomberg,JPY
SEC00018,2026-03-24,72.14,Refinitiv,CAD
SEC00018,2026-03-25,70.98,Bloomberg,JPY
SEC00018,2026-03-26,69.33,ICE,GBP
SEC00018,2026-03-27,69.77,Refinitiv,EUR
SEC00018,2026-03-28,70.11,Refinitiv,CAD
SEC00018,2026-03-29,68.63,Refinitiv,EUR
SEC00018,2026-03-30,68.64,Refinitiv,GBP
SEC00018,2026-03-31,69.41,ICE,USD
SEC00018,2026-04-01,67.91,ICE,INR
SEC00018,2026-04-02,66.73,ICE,GBP
SEC00018,2026-04-03,65.99,Refinitiv,GBP
SEC00018,2026-04-04,65.77,ICE,USD
SEC00018,2026-04-05,66.63,Refinitiv,EUR
SEC00018,2026-04-06,66.27,Refinitiv,CAD
SEC00018,2026-04-07,66.37,ICE,USD
SEC00018,2026-04-08,69.08,Refinitiv,USD
SEC00018,2026-04-09,67.93,Refinitiv,EUR
SEC00018,2026-04-10,67.16,ICE,JPY
SEC00018,2026-04-11,68.02,Bloomberg,CAD
SEC00018,2026-04-12,69.26,ICE,JPY
SEC00018,2026-04-13,69.81,Refinitiv,EUR
SEC00018,2026-04-14,72.12,Refinitiv,INR
SEC00018,2026-04-15,72.57,ICE,INR
SEC00018,2026-04-16,70.02,Bloomberg,CAD
SEC00018,2026-04-17,70.18,Bloomberg,USD
SEC00018,2026-04-18,69.49,Refinitiv,GBP
SEC00018,2026-04-19,71.26,Bloomberg,EUR
SEC00018,2026-04-20,72.53,Bloomberg,GBP
SEC00018,2026-04-21,70.49,ICE,INR
SEC00018,2026-04-22,72.24,Bloomberg,EUR
SEC00018,2026-04-23,73.5,Refinitiv,INR
SEC00018,2026-04-24,73.11,Bloomberg,GBP
SEC00018,2026-04-25,73.04,Bloomberg,GBP
SEC00018,2026-04-26,74.91,Refinitiv,EUR
SEC00018,2026-04-27,72.29,ICE,INR
SEC00018,2026-04-28,72.9,Refinitiv,INR
SEC00018,2026-04-29,74.37,Bloomberg,CAD
SEC00018,2026-04-30,74.29,Refinitiv,GBP
SEC00018,2026-05-01,75.2,Refinitiv,JPY
SEC00018,2026-05-02,75.37,Refinitiv,INR
SEC00018,2026-05-03,74.35,Bloomberg,INR
SEC00018,2026-05-04,73.3,Bloomberg,EUR
SEC00018,2026-05-05,74.28,Refinitiv,JPY
SEC00018,2026-05-06,73.47,Refinitiv,USD
SEC00018,2026-05-07,71.49,ICE,JPY
SEC00018,2026-05-08,71.68,Refinitiv,INR
SEC00018,2026-05-09,71.05,ICE,GBP
SEC00018,2026-05-10,69.56,Refinitiv,EUR
SEC00018,2026-05-11,69.68,Refinitiv,EUR
SEC00018,2026-05-12,70.68,Refinitiv,GBP
SEC00018,2026-05-13,70.74,Bloomberg,GBP
SEC00018,2026-05-14,69.42,ICE,JPY
SEC00018,2026-05-15,70.05,Refinitiv,GBP
SEC00018,2026-05-16,71.39,Refinitiv,USD
SEC00018,2026-05-17,74.27,Refinitiv,USD
SEC00018,2026-05-18,76.24,ICE,JPY
SEC00018,2026-05-19,74.9,Bloomberg,GBP
SEC00019,2026-03-20,54.13,ICE,GBP
SEC00019,2026-03-21,53.37,ICE,GBP
SEC00019,2026-03-22,53.53,Bloomberg,GBP
SEC00019,2026-03-23,52.41,ICE,CAD
SEC00019,2026-03-24,53.71,Bloomberg,JPY
SEC00019,2026-03-25,52.74,ICE,EUR
SEC00019,2026-03-26,53.18,Bloomberg,EUR
SEC00019,2026-03-27,52.22,Bloomberg,CAD
SEC00019,2026-03-28,51.75,Bloomberg,EUR
SEC00019,2026-03-29,51.42,Bloomberg,GBP
SEC00019,2026-03-30,54.21,ICE,USD
SEC00019,2026-03-31,54.22,Refinitiv,JPY
SEC00019,2026-04-01,53.45,Bloomberg,USD
SEC00019,2026-04-02,53.05,ICE,EUR
SEC00019,2026-04-03,51.64,Bloomberg,GBP
SEC00019,2026-04-04,51.51,Bloomberg,USD
SEC00019,2026-04-05,53.25,Bloomberg,JPY
SEC00019,2026-04-06,53.6,Refinitiv,EUR
SEC00019,2026-04-07,54.5,ICE,EUR
SEC00019,2026-04-08,53.63,Bloomberg,USD
SEC00019,2026-04-09,53.46,ICE,JPY
SEC00019,2026-04-10,53.69,Bloomberg,EUR
SEC00019,2026-04-11,53.01,Bloomberg,GBP
SEC00019,2026-04-12,53.42,ICE,JPY
SEC00019,2026-04-13,54.04,ICE,USD
SEC00019,2026-04-14,54.59,Refinitiv,INR
SEC00019,2026-04-15,54.47,Bloomberg,JPY
SEC00019,2026-04-16,55.57,Bloomberg,CAD
SEC00019,2026-04-17,55.34,ICE,JPY
SEC00019,2026-04-18,55.02,Refinitiv,INR
SEC00019,2026-04-19,56.48,Refinitiv,CAD
SEC00019,2026-04-20,55.38,Bloomberg,INR
SEC00019,2026-04-21,53.71,ICE,CAD
SEC00019,2026-04-22,52.9,Bloomberg,GBP
SEC00019,2026-04-23,53.29,Refinitiv,JPY
SEC00019,2026-04-24,54.55,ICE,JPY
SEC00019,2026-04-25,53.93,Bloomberg,INR
SEC00019,2026-04-26,55.72,Refinitiv,CAD
SEC00019,2026-04-27,55.77,Refinitiv,JPY
SEC00019,2026-04-28,55.68,Refinitiv,CAD
SEC00019,2026-04-29,54.86,ICE,JPY
SEC00019,2026-04-30,56.81,Refinitiv,USD
SEC00019,2026-05-01,56.69,Bloomberg,INR
SEC00019,2026-05-02,55.36,Refinitiv,GBP
SEC00019,2026-05-03,57.84,Refinitiv,EUR
SEC00019,2026-05-04,58.27,Bloomberg,USD
SEC00019,2026-05-05,59.14,ICE,JPY
SEC00019,2026-05-06,60.96,Bloomberg,JPY
SEC00019,2026-05-07,61.67,Bloomberg,INR
SEC00019,2026-05-08,62.78,Bloomberg,EUR
SEC00019,2026-05-09,62.87,ICE,INR
SEC00019,2026-05-10,63.73,ICE,JPY
SEC00019,2026-05-11,63.73,Refinitiv,EUR
SEC00019,2026-05-12,63.73,Bloomberg,CAD
SEC00019,2026-05-13,63.9,ICE,INR
SEC00019,2026-05-14,63.48,ICE,INR
SEC00019,2026-05-15,64.09,Refinitiv,INR
SEC00019,2026-05-16,64.7,ICE,USD
SEC00019,2026-05-17,65.68,ICE,GBP
SEC00019,2026-05-18,66.47,Bloomberg,GBP
SEC00019,2026-05-19,68.9,Bloomberg,EUR
SEC00020,2026-03-20,43.64,ICE,CAD
SEC00020,2026-03-21,43.38,ICE,GBP
SEC00020,2026-03-22,44.57,Bloomberg,CAD
SEC00020,2026-03-23,46.74,Refinitiv,GBP
SEC00020,2026-03-24,46.29,Refinitiv,EUR
SEC00020,2026-03-25,46.56,Refinitiv,INR
SEC00020,2026-03-26,47.45,Refinitiv,GBP
SEC00020,2026-03-27,47.25,Bloomberg,GBP
SEC00020,2026-03-28,46.42,Bloomberg,GBP
SEC00020,2026-03-29,47.9,Bloomberg,CAD
SEC00020,2026-03-30,48.51,Bloomberg,USD
SEC00020,2026-03-31,48.82,Refinitiv,GBP
SEC00020,2026-04-01,50.12,ICE,GBP
SEC00020,2026-04-02,50.84,Refinitiv,CAD
SEC00020,2026-04-03,50.82,ICE,INR
SEC00020,2026-04-04,49.95,Refinitiv,INR
SEC00020,2026-04-05,49.53,Bloomberg,CAD
SEC00020,2026-04-06,50.63,ICE,GBP
SEC00020,2026-04-07,51.28,Bloomberg,INR
SEC00020,2026-04-08,51.13,Bloomberg,USD
SEC00020,2026-04-09,52.78,ICE,JPY
SEC00020,2026-04-10,52.66,Refinitiv,CAD
SEC00020,2026-04-11,53.62,ICE,CAD
SEC00020,2026-04-12,53.86,Bloomberg,EUR
SEC00020,2026-04-13,55.76,ICE,USD
SEC00020,2026-04-14,56.54,Bloomberg,JPY
SEC00020,2026-04-15,56.62,Refinitiv,EUR
SEC00020,2026-04-16,56.47,ICE,GBP
SEC00020,2026-04-17,56.48,Refinitiv,JPY
SEC00020,2026-04-18,55.77,ICE,GBP
SEC00020,2026-04-19,54.43,ICE,EUR
SEC00020,2026-04-20,54.75,ICE,CAD
SEC00020,2026-04-21,54.26,Bloomberg,INR
SEC00020,2026-04-22,53.76,Bloomberg,GBP
SEC00020,2026-04-23,53.7,ICE,EUR
SEC00020,2026-04-24,53.78,Refinitiv,INR
SEC00020,2026-04-25,53.81,Refinitiv,USD
SEC00020,2026-04-26,55.52,Bloomberg,JPY
SEC00020,2026-04-27,56.21,Bloomberg,USD
SEC00020,2026-04-28,58.37,ICE,JPY
SEC00020,2026-04-29,79.96,Refinitiv,USD
SEC00020,2026-04-30,58.79,ICE,JPY
SEC00020,2026-05-01,58.41,Bloomberg,INR
SEC00020,2026-05-02,57.85,Bloomberg,JPY
SEC00020,2026-05-03,60.11,Refinitiv,EUR
SEC00020,2026-05-04,59.31,ICE,INR
SEC00020,2026-05-05,56.96,Bloomberg,USD
SEC00020,2026-05-06,56.26,Bloomberg,GBP
SEC00020,2026-05-07,54.26,Refinitiv,GBP
SEC00020,2026-05-08,53.35,Bloomberg,INR
SEC00020,2026-05-09,52.56,Refinitiv,GBP
SEC00020,2026-05-10,52.62,Refinitiv,CAD
SEC00020,2026-05-11,50.7,Bloomberg,CAD
SEC00020,2026-05-12,51.82,Refinitiv,JPY
SEC00020,2026-05-13,50.09,Bloomberg,INR
SEC00020,2026-05-14,50.0,ICE,JPY
SEC00020,2026-05-15,49.74,ICE,CAD
SEC00020,2026-05-16,50.5,ICE,EUR
SEC00020,2026-05-17,50.85,ICE,USD
SEC00020,2026-05-18,51.96,Refinitiv,USD
SEC00020,2026-05-19,51.65,Bloomberg,INR
SEC00021,2026-03-20,30.62,Refinitiv,JPY
SEC00021,2026-03-21,30.71,Bloomberg,GBP
SEC00021,2026-03-22,31.12,Bloomberg,CAD
SEC00021,2026-03-23,31.12,Bloomberg,CAD
SEC00021,2026-03-24,30.95,Refinitiv,CAD
SEC00021,2026-03-25,30.28,Refinitiv,USD
SEC00021,2026-03-26,29.9,Refinitiv,GBP
SEC00021,2026-03-27,29.08,ICE,GBP
SEC00021,2026-03-28,29.48,Bloomberg,USD
SEC00021,2026-03-29,29.92,ICE,EUR
SEC00021,2026-03-30,29.92,ICE,USD
SEC00021,2026-03-31,30.17,Bloomberg,INR
SEC00021,2026-04-01,30.66,Refinitiv,JPY
SEC00021,2026-04-02,30.73,Bloomberg,EUR
SEC00021,2026-04-03,31.52,Bloomberg,EUR
SEC00021,2026-04-04,30.95,Bloomberg,GBP
SEC00021,2026-04-05,30.77,Bloomberg,GBP
SEC00021,2026-04-06,30.53,ICE,USD
SEC00021,2026-04-07,30.9,ICE,GBP
SEC00021,2026-04-08,30.12,Refinitiv,INR
SEC00021,2026-04-09,30.92,ICE,CAD
SEC00021,2026-04-10,31.25,ICE,USD
SEC00021,2026-04-11,32.25,Refinitiv,JPY
SEC00021,2026-04-12,32.24,Refinitiv,CAD
SEC00021,2026-04-13,31.94,Refinitiv,GBP
SEC00021,2026-04-14,32.33,ICE,INR
SEC00021,2026-04-15,32.94,ICE,JPY
SEC00021,2026-04-16,32.54,Bloomberg,CAD
SEC00021,2026-04-17,31.38,ICE,USD
SEC00021,2026-04-18,30.37,Bloomberg,GBP
SEC00021,2026-04-19,30.53,Bloomberg,JPY
SEC00021,2026-04-20,31.39,Refinitiv,EUR
SEC00021,2026-04-21,30.67,ICE,EUR
SEC00021,2026-04-22,30.53,Bloomberg,CAD
SEC00021,2026-04-23,30.36,Bloomberg,EUR
SEC00021,2026-04-24,31.42,ICE,INR
SEC00021,2026-04-25,32.71,Bloomberg,USD
SEC00021,2026-04-26,32.98,ICE,JPY
SEC00021,2026-04-27,33.53,Refinitiv,GBP
SEC00021,2026-04-28,34.07,Refinitiv,INR
SEC00021,2026-04-29,33.3,Bloomberg,EUR
SEC00021,2026-04-30,33.74,ICE,EUR
SEC00021,2026-05-01,33.14,ICE,GBP
SEC00021,2026-05-02,33.05,Bloomberg,JPY
SEC00021,2026-05-03,33.75,Refinitiv,GBP
SEC00021,2026-05-04,33.81,ICE,USD
SEC00021,2026-05-05,34.5,Bloomberg,JPY
SEC00021,2026-05-06,35.32,Refinitiv,INR
SEC00021,2026-05-07,34.22,ICE,CAD
SEC00021,2026-05-08,32.9,Refinitiv,JPY
SEC00021,2026-05-09,33.61,ICE,CAD
SEC00021,2026-05-10,34.35,Bloomberg,JPY
SEC00021,2026-05-11,34.52,ICE,USD
SEC00021,2026-05-12,34.79,ICE,INR
SEC00021,2026-05-13,35.36,Bloomberg,JPY
SEC00021,2026-05-14,35.94,Refinitiv,GBP
SEC00021,2026-05-15,35.76,Refinitiv,INR
SEC00021,2026-05-16,36.39,ICE,GBP
SEC00021,2026-05-17,36.18,Bloomberg,CAD
SEC00021,2026-05-18,36.36,Refinitiv,INR
SEC00021,2026-05-19,36.51,ICE,USD
SEC00022,2026-03-20,138.63,Refinitiv,USD
SEC00022,2026-03-21,141.7,ICE,JPY
SEC00022,2026-03-22,142.47,Bloomberg,USD
SEC00022,2026-03-23,141.63,Refinitiv,INR
SEC00022,2026-03-24,139.0,ICE,CAD
SEC00022,2026-03-25,139.68,ICE,JPY
SEC00022,2026-03-26,133.05,ICE,USD
SEC00022,2026-03-27,133.77,Refinitiv,GBP
SEC00022,2026-03-28,134.6,ICE,EUR
SEC00022,2026-03-29,134.14,Bloomberg,CAD
SEC00022,2026-03-30,133.98,Refinitiv,JPY
SEC00022,2026-03-31,131.03,Bloomberg,JPY
SEC00022,2026-04-01,134.36,Refinitiv,JPY
SEC00022,2026-04-02,133.61,ICE,EUR
SEC00022,2026-04-03,131.34,ICE,JPY
SEC00022,2026-04-04,132.7,Refinitiv,CAD
SEC00022,2026-04-05,133.03,Bloomberg,INR
SEC00022,2026-04-06,132.24,Refinitiv,INR
SEC00022,2026-04-07,131.2,Bloomberg,INR
SEC00022,2026-04-08,131.25,Bloomberg,GBP
SEC00022,2026-04-09,134.49,ICE,JPY
SEC00022,2026-04-10,135.7,Refinitiv,EUR
SEC00022,2026-04-11,135.68,Bloomberg,USD
SEC00022,2026-04-12,137.83,ICE,EUR
SEC00022,2026-04-13,137.97,Bloomberg,GBP
SEC00022,2026-04-14,139.04,Refinitiv,CAD
SEC00022,2026-04-15,139.48,Bloomberg,EUR
SEC00022,2026-04-16,141.03,Bloomberg,EUR
SEC00022,2026-04-17,139.98,Refinitiv,EUR
SEC00022,2026-04-18,137.18,ICE,INR
SEC00022,2026-04-19,139.48,Refinitiv,EUR
SEC00022,2026-04-20,143.33,ICE,CAD
SEC00022,2026-04-21,140.59,ICE,CAD
SEC00022,2026-04-22,141.11,ICE,INR
SEC00022,2026-04-23,140.04,ICE,GBP
SEC00022,2026-04-24,142.34,ICE,USD
SEC00022,2026-04-25,143.04,ICE,GBP
SEC00022,2026-04-26,151.68,Bloomberg,INR
SEC00022,2026-04-27,150.93,Bloomberg,CAD
SEC00022,2026-04-28,155.18,ICE,USD
SEC00022,2026-04-29,159.83,ICE,USD
SEC00022,2026-04-30,161.44,ICE,INR
SEC00022,2026-05-01,161.63,Refinitiv,JPY
SEC00022,2026-05-02,161.99,ICE,CAD
SEC00022,2026-05-03,162.1,ICE,EUR
SEC00022,2026-05-04,165.49,Refinitiv,EUR
SEC00022,2026-05-05,162.97,Bloomberg,USD
SEC00022,2026-05-06,162.58,Refinitiv,CAD
SEC00022,2026-05-07,161.84,Bloomberg,USD
SEC00022,2026-05-08,156.89,Bloomberg,EUR
SEC00022,2026-05-09,159.39,Refinitiv,INR
SEC00022,2026-05-10,162.52,Bloomberg,INR
SEC00022,2026-05-11,160.75,ICE,USD
SEC00022,2026-05-12,163.81,Refinitiv,INR
SEC00022,2026-05-13,159.22,ICE,EUR
SEC00022,2026-05-14,159.37,Bloomberg,GBP
SEC00022,2026-05-15,159.09,ICE,CAD
SEC00022,2026-05-16,159.42,Refinitiv,JPY
SEC00022,2026-05-17,159.73,Refinitiv,GBP
SEC00022,2026-05-18,159.59,Refinitiv,EUR
SEC00022,2026-05-19,158.56,Refinitiv,JPY
SEC00023,2026-03-20,98.32,Refinitiv,CAD
SEC00023,2026-03-21,99.59,Bloomberg,USD
SEC00023,2026-03-22,98.58,Refinitiv,USD
SEC00023,2026-03-23,101.51,Refinitiv,JPY
SEC00023,2026-03-24,101.14,Refinitiv,JPY
SEC00023,2026-03-25,99.73,Refinitiv,USD
SEC00023,2026-03-26,98.75,ICE,INR
SEC00023,2026-03-27,101.6,Bloomberg,GBP
SEC00023,2026-03-28,99.62,Bloomberg,GBP
SEC00023,2026-03-29,98.32,ICE,JPY
SEC00023,2026-03-30,103.5,ICE,JPY
SEC00023,2026-03-31,105.3,Bloomberg,INR
SEC00023,2026-04-01,103.97,Bloomberg,GBP
SEC00023,2026-04-02,101.99,ICE,CAD
SEC00023,2026-04-03,98.97,Bloomberg,CAD
SEC00023,2026-04-04,99.2,ICE,CAD
SEC00023,2026-04-05,100.55,ICE,USD
SEC00023,2026-04-06,103.35,Bloomberg,JPY
SEC00023,2026-04-07,99.87,Bloomberg,EUR
SEC00023,2026-04-08,97.54,ICE,CAD
SEC00023,2026-04-09,97.38,Bloomberg,JPY
SEC00023,2026-04-10,102.31,Refinitiv,EUR
SEC00023,2026-04-11,104.0,Bloomberg,GBP
SEC00023,2026-04-12,104.75,Refinitiv,INR
SEC00023,2026-04-13,102.49,ICE,USD
SEC00023,2026-04-14,98.63,Refinitiv,JPY
SEC00023,2026-04-15,98.75,Bloomberg,CAD
SEC00023,2026-04-16,98.62,Refinitiv,INR
SEC00023,2026-04-17,98.2,Refinitiv,GBP
SEC00023,2026-04-18,97.57,Bloomberg,GBP
SEC00023,2026-04-19,96.31,ICE,JPY
SEC00023,2026-04-20,94.66,Refinitiv,USD
SEC00023,2026-04-21,97.07,Bloomberg,INR
SEC00023,2026-04-22,95.57,ICE,GBP
SEC00023,2026-04-23,95.15,Refinitiv,CAD
SEC00023,2026-04-24,95.13,Bloomberg,JPY
SEC00023,2026-04-25,96.38,Bloomberg,EUR
SEC00023,2026-04-26,94.95,Refinitiv,INR
SEC00023,2026-04-27,96.67,Bloomberg,GBP
SEC00023,2026-04-28,95.71,Bloomberg,USD
SEC00023,2026-04-29,95.48,ICE,INR
SEC00023,2026-04-30,98.35,Refinitiv,JPY
SEC00023,2026-05-01,96.69,Bloomberg,JPY
SEC00023,2026-05-02,97.99,ICE,GBP
SEC00023,2026-05-03,99.81,ICE,EUR
SEC00023,2026-05-04,100.42,Refinitiv,GBP
SEC00023,2026-05-05,100.26,ICE,EUR
SEC00023,2026-05-06,104.14,Bloomberg,INR
SEC00023,2026-05-07,104.17,Bloomberg,JPY
SEC00023,2026-05-08,104.6,Bloomberg,JPY
SEC00023,2026-05-09,104.02,Bloomberg,EUR
SEC00023,2026-05-10,104.36,Refinitiv,EUR
SEC00023,2026-05-11,106.22,Bloomberg,JPY
SEC00023,2026-05-12,105.75,Refinitiv,JPY
SEC00023,2026-05-13,101.79,ICE,INR
SEC00023,2026-05-14,102.78,ICE,JPY
SEC00023,2026-05-15,100.83,ICE,INR
SEC00023,2026-05-16,102.23,Refinitiv,JPY
SEC00023,2026-05-17,102.28,ICE,CAD
SEC00023,2026-05-18,104.07,Refinitiv,EUR
SEC00023,2026-05-19,102.34,Refinitiv,USD
SEC00024,2026-03-20,24.1,ICE,JPY
SEC00024,2026-03-21,23.28,Bloomberg,CAD
SEC00024,2026-03-22,23.72,Refinitiv,EUR
SEC00024,2026-03-23,23.66,Refinitiv,GBP
SEC00024,2026-03-24,23.92,Refinitiv,USD
SEC00024,2026-03-25,23.96,Bloomberg,CAD
SEC00024,2026-03-26,24.17,ICE,GBP
SEC00024,2026-03-27,24.04,ICE,INR
SEC00024,2026-03-28,23.96,ICE,INR
SEC00024,2026-03-29,23.93,ICE,CAD
SEC00024,2026-03-30,24.12,Bloomberg,INR
SEC00024,2026-03-31,24.32,Bloomberg,JPY
SEC00024,2026-04-01,25.56,Bloomberg,EUR
SEC00024,2026-04-02,26.35,ICE,GBP
SEC00024,2026-04-03,25.52,Bloomberg,CAD
SEC00024,2026-04-04,25.47,ICE,EUR
SEC00024,2026-04-05,25.29,Refinitiv,EUR
SEC00024,2026-04-06,25.89,ICE,INR
SEC00024,2026-04-07,25.76,Refinitiv,CAD
SEC00024,2026-04-08,25.98,ICE,USD
SEC00024,2026-04-09,24.9,Refinitiv,INR
SEC00024,2026-04-10,24.24,Refinitiv,USD
SEC00024,2026-04-11,25.16,ICE,GBP
SEC00024,2026-04-12,25.2,Bloomberg,INR
SEC00024,2026-04-13,24.76,ICE,JPY
SEC00024,2026-04-14,24.88,ICE,EUR
SEC00024,2026-04-15,24.42,ICE,CAD
SEC00024,2026-04-16,24.31,Bloomberg,CAD
SEC00024,2026-04-17,23.68,Bloomberg,GBP
SEC00024,2026-04-18,16.82,Bloomberg,GBP
SEC00024,2026-04-19,23.2,Refinitiv,CAD
SEC00024,2026-04-20,23.67,Bloomberg,CAD
SEC00024,2026-04-21,23.88,ICE,USD
SEC00024,2026-04-22,24.17,ICE,CAD
SEC00024,2026-04-23,24.17,Bloomberg,USD
SEC00024,2026-04-24,24.54,ICE,GBP
SEC00024,2026-04-25,24.17,Bloomberg,GBP
SEC00024,2026-04-26,23.86,Refinitiv,CAD
SEC00024,2026-04-27,24.05,Bloomberg,USD
SEC00024,2026-04-28,23.94,ICE,CAD
SEC00024,2026-04-29,23.95,ICE,CAD
SEC00024,2026-04-30,23.89,Bloomberg,INR
SEC00024,2026-05-01,24.44,Bloomberg,GBP
SEC00024,2026-05-02,25.02,Refinitiv,CAD
SEC00024,2026-05-03,24.75,Refinitiv,EUR
SEC00024,2026-05-04,23.98,Bloomberg,JPY
SEC00024,2026-05-05,23.69,ICE,INR
SEC00024,2026-05-06,23.32,ICE,USD
SEC00024,2026-05-07,23.68,Refinitiv,JPY
SEC00024,2026-05-08,24.08,ICE,EUR
SEC00024,2026-05-09,23.65,ICE,EUR
SEC00024,2026-05-10,23.34,Refinitiv,INR
SEC00024,2026-05-11,22.73,ICE,GBP
SEC00024,2026-05-12,22.79,Refinitiv,CAD
SEC00024,2026-05-13,22.79,Refinitiv,GBP
SEC00024,2026-05-14,23.12,Bloomberg,INR
SEC00024,2026-05-15,23.34,ICE,JPY
SEC00024,2026-05-16,23.61,Bloomberg,USD
SEC00024,2026-05-17,22.97,Bloomberg,USD
SEC00024,2026-05-18,22.72,Refinitiv,GBP
SEC00024,2026-05-19,23.12,Refinitiv,CAD
SEC00025,2026-03-20,40.78,Bloomberg,JPY
SEC00025,2026-03-21,40.2,ICE,CAD
SEC00025,2026-03-22,40.21,ICE,GBP
SEC00025,2026-03-23,40.62,ICE,GBP
SEC00025,2026-03-24,41.15,ICE,EUR
SEC00025,2026-03-25,40.22,ICE,EUR
SEC00025,2026-03-26,39.62,Refinitiv,GBP
SEC00025,2026-03-27,40.07,Bloomberg,EUR
SEC00025,2026-03-28,39.83,Refinitiv,USD
SEC00025,2026-03-29,38.85,Bloomberg,CAD
SEC00025,2026-03-30,38.82,Bloomberg,INR
SEC00025,2026-03-31,38.75,Bloomberg,EUR
SEC00025,2026-04-01,38.89,Refinitiv,GBP
SEC00025,2026-04-02,39.28,ICE,INR
SEC00025,2026-04-03,39.63,Refinitiv,EUR
SEC00025,2026-04-04,39.1,Bloomberg,INR
SEC00025,2026-04-05,38.84,ICE,USD
SEC00025,2026-04-06,39.5,Refinitiv,EUR
SEC00025,2026-04-07,39.14,Bloomberg,INR
SEC00025,2026-04-08,38.88,Bloomberg,EUR
SEC00025,2026-04-09,37.84,Bloomberg,CAD
SEC00025,2026-04-10,37.84,ICE,CAD
SEC00025,2026-04-11,38.1,Bloomberg,EUR
SEC00025,2026-04-12,36.76,ICE,JPY
SEC00025,2026-04-13,36.07,Bloomberg,USD
SEC00025,2026-04-14,35.17,ICE,INR
SEC00025,2026-04-15,35.68,Bloomberg,GBP
SEC00025,2026-04-16,34.47,Refinitiv,GBP
SEC00025,2026-04-17,34.44,Refinitiv,EUR
SEC00025,2026-04-18,34.9,Refinitiv,CAD
SEC00025,2026-04-19,35.04,ICE,USD
SEC00025,2026-04-20,34.78,ICE,JPY
SEC00025,2026-04-21,35.01,Bloomberg,EUR
SEC00025,2026-04-22,35.69,ICE,GBP
SEC00025,2026-04-23,35.63,Bloomberg,CAD
SEC00025,2026-04-24,34.22,ICE,GBP
SEC00025,2026-04-25,34.94,Refinitiv,GBP
SEC00025,2026-04-26,35.21,Bloomberg,USD
SEC00025,2026-04-27,35.21,Bloomberg,GBP
SEC00025,2026-04-28,33.97,Bloomberg,USD
SEC00025,2026-04-29,33.8,ICE,CAD
SEC00025,2026-04-30,33.29,Bloomberg,JPY
SEC00025,2026-05-01,32.57,Bloomberg,CAD
SEC00025,2026-05-02,32.51,ICE,EUR
SEC00025,2026-05-03,32.21,Bloomberg,EUR
SEC00025,2026-05-04,31.96,Bloomberg,GBP
SEC00025,2026-05-05,32.4,ICE,INR
SEC00025,2026-05-06,32.56,Bloomberg,GBP
SEC00025,2026-05-07,32.29,ICE,CAD
SEC00025,2026-05-08,31.94,Refinitiv,INR
SEC00025,2026-05-09,31.7,Bloomberg,CAD
SEC00025,2026-05-10,31.57,Refinitiv,INR
SEC00025,2026-05-11,31.92,Bloomberg,EUR
SEC00025,2026-05-12,31.34,Refinitiv,JPY
SEC00025,2026-05-13,32.18,Refinitiv,INR
SEC00025,2026-05-14,32.53,ICE,EUR
SEC00025,2026-05-15,30.94,Refinitiv,USD
SEC00025,2026-05-16,31.01,ICE,USD
SEC00025,2026-05-17,31.6,Bloomberg,JPY
SEC00025,2026-05-18,31.84,ICE,GBP
SEC00025,2026-05-19,31.62,Bloomberg,EUR
SEC00026,2026-03-20,15.56,ICE,EUR
SEC00026,2026-03-21,15.89,Bloomberg,CAD
SEC00026,2026-03-22,15.81,Refinitiv,CAD
SEC00026,2026-03-23,16.13,Refinitiv,INR
SEC00026,2026-03-24,16.77,Bloomberg,JPY
SEC00026,2026-03-25,16.8,Refinitiv,USD
SEC00026,2026-03-26,17.17,Bloomberg,EUR
SEC00026,2026-03-27,17.92,Bloomberg,GBP
SEC00026,2026-03-28,18.06,Bloomberg,INR
SEC00026,2026-03-29,18.05,Refinitiv,CAD
SEC00026,2026-03-30,18.36,Bloomberg,USD
SEC00026,2026-03-31,18.76,ICE,GBP
SEC00026,2026-04-01,18.75,ICE,EUR
SEC00026,2026-04-02,18.6,Bloomberg,GBP
SEC00026,2026-04-03,19.18,Refinitiv,USD
SEC00026,2026-04-04,19.1,Bloomberg,EUR
SEC00026,2026-04-05,19.52,Bloomberg,CAD
SEC00026,2026-04-06,19.62,ICE,USD
SEC00026,2026-04-07,20.28,Refinitiv,GBP
SEC00026,2026-04-08,19.98,Bloomberg,JPY
SEC00026,2026-04-09,19.68,ICE,JPY
SEC00026,2026-04-10,19.99,ICE,JPY
SEC00026,2026-04-11,19.6,Refinitiv,CAD
SEC00026,2026-04-12,19.65,ICE,INR
SEC00026,2026-04-13,20.21,ICE,USD
SEC00026,2026-04-14,19.57,ICE,INR
SEC00026,2026-04-15,19.72,Refinitiv,JPY
SEC00026,2026-04-16,20.16,ICE,USD
SEC00026,2026-04-17,20.16,Refinitiv,INR
SEC00026,2026-04-18,19.83,Bloomberg,EUR
SEC00026,2026-04-19,19.75,Bloomberg,EUR
SEC00026,2026-04-20,19.46,Refinitiv,CAD
SEC00026,2026-04-21,19.49,Bloomberg,JPY
SEC00026,2026-04-22,19.41,Bloomberg,INR
SEC00026,2026-04-23,19.24,Refinitiv,GBP
SEC00026,2026-04-24,19.41,ICE,INR
SEC00026,2026-04-25,19.97,Bloomberg,EUR
SEC00026,2026-04-26,20.1,Bloomberg,JPY
SEC00026,2026-04-27,20.59,ICE,JPY
SEC00026,2026-04-28,21.19,Refinitiv,INR
SEC00026,2026-04-29,20.98,ICE,USD
SEC00026,2026-04-30,21.09,Refinitiv,INR
SEC00026,2026-05-01,20.94,Refinitiv,EUR
SEC00026,2026-05-02,20.39,Bloomberg,EUR
SEC00026,2026-05-03,20.53,Refinitiv,CAD
SEC00026,2026-05-04,20.15,Refinitiv,CAD
SEC00026,2026-05-05,20.34,Bloomberg,INR
SEC00026,2026-05-06,19.78,Bloomberg,JPY
SEC00026,2026-05-07,19.85,Refinitiv,CAD
SEC00026,2026-05-08,19.3,ICE,GBP
SEC00026,2026-05-09,19.54,Refinitiv,INR
SEC00026,2026-05-10,19.41,ICE,JPY
SEC00026,2026-05-11,19.25,ICE,INR
SEC00026,2026-05-12,19.65,Bloomberg,GBP
SEC00026,2026-05-13,19.55,ICE,EUR
SEC00026,2026-05-14,19.6,ICE,JPY
SEC00026,2026-05-15,19.54,Bloomberg,GBP
SEC00026,2026-05-16,19.73,Refinitiv,USD
SEC00026,2026-05-17,20.11,Bloomberg,INR
SEC00026,2026-05-18,20.42,ICE,CAD
SEC00026,2026-05-19,20.26,Refinitiv,INR
SEC00027,2026-03-20,39.36,Bloomberg,JPY
SEC00027,2026-03-21,39.31,Bloomberg,GBP
SEC00027,2026-03-22,39.33,Refinitiv,EUR
SEC00027,2026-03-23,38.87,Refinitiv,GBP
SEC00027,2026-03-24,38.19,Bloomberg,CAD
SEC00027,2026-03-25,38.12,ICE,INR
SEC00027,2026-03-26,38.16,Bloomberg,GBP
SEC00027,2026-03-27,38.12,Refinitiv,USD
SEC00027,2026-03-28,39.27,ICE,GBP
SEC00027,2026-03-29,39.2,Refinitiv,INR
SEC00027,2026-03-30,39.16,Bloomberg,GBP
SEC00027,2026-03-31,39.76,ICE,INR
SEC00027,2026-04-01,39.65,Refinitiv,JPY
SEC00027,2026-04-02,40.06,Bloomberg,EUR
SEC00027,2026-04-03,39.16,Bloomberg,INR
SEC00027,2026-04-04,38.28,ICE,USD
SEC00027,2026-04-05,38.38,Bloomberg,GBP
SEC00027,2026-04-06,38.24,ICE,GBP
SEC00027,2026-04-07,37.7,Bloomberg,JPY
SEC00027,2026-04-08,37.81,Bloomberg,JPY
SEC00027,2026-04-09,37.97,ICE,USD
SEC00027,2026-04-10,37.5,ICE,JPY
SEC00027,2026-04-11,37.17,Bloomberg,EUR
SEC00027,2026-04-12,37.33,Bloomberg,CAD
SEC00027,2026-04-13,36.67,ICE,GBP
SEC00027,2026-04-14,36.29,Refinitiv,GBP
SEC00027,2026-04-15,36.65,Refinitiv,JPY
SEC00027,2026-04-16,36.65,Bloomberg,INR
SEC00027,2026-04-17,36.36,ICE,CAD
SEC00027,2026-04-18,35.79,Bloomberg,GBP
SEC00027,2026-04-19,35.15,Bloomberg,JPY
SEC00027,2026-04-20,35.09,Bloomberg,GBP
SEC00027,2026-04-21,36.38,Bloomberg,JPY
SEC00027,2026-04-22,26.47,Refinitiv,JPY
SEC00027,2026-04-23,35.91,Refinitiv,INR
SEC00027,2026-04-24,36.38,Refinitiv,EUR
SEC00027,2026-04-25,35.9,Refinitiv,JPY
SEC00027,2026-04-26,35.92,Bloomberg,GBP
SEC00027,2026-04-27,35.56,ICE,GBP
SEC00027,2026-04-28,36.87,Refinitiv,INR
SEC00027,2026-04-29,36.13,Bloomberg,INR
SEC00027,2026-04-30,36.36,Bloomberg,GBP
SEC00027,2026-05-01,35.93,Refinitiv,EUR
SEC00027,2026-05-02,36.42,ICE,USD
SEC00027,2026-05-03,36.63,Refinitiv,JPY
SEC00027,2026-05-04,37.48,ICE,EUR
SEC00027,2026-05-05,37.98,Bloomberg,JPY
SEC00027,2026-05-06,37.52,ICE,INR
SEC00027,2026-05-07,39.51,Bloomberg,GBP
SEC00027,2026-05-08,39.93,Bloomberg,INR
SEC00027,2026-05-09,39.55,Refinitiv,GBP
SEC00027,2026-05-10,39.72,Bloomberg,JPY
SEC00027,2026-05-11,40.19,Refinitiv,USD
SEC00027,2026-05-12,40.64,Bloomberg,INR
SEC00027,2026-05-13,41.02,ICE,GBP
SEC00027,2026-05-14,41.76,ICE,INR
SEC00027,2026-05-15,42.43,Refinitiv,EUR
SEC00027,2026-05-16,41.8,Refinitiv,INR
SEC00027,2026-05-17,43.41,Bloomberg,JPY
SEC00027,2026-05-18,44.97,ICE,JPY
SEC00027,2026-05-19,45.64,Refinitiv,EUR
SEC00028,2026-03-20,31.25,Refinitiv,CAD
SEC00028,2026-03-21,31.47,Refinitiv,JPY
SEC00028,2026-03-22,31.96,Bloomberg,INR
SEC00028,2026-03-23,32.14,Bloomberg,JPY
SEC00028,2026-03-24,32.55,Refinitiv,JPY
SEC00028,2026-03-25,32.87,Refinitiv,CAD
SEC00028,2026-03-26,32.01,ICE,EUR
SEC00028,2026-03-27,32.19,Bloomberg,GBP
SEC00028,2026-03-28,32.97,Refinitiv,INR
SEC00028,2026-03-29,33.09,Refinitiv,JPY
SEC00028,2026-03-30,32.32,Bloomberg,INR
SEC00028,2026-03-31,32.14,Bloomberg,GBP
SEC00028,2026-04-01,32.48,Refinitiv,USD
SEC00028,2026-04-02,33.55,Refinitiv,GBP
SEC00028,2026-04-03,32.38,Bloomberg,EUR
SEC00028,2026-04-04,32.61,Bloomberg,CAD
SEC00028,2026-04-05,32.08,Bloomberg,CAD
SEC00028,2026-04-06,32.39,ICE,GBP
SEC00028,2026-04-07,32.75,ICE,EUR
SEC00028,2026-04-08,32.63,Bloomberg,CAD
SEC00028,2026-04-09,33.01,Refinitiv,INR
SEC00028,2026-04-10,33.71,ICE,USD
SEC00028,2026-04-11,33.62,Bloomberg,CAD
SEC00028,2026-04-12,32.83,Bloomberg,GBP
SEC00028,2026-04-13,33.69,Bloomberg,EUR
SEC00028,2026-04-14,34.21,Bloomberg,EUR
SEC00028,2026-04-15,34.57,ICE,EUR
SEC00028,2026-04-16,34.16,ICE,CAD
SEC00028,2026-04-17,34.78,Refinitiv,JPY
SEC00028,2026-04-18,36.08,Refinitiv,INR
SEC00028,2026-04-19,36.02,ICE,CAD
SEC00028,2026-04-20,36.1,Bloomberg,INR
SEC00028,2026-04-21,35.43,Bloomberg,GBP
SEC00028,2026-04-22,34.98,Bloomberg,JPY
SEC00028,2026-04-23,34.33,ICE,INR
SEC00028,2026-04-24,34.42,ICE,JPY
SEC00028,2026-04-25,34.23,Refinitiv,USD
SEC00028,2026-04-26,34.48,ICE,INR
SEC00028,2026-04-27,33.94,Bloomberg,JPY
SEC00028,2026-04-28,33.85,Refinitiv,JPY
SEC00028,2026-04-29,33.29,ICE,EUR
SEC00028,2026-04-30,33.42,ICE,GBP
SEC00028,2026-05-01,32.45,Refinitiv,USD
SEC00028,2026-05-02,32.56,Bloomberg,EUR
SEC00028,2026-05-03,32.41,ICE,EUR
SEC00028,2026-05-04,32.53,Refinitiv,CAD
SEC00028,2026-05-05,31.58,Bloomberg,INR
SEC00028,2026-05-06,31.97,Bloomberg,USD
SEC00028,2026-05-07,31.81,Bloomberg,USD
SEC00028,2026-05-08,31.95,Refinitiv,USD
SEC00028,2026-05-09,30.9,Refinitiv,JPY
SEC00028,2026-05-10,30.22,Bloomberg,USD
SEC00028,2026-05-11,30.02,Bloomberg,USD
SEC00028,2026-05-12,30.78,Refinitiv,CAD
SEC00028,2026-05-13,31.09,Refinitiv,JPY
SEC00028,2026-05-14,31.18,Bloomberg,USD
SEC00028,2026-05-15,30.67,Bloomberg,GBP
SEC00028,2026-05-16,30.08,ICE,EUR
SEC00028,2026-05-17,30.24,ICE,JPY
SEC00028,2026-05-18,30.64,Refinitiv,JPY
SEC00028,2026-05-19,30.77,ICE,INR
SEC00029,2026-03-20,46.93,ICE,USD
SEC00029,2026-03-21,48.5,Refinitiv,INR
SEC00029,2026-03-22,47.69,Refinitiv,INR
SEC00029,2026-03-23,46.83,ICE,CAD
SEC00029,2026-03-24,46.0,Refinitiv,INR
SEC00029,2026-03-25,45.92,Bloomberg,EUR
SEC00029,2026-03-26,44.3,Bloomberg,EUR
SEC00029,2026-03-27,43.18,Bloomberg,INR
SEC00029,2026-03-28,42.72,Refinitiv,GBP
SEC00029,2026-03-29,41.82,Refinitiv,GBP
SEC00029,2026-03-30,42.64,Refinitiv,USD
SEC00029,2026-03-31,42.67,ICE,CAD
SEC00029,2026-04-01,43.13,Bloomberg,USD
SEC00029,2026-04-02,43.52,Bloomberg,JPY
SEC00029,2026-04-03,43.38,ICE,INR
SEC00029,2026-04-04,44.17,ICE,JPY
SEC00029,2026-04-05,44.55,ICE,EUR
SEC00029,2026-04-06,44.32,ICE,EUR
SEC00029,2026-04-07,43.0,ICE,USD
SEC00029,2026-04-08,43.42,ICE,GBP
SEC00029,2026-04-09,42.46,Refinitiv,USD
SEC00029,2026-04-10,42.77,Bloomberg,CAD
SEC00029,2026-04-11,42.85,Bloomberg,EUR
SEC00029,2026-04-12,41.82,Refinitiv,INR
SEC00029,2026-04-13,42.04,Refinitiv,USD
SEC00029,2026-04-14,42.2,Bloomberg,CAD
SEC00029,2026-04-15,42.37,Bloomberg,JPY
SEC00029,2026-04-16,42.51,ICE,GBP
SEC00029,2026-04-17,42.03,Bloomberg,INR
SEC00029,2026-04-18,42.5,ICE,JPY
SEC00029,2026-04-19,41.99,ICE,INR
SEC00029,2026-04-20,41.2,ICE,GBP
SEC00029,2026-04-21,41.72,Bloomberg,INR
SEC00029,2026-04-22,42.45,ICE,INR
SEC00029,2026-04-23,42.93,Refinitiv,INR
SEC00029,2026-04-24,42.79,Bloomberg,USD
SEC00029,2026-04-25,41.32,Refinitiv,CAD
SEC00029,2026-04-26,42.44,Bloomberg,USD
SEC00029,2026-04-27,40.97,ICE,GBP
SEC00029,2026-04-28,41.42,ICE,GBP
SEC00029,2026-04-29,43.02,Refinitiv,USD
SEC00029,2026-04-30,43.15,ICE,EUR
SEC00029,2026-05-01,43.4,Refinitiv,JPY
SEC00029,2026-05-02,43.72,ICE,INR
SEC00029,2026-05-03,43.9,ICE,USD
SEC00029,2026-05-04,45.78,Bloomberg,INR
SEC00029,2026-05-05,45.1,ICE,JPY
SEC00029,2026-05-06,44.34,ICE,EUR
SEC00029,2026-05-07,44.1,Refinitiv,EUR
SEC00029,2026-05-08,45.51,ICE,INR
SEC00029,2026-05-09,45.06,Bloomberg,CAD
SEC00029,2026-05-10,45.43,Bloomberg,INR
SEC00029,2026-05-11,46.33,Bloomberg,INR
SEC00029,2026-05-12,47.0,Refinitiv,EUR
SEC00029,2026-05-13,47.88,Bloomberg,JPY
SEC00029,2026-05-14,49.13,Bloomberg,GBP
SEC00029,2026-05-15,49.43,ICE,CAD
SEC00029,2026-05-16,49.04,Refinitiv,INR
SEC00029,2026-05-17,49.2,ICE,JPY
SEC00029,2026-05-18,48.92,Bloomberg,INR
SEC00029,2026-05-19,51.17,Bloomberg,JPY
SEC00030,2026-03-20,107.16,ICE,CAD
SEC00030,2026-03-21,110.92,Refinitiv,CAD
SEC00030,2026-03-22,109.07,Refinitiv,USD
SEC00030,2026-03-23,105.6,Refinitiv,USD
SEC00030,2026-03-24,105.73,Refinitiv,USD
SEC00030,2026-03-25,108.13,Bloomberg,CAD
SEC00030,2026-03-26,109.73,ICE,GBP
SEC00030,2026-03-27,112.08,Refinitiv,JPY
SEC00030,2026-03-28,113.77,Refinitiv,INR
SEC00030,2026-03-29,112.15,Bloomberg,GBP
SEC00030,2026-03-30,113.75,Bloomberg,INR
SEC00030,2026-03-31,114.0,Refinitiv,INR
SEC00030,2026-04-01,112.6,Refinitiv,EUR
SEC00030,2026-04-02,113.02,Bloomberg,CAD
SEC00030,2026-04-03,112.96,Bloomberg,INR
SEC00030,2026-04-04,115.9,Refinitiv,EUR
SEC00030,2026-04-05,114.88,Bloomberg,INR
SEC00030,2026-04-06,113.78,Bloomberg,EUR
SEC00030,2026-04-07,112.4,ICE,JPY
SEC00030,2026-04-08,116.3,ICE,USD
SEC00030,2026-04-09,115.01,ICE,EUR
SEC00030,2026-04-10,117.75,Bloomberg,USD
SEC00030,2026-04-11,115.62,Bloomberg,GBP
SEC00030,2026-04-12,116.74,Bloomberg,JPY
SEC00030,2026-04-13,117.35,Refinitiv,INR
SEC00030,2026-04-14,120.01,Bloomberg,USD
SEC00030,2026-04-15,122.42,Bloomberg,GBP
SEC00030,2026-04-16,122.66,Refinitiv,EUR
SEC00030,2026-04-17,121.54,Refinitiv,JPY
SEC00030,2026-04-18,125.15,Refinitiv,JPY
SEC00030,2026-04-19,123.78,Refinitiv,INR
SEC00030,2026-04-20,118.79,ICE,CAD
SEC00030,2026-04-21,114.88,Refinitiv,EUR
SEC00030,2026-04-22,111.59,Bloomberg,GBP
SEC00030,2026-04-23,112.85,Refinitiv,JPY
SEC00030,2026-04-24,117.4,Bloomberg,CAD
SEC00030,2026-04-25,113.15,Bloomberg,GBP
SEC00030,2026-04-26,111.61,Refinitiv,GBP
SEC00030,2026-04-27,111.85,Bloomberg,JPY
SEC00030,2026-04-28,115.01,Bloomberg,INR
SEC00030,2026-04-29,113.44,ICE,INR
SEC00030,2026-04-30,114.7,ICE,CAD
SEC00030,2026-05-01,114.24,Bloomberg,CAD
SEC00030,2026-05-02,119.66,Refinitiv,USD
SEC00030,2026-05-03,120.03,ICE,INR
SEC00030,2026-05-04,120.86,Bloomberg,CAD
SEC00030,2026-05-05,121.11,ICE,GBP
SEC00030,2026-05-06,120.26,Bloomberg,INR
SEC00030,2026-05-07,122.38,ICE,EUR
SEC00030,2026-05-08,119.89,Bloomberg,EUR
SEC00030,2026-05-09,115.63,Bloomberg,GBP
SEC00030,2026-05-10,115.37,ICE,CAD
SEC00030,2026-05-11,117.12,ICE,EUR
SEC00030,2026-05-12,115.96,Bloomberg,USD
SEC00030,2026-05-13,116.4,ICE,EUR
SEC00030,2026-05-14,113.9,ICE,JPY
SEC00030,2026-05-15,116.14,Refinitiv,CAD
SEC00030,2026-05-16,117.56,Bloomberg,GBP
SEC00030,2026-05-17,117.66,Bloomberg,EUR
SEC00030,2026-05-18,118.08,ICE,JPY
SEC00030,2026-05-19,115.18,Bloomberg,USD
SEC00031,2026-03-20,43.92,Bloomberg,INR
SEC00031,2026-03-21,43.77,Bloomberg,INR
SEC00031,2026-03-22,43.95,ICE,CAD
SEC00031,2026-03-23,44.09,Bloomberg,INR
SEC00031,2026-03-24,44.24,Bloomberg,GBP
SEC00031,2026-03-25,43.86,Bloomberg,JPY
SEC00031,2026-03-26,43.63,ICE,GBP
SEC00031,2026-03-27,42.76,Refinitiv,EUR
SEC00031,2026-03-28,41.25,ICE,CAD
SEC00031,2026-03-29,41.19,Bloomberg,EUR
SEC00031,2026-03-30,40.66,Refinitiv,GBP
SEC00031,2026-03-31,41.47,Bloomberg,USD
SEC00031,2026-04-01,39.86,Bloomberg,CAD
SEC00031,2026-04-02,40.09,Refinitiv,EUR
SEC00031,2026-04-03,41.64,Bloomberg,INR
SEC00031,2026-04-04,41.52,Refinitiv,GBP
SEC00031,2026-04-05,41.54,Refinitiv,EUR
SEC00031,2026-04-06,41.88,ICE,EUR
SEC00031,2026-04-07,42.28,ICE,JPY
SEC00031,2026-04-08,41.99,Bloomberg,JPY
SEC00031,2026-04-09,41.25,Bloomberg,INR
SEC00031,2026-04-10,41.76,Refinitiv,INR
SEC00031,2026-04-11,40.34,Bloomberg,GBP
SEC00031,2026-04-12,40.97,Bloomberg,EUR
SEC00031,2026-04-13,40.7,Refinitiv,USD
SEC00031,2026-04-14,40.72,Refinitiv,USD
SEC00031,2026-04-15,40.36,Refinitiv,USD
SEC00031,2026-04-16,41.42,Bloomberg,GBP
SEC00031,2026-04-17,41.62,Bloomberg,CAD
SEC00031,2026-04-18,41.4,Bloomberg,GBP
SEC00031,2026-04-19,41.16,Bloomberg,CAD
SEC00031,2026-04-20,41.07,ICE,EUR
SEC00031,2026-04-21,42.87,Bloomberg,EUR
SEC00031,2026-04-22,41.87,Bloomberg,EUR
SEC00031,2026-04-23,42.71,ICE,GBP
SEC00031,2026-04-24,43.17,Refinitiv,EUR
SEC00031,2026-04-25,44.38,Bloomberg,JPY
SEC00031,2026-04-26,44.91,ICE,JPY
SEC00031,2026-04-27,44.93,Refinitiv,EUR
SEC00031,2026-04-28,45.78,ICE,INR
SEC00031,2026-04-29,45.99,ICE,INR
SEC00031,2026-04-30,46.64,ICE,USD
SEC00031,2026-05-01,47.86,Bloomberg,USD
SEC00031,2026-05-02,47.97,Refinitiv,JPY
SEC00031,2026-05-03,47.63,Bloomberg,INR
SEC00031,2026-05-04,47.1,Refinitiv,JPY
SEC00031,2026-05-05,47.5,ICE,JPY
SEC00031,2026-05-06,46.78,Bloomberg,INR
SEC00031,2026-05-07,46.51,ICE,USD
SEC00031,2026-05-08,45.72,Refinitiv,GBP
SEC00031,2026-05-09,46.16,Bloomberg,EUR
SEC00031,2026-05-10,45.56,ICE,GBP
SEC00031,2026-05-11,44.53,Refinitiv,INR
SEC00031,2026-05-12,43.66,Refinitiv,CAD
SEC00031,2026-05-13,43.23,Refinitiv,CAD
SEC00031,2026-05-14,42.88,Bloomberg,CAD
SEC00031,2026-05-15,43.09,Bloomberg,INR
SEC00031,2026-05-16,42.99,Refinitiv,JPY
SEC00031,2026-05-17,43.3,ICE,JPY
SEC00031,2026-05-18,43.67,ICE,INR
SEC00031,2026-05-19,44.27,ICE,EUR
SEC00032,2026-03-20,44.59,ICE,EUR
SEC00032,2026-03-21,44.78,ICE,GBP
SEC00032,2026-03-22,43.44,Refinitiv,EUR
SEC00032,2026-03-23,43.84,ICE,USD
SEC00032,2026-03-24,43.16,ICE,USD
SEC00032,2026-03-25,42.68,ICE,EUR
SEC00032,2026-03-26,43.6,Refinitiv,EUR
SEC00032,2026-03-27,41.91,Bloomberg,USD
SEC00032,2026-03-28,42.17,ICE,USD
SEC00032,2026-03-29,42.43,Bloomberg,JPY
SEC00032,2026-03-30,41.83,ICE,USD
SEC00032,2026-03-31,41.51,Bloomberg,JPY
SEC00032,2026-04-01,42.45,Refinitiv,USD
SEC00032,2026-04-02,43.97,ICE,GBP
SEC00032,2026-04-03,44.83,ICE,GBP
SEC00032,2026-04-04,46.38,Refinitiv,CAD
SEC00032,2026-04-05,45.82,Bloomberg,INR
SEC00032,2026-04-06,44.54,Bloomberg,EUR
SEC00032,2026-04-07,44.52,Bloomberg,GBP
SEC00032,2026-04-08,45.19,Refinitiv,JPY
SEC00032,2026-04-09,43.7,Refinitiv,GBP
SEC00032,2026-04-10,43.0,Bloomberg,CAD
SEC00032,2026-04-11,42.39,Refinitiv,EUR
SEC00032,2026-04-12,42.68,ICE,JPY
SEC00032,2026-04-13,42.88,ICE,GBP
SEC00032,2026-04-14,42.3,Refinitiv,INR
SEC00032,2026-04-15,42.46,ICE,INR
SEC00032,2026-04-16,41.6,Refinitiv,JPY
SEC00032,2026-04-17,41.31,Refinitiv,GBP
SEC00032,2026-04-18,40.39,Refinitiv,USD
SEC00032,2026-04-19,40.3,ICE,USD
SEC00032,2026-04-20,39.74,Bloomberg,EUR
SEC00032,2026-04-21,40.25,Bloomberg,GBP
SEC00032,2026-04-22,40.25,ICE,EUR
SEC00032,2026-04-23,40.11,ICE,INR
SEC00032,2026-04-24,41.4,ICE,JPY
SEC00032,2026-04-25,41.71,ICE,INR
SEC00032,2026-04-26,41.45,ICE,JPY
SEC00032,2026-04-27,41.04,Bloomberg,JPY
SEC00032,2026-04-28,40.19,ICE,GBP
SEC00032,2026-04-29,40.16,Bloomberg,JPY
SEC00032,2026-04-30,40.4,Bloomberg,INR
SEC00032,2026-05-01,39.03,ICE,GBP
SEC00032,2026-05-02,38.09,Bloomberg,EUR
SEC00032,2026-05-03,37.76,Bloomberg,GBP
SEC00032,2026-05-04,37.03,Bloomberg,INR
SEC00032,2026-05-05,37.08,ICE,GBP
SEC00032,2026-05-06,37.22,ICE,GBP
SEC00032,2026-05-07,37.15,Bloomberg,CAD
SEC00032,2026-05-08,37.54,Refinitiv,CAD
SEC00032,2026-05-09,37.16,ICE,CAD
SEC00032,2026-05-10,37.15,Refinitiv,JPY
SEC00032,2026-05-11,36.5,Bloomberg,EUR
SEC00032,2026-05-12,36.7,Bloomberg,EUR
SEC00032,2026-05-13,36.77,Refinitiv,CAD
SEC00032,2026-05-14,36.0,Bloomberg,JPY
SEC00032,2026-05-15,35.92,ICE,GBP
SEC00032,2026-05-16,35.91,Bloomberg,GBP
SEC00032,2026-05-17,36.11,ICE,CAD
SEC00032,2026-05-18,36.33,ICE,GBP
SEC00032,2026-05-19,35.88,Refinitiv,INR
SEC00033,2026-03-20,88.76,ICE,CAD
SEC00033,2026-03-21,88.34,ICE,USD
SEC00033,2026-03-22,89.01,Refinitiv,EUR
SEC00033,2026-03-23,91.98,Bloomberg,EUR
SEC00033,2026-03-24,92.15,ICE,JPY
SEC00033,2026-03-25,91.75,ICE,JPY
SEC00033,2026-03-26,95.01,Refinitiv,GBP
SEC00033,2026-03-27,97.33,ICE,EUR
SEC00033,2026-03-28,99.45,Bloomberg,CAD
SEC00033,2026-03-29,98.61,Refinitiv,CAD
SEC00033,2026-03-30,97.59,ICE,USD
SEC00033,2026-03-31,94.42,ICE,USD
SEC00033,2026-04-01,96.11,ICE,USD
SEC00033,2026-04-02,96.29,ICE,INR
SEC00033,2026-04-03,93.21,Refinitiv,EUR
SEC00033,2026-04-04,95.28,Bloomberg,GBP
SEC00033,2026-04-05,94.75,ICE,CAD
SEC00033,2026-04-06,94.43,Refinitiv,EUR
SEC00033,2026-04-07,91.9,Refinitiv,INR
SEC00033,2026-04-08,92.76,Refinitiv,CAD
SEC00033,2026-04-09,93.65,Bloomberg,JPY
SEC00033,2026-04-10,93.61,Bloomberg,JPY
SEC00033,2026-04-11,92.96,Refinitiv,EUR
SEC00033,2026-04-12,97.4,ICE,CAD
SEC00033,2026-04-13,95.34,Refinitiv,GBP
SEC00033,2026-04-14,94.15,Bloomberg,USD
SEC00033,2026-04-15,95.39,Refinitiv,GBP
SEC00033,2026-04-16,93.7,ICE,CAD
SEC00033,2026-04-17,91.91,Bloomberg,USD
SEC00033,2026-04-18,93.83,Refinitiv,GBP
SEC00033,2026-04-19,94.9,ICE,EUR
SEC00033,2026-04-20,95.77,Refinitiv,GBP
SEC00033,2026-04-21,96.13,Refinitiv,USD
SEC00033,2026-04-22,94.98,ICE,GBP
SEC00033,2026-04-23,94.6,Bloomberg,JPY
SEC00033,2026-04-24,94.51,Bloomberg,JPY
SEC00033,2026-04-25,96.0,Bloomberg,EUR
SEC00033,2026-04-26,96.78,ICE,GBP
SEC00033,2026-04-27,95.21,ICE,GBP
SEC00033,2026-04-28,96.62,ICE,USD
SEC00033,2026-04-29,93.74,ICE,JPY
SEC00033,2026-04-30,93.25,ICE,EUR
SEC00033,2026-05-01,91.38,Bloomberg,GBP
SEC00033,2026-05-02,90.02,Bloomberg,USD
SEC00033,2026-05-03,93.18,ICE,INR
SEC00033,2026-05-04,90.76,ICE,JPY
SEC00033,2026-05-05,89.47,Refinitiv,CAD
SEC00033,2026-05-06,90.34,Refinitiv,INR
SEC00033,2026-05-07,89.62,Refinitiv,USD
SEC00033,2026-05-08,89.91,Refinitiv,INR
SEC00033,2026-05-09,92.27,Refinitiv,INR
SEC00033,2026-05-10,93.41,ICE,EUR
SEC00033,2026-05-11,92.66,ICE,INR
SEC00033,2026-05-12,92.49,Bloomberg,JPY
SEC00033,2026-05-13,93.42,ICE,EUR
SEC00033,2026-05-14,94.53,Bloomberg,EUR
SEC00033,2026-05-15,94.61,Bloomberg,EUR
SEC00033,2026-05-16,95.28,ICE,CAD
SEC00033,2026-05-17,95.94,ICE,GBP
SEC00033,2026-05-18,95.83,ICE,USD
SEC00033,2026-05-19,94.84,Bloomberg,EUR
SEC00034,2026-03-20,50.58,Bloomberg,USD
SEC00034,2026-03-21,50.63,Bloomberg,EUR
SEC00034,2026-03-22,50.9,Refinitiv,USD
SEC00034,2026-03-23,50.95,Bloomberg,JPY
SEC00034,2026-03-24,50.54,ICE,CAD
SEC00034,2026-03-25,50.12,Bloomberg,USD
SEC00034,2026-03-26,50.46,Refinitiv,CAD
SEC00034,2026-03-27,50.34,Refinitiv,CAD
SEC00034,2026-03-28,49.32,ICE,CAD
SEC00034,2026-03-29,47.66,ICE,USD
SEC00034,2026-03-30,47.17,Refinitiv,USD
SEC00034,2026-03-31,46.02,Bloomberg,GBP
SEC00034,2026-04-01,45.36,Refinitiv,CAD
SEC00034,2026-04-02,45.03,Bloomberg,USD
SEC00034,2026-04-03,44.94,Bloomberg,CAD
SEC00034,2026-04-04,44.42,Refinitiv,GBP
SEC00034,2026-04-05,46.19,Bloomberg,GBP
SEC00034,2026-04-06,45.17,Bloomberg,USD
SEC00034,2026-04-07,46.17,Refinitiv,JPY
SEC00034,2026-04-08,46.06,Refinitiv,CAD
SEC00034,2026-04-09,45.54,ICE,USD
SEC00034,2026-04-10,46.05,Bloomberg,JPY
SEC00034,2026-04-11,45.69,Refinitiv,GBP
SEC00034,2026-04-12,45.05,ICE,EUR
SEC00034,2026-04-13,46.53,ICE,EUR
SEC00034,2026-04-14,44.71,Refinitiv,EUR
SEC00034,2026-04-15,44.54,Refinitiv,INR
SEC00034,2026-04-16,44.71,Refinitiv,GBP
SEC00034,2026-04-17,45.87,Bloomberg,INR
SEC00034,2026-04-18,45.56,Bloomberg,EUR
SEC00034,2026-04-19,47.77,ICE,INR
SEC00034,2026-04-20,48.44,Bloomberg,GBP
SEC00034,2026-04-21,46.4,Bloomberg,CAD
SEC00034,2026-04-22,45.21,Refinitiv,USD
SEC00034,2026-04-23,45.43,Bloomberg,USD
SEC00034,2026-04-24,44.51,Bloomberg,EUR
SEC00034,2026-04-25,44.98,Refinitiv,INR
SEC00034,2026-04-26,44.63,ICE,JPY
SEC00034,2026-04-27,43.69,ICE,JPY
SEC00034,2026-04-28,42.96,Bloomberg,JPY
SEC00034,2026-04-29,43.64,Bloomberg,EUR
SEC00034,2026-04-30,42.07,ICE,CAD
SEC00034,2026-05-01,42.88,Refinitiv,JPY
SEC00034,2026-05-02,43.73,ICE,INR
SEC00034,2026-05-03,43.49,Bloomberg,GBP
SEC00034,2026-05-04,42.42,Bloomberg,JPY
SEC00034,2026-05-05,42.86,Bloomberg,EUR
SEC00034,2026-05-06,42.51,ICE,EUR
SEC00034,2026-05-07,41.37,ICE,GBP
SEC00034,2026-05-08,42.81,Bloomberg,USD
SEC00034,2026-05-09,42.15,ICE,CAD
SEC00034,2026-05-10,41.06,ICE,EUR
SEC00034,2026-05-11,41.29,ICE,EUR
SEC00034,2026-05-12,41.26,Refinitiv,USD
SEC00034,2026-05-13,42.38,Bloomberg,EUR
SEC00034,2026-05-14,42.11,ICE,EUR
SEC00034,2026-05-15,41.85,Bloomberg,EUR
SEC00034,2026-05-16,42.13,Bloomberg,JPY
SEC00034,2026-05-17,42.3,Bloomberg,EUR
SEC00034,2026-05-18,42.49,Refinitiv,INR
SEC00034,2026-05-19,42.72,Bloomberg,GBP
SEC00035,2026-03-20,32.27,Refinitiv,JPY
SEC00035,2026-03-21,31.86,ICE,INR
SEC00035,2026-03-22,31.59,Bloomberg,JPY
SEC00035,2026-03-23,31.84,Bloomberg,EUR
SEC00035,2026-03-24,30.97,ICE,CAD
SEC00035,2026-03-25,31.03,ICE,CAD
SEC00035,2026-03-26,31.52,Refinitiv,JPY
SEC00035,2026-03-27,32.06,Refinitiv,INR
SEC00035,2026-03-28,32.38,Bloomberg,INR
SEC00035,2026-03-29,32.36,ICE,CAD
SEC00035,2026-03-30,32.02,Refinitiv,GBP
SEC00035,2026-03-31,31.98,Refinitiv,JPY
SEC00035,2026-04-01,32.95,Bloomberg,INR
SEC00035,2026-04-02,33.13,Refinitiv,EUR
SEC00035,2026-04-03,33.08,ICE,GBP
SEC00035,2026-04-04,33.44,Bloomberg,JPY
SEC00035,2026-04-05,33.48,Refinitiv,EUR
SEC00035,2026-04-06,33.63,Bloomberg,GBP
SEC00035,2026-04-07,33.5,ICE,INR
SEC00035,2026-04-08,33.27,Bloomberg,GBP
SEC00035,2026-04-09,33.88,ICE,GBP
SEC00035,2026-04-10,32.71,Refinitiv,INR
SEC00035,2026-04-11,33.01,Refinitiv,CAD
SEC00035,2026-04-12,32.74,Refinitiv,GBP
SEC00035,2026-04-13,31.63,Refinitiv,INR
SEC00035,2026-04-14,31.1,Refinitiv,EUR
SEC00035,2026-04-15,31.09,Refinitiv,EUR
SEC00035,2026-04-16,31.16,Bloomberg,INR
SEC00035,2026-04-17,31.59,Refinitiv,EUR
SEC00035,2026-04-18,32.07,ICE,INR
SEC00035,2026-04-19,31.19,Bloomberg,EUR
SEC00035,2026-04-20,31.42,ICE,EUR
SEC00035,2026-04-21,31.85,ICE,JPY
SEC00035,2026-04-22,31.99,Refinitiv,JPY
SEC00035,2026-04-23,32.29,Bloomberg,INR
SEC00035,2026-04-24,31.19,Refinitiv,EUR
SEC00035,2026-04-25,30.65,ICE,EUR
SEC00035,2026-04-26,31.42,Refinitiv,JPY
SEC00035,2026-04-27,31.27,Bloomberg,USD
SEC00035,2026-04-28,32.54,Bloomberg,INR
SEC00035,2026-04-29,31.81,Refinitiv,INR
SEC00035,2026-04-30,32.72,Bloomberg,EUR
SEC00035,2026-05-01,32.38,Bloomberg,USD
SEC00035,2026-05-02,32.89,Refinitiv,EUR
SEC00035,2026-05-03,32.74,Refinitiv,CAD
SEC00035,2026-05-04,32.82,Bloomberg,EUR
SEC00035,2026-05-05,33.19,ICE,GBP
SEC00035,2026-05-06,32.84,Bloomberg,INR
SEC00035,2026-05-07,33.33,Bloomberg,GBP
SEC00035,2026-05-08,33.19,Bloomberg,CAD
SEC00035,2026-05-09,33.31,Bloomberg,JPY
SEC00035,2026-05-10,31.74,Refinitiv,GBP
SEC00035,2026-05-11,31.56,Bloomberg,EUR
SEC00035,2026-05-12,32.3,ICE,JPY
SEC00035,2026-05-13,32.72,ICE,JPY
SEC00035,2026-05-14,33.25,Bloomberg,GBP
SEC00035,2026-05-15,33.3,ICE,EUR
SEC00035,2026-05-16,34.32,Refinitiv,CAD
SEC00035,2026-05-17,34.52,ICE,GBP
SEC00035,2026-05-18,34.13,Bloomberg,JPY
SEC00035,2026-05-19,34.67,Refinitiv,INR
SEC00036,2026-03-20,53.09,Bloomberg,CAD
SEC00036,2026-03-21,54.97,ICE,JPY
SEC00036,2026-03-22,53.74,ICE,INR
SEC00036,2026-03-23,53.75,Refinitiv,USD
SEC00036,2026-03-24,53.91,ICE,EUR
SEC00036,2026-03-25,54.34,ICE,JPY
SEC00036,2026-03-26,55.61,Refinitiv,INR
SEC00036,2026-03-27,57.48,Refinitiv,INR
SEC00036,2026-03-28,57.55,ICE,EUR
SEC00036,2026-03-29,58.74,ICE,USD
SEC00036,2026-03-30,59.46,ICE,USD
SEC00036,2026-03-31,59.46,Bloomberg,EUR
SEC00036,2026-04-01,57.68,ICE,GBP
SEC00036,2026-04-02,58.76,Refinitiv,GBP
SEC00036,2026-04-03,59.43,Refinitiv,CAD
SEC00036,2026-04-04,59.88,ICE,USD
SEC00036,2026-04-05,58.85,Refinitiv,USD
SEC00036,2026-04-06,60.95,Bloomberg,EUR
SEC00036,2026-04-07,61.15,ICE,CAD
SEC00036,2026-04-08,59.93,Bloomberg,CAD
SEC00036,2026-04-09,58.55,Bloomberg,EUR
SEC00036,2026-04-10,59.29,Bloomberg,USD
SEC00036,2026-04-11,60.08,Refinitiv,GBP
SEC00036,2026-04-12,59.61,Bloomberg,JPY
SEC00036,2026-04-13,60.13,Refinitiv,GBP
SEC00036,2026-04-14,60.89,ICE,GBP
SEC00036,2026-04-15,61.07,Refinitiv,INR
SEC00036,2026-04-16,60.33,ICE,INR
SEC00036,2026-04-17,61.4,Refinitiv,EUR
SEC00036,2026-04-18,62.36,Bloomberg,USD
SEC00036,2026-04-19,63.03,ICE,INR
SEC00036,2026-04-20,62.12,Refinitiv,CAD
SEC00036,2026-04-21,60.66,ICE,JPY
SEC00036,2026-04-22,60.77,Bloomberg,JPY
SEC00036,2026-04-23,61.82,ICE,JPY
SEC00036,2026-04-24,63.01,Refinitiv,JPY
SEC00036,2026-04-25,63.7,ICE,GBP
SEC00036,2026-04-26,63.22,Bloomberg,JPY
SEC00036,2026-04-27,62.33,Refinitiv,CAD
SEC00036,2026-04-28,62.35,Bloomberg,CAD
SEC00036,2026-04-29,62.37,ICE,INR
SEC00036,2026-04-30,63.64,Bloomberg,EUR
SEC00036,2026-05-01,63.13,Refinitiv,EUR
SEC00036,2026-05-02,62.71,Refinitiv,INR
SEC00036,2026-05-03,65.06,Refinitiv,INR
SEC00036,2026-05-04,66.91,ICE,CAD
SEC00036,2026-05-05,65.88,ICE,EUR
SEC00036,2026-05-06,67.65,Bloomberg,CAD
SEC00036,2026-05-07,66.32,ICE,CAD
SEC00036,2026-05-08,65.83,Refinitiv,USD
SEC00036,2026-05-09,65.49,Refinitiv,JPY
SEC00036,2026-05-10,65.43,Bloomberg,GBP
SEC00036,2026-05-11,66.19,Refinitiv,EUR
SEC00036,2026-05-12,66.35,ICE,GBP
SEC00036,2026-05-13,67.12,ICE,USD
SEC00036,2026-05-14,66.67,ICE,JPY
SEC00036,2026-05-15,67.15,ICE,EUR
SEC00036,2026-05-16,67.28,Bloomberg,EUR
SEC00036,2026-05-17,65.63,Refinitiv,GBP
SEC00036,2026-05-18,66.23,Bloomberg,USD
SEC00036,2026-05-19,66.38,ICE,INR
SEC00037,2026-03-20,97.17,Bloomberg,JPY
SEC00037,2026-03-21,98.16,Bloomberg,INR
SEC00037,2026-03-22,95.62,Refinitiv,USD
SEC00037,2026-03-23,96.72,Bloomberg,INR
SEC00037,2026-03-24,96.97,Bloomberg,GBP
SEC00037,2026-03-25,96.36,Bloomberg,INR
SEC00037,2026-03-26,98.77,ICE,INR
SEC00037,2026-03-27,98.55,ICE,USD
SEC00037,2026-03-28,97.66,ICE,USD
SEC00037,2026-03-29,99.69,Refinitiv,INR
SEC00037,2026-03-30,99.01,Bloomberg,EUR
SEC00037,2026-03-31,98.03,Bloomberg,GBP
SEC00037,2026-04-01,96.09,Refinitiv,GBP
SEC00037,2026-04-02,94.72,Bloomberg,EUR
SEC00037,2026-04-03,93.51,Bloomberg,EUR
SEC00037,2026-04-04,94.61,Refinitiv,USD
SEC00037,2026-04-05,92.92,Bloomberg,JPY
SEC00037,2026-04-06,89.86,Refinitiv,CAD
SEC00037,2026-04-07,90.39,Refinitiv,CAD
SEC00037,2026-04-08,89.41,ICE,JPY
SEC00037,2026-04-09,89.42,Refinitiv,USD
SEC00037,2026-04-10,91.53,ICE,CAD
SEC00037,2026-04-11,91.7,Refinitiv,GBP
SEC00037,2026-04-12,94.23,Bloomberg,JPY
SEC00037,2026-04-13,94.17,Bloomberg,USD
SEC00037,2026-04-14,95.92,Bloomberg,GBP
SEC00037,2026-04-15,95.02,Refinitiv,GBP
SEC00037,2026-04-16,95.25,ICE,JPY
SEC00037,2026-04-17,93.7,ICE,EUR
SEC00037,2026-04-18,92.38,Bloomberg,JPY
SEC00037,2026-04-19,92.05,Bloomberg,INR
SEC00037,2026-04-20,89.89,Bloomberg,CAD
SEC00037,2026-04-21,90.2,ICE,JPY
SEC00037,2026-04-22,89.75,Bloomberg,GBP
SEC00037,2026-04-23,90.17,Refinitiv,GBP
SEC00037,2026-04-24,88.09,Bloomberg,EUR
SEC00037,2026-04-25,89.24,ICE,USD
SEC00037,2026-04-26,92.02,Refinitiv,CAD
SEC00037,2026-04-27,94.52,Bloomberg,CAD
SEC00037,2026-04-28,97.81,Refinitiv,GBP
SEC00037,2026-04-29,97.93,ICE,INR
SEC00037,2026-04-30,97.36,Refinitiv,USD
SEC00037,2026-05-01,98.26,ICE,USD
SEC00037,2026-05-02,97.89,ICE,GBP
SEC00037,2026-05-03,94.87,Refinitiv,INR
SEC00037,2026-05-04,96.32,ICE,USD
SEC00037,2026-05-05,95.96,ICE,JPY
SEC00037,2026-05-06,93.48,Refinitiv,GBP
SEC00037,2026-05-07,92.67,ICE,USD
SEC00037,2026-05-08,92.36,Refinitiv,INR
SEC00037,2026-05-09,92.43,Refinitiv,GBP
SEC00037,2026-05-10,92.51,Refinitiv,JPY
SEC00037,2026-05-11,94.84,ICE,INR
SEC00037,2026-05-12,92.69,ICE,USD
SEC00037,2026-05-13,92.48,Bloomberg,CAD
SEC00037,2026-05-14,91.06,Refinitiv,GBP
SEC00037,2026-05-15,93.17,Refinitiv,GBP
SEC00037,2026-05-16,92.27,ICE,JPY
SEC00037,2026-05-17,91.75,Refinitiv,JPY
SEC00037,2026-05-18,93.53,Bloomberg,INR
SEC00037,2026-05-19,95.8,Bloomberg,USD
SEC00038,2026-03-20,88.94,Bloomberg,INR
SEC00038,2026-03-21,90.67,Refinitiv,INR
SEC00038,2026-03-22,88.42,ICE,CAD
SEC00038,2026-03-23,85.94,Refinitiv,EUR
SEC00038,2026-03-24,83.67,Bloomberg,INR
SEC00038,2026-03-25,83.89,ICE,INR
SEC00038,2026-03-26,85.03,Bloomberg,CAD
SEC00038,2026-03-27,87.05,Bloomberg,JPY
SEC00038,2026-03-28,89.0,ICE,EUR
SEC00038,2026-03-29,90.42,Refinitiv,CAD
SEC00038,2026-03-30,89.11,Bloomberg,USD
SEC00038,2026-03-31,87.81,Refinitiv,INR
SEC00038,2026-04-01,89.1,Refinitiv,GBP
SEC00038,2026-04-02,91.42,Refinitiv,USD
SEC00038,2026-04-03,89.77,Refinitiv,CAD
SEC00038,2026-04-04,91.91,Refinitiv,CAD
SEC00038,2026-04-05,88.78,Refinitiv,CAD
SEC00038,2026-04-06,89.44,Refinitiv,GBP
SEC00038,2026-04-07,89.32,ICE,EUR
SEC00038,2026-04-08,89.04,Refinitiv,INR
SEC00038,2026-04-09,89.13,ICE,EUR
SEC00038,2026-04-10,87.81,ICE,GBP
SEC00038,2026-04-11,88.56,Refinitiv,USD
SEC00038,2026-04-12,88.7,Bloomberg,JPY
SEC00038,2026-04-13,90.23,Refinitiv,USD
SEC00038,2026-04-14,92.86,ICE,JPY
SEC00038,2026-04-15,93.12,Bloomberg,CAD
SEC00038,2026-04-16,91.8,Bloomberg,INR
SEC00038,2026-04-17,89.96,ICE,INR
SEC00038,2026-04-18,92.76,ICE,CAD
SEC00038,2026-04-19,95.42,Bloomberg,GBP
SEC00038,2026-04-20,97.0,Refinitiv,GBP
SEC00038,2026-04-21,97.15,Bloomberg,EUR
SEC00038,2026-04-22,98.62,ICE,CAD
SEC00038,2026-04-23,100.99,ICE,JPY
SEC00038,2026-04-24,99.92,Refinitiv,INR
SEC00038,2026-04-25,100.02,ICE,GBP
SEC00038,2026-04-26,98.08,Refinitiv,CAD
SEC00038,2026-04-27,97.9,ICE,EUR
SEC00038,2026-04-28,100.67,Bloomberg,EUR
SEC00038,2026-04-29,102.67,Bloomberg,INR
SEC00038,2026-04-30,102.97,Refinitiv,USD
SEC00038,2026-05-01,98.03,Bloomberg,JPY
SEC00038,2026-05-02,96.93,ICE,JPY
SEC00038,2026-05-03,97.15,Refinitiv,EUR
SEC00038,2026-05-04,96.82,Bloomberg,INR
SEC00038,2026-05-05,96.93,ICE,CAD
SEC00038,2026-05-06,97.4,Refinitiv,EUR
SEC00038,2026-05-07,96.51,Refinitiv,CAD
SEC00038,2026-05-08,96.55,Bloomberg,CAD
SEC00038,2026-05-09,96.34,ICE,INR
SEC00038,2026-05-10,95.17,Refinitiv,GBP
SEC00038,2026-05-11,98.38,ICE,USD
SEC00038,2026-05-12,97.58,ICE,GBP
SEC00038,2026-05-13,93.67,Refinitiv,GBP
SEC00038,2026-05-14,96.73,Bloomberg,CAD
SEC00038,2026-05-15,95.3,ICE,JPY
SEC00038,2026-05-16,96.89,Bloomberg,INR
SEC00038,2026-05-17,95.75,ICE,INR
SEC00038,2026-05-18,96.78,Bloomberg,EUR
SEC00038,2026-05-19,96.75,Refinitiv,USD
SEC00039,2026-03-20,54.85,Refinitiv,USD
SEC00039,2026-03-21,55.17,Refinitiv,GBP
SEC00039,2026-03-22,55.26,Bloomberg,GBP
SEC00039,2026-03-23,55.52,ICE,CAD
SEC00039,2026-03-24,54.52,ICE,EUR
SEC00039,2026-03-25,54.07,Refinitiv,JPY
SEC00039,2026-03-26,55.21,Bloomberg,GBP
SEC00039,2026-03-27,54.71,Refinitiv,USD
SEC00039,2026-03-28,52.14,Refinitiv,GBP
SEC00039,2026-03-29,52.02,Bloomberg,JPY
SEC00039,2026-03-30,54.3,ICE,USD
SEC00039,2026-03-31,55.16,Refinitiv,USD
SEC00039,2026-04-01,54.61,ICE,CAD
SEC00039,2026-04-02,54.59,Refinitiv,CAD
SEC00039,2026-04-03,55.28,Refinitiv,CAD
SEC00039,2026-04-04,53.56,ICE,JPY
SEC00039,2026-04-05,52.76,Refinitiv,INR
SEC00039,2026-04-06,53.17,Bloomberg,EUR
SEC00039,2026-04-07,54.72,Refinitiv,EUR
SEC00039,2026-04-08,54.32,Refinitiv,CAD
SEC00039,2026-04-09,55.87,ICE,CAD
SEC00039,2026-04-10,55.14,ICE,EUR
SEC00039,2026-04-11,51.81,ICE,GBP
SEC00039,2026-04-12,52.53,ICE,EUR
SEC00039,2026-04-13,53.07,Bloomberg,CAD
SEC00039,2026-04-14,53.8,Bloomberg,JPY
SEC00039,2026-04-15,54.5,Bloomberg,EUR
SEC00039,2026-04-16,54.71,ICE,INR
SEC00039,2026-04-17,54.49,Bloomberg,CAD
SEC00039,2026-04-18,54.3,Bloomberg,USD
SEC00039,2026-04-19,53.88,ICE,USD
SEC00039,2026-04-20,53.51,Bloomberg,USD
SEC00039,2026-04-21,51.8,Bloomberg,USD
SEC00039,2026-04-22,50.69,Refinitiv,EUR
SEC00039,2026-04-23,50.57,Bloomberg,INR
SEC00039,2026-04-24,48.55,Bloomberg,GBP
SEC00039,2026-04-25,46.82,Bloomberg,JPY
SEC00039,2026-04-26,46.56,Refinitiv,GBP
SEC00039,2026-04-27,46.48,ICE,USD
SEC00039,2026-04-28,46.24,Refinitiv,JPY
SEC00039,2026-04-29,44.28,ICE,JPY
SEC00039,2026-04-30,45.54,ICE,INR
SEC00039,2026-05-01,44.39,ICE,JPY
SEC00039,2026-05-02,43.76,ICE,USD
SEC00039,2026-05-03,42.78,Refinitiv,INR
SEC00039,2026-05-04,43.81,Bloomberg,INR
SEC00039,2026-05-05,44.16,Bloomberg,INR
SEC00039,2026-05-06,43.81,Bloomberg,INR
SEC00039,2026-05-07,43.4,ICE,INR
SEC00039,2026-05-08,43.56,Refinitiv,CAD
SEC00039,2026-05-09,42.61,Bloomberg,EUR
SEC00039,2026-05-10,42.92,Bloomberg,INR
SEC00039,2026-05-11,42.52,ICE,CAD
SEC00039,2026-05-12,42.93,Refinitiv,USD
SEC00039,2026-05-13,43.33,Bloomberg,JPY
SEC00039,2026-05-14,42.89,ICE,CAD
SEC00039,2026-05-15,41.33,ICE,CAD
SEC00039,2026-05-16,41.16,Refinitiv,EUR
SEC00039,2026-05-17,40.11,Refinitiv,USD
SEC00039,2026-05-18,40.19,ICE,EUR
SEC00039,2026-05-19,40.02,Refinitiv,USD
SEC00040,2026-03-20,46.12,ICE,INR
SEC00040,2026-03-21,45.79,Bloomberg,JPY
SEC00040,2026-03-22,45.3,Refinitiv,CAD
SEC00040,2026-03-23,45.36,Refinitiv,INR
SEC00040,2026-03-24,45.84,Refinitiv,GBP
SEC00040,2026-03-25,45.66,Bloomberg,USD
SEC00040,2026-03-26,44.47,ICE,USD
SEC00040,2026-03-27,43.9,Bloomberg,EUR
SEC00040,2026-03-28,43.94,Refinitiv,USD
SEC00040,2026-03-29,44.55,Refinitiv,INR
SEC00040,2026-03-30,43.38,Refinitiv,JPY
SEC00040,2026-03-31,43.6,ICE,CAD
SEC00040,2026-04-01,43.8,Refinitiv,USD
SEC00040,2026-04-02,43.47,ICE,INR
SEC00040,2026-04-03,43.03,Bloomberg,USD
SEC00040,2026-04-04,42.48,Bloomberg,EUR
SEC00040,2026-04-05,42.61,ICE,CAD
SEC00040,2026-04-06,43.49,Bloomberg,GBP
SEC00040,2026-04-07,44.45,ICE,USD
SEC00040,2026-04-08,43.58,ICE,USD
SEC00040,2026-04-09,43.45,Bloomberg,USD
SEC00040,2026-04-10,41.76,ICE,GBP
SEC00040,2026-04-11,41.86,Refinitiv,JPY
SEC00040,2026-04-12,42.33,Bloomberg,INR
SEC00040,2026-04-13,43.55,Refinitiv,INR
SEC00040,2026-04-14,42.17,Refinitiv,INR
SEC00040,2026-04-15,41.37,ICE,JPY
SEC00040,2026-04-16,41.49,Bloomberg,INR
SEC00040,2026-04-17,40.31,ICE,GBP
SEC00040,2026-04-18,40.45,Refinitiv,CAD
SEC00040,2026-04-19,40.93,Bloomberg,USD
SEC00040,2026-04-20,40.0,Refinitiv,USD
SEC00040,2026-04-21,40.12,ICE,CAD
SEC00040,2026-04-22,39.26,ICE,EUR
SEC00040,2026-04-23,40.25,ICE,USD
SEC00040,2026-04-24,40.42,Bloomberg,EUR
SEC00040,2026-04-25,39.98,Refinitiv,INR
SEC00040,2026-04-26,39.11,Bloomberg,CAD
SEC00040,2026-04-27,39.4,ICE,EUR
SEC00040,2026-04-28,40.38,Bloomberg,INR
SEC00040,2026-04-29,39.84,Bloomberg,EUR
SEC00040,2026-04-30,39.55,ICE,EUR
SEC00040,2026-05-01,39.03,Refinitiv,CAD
SEC00040,2026-05-02,40.14,ICE,JPY
SEC00040,2026-05-03,38.79,ICE,INR
SEC00040,2026-05-04,39.7,Refinitiv,JPY
SEC00040,2026-05-05,39.45,Refinitiv,GBP
SEC00040,2026-05-06,39.42,ICE,JPY
SEC00040,2026-05-07,39.2,ICE,GBP
SEC00040,2026-05-08,39.39,Bloomberg,USD
SEC00040,2026-05-09,38.89,ICE,JPY
SEC00040,2026-05-10,39.65,Refinitiv,USD
SEC00040,2026-05-11,40.45,ICE,EUR
SEC00040,2026-05-12,39.76,Refinitiv,GBP
SEC00040,2026-05-13,40.26,Bloomberg,USD
SEC00040,2026-05-14,40.02,ICE,USD
SEC00040,2026-05-15,40.08,Bloomberg,EUR
SEC00040,2026-05-16,41.2,ICE,INR
SEC00040,2026-05-17,40.72,ICE,EUR
SEC00040,2026-05-18,41.42,ICE,USD
SEC00040,2026-05-19,41.78,Bloomberg,GBP
SEC00041,2026-03-20,43.92,Refinitiv,JPY
SEC00041,2026-03-21,44.18,Bloomberg,EUR
SEC00041,2026-03-22,44.86,Refinitiv,GBP
SEC00041,2026-03-23,45.75,Refinitiv,USD
SEC00041,2026-03-24,46.21,ICE,EUR
SEC00041,2026-03-25,46.91,Refinitiv,CAD
SEC00041,2026-03-26,47.77,Refinitiv,EUR
SEC00041,2026-03-27,47.86,Bloomberg,JPY
SEC00041,2026-03-28,46.06,ICE,JPY
SEC00041,2026-03-29,47.05,Bloomberg,CAD
SEC00041,2026-03-30,46.31,Bloomberg,GBP
SEC00041,2026-03-31,45.39,Bloomberg,USD
SEC00041,2026-04-01,44.51,ICE,USD
SEC00041,2026-04-02,46.53,ICE,JPY
SEC00041,2026-04-03,46.92,Bloomberg,CAD
SEC00041,2026-04-04,46.06,Bloomberg,INR
SEC00041,2026-04-05,45.52,ICE,GBP
SEC00041,2026-04-06,45.54,Bloomberg,USD
SEC00041,2026-04-07,46.01,Bloomberg,USD
SEC00041,2026-04-08,46.26,Refinitiv,JPY
SEC00041,2026-04-09,45.51,Refinitiv,INR
SEC00041,2026-04-10,45.8,Refinitiv,INR
SEC00041,2026-04-11,45.32,Refinitiv,CAD
SEC00041,2026-04-12,46.19,ICE,USD
SEC00041,2026-04-13,46.26,Refinitiv,JPY
SEC00041,2026-04-14,45.65,Bloomberg,USD
SEC00041,2026-04-15,46.24,Bloomberg,EUR
SEC00041,2026-04-16,46.58,ICE,EUR
SEC00041,2026-04-17,46.21,Bloomberg,GBP
SEC00041,2026-04-18,46.84,Refinitiv,CAD
SEC00041,2026-04-19,47.39,Bloomberg,CAD
SEC00041,2026-04-20,48.44,Bloomberg,EUR
SEC00041,2026-04-21,49.09,Refinitiv,CAD
SEC00041,2026-04-22,48.92,Bloomberg,GBP
SEC00041,2026-04-23,47.46,Refinitiv,INR
SEC00041,2026-04-24,34.3,Refinitiv,USD
SEC00041,2026-04-25,47.96,ICE,CAD
SEC00041,2026-04-26,48.03,Refinitiv,CAD
SEC00041,2026-04-27,45.45,Bloomberg,CAD
SEC00041,2026-04-28,46.02,ICE,CAD
SEC00041,2026-04-29,45.29,ICE,GBP
SEC00041,2026-04-30,45.87,Bloomberg,INR
SEC00041,2026-05-01,47.3,ICE,JPY
SEC00041,2026-05-02,47.11,Refinitiv,USD
SEC00041,2026-05-03,47.5,ICE,GBP
SEC00041,2026-05-04,47.56,Bloomberg,CAD
SEC00041,2026-05-05,48.03,Bloomberg,EUR
SEC00041,2026-05-06,48.14,Bloomberg,INR
SEC00041,2026-05-07,47.72,Bloomberg,GBP
SEC00041,2026-05-08,46.97,Refinitiv,GBP
SEC00041,2026-05-09,48.33,ICE,EUR
SEC00041,2026-05-10,48.74,Refinitiv,GBP
SEC00041,2026-05-11,49.49,Refinitiv,CAD
SEC00041,2026-05-12,49.87,Bloomberg,USD
SEC00041,2026-05-13,50.77,Refinitiv,USD
SEC00041,2026-05-14,49.98,ICE,CAD
SEC00041,2026-05-15,50.08,ICE,INR
SEC00041,2026-05-16,50.56,Refinitiv,INR
SEC00041,2026-05-17,51.76,Refinitiv,CAD
SEC00041,2026-05-18,54.28,Bloomberg,USD
SEC00041,2026-05-19,54.7,ICE,GBP
SEC00042,2026-03-20,88.0,Bloomberg,USD
SEC00042,2026-03-21,86.85,Bloomberg,EUR
SEC00042,2026-03-22,88.97,Bloomberg,INR
SEC00042,2026-03-23,88.01,ICE,GBP
SEC00042,2026-03-24,85.57,ICE,GBP
SEC00042,2026-03-25,84.01,Refinitiv,JPY
SEC00042,2026-03-26,85.35,Refinitiv,EUR
SEC00042,2026-03-27,86.56,Bloomberg,INR
SEC00042,2026-03-28,85.41,ICE,GBP
SEC00042,2026-03-29,84.48,Bloomberg,CAD
SEC00042,2026-03-30,85.55,Refinitiv,GBP
SEC00042,2026-03-31,87.62,Refinitiv,INR
SEC00042,2026-04-01,87.55,Bloomberg,GBP
SEC00042,2026-04-02,88.47,ICE,EUR
SEC00042,2026-04-03,89.91,ICE,EUR
SEC00042,2026-04-04,93.44,Refinitiv,USD
SEC00042,2026-04-05,91.54,ICE,EUR
SEC00042,2026-04-06,90.48,ICE,USD
SEC00042,2026-04-07,89.7,Bloomberg,GBP
SEC00042,2026-04-08,91.08,Bloomberg,EUR
SEC00042,2026-04-09,90.72,ICE,JPY
SEC00042,2026-04-10,91.27,Refinitiv,USD
SEC00042,2026-04-11,91.52,ICE,USD
SEC00042,2026-04-12,91.57,Refinitiv,INR
SEC00042,2026-04-13,91.79,ICE,GBP
SEC00042,2026-04-14,93.54,Bloomberg,INR
SEC00042,2026-04-15,91.95,Bloomberg,GBP
SEC00042,2026-04-16,91.75,Bloomberg,USD
SEC00042,2026-04-17,89.79,Refinitiv,JPY
SEC00042,2026-04-18,90.2,ICE,INR
SEC00042,2026-04-19,89.93,ICE,INR
SEC00042,2026-04-20,91.7,Refinitiv,GBP
SEC00042,2026-04-21,91.74,Refinitiv,GBP
SEC00042,2026-04-22,91.05,Bloomberg,USD
SEC00042,2026-04-23,90.7,Refinitiv,GBP
SEC00042,2026-04-24,93.55,ICE,INR
SEC00042,2026-04-25,90.96,Bloomberg,USD
SEC00042,2026-04-26,89.97,ICE,GBP
SEC00042,2026-04-27,90.08,Bloomberg,INR
SEC00042,2026-04-28,89.09,Refinitiv,EUR
SEC00042,2026-04-29,89.92,Refinitiv,INR
SEC00042,2026-04-30,89.88,ICE,EUR
SEC00042,2026-05-01,90.34,Refinitiv,GBP
SEC00042,2026-05-02,90.57,ICE,EUR
SEC00042,2026-05-03,90.45,ICE,GBP
SEC00042,2026-05-04,88.39,Refinitiv,JPY
SEC00042,2026-05-05,88.72,Refinitiv,EUR
SEC00042,2026-05-06,85.95,Refinitiv,JPY
SEC00042,2026-05-07,84.95,Refinitiv,JPY
SEC00042,2026-05-08,85.74,Refinitiv,USD
SEC00042,2026-05-09,87.62,Refinitiv,EUR
SEC00042,2026-05-10,91.37,Refinitiv,GBP
SEC00042,2026-05-11,90.71,Bloomberg,CAD
SEC00042,2026-05-12,89.34,Bloomberg,JPY
SEC00042,2026-05-13,90.23,Refinitiv,INR
SEC00042,2026-05-14,93.31,ICE,JPY
SEC00042,2026-05-15,95.93,ICE,EUR
SEC00042,2026-05-16,94.19,ICE,USD
SEC00042,2026-05-17,94.0,ICE,USD
SEC00042,2026-05-18,95.48,Bloomberg,INR
SEC00042,2026-05-19,97.11,ICE,JPY
SEC00043,2026-03-20,58.47,ICE,GBP
SEC00043,2026-03-21,59.91,Refinitiv,CAD
SEC00043,2026-03-22,60.46,Refinitiv,USD
SEC00043,2026-03-23,60.37,ICE,INR
SEC00043,2026-03-24,60.02,Refinitiv,CAD
SEC00043,2026-03-25,60.66,Refinitiv,EUR
SEC00043,2026-03-26,60.53,ICE,USD
SEC00043,2026-03-27,61.16,ICE,INR
SEC00043,2026-03-28,61.88,Bloomberg,USD
SEC00043,2026-03-29,61.65,Refinitiv,JPY
SEC00043,2026-03-30,62.9,ICE,EUR
SEC00043,2026-03-31,62.67,Bloomberg,GBP
SEC00043,2026-04-01,62.73,ICE,CAD
SEC00043,2026-04-02,61.65,Refinitiv,USD
SEC00043,2026-04-03,61.38,Bloomberg,JPY
SEC00043,2026-04-04,63.8,Bloomberg,INR
SEC00043,2026-04-05,62.8,Bloomberg,GBP
SEC00043,2026-04-06,63.32,ICE,GBP
SEC00043,2026-04-07,62.84,ICE,GBP
SEC00043,2026-04-08,60.36,ICE,GBP
SEC00043,2026-04-09,61.0,ICE,CAD
SEC00043,2026-04-10,60.42,Refinitiv,EUR
SEC00043,2026-04-11,60.8,ICE,INR
SEC00043,2026-04-12,61.91,ICE,GBP
SEC00043,2026-04-13,62.2,Refinitiv,USD
SEC00043,2026-04-14,62.6,ICE,CAD
SEC00043,2026-04-15,61.66,ICE,EUR
SEC00043,2026-04-16,62.47,Refinitiv,GBP
SEC00043,2026-04-17,62.29,Bloomberg,USD
SEC00043,2026-04-18,60.08,Refinitiv,JPY
SEC00043,2026-04-19,61.0,ICE,CAD
SEC00043,2026-04-20,62.28,ICE,CAD
SEC00043,2026-04-21,63.97,ICE,JPY
SEC00043,2026-04-22,66.5,ICE,CAD
SEC00043,2026-04-23,67.46,Bloomberg,EUR
SEC00043,2026-04-24,68.12,ICE,USD
SEC00043,2026-04-25,69.49,Refinitiv,GBP
SEC00043,2026-04-26,68.42,ICE,CAD
SEC00043,2026-04-27,66.39,Bloomberg,EUR
SEC00043,2026-04-28,65.86,Bloomberg,INR
SEC00043,2026-04-29,67.4,Refinitiv,JPY
SEC00043,2026-04-30,66.63,Refinitiv,INR
SEC00043,2026-05-01,67.23,Bloomberg,GBP
SEC00043,2026-05-02,67.95,Bloomberg,JPY
SEC00043,2026-05-03,68.29,Refinitiv,INR
SEC00043,2026-05-04,66.75,ICE,INR
SEC00043,2026-05-05,67.2,Bloomberg,INR
SEC00043,2026-05-06,66.72,Bloomberg,GBP
SEC00043,2026-05-07,68.8,Refinitiv,EUR
SEC00043,2026-05-08,70.24,ICE,INR
SEC00043,2026-05-09,69.79,Refinitiv,JPY
SEC00043,2026-05-10,72.04,ICE,JPY
SEC00043,2026-05-11,72.52,Bloomberg,JPY
SEC00043,2026-05-12,70.37,Refinitiv,USD
SEC00043,2026-05-13,70.31,ICE,INR
SEC00043,2026-05-14,72.42,Refinitiv,INR
SEC00043,2026-05-15,71.38,Refinitiv,GBP
SEC00043,2026-05-16,71.33,ICE,JPY
SEC00043,2026-05-17,69.62,Refinitiv,INR
SEC00043,2026-05-18,68.15,Bloomberg,EUR
SEC00043,2026-05-19,67.16,Bloomberg,USD
SEC00044,2026-03-20,21.26,ICE,GBP
SEC00044,2026-03-21,20.9,ICE,USD
SEC00044,2026-03-22,20.45,Refinitiv,EUR
SEC00044,2026-03-23,20.49,Refinitiv,EUR
SEC00044,2026-03-24,20.73,ICE,USD
SEC00044,2026-03-25,20.7,Bloomberg,EUR
SEC00044,2026-03-26,20.31,ICE,USD
SEC00044,2026-03-27,20.28,Bloomberg,GBP
SEC00044,2026-03-28,20.03,Bloomberg,JPY
SEC00044,2026-03-29,20.25,Refinitiv,JPY
SEC00044,2026-03-30,20.66,Bloomberg,EUR
SEC00044,2026-03-31,21.04,Bloomberg,INR
SEC00044,2026-04-01,21.05,ICE,USD
SEC00044,2026-04-02,21.48,Refinitiv,INR
SEC00044,2026-04-03,21.1,Bloomberg,USD
SEC00044,2026-04-04,21.78,Refinitiv,JPY
SEC00044,2026-04-05,21.39,ICE,GBP
SEC00044,2026-04-06,20.62,ICE,USD
SEC00044,2026-04-07,21.14,Bloomberg,JPY
SEC00044,2026-04-08,20.88,ICE,USD
SEC00044,2026-04-09,20.93,ICE,CAD
SEC00044,2026-04-10,20.56,Refinitiv,INR
SEC00044,2026-04-11,21.44,Bloomberg,INR
SEC00044,2026-04-12,22.15,Refinitiv,EUR
SEC00044,2026-04-13,22.78,Bloomberg,CAD
SEC00044,2026-04-14,22.83,ICE,INR
SEC00044,2026-04-15,23.24,ICE,EUR
SEC00044,2026-04-16,23.23,Bloomberg,JPY
SEC00044,2026-04-17,23.71,Bloomberg,JPY
SEC00044,2026-04-18,23.55,ICE,INR
SEC00044,2026-04-19,24.24,Refinitiv,CAD
SEC00044,2026-04-20,24.05,Refinitiv,GBP
SEC00044,2026-04-21,23.91,ICE,GBP
SEC00044,2026-04-22,23.72,Bloomberg,USD
SEC00044,2026-04-23,23.81,Refinitiv,JPY
SEC00044,2026-04-24,23.66,ICE,USD
SEC00044,2026-04-25,23.88,Bloomberg,USD
SEC00044,2026-04-26,23.68,Bloomberg,CAD
SEC00044,2026-04-27,24.03,ICE,GBP
SEC00044,2026-04-28,24.7,Bloomberg,CAD
SEC00044,2026-04-29,24.75,Bloomberg,USD
SEC00044,2026-04-30,25.75,Refinitiv,CAD
SEC00044,2026-05-01,26.28,ICE,GBP
SEC00044,2026-05-02,27.31,Refinitiv,USD
SEC00044,2026-05-03,27.29,Bloomberg,INR
SEC00044,2026-05-04,26.49,Refinitiv,CAD
SEC00044,2026-05-05,26.17,Refinitiv,CAD
SEC00044,2026-05-06,25.89,ICE,JPY
SEC00044,2026-05-07,25.46,ICE,CAD
SEC00044,2026-05-08,24.47,Bloomberg,EUR
SEC00044,2026-05-09,24.93,ICE,USD
SEC00044,2026-05-10,24.11,ICE,GBP
SEC00044,2026-05-11,24.53,ICE,USD
SEC00044,2026-05-12,25.5,Refinitiv,JPY
SEC00044,2026-05-13,25.16,Bloomberg,JPY
SEC00044,2026-05-14,25.35,Refinitiv,GBP
SEC00044,2026-05-15,25.18,Refinitiv,EUR
SEC00044,2026-05-16,25.56,Refinitiv,EUR
SEC00044,2026-05-17,25.03,Bloomberg,USD
SEC00044,2026-05-18,24.98,Bloomberg,USD
SEC00044,2026-05-19,25.5,Bloomberg,INR
SEC00045,2026-03-20,35.37,Bloomberg,EUR
SEC00045,2026-03-21,35.2,Bloomberg,EUR
SEC00045,2026-03-22,36.18,Refinitiv,EUR
SEC00045,2026-03-23,36.29,Refinitiv,EUR
SEC00045,2026-03-24,35.13,Refinitiv,JPY
SEC00045,2026-03-25,35.75,ICE,CAD
SEC00045,2026-03-26,36.96,Bloomberg,USD
SEC00045,2026-03-27,36.81,Refinitiv,JPY
SEC00045,2026-03-28,36.23,ICE,EUR
SEC00045,2026-03-29,36.82,Refinitiv,JPY
SEC00045,2026-03-30,38.14,Refinitiv,JPY
SEC00045,2026-03-31,38.74,Refinitiv,USD
SEC00045,2026-04-01,37.62,Refinitiv,JPY
SEC00045,2026-04-02,38.15,Bloomberg,CAD
SEC00045,2026-04-03,38.45,Refinitiv,INR
SEC00045,2026-04-04,37.81,Refinitiv,CAD
SEC00045,2026-04-05,38.71,Bloomberg,CAD
SEC00045,2026-04-06,39.03,Bloomberg,CAD
SEC00045,2026-04-07,39.97,Bloomberg,EUR
SEC00045,2026-04-08,39.23,Refinitiv,JPY
SEC00045,2026-04-09,39.53,Bloomberg,GBP
SEC00045,2026-04-10,38.91,ICE,EUR
SEC00045,2026-04-11,39.11,ICE,INR
SEC00045,2026-04-12,40.17,ICE,CAD
SEC00045,2026-04-13,39.16,Bloomberg,CAD
SEC00045,2026-04-14,38.21,Refinitiv,EUR
SEC00045,2026-04-15,38.89,ICE,GBP
SEC00045,2026-04-16,38.9,ICE,JPY
SEC00045,2026-04-17,39.74,Bloomberg,CAD
SEC00045,2026-04-18,39.18,ICE,JPY
SEC00045,2026-04-19,39.23,Refinitiv,USD
SEC00045,2026-04-20,39.74,ICE,CAD
SEC00045,2026-04-21,39.91,ICE,JPY
SEC00045,2026-04-22,38.64,ICE,INR
SEC00045,2026-04-23,40.63,Refinitiv,INR
SEC00045,2026-04-24,40.8,Bloomberg,INR
SEC00045,2026-04-25,39.84,Refinitiv,GBP
SEC00045,2026-04-26,40.08,Refinitiv,CAD
SEC00045,2026-04-27,40.41,Refinitiv,GBP
SEC00045,2026-04-28,41.16,Refinitiv,JPY
SEC00045,2026-04-29,41.86,Refinitiv,EUR
SEC00045,2026-04-30,41.72,Refinitiv,EUR
SEC00045,2026-05-01,40.45,ICE,JPY
SEC00045,2026-05-02,40.81,ICE,GBP
SEC00045,2026-05-03,39.62,Refinitiv,EUR
SEC00045,2026-05-04,40.51,Refinitiv,JPY
SEC00045,2026-05-05,39.99,Refinitiv,CAD
SEC00045,2026-05-06,40.47,Refinitiv,INR
SEC00045,2026-05-07,40.01,Bloomberg,GBP
SEC00045,2026-05-08,39.68,ICE,GBP
SEC00045,2026-05-09,39.13,ICE,JPY
SEC00045,2026-05-10,39.65,Refinitiv,JPY
SEC00045,2026-05-11,39.23,ICE,INR
SEC00045,2026-05-12,39.79,ICE,USD
SEC00045,2026-05-13,39.38,ICE,CAD
SEC00045,2026-05-14,39.24,ICE,JPY
SEC00045,2026-05-15,39.28,Refinitiv,JPY
SEC00045,2026-05-16,39.41,ICE,CAD
SEC00045,2026-05-17,38.78,ICE,CAD
SEC00045,2026-05-18,39.29,Refinitiv,EUR
SEC00045,2026-05-19,39.11,Bloomberg,CAD
SEC00046,2026-03-20,33.44,Bloomberg,EUR
SEC00046,2026-03-21,33.47,Refinitiv,USD
SEC00046,2026-03-22,33.29,Bloomberg,CAD
SEC00046,2026-03-23,33.16,Bloomberg,JPY
SEC00046,2026-03-24,32.29,Bloomberg,JPY
SEC00046,2026-03-25,32.27,Refinitiv,USD
SEC00046,2026-03-26,33.18,Refinitiv,INR
SEC00046,2026-03-27,32.69,ICE,EUR
SEC00046,2026-03-28,33.24,Bloomberg,INR
SEC00046,2026-03-29,31.18,Refinitiv,USD
SEC00046,2026-03-30,30.74,Bloomberg,GBP
SEC00046,2026-03-31,29.7,Bloomberg,USD
SEC00046,2026-04-01,30.38,ICE,GBP
SEC00046,2026-04-02,30.87,ICE,USD
SEC00046,2026-04-03,30.31,Refinitiv,GBP
SEC00046,2026-04-04,30.49,Refinitiv,CAD
SEC00046,2026-04-05,31.16,Refinitiv,GBP
SEC00046,2026-04-06,31.94,ICE,GBP
SEC00046,2026-04-07,31.72,Refinitiv,USD
SEC00046,2026-04-08,30.48,ICE,USD
SEC00046,2026-04-09,30.0,Bloomberg,GBP
SEC00046,2026-04-10,30.43,Refinitiv,USD
SEC00046,2026-04-11,31.59,Refinitiv,CAD
SEC00046,2026-04-12,31.58,Bloomberg,GBP
SEC00046,2026-04-13,31.25,Refinitiv,EUR
SEC00046,2026-04-14,32.61,Refinitiv,GBP
SEC00046,2026-04-15,32.87,Bloomberg,CAD
SEC00046,2026-04-16,32.16,ICE,GBP
SEC00046,2026-04-17,32.11,Bloomberg,USD
SEC00046,2026-04-18,32.7,ICE,CAD
SEC00046,2026-04-19,32.67,Refinitiv,CAD
SEC00046,2026-04-20,33.16,Bloomberg,GBP
SEC00046,2026-04-21,32.22,Bloomberg,JPY
SEC00046,2026-04-22,31.4,ICE,CAD
SEC00046,2026-04-23,31.0,ICE,JPY
SEC00046,2026-04-24,30.86,ICE,JPY
SEC00046,2026-04-25,31.06,Refinitiv,JPY
SEC00046,2026-04-26,31.43,Bloomberg,USD
SEC00046,2026-04-27,32.84,ICE,GBP
SEC00046,2026-04-28,32.42,ICE,USD
SEC00046,2026-04-29,32.26,Refinitiv,EUR
SEC00046,2026-04-30,31.86,ICE,GBP
SEC00046,2026-05-01,32.49,Refinitiv,USD
SEC00046,2026-05-02,33.17,Refinitiv,GBP
SEC00046,2026-05-03,32.92,Refinitiv,JPY
SEC00046,2026-05-04,34.16,Bloomberg,USD
SEC00046,2026-05-05,33.74,Bloomberg,EUR
SEC00046,2026-05-06,34.39,ICE,EUR
SEC00046,2026-05-07,35.3,ICE,USD
SEC00046,2026-05-08,34.46,Refinitiv,INR
SEC00046,2026-05-09,34.83,Bloomberg,JPY
SEC00046,2026-05-10,33.14,Bloomberg,INR
SEC00046,2026-05-11,33.65,Refinitiv,CAD
SEC00046,2026-05-12,33.0,Refinitiv,EUR
SEC00046,2026-05-13,33.35,Bloomberg,USD
SEC00046,2026-05-14,33.82,Bloomberg,EUR
SEC00046,2026-05-15,34.52,ICE,GBP
SEC00046,2026-05-16,35.09,Bloomberg,USD
SEC00046,2026-05-17,35.14,Refinitiv,EUR
SEC00046,2026-05-18,34.92,ICE,GBP
SEC00046,2026-05-19,34.89,Bloomberg,EUR
SEC00047,2026-03-20,32.41,Refinitiv,EUR
SEC00047,2026-03-21,32.01,Refinitiv,JPY
SEC00047,2026-03-22,32.18,Refinitiv,EUR
SEC00047,2026-03-23,32.33,Bloomberg,USD
SEC00047,2026-03-24,32.4,ICE,GBP
SEC00047,2026-03-25,32.16,Refinitiv,JPY
SEC00047,2026-03-26,32.32,Bloomberg,GBP
SEC00047,2026-03-27,33.35,Refinitiv,USD
SEC00047,2026-03-28,34.74,Refinitiv,EUR
SEC00047,2026-03-29,34.65,Bloomberg,JPY
SEC00047,2026-03-30,34.39,Bloomberg,INR
SEC00047,2026-03-31,33.9,Refinitiv,USD
SEC00047,2026-04-01,35.56,ICE,USD
SEC00047,2026-04-02,35.66,Bloomberg,INR
SEC00047,2026-04-03,36.39,Refinitiv,GBP
SEC00047,2026-04-04,36.87,Bloomberg,GBP
SEC00047,2026-04-05,38.35,Bloomberg,CAD
SEC00047,2026-04-06,38.2,ICE,CAD
SEC00047,2026-04-07,37.46,Refinitiv,CAD
SEC00047,2026-04-08,38.73,Bloomberg,EUR
SEC00047,2026-04-09,39.38,Bloomberg,JPY
SEC00047,2026-04-10,39.72,Refinitiv,USD
SEC00047,2026-04-11,40.84,Refinitiv,CAD
SEC00047,2026-04-12,41.24,Refinitiv,INR
SEC00047,2026-04-13,42.42,Refinitiv,CAD
SEC00047,2026-04-14,42.63,Refinitiv,GBP
SEC00047,2026-04-15,43.35,Bloomberg,INR
SEC00047,2026-04-16,43.78,Refinitiv,CAD
SEC00047,2026-04-17,43.54,Bloomberg,GBP
SEC00047,2026-04-18,43.4,ICE,USD
SEC00047,2026-04-19,43.12,Bloomberg,INR
SEC00047,2026-04-20,43.35,Bloomberg,CAD
SEC00047,2026-04-21,43.01,Refinitiv,INR
SEC00047,2026-04-22,43.37,Refinitiv,USD
SEC00047,2026-04-23,43.71,ICE,GBP
SEC00047,2026-04-24,43.89,Refinitiv,INR
SEC00047,2026-04-25,44.09,Bloomberg,GBP
SEC00047,2026-04-26,43.66,Refinitiv,JPY
SEC00047,2026-04-27,43.46,ICE,USD
SEC00047,2026-04-28,42.18,ICE,JPY
SEC00047,2026-04-29,42.11,Refinitiv,CAD
SEC00047,2026-04-30,41.38,Refinitiv,USD
SEC00047,2026-05-01,41.48,Bloomberg,CAD
SEC00047,2026-05-02,40.96,ICE,USD
SEC00047,2026-05-03,39.47,ICE,JPY
SEC00047,2026-05-04,41.09,Bloomberg,INR
SEC00047,2026-05-05,40.94,Refinitiv,EUR
SEC00047,2026-05-06,42.03,Refinitiv,CAD
SEC00047,2026-05-07,41.65,Bloomberg,JPY
SEC00047,2026-05-08,42.94,ICE,JPY
SEC00047,2026-05-09,42.07,Refinitiv,INR
SEC00047,2026-05-10,42.23,Bloomberg,USD
SEC00047,2026-05-11,41.42,ICE,EUR
SEC00047,2026-05-12,43.38,ICE,EUR
SEC00047,2026-05-13,43.21,Bloomberg,USD
SEC00047,2026-05-14,43.87,Refinitiv,CAD
SEC00047,2026-05-15,44.25,ICE,EUR
SEC00047,2026-05-16,44.25,Refinitiv,INR
SEC00047,2026-05-17,44.69,ICE,JPY
SEC00047,2026-05-18,45.8,Bloomberg,GBP
SEC00047,2026-05-19,46.38,ICE,USD
SEC00048,2026-03-20,81.62,Refinitiv,EUR
SEC00048,2026-03-21,81.95,ICE,GBP
SEC00048,2026-03-22,79.96,Refinitiv,JPY
SEC00048,2026-03-23,80.13,Bloomberg,JPY
SEC00048,2026-03-24,77.98,Refinitiv,GBP
SEC00048,2026-03-25,78.36,ICE,INR
SEC00048,2026-03-26,79.32,Refinitiv,USD
SEC00048,2026-03-27,80.9,ICE,INR
SEC00048,2026-03-28,80.8,Bloomberg,INR
SEC00048,2026-03-29,81.93,Refinitiv,INR
SEC00048,2026-03-30,80.64,ICE,INR
SEC00048,2026-03-31,82.08,ICE,USD
SEC00048,2026-04-01,83.12,Bloomberg,USD
SEC00048,2026-04-02,81.97,Bloomberg,GBP
SEC00048,2026-04-03,82.79,Bloomberg,GBP
SEC00048,2026-04-04,84.45,Bloomberg,USD
SEC00048,2026-04-05,84.62,ICE,INR
SEC00048,2026-04-06,83.41,Refinitiv,JPY
SEC00048,2026-04-07,83.71,Bloomberg,GBP
SEC00048,2026-04-08,84.59,ICE,JPY
SEC00048,2026-04-09,83.37,ICE,GBP
SEC00048,2026-04-10,81.9,Refinitiv,CAD
SEC00048,2026-04-11,82.71,ICE,EUR
SEC00048,2026-04-12,83.97,Refinitiv,INR
SEC00048,2026-04-13,87.26,Bloomberg,INR
SEC00048,2026-04-14,88.35,ICE,EUR
SEC00048,2026-04-15,86.48,Bloomberg,CAD
SEC00048,2026-04-16,89.69,ICE,CAD
SEC00048,2026-04-17,91.44,Refinitiv,USD
SEC00048,2026-04-18,88.19,ICE,EUR
SEC00048,2026-04-19,86.6,Bloomberg,INR
SEC00048,2026-04-20,85.87,Refinitiv,CAD
SEC00048,2026-04-21,87.21,ICE,INR
SEC00048,2026-04-22,83.52,ICE,JPY
SEC00048,2026-04-23,83.38,ICE,CAD
SEC00048,2026-04-24,84.6,Bloomberg,GBP
SEC00048,2026-04-25,80.32,Refinitiv,CAD
SEC00048,2026-04-26,81.44,Refinitiv,EUR
SEC00048,2026-04-27,82.75,Bloomberg,INR
SEC00048,2026-04-28,81.53,Refinitiv,EUR
SEC00048,2026-04-29,79.88,ICE,JPY
SEC00048,2026-04-30,78.68,Refinitiv,JPY
SEC00048,2026-05-01,74.94,Bloomberg,EUR
SEC00048,2026-05-02,74.53,ICE,INR
SEC00048,2026-05-03,74.87,ICE,CAD
SEC00048,2026-05-04,73.26,Refinitiv,GBP
SEC00048,2026-05-05,74.58,ICE,USD
SEC00048,2026-05-06,74.75,ICE,EUR
SEC00048,2026-05-07,75.14,Bloomberg,GBP
SEC00048,2026-05-08,74.64,ICE,GBP
SEC00048,2026-05-09,75.67,ICE,INR
SEC00048,2026-05-10,77.47,ICE,INR
SEC00048,2026-05-11,76.94,Bloomberg,INR
SEC00048,2026-05-12,78.03,Refinitiv,EUR
SEC00048,2026-05-13,79.15,ICE,USD
SEC00048,2026-05-14,79.79,Refinitiv,JPY
SEC00048,2026-05-15,82.24,Bloomberg,GBP
SEC00048,2026-05-16,81.2,Bloomberg,CAD
SEC00048,2026-05-17,80.63,ICE,CAD
SEC00048,2026-05-18,79.54,Refinitiv,EUR
SEC00048,2026-05-19,80.62,ICE,EUR
SEC00049,2026-03-20,90.73,Refinitiv,EUR
SEC00049,2026-03-21,89.04,Bloomberg,GBP
SEC00049,2026-03-22,91.54,ICE,GBP
SEC00049,2026-03-23,89.19,ICE,INR
SEC00049,2026-03-24,90.86,Bloomberg,CAD
SEC00049,2026-03-25,89.97,Refinitiv,JPY
SEC00049,2026-03-26,90.66,ICE,USD
SEC00049,2026-03-27,92.46,Bloomberg,INR
SEC00049,2026-03-28,93.3,Refinitiv,GBP
SEC00049,2026-03-29,92.85,Refinitiv,JPY
SEC00049,2026-03-30,95.23,Refinitiv,GBP
SEC00049,2026-03-31,95.77,Refinitiv,EUR
SEC00049,2026-04-01,102.17,Refinitiv,INR
SEC00049,2026-04-02,99.09,ICE,JPY
SEC00049,2026-04-03,96.07,Refinitiv,JPY
SEC00049,2026-04-04,97.84,ICE,EUR
SEC00049,2026-04-05,97.83,Refinitiv,INR
SEC00049,2026-04-06,99.27,Refinitiv,GBP
SEC00049,2026-04-07,97.36,Bloomberg,CAD
SEC00049,2026-04-08,97.5,Refinitiv,JPY
SEC00049,2026-04-09,98.36,Refinitiv,INR
SEC00049,2026-04-10,97.44,Bloomberg,CAD
SEC00049,2026-04-11,97.9,Bloomberg,USD
SEC00049,2026-04-12,95.55,Refinitiv,CAD
SEC00049,2026-04-13,96.27,Bloomberg,INR
SEC00049,2026-04-14,98.83,Refinitiv,USD
SEC00049,2026-04-15,96.67,Refinitiv,JPY
SEC00049,2026-04-16,94.46,Refinitiv,CAD
SEC00049,2026-04-17,96.53,ICE,USD
SEC00049,2026-04-18,94.3,ICE,USD
SEC00049,2026-04-19,95.77,ICE,INR
SEC00049,2026-04-20,95.91,ICE,USD
SEC00049,2026-04-21,95.24,Bloomberg,CAD
SEC00049,2026-04-22,97.8,Bloomberg,GBP
SEC00049,2026-04-23,99.49,Bloomberg,USD
SEC00049,2026-04-24,100.04,Bloomberg,USD
SEC00049,2026-04-25,96.21,ICE,USD
SEC00049,2026-04-26,97.49,ICE,EUR
SEC00049,2026-04-27,95.66,Refinitiv,EUR
SEC00049,2026-04-28,95.33,ICE,USD
SEC00049,2026-04-29,95.39,ICE,CAD
SEC00049,2026-04-30,98.69,Refinitiv,GBP
SEC00049,2026-05-01,98.29,Bloomberg,CAD
SEC00049,2026-05-02,95.82,ICE,GBP
SEC00049,2026-05-03,98.41,ICE,INR
SEC00049,2026-05-04,99.74,Refinitiv,USD
SEC00049,2026-05-05,101.16,Bloomberg,CAD
SEC00049,2026-05-06,103.92,ICE,USD
SEC00049,2026-05-07,107.2,ICE,CAD
SEC00049,2026-05-08,105.53,Refinitiv,GBP
SEC00049,2026-05-09,102.94,ICE,CAD
SEC00049,2026-05-10,104.55,Refinitiv,GBP
SEC00049,2026-05-11,104.11,ICE,CAD
SEC00049,2026-05-12,103.84,Refinitiv,JPY
SEC00049,2026-05-13,101.8,ICE,EUR
SEC00049,2026-05-14,102.92,ICE,EUR
SEC00049,2026-05-15,103.72,ICE,INR
SEC00049,2026-05-16,103.48,Bloomberg,INR
SEC00049,2026-05-17,100.94,ICE,GBP
SEC00049,2026-05-18,103.19,Refinitiv,JPY
SEC00049,2026-05-19,103.72,Bloomberg,JPY
SEC00050,2026-03-20,48.14,Bloomberg,USD
SEC00050,2026-03-21,48.62,ICE,GBP
SEC00050,2026-03-22,48.69,ICE,CAD
SEC00050,2026-03-23,47.69,ICE,CAD
SEC00050,2026-03-24,47.71,Refinitiv,EUR
SEC00050,2026-03-25,47.1,Bloomberg,JPY
SEC00050,2026-03-26,48.37,Bloomberg,EUR
SEC00050,2026-03-27,49.17,Bloomberg,EUR
SEC00050,2026-03-28,49.08,Refinitiv,EUR
SEC00050,2026-03-29,49.18,Refinitiv,CAD
SEC00050,2026-03-30,50.1,Refinitiv,INR
SEC00050,2026-03-31,49.97,Bloomberg,USD
SEC00050,2026-04-01,50.68,Bloomberg,CAD
SEC00050,2026-04-02,52.05,Bloomberg,CAD
SEC00050,2026-04-03,51.62,ICE,INR
SEC00050,2026-04-04,53.17,Bloomberg,USD
SEC00050,2026-04-05,54.5,Bloomberg,CAD
SEC00050,2026-04-06,54.77,Refinitiv,GBP
SEC00050,2026-04-07,54.36,Bloomberg,GBP
SEC00050,2026-04-08,54.61,Refinitiv,INR
SEC00050,2026-04-09,54.4,ICE,GBP
SEC00050,2026-04-10,53.65,Refinitiv,GBP
SEC00050,2026-04-11,54.19,Bloomberg,USD
SEC00050,2026-04-12,53.22,Bloomberg,USD
SEC00050,2026-04-13,52.92,Bloomberg,EUR
SEC00050,2026-04-14,52.64,ICE,EUR
SEC00050,2026-04-15,51.37,ICE,USD
SEC00050,2026-04-16,52.01,Refinitiv,JPY
SEC00050,2026-04-17,51.82,Refinitiv,INR
SEC00050,2026-04-18,53.06,Bloomberg,INR
SEC00050,2026-04-19,52.85,Refinitiv,GBP
SEC00050,2026-04-20,52.49,Bloomberg,CAD
SEC00050,2026-04-21,51.66,ICE,GBP
SEC00050,2026-04-22,51.72,ICE,CAD
SEC00050,2026-04-23,51.79,Bloomberg,EUR
SEC00050,2026-04-24,52.51,ICE,EUR
SEC00050,2026-04-25,52.6,Bloomberg,JPY
SEC00050,2026-04-26,54.61,Bloomberg,JPY
SEC00050,2026-04-27,55.08,Bloomberg,GBP
SEC00050,2026-04-28,54.13,Bloomberg,JPY
SEC00050,2026-04-29,53.11,Bloomberg,EUR
SEC00050,2026-04-30,53.65,ICE,CAD
SEC00050,2026-05-01,52.7,Bloomberg,JPY
SEC00050,2026-05-02,53.29,Refinitiv,EUR
SEC00050,2026-05-03,54.17,Bloomberg,CAD
SEC00050,2026-05-04,39.67,Bloomberg,GBP
SEC00050,2026-05-05,54.26,Bloomberg,INR
SEC00050,2026-05-06,55.19,Bloomberg,JPY
SEC00050,2026-05-07,55.54,Refinitiv,JPY
SEC00050,2026-05-08,54.96,Bloomberg,USD
SEC00050,2026-05-09,54.83,Bloomberg,JPY
SEC00050,2026-05-10,55.32,Refinitiv,CAD
SEC00050,2026-05-11,54.68,ICE,INR
SEC00050,2026-05-12,55.0,Bloomberg,INR
SEC00050,2026-05-13,56.46,ICE,INR
SEC00050,2026-05-14,57.47,Refinitiv,INR
SEC00050,2026-05-15,57.58,Refinitiv,JPY
SEC00050,2026-05-16,57.85,ICE,USD
SEC00050,2026-05-17,57.32,Refinitiv,USD
SEC00050,2026-05-18,56.82,ICE,CAD
SEC00050,2026-05-19,55.28,Bloomberg,CAD
SEC00051,2026-03-20,43.67,Refinitiv,CAD
SEC00051,2026-03-21,42.6,ICE,INR
SEC00051,2026-03-22,41.24,Bloomberg,EUR
SEC00051,2026-03-23,41.08,Refinitiv,USD
SEC00051,2026-03-24,41.68,ICE,EUR
SEC00051,2026-03-25,41.27,Refinitiv,INR
SEC00051,2026-03-26,42.35,Bloomberg,JPY
SEC00051,2026-03-27,42.22,Bloomberg,CAD
SEC00051,2026-03-28,42.09,ICE,GBP
SEC00051,2026-03-29,41.89,ICE,EUR
SEC00051,2026-03-30,42.65,Bloomberg,USD
SEC00051,2026-03-31,41.94,Bloomberg,INR
SEC00051,2026-04-01,41.86,Refinitiv,EUR
SEC00051,2026-04-02,41.47,ICE,GBP
SEC00051,2026-04-03,41.07,Bloomberg,INR
SEC00051,2026-04-04,41.12,Refinitiv,JPY
SEC00051,2026-04-05,41.05,Refinitiv,USD
SEC00051,2026-04-06,41.85,Bloomberg,USD
SEC00051,2026-04-07,41.86,Bloomberg,EUR
SEC00051,2026-04-08,42.3,ICE,INR
SEC00051,2026-04-09,42.45,ICE,GBP
SEC00051,2026-04-10,43.55,Bloomberg,GBP
SEC00051,2026-04-11,43.33,ICE,GBP
SEC00051,2026-04-12,43.12,Refinitiv,USD
SEC00051,2026-04-13,43.72,ICE,JPY
SEC00051,2026-04-14,43.49,ICE,EUR
SEC00051,2026-04-15,43.91,Refinitiv,EUR
SEC00051,2026-04-16,45.78,Refinitiv,EUR
SEC00051,2026-04-17,44.99,Bloomberg,GBP
SEC00051,2026-04-18,46.26,Refinitiv,USD
SEC00051,2026-04-19,45.87,Refinitiv,USD
SEC00051,2026-04-20,47.0,Refinitiv,EUR
SEC00051,2026-04-21,47.6,Bloomberg,JPY
SEC00051,2026-04-22,48.14,ICE,CAD
SEC00051,2026-04-23,48.03,ICE,EUR
SEC00051,2026-04-24,47.84,Bloomberg,CAD
SEC00051,2026-04-25,47.24,Refinitiv,JPY
SEC00051,2026-04-26,47.27,ICE,USD
SEC00051,2026-04-27,47.14,Refinitiv,JPY
SEC00051,2026-04-28,47.32,ICE,GBP
SEC00051,2026-04-29,46.14,Refinitiv,INR
SEC00051,2026-04-30,46.19,Bloomberg,USD
SEC00051,2026-05-01,47.26,Refinitiv,JPY
SEC00051,2026-05-02,48.09,Refinitiv,INR
SEC00051,2026-05-03,48.13,Bloomberg,USD
SEC00051,2026-05-04,50.37,ICE,CAD
SEC00051,2026-05-05,49.88,Refinitiv,EUR
SEC00051,2026-05-06,49.82,Refinitiv,GBP
SEC00051,2026-05-07,48.55,Refinitiv,EUR
SEC00051,2026-05-08,48.22,Refinitiv,EUR
SEC00051,2026-05-09,49.79,Refinitiv,GBP
SEC00051,2026-05-10,49.49,Refinitiv,INR
SEC00051,2026-05-11,48.16,Bloomberg,USD
SEC00051,2026-05-12,48.94,ICE,EUR
SEC00051,2026-05-13,49.3,ICE,JPY
SEC00051,2026-05-14,50.06,Refinitiv,GBP
SEC00051,2026-05-15,49.82,ICE,JPY
SEC00051,2026-05-16,48.94,ICE,USD
SEC00051,2026-05-17,48.81,Bloomberg,EUR
SEC00051,2026-05-18,49.32,Bloomberg,CAD
SEC00051,2026-05-19,49.28,Bloomberg,USD
SEC00052,2026-03-20,74.77,Refinitiv,CAD
SEC00052,2026-03-21,76.05,ICE,CAD
SEC00052,2026-03-22,74.47,Refinitiv,GBP
SEC00052,2026-03-23,74.23,Bloomberg,INR
SEC00052,2026-03-24,74.67,Bloomberg,CAD
SEC00052,2026-03-25,75.31,ICE,GBP
SEC00052,2026-03-26,75.5,Refinitiv,CAD
SEC00052,2026-03-27,77.48,Bloomberg,INR
SEC00052,2026-03-28,75.71,ICE,JPY
SEC00052,2026-03-29,75.42,Refinitiv,JPY
SEC00052,2026-03-30,73.17,Bloomberg,CAD
SEC00052,2026-03-31,74.02,Bloomberg,GBP
SEC00052,2026-04-01,74.8,ICE,USD
SEC00052,2026-04-02,79.35,Refinitiv,JPY
SEC00052,2026-04-03,80.85,Bloomberg,INR
SEC00052,2026-04-04,81.37,Refinitiv,EUR
SEC00052,2026-04-05,81.79,Bloomberg,EUR
SEC00052,2026-04-06,81.36,ICE,JPY
SEC00052,2026-04-07,81.59,ICE,INR
SEC00052,2026-04-08,82.04,ICE,CAD
SEC00052,2026-04-09,79.18,Refinitiv,GBP
SEC00052,2026-04-10,79.5,ICE,CAD
SEC00052,2026-04-11,79.69,Bloomberg,GBP
SEC00052,2026-04-12,82.24,ICE,JPY
SEC00052,2026-04-13,82.09,Bloomberg,GBP
SEC00052,2026-04-14,81.0,Bloomberg,GBP
SEC00052,2026-04-15,81.43,ICE,CAD
SEC00052,2026-04-16,81.58,ICE,INR
SEC00052,2026-04-17,81.43,Refinitiv,JPY
SEC00052,2026-04-18,79.59,Refinitiv,USD
SEC00052,2026-04-19,79.41,Bloomberg,JPY
SEC00052,2026-04-20,78.62,Refinitiv,EUR
SEC00052,2026-04-21,78.35,Bloomberg,USD
SEC00052,2026-04-22,79.43,Bloomberg,CAD
SEC00052,2026-04-23,78.5,Refinitiv,CAD
SEC00052,2026-04-24,78.23,ICE,CAD
SEC00052,2026-04-25,79.03,ICE,EUR
SEC00052,2026-04-26,78.69,ICE,CAD
SEC00052,2026-04-27,82.42,ICE,EUR
SEC00052,2026-04-28,82.83,Bloomberg,JPY
SEC00052,2026-04-29,81.02,Bloomberg,INR
SEC00052,2026-04-30,79.84,Refinitiv,USD
SEC00052,2026-05-01,78.53,Bloomberg,GBP
SEC00052,2026-05-02,77.4,Refinitiv,JPY
SEC00052,2026-05-03,78.19,Refinitiv,JPY
SEC00052,2026-05-04,76.67,ICE,GBP
SEC00052,2026-05-05,76.25,Refinitiv,USD
SEC00052,2026-05-06,77.86,Refinitiv,EUR
SEC00052,2026-05-07,77.17,ICE,USD
SEC00052,2026-05-08,78.14,Refinitiv,INR
SEC00052,2026-05-09,75.81,Bloomberg,USD
SEC00052,2026-05-10,75.34,ICE,JPY
SEC00052,2026-05-11,74.18,Refinitiv,CAD
SEC00052,2026-05-12,74.62,Bloomberg,EUR
SEC00052,2026-05-13,73.26,Refinitiv,JPY
SEC00052,2026-05-14,76.03,ICE,JPY
SEC00052,2026-05-15,73.82,Bloomberg,CAD
SEC00052,2026-05-16,75.37,Refinitiv,CAD
SEC00052,2026-05-17,76.6,Bloomberg,INR
SEC00052,2026-05-18,77.06,Refinitiv,JPY
SEC00052,2026-05-19,77.18,ICE,USD
SEC00053,2026-03-20,47.91,Bloomberg,CAD
SEC00053,2026-03-21,48.04,Bloomberg,CAD
SEC00053,2026-03-22,47.94,Refinitiv,EUR
SEC00053,2026-03-23,46.45,ICE,GBP
SEC00053,2026-03-24,48.08,Refinitiv,CAD
SEC00053,2026-03-25,48.72,Refinitiv,USD
SEC00053,2026-03-26,48.34,Bloomberg,INR
SEC00053,2026-03-27,46.69,Refinitiv,USD
SEC00053,2026-03-28,46.57,Bloomberg,CAD
SEC00053,2026-03-29,46.1,Refinitiv,JPY
SEC00053,2026-03-30,46.07,Refinitiv,GBP
SEC00053,2026-03-31,44.3,ICE,JPY
SEC00053,2026-04-01,43.94,Refinitiv,CAD
SEC00053,2026-04-02,43.64,Bloomberg,EUR
SEC00053,2026-04-03,43.51,ICE,USD
SEC00053,2026-04-04,43.35,Bloomberg,USD
SEC00053,2026-04-05,43.41,ICE,CAD
SEC00053,2026-04-06,44.62,Bloomberg,INR
SEC00053,2026-04-07,44.23,ICE,CAD
SEC00053,2026-04-08,43.53,ICE,GBP
SEC00053,2026-04-09,42.19,Bloomberg,INR
SEC00053,2026-04-10,41.83,Refinitiv,GBP
SEC00053,2026-04-11,40.79,Refinitiv,JPY
SEC00053,2026-04-12,41.52,Bloomberg,EUR
SEC00053,2026-04-13,41.47,Refinitiv,GBP
SEC00053,2026-04-14,42.19,ICE,USD
SEC00053,2026-04-15,43.32,Bloomberg,INR
SEC00053,2026-04-16,42.67,Bloomberg,INR
SEC00053,2026-04-17,42.42,ICE,EUR
SEC00053,2026-04-18,43.46,Refinitiv,GBP
SEC00053,2026-04-19,43.63,Bloomberg,USD
SEC00053,2026-04-20,44.06,ICE,CAD
SEC00053,2026-04-21,44.91,ICE,USD
SEC00053,2026-04-22,45.65,ICE,JPY
SEC00053,2026-04-23,46.01,Refinitiv,GBP
SEC00053,2026-04-24,47.19,Bloomberg,EUR
SEC00053,2026-04-25,47.16,Bloomberg,INR
SEC00053,2026-04-26,47.62,ICE,CAD
SEC00053,2026-04-27,47.49,ICE,USD
SEC00053,2026-04-28,48.39,ICE,CAD
SEC00053,2026-04-29,47.8,Refinitiv,JPY
SEC00053,2026-04-30,46.38,Refinitiv,INR
SEC00053,2026-05-01,46.95,ICE,JPY
SEC00053,2026-05-02,46.11,Bloomberg,CAD
SEC00053,2026-05-03,45.21,Refinitiv,CAD
SEC00053,2026-05-04,46.26,ICE,JPY
SEC00053,2026-05-05,47.08,ICE,EUR
SEC00053,2026-05-06,46.82,Refinitiv,USD
SEC00053,2026-05-07,44.28,ICE,EUR
SEC00053,2026-05-08,44.72,Bloomberg,INR
SEC00053,2026-05-09,45.28,Bloomberg,EUR
SEC00053,2026-05-10,45.72,Bloomberg,JPY
SEC00053,2026-05-11,46.13,Refinitiv,JPY
SEC00053,2026-05-12,46.0,Refinitiv,INR
SEC00053,2026-05-13,45.69,Refinitiv,INR
SEC00053,2026-05-14,44.8,Refinitiv,USD
SEC00053,2026-05-15,44.26,Refinitiv,EUR
SEC00053,2026-05-16,44.54,Refinitiv,USD
SEC00053,2026-05-17,44.83,ICE,JPY
SEC00053,2026-05-18,45.49,Bloomberg,CAD
SEC00053,2026-05-19,44.36,Refinitiv,EUR
SEC00054,2026-03-20,65.42,Bloomberg,CAD
SEC00054,2026-03-21,65.45,ICE,JPY
SEC00054,2026-03-22,64.66,Bloomberg,USD
SEC00054,2026-03-23,65.25,Bloomberg,EUR
SEC00054,2026-03-24,66.15,Refinitiv,INR
SEC00054,2026-03-25,66.54,Refinitiv,INR
SEC00054,2026-03-26,66.76,Bloomberg,GBP
SEC00054,2026-03-27,68.57,Refinitiv,USD
SEC00054,2026-03-28,70.28,ICE,CAD
SEC00054,2026-03-29,70.17,ICE,INR
SEC00054,2026-03-30,69.39,Bloomberg,EUR
SEC00054,2026-03-31,69.96,Bloomberg,USD
SEC00054,2026-04-01,69.18,Refinitiv,CAD
SEC00054,2026-04-02,70.32,ICE,CAD
SEC00054,2026-04-03,70.89,ICE,JPY
SEC00054,2026-04-04,74.33,Bloomberg,CAD
SEC00054,2026-04-05,76.34,Refinitiv,JPY
SEC00054,2026-04-06,74.89,ICE,INR
SEC00054,2026-04-07,74.23,Bloomberg,INR
SEC00054,2026-04-08,71.71,ICE,EUR
SEC00054,2026-04-09,68.99,Refinitiv,USD
SEC00054,2026-04-10,69.16,ICE,USD
SEC00054,2026-04-11,67.72,Refinitiv,JPY
SEC00054,2026-04-12,69.75,ICE,EUR
SEC00054,2026-04-13,71.24,ICE,USD
SEC00054,2026-04-14,70.93,Bloomberg,USD
SEC00054,2026-04-15,70.54,ICE,GBP
SEC00054,2026-04-16,72.46,Bloomberg,INR
SEC00054,2026-04-17,74.74,Bloomberg,INR
SEC00054,2026-04-18,73.52,Refinitiv,USD
SEC00054,2026-04-19,72.15,Refinitiv,CAD
SEC00054,2026-04-20,71.8,Refinitiv,CAD
SEC00054,2026-04-21,72.39,Bloomberg,EUR
SEC00054,2026-04-22,71.76,Bloomberg,EUR
SEC00054,2026-04-23,72.38,Bloomberg,JPY
SEC00054,2026-04-24,74.95,Bloomberg,JPY
SEC00054,2026-04-25,73.09,Bloomberg,USD
SEC00054,2026-04-26,72.54,ICE,JPY
SEC00054,2026-04-27,70.77,Bloomberg,JPY
SEC00054,2026-04-28,69.74,ICE,EUR
SEC00054,2026-04-29,69.4,Bloomberg,INR
SEC00054,2026-04-30,68.53,Refinitiv,INR
SEC00054,2026-05-01,69.21,Bloomberg,CAD
SEC00054,2026-05-02,69.43,Bloomberg,EUR
SEC00054,2026-05-03,69.84,Refinitiv,JPY
SEC00054,2026-05-04,69.49,Refinitiv,CAD
SEC00054,2026-05-05,69.25,Refinitiv,INR
SEC00054,2026-05-06,68.85,Refinitiv,GBP
SEC00054,2026-05-07,68.58,ICE,GBP
SEC00054,2026-05-08,69.13,Refinitiv,INR
SEC00054,2026-05-09,66.77,Bloomberg,GBP
SEC00054,2026-05-10,67.15,Bloomberg,GBP
SEC00054,2026-05-11,66.13,Refinitiv,GBP
SEC00054,2026-05-12,65.76,ICE,CAD
SEC00054,2026-05-13,63.95,Bloomberg,JPY
SEC00054,2026-05-14,63.56,Bloomberg,INR
SEC00054,2026-05-15,63.91,Refinitiv,CAD
SEC00054,2026-05-16,64.47,ICE,USD
SEC00054,2026-05-17,63.13,Bloomberg,USD
SEC00054,2026-05-18,63.62,ICE,EUR
SEC00054,2026-05-19,64.96,ICE,EUR
SEC00055,2026-03-20,60.88,Bloomberg,JPY
SEC00055,2026-03-21,60.21,ICE,EUR
SEC00055,2026-03-22,60.75,Refinitiv,CAD
SEC00055,2026-03-23,62.07,ICE,JPY
SEC00055,2026-03-24,62.88,ICE,GBP
SEC00055,2026-03-25,64.32,Bloomberg,CAD
SEC00055,2026-03-26,64.56,Bloomberg,JPY
SEC00055,2026-03-27,66.56,ICE,INR
SEC00055,2026-03-28,66.35,ICE,GBP
SEC00055,2026-03-29,68.91,Bloomberg,USD
SEC00055,2026-03-30,69.65,Bloomberg,CAD
SEC00055,2026-03-31,69.21,ICE,GBP
SEC00055,2026-04-01,67.77,Refinitiv,GBP
SEC00055,2026-04-02,66.82,ICE,GBP
SEC00055,2026-04-03,65.7,ICE,USD
SEC00055,2026-04-04,65.63,Refinitiv,JPY
SEC00055,2026-04-05,64.16,ICE,USD
SEC00055,2026-04-06,65.68,Refinitiv,CAD
SEC00055,2026-04-07,65.84,Bloomberg,EUR
SEC00055,2026-04-08,65.96,Refinitiv,EUR
SEC00055,2026-04-09,64.61,Refinitiv,CAD
SEC00055,2026-04-10,63.75,ICE,JPY
SEC00055,2026-04-11,61.23,ICE,INR
SEC00055,2026-04-12,63.05,Bloomberg,GBP
SEC00055,2026-04-13,61.47,ICE,GBP
SEC00055,2026-04-14,60.01,Refinitiv,GBP
SEC00055,2026-04-15,61.57,Bloomberg,JPY
SEC00055,2026-04-16,62.03,Refinitiv,INR
SEC00055,2026-04-17,62.2,ICE,USD
SEC00055,2026-04-18,62.61,Refinitiv,GBP
SEC00055,2026-04-19,63.72,ICE,GBP
SEC00055,2026-04-20,63.86,Refinitiv,CAD
SEC00055,2026-04-21,62.12,Refinitiv,USD
SEC00055,2026-04-22,62.97,Refinitiv,CAD
SEC00055,2026-04-23,63.48,Refinitiv,CAD
SEC00055,2026-04-24,64.85,ICE,EUR
SEC00055,2026-04-25,63.43,Refinitiv,EUR
SEC00055,2026-04-26,62.62,Bloomberg,GBP
SEC00055,2026-04-27,63.1,Refinitiv,GBP
SEC00055,2026-04-28,62.06,ICE,USD
SEC00055,2026-04-29,59.46,Refinitiv,CAD
SEC00055,2026-04-30,59.7,ICE,EUR
SEC00055,2026-05-01,60.69,Bloomberg,CAD
SEC00055,2026-05-02,60.58,Refinitiv,CAD
SEC00055,2026-05-03,61.21,ICE,GBP
SEC00055,2026-05-04,61.68,Refinitiv,GBP
SEC00055,2026-05-05,61.73,Refinitiv,JPY
SEC00055,2026-05-06,61.91,ICE,CAD
SEC00055,2026-05-07,63.44,ICE,USD
SEC00055,2026-05-08,62.37,Refinitiv,JPY
SEC00055,2026-05-09,63.27,Refinitiv,CAD
SEC00055,2026-05-10,61.96,Refinitiv,INR
SEC00055,2026-05-11,61.1,Refinitiv,USD
SEC00055,2026-05-12,62.45,Refinitiv,USD
SEC00055,2026-05-13,61.12,Refinitiv,EUR
SEC00055,2026-05-14,60.89,Bloomberg,JPY
SEC00055,2026-05-15,63.5,ICE,USD
SEC00055,2026-05-16,64.71,Refinitiv,JPY
SEC00055,2026-05-17,63.88,Bloomberg,JPY
SEC00055,2026-05-18,63.26,Bloomberg,INR
SEC00055,2026-05-19,63.1,Refinitiv,USD
SEC00056,2026-03-20,44.11,Refinitiv,INR
SEC00056,2026-03-21,44.91,Bloomberg,CAD
SEC00056,2026-03-22,44.5,Refinitiv,EUR
SEC00056,2026-03-23,46.04,Refinitiv,INR
SEC00056,2026-03-24,47.24,ICE,JPY
SEC00056,2026-03-25,46.65,Refinitiv,INR
SEC00056,2026-03-26,47.82,ICE,INR
SEC00056,2026-03-27,49.23,ICE,INR
SEC00056,2026-03-28,48.76,Bloomberg,USD
SEC00056,2026-03-29,47.88,Refinitiv,CAD
SEC00056,2026-03-30,46.05,Bloomberg,CAD
SEC00056,2026-03-31,46.39,ICE,USD
SEC00056,2026-04-01,45.6,Refinitiv,EUR
SEC00056,2026-04-02,45.96,Bloomberg,INR
SEC00056,2026-04-03,45.51,Bloomberg,JPY
SEC00056,2026-04-04,44.89,ICE,GBP
SEC00056,2026-04-05,44.46,Bloomberg,USD
SEC00056,2026-04-06,43.44,Refinitiv,USD
SEC00056,2026-04-07,43.03,ICE,USD
SEC00056,2026-04-08,42.48,Bloomberg,USD
SEC00056,2026-04-09,42.49,ICE,JPY
SEC00056,2026-04-10,42.59,ICE,GBP
SEC00056,2026-04-11,41.79,Bloomberg,INR
SEC00056,2026-04-12,42.64,Bloomberg,GBP
SEC00056,2026-04-13,42.54,Bloomberg,GBP
SEC00056,2026-04-14,43.71,ICE,CAD
SEC00056,2026-04-15,43.92,ICE,JPY
SEC00056,2026-04-16,44.0,Refinitiv,INR
SEC00056,2026-04-17,43.63,ICE,JPY
SEC00056,2026-04-18,44.13,Bloomberg,INR
SEC00056,2026-04-19,44.18,Bloomberg,EUR
SEC00056,2026-04-20,44.89,Bloomberg,USD
SEC00056,2026-04-21,46.21,ICE,JPY
SEC00056,2026-04-22,45.63,Refinitiv,GBP
SEC00056,2026-04-23,46.15,Refinitiv,JPY
SEC00056,2026-04-24,46.66,Bloomberg,GBP
SEC00056,2026-04-25,47.07,ICE,JPY
SEC00056,2026-04-26,46.73,ICE,JPY
SEC00056,2026-04-27,46.4,Refinitiv,INR
SEC00056,2026-04-28,45.94,Bloomberg,JPY
SEC00056,2026-04-29,45.46,Refinitiv,EUR
SEC00056,2026-04-30,44.8,Bloomberg,USD
SEC00056,2026-05-01,44.73,Bloomberg,USD
SEC00056,2026-05-02,44.15,Refinitiv,USD
SEC00056,2026-05-03,44.52,Refinitiv,USD
SEC00056,2026-05-04,44.58,ICE,INR
SEC00056,2026-05-05,44.74,Bloomberg,INR
SEC00056,2026-05-06,44.54,Bloomberg,JPY
SEC00056,2026-05-07,44.62,Refinitiv,GBP
SEC00056,2026-05-08,44.44,ICE,CAD
SEC00056,2026-05-09,45.09,Refinitiv,EUR
SEC00056,2026-05-10,44.75,Refinitiv,JPY
SEC00056,2026-05-11,45.08,Bloomberg,CAD
SEC00056,2026-05-12,44.04,Refinitiv,CAD
SEC00056,2026-05-13,44.63,ICE,USD
SEC00056,2026-05-14,44.2,Bloomberg,EUR
SEC00056,2026-05-15,43.5,Refinitiv,GBP
SEC00056,2026-05-16,42.63,Bloomberg,JPY
SEC00056,2026-05-17,41.71,Bloomberg,CAD
SEC00056,2026-05-18,41.37,ICE,CAD
SEC00056,2026-05-19,42.51,Refinitiv,INR
SEC00057,2026-03-20,29.47,Bloomberg,GBP
SEC00057,2026-03-21,30.12,Refinitiv,USD
SEC00057,2026-03-22,30.08,Bloomberg,JPY
SEC00057,2026-03-23,30.08,Refinitiv,JPY
SEC00057,2026-03-24,30.43,Bloomberg,EUR
SEC00057,2026-03-25,30.45,Refinitiv,CAD
SEC00057,2026-03-26,31.41,ICE,USD
SEC00057,2026-03-27,30.68,Refinitiv,JPY
SEC00057,2026-03-28,31.17,Bloomberg,GBP
SEC00057,2026-03-29,31.13,Bloomberg,GBP
SEC00057,2026-03-30,30.51,ICE,CAD
SEC00057,2026-03-31,31.76,Bloomberg,JPY
SEC00057,2026-04-01,33.14,ICE,INR
SEC00057,2026-04-02,33.04,Bloomberg,GBP
SEC00057,2026-04-03,33.32,ICE,CAD
SEC00057,2026-04-04,33.05,Bloomberg,EUR
SEC00057,2026-04-05,32.88,Bloomberg,CAD
SEC00057,2026-04-06,32.23,Bloomberg,GBP
SEC00057,2026-04-07,31.5,Bloomberg,CAD
SEC00057,2026-04-08,32.56,Bloomberg,JPY
SEC00057,2026-04-09,32.56,Bloomberg,GBP
SEC00057,2026-04-10,32.6,Refinitiv,INR
SEC00057,2026-04-11,32.14,Refinitiv,GBP
SEC00057,2026-04-12,32.27,Bloomberg,INR
SEC00057,2026-04-13,31.41,ICE,INR
SEC00057,2026-04-14,30.99,ICE,EUR
SEC00057,2026-04-15,30.34,ICE,CAD
SEC00057,2026-04-16,31.06,Refinitiv,EUR
SEC00057,2026-04-17,30.15,Refinitiv,GBP
SEC00057,2026-04-18,29.52,ICE,EUR
SEC00057,2026-04-19,28.45,ICE,EUR
SEC00057,2026-04-20,28.01,ICE,CAD
SEC00057,2026-04-21,27.79,Refinitiv,USD
SEC00057,2026-04-22,28.3,Refinitiv,CAD
SEC00057,2026-04-23,28.2,ICE,GBP
SEC00057,2026-04-24,28.0,Refinitiv,GBP
SEC00057,2026-04-25,28.17,Bloomberg,JPY
SEC00057,2026-04-26,27.96,ICE,EUR
SEC00057,2026-04-27,29.18,ICE,USD
SEC00057,2026-04-28,28.89,Bloomberg,CAD
SEC00057,2026-04-29,29.12,Bloomberg,GBP
SEC00057,2026-04-30,29.56,ICE,GBP
SEC00057,2026-05-01,29.25,Bloomberg,USD
SEC00057,2026-05-02,29.35,ICE,EUR
SEC00057,2026-05-03,29.1,Bloomberg,GBP
SEC00057,2026-05-04,29.26,Bloomberg,CAD
SEC00057,2026-05-05,29.33,ICE,CAD
SEC00057,2026-05-06,29.27,ICE,CAD
SEC00057,2026-05-07,28.67,Refinitiv,EUR
SEC00057,2026-05-08,29.65,Bloomberg,USD
SEC00057,2026-05-09,29.98,Bloomberg,CAD
SEC00057,2026-05-10,29.14,Bloomberg,USD
SEC00057,2026-05-11,28.93,ICE,GBP
SEC00057,2026-05-12,28.13,Refinitiv,EUR
SEC00057,2026-05-13,28.53,ICE,GBP
SEC00057,2026-05-14,28.53,ICE,CAD
SEC00057,2026-05-15,28.55,Refinitiv,INR
SEC00057,2026-05-16,28.13,Bloomberg,INR
SEC00057,2026-05-17,27.98,ICE,EUR
SEC00057,2026-05-18,28.39,Bloomberg,USD
SEC00057,2026-05-19,28.95,ICE,EUR
SEC00058,2026-03-20,75.9,Refinitiv,GBP
SEC00058,2026-03-21,74.2,ICE,EUR
SEC00058,2026-03-22,75.75,Refinitiv,EUR
SEC00058,2026-03-23,74.34,Bloomberg,CAD
SEC00058,2026-03-24,74.24,Refinitiv,CAD
SEC00058,2026-03-25,73.81,Refinitiv,CAD
SEC00058,2026-03-26,74.31,Bloomberg,JPY
SEC00058,2026-03-27,73.7,Refinitiv,CAD
SEC00058,2026-03-28,73.52,Refinitiv,INR
SEC00058,2026-03-29,75.7,Refinitiv,GBP
SEC00058,2026-03-30,73.98,ICE,JPY
SEC00058,2026-03-31,74.01,Refinitiv,USD
SEC00058,2026-04-01,72.56,Bloomberg,JPY
SEC00058,2026-04-02,73.48,Bloomberg,JPY
SEC00058,2026-04-03,72.55,ICE,INR
SEC00058,2026-04-04,72.64,ICE,EUR
SEC00058,2026-04-05,70.95,Refinitiv,EUR
SEC00058,2026-04-06,72.63,ICE,USD
SEC00058,2026-04-07,72.76,Refinitiv,GBP
SEC00058,2026-04-08,72.98,Bloomberg,EUR
SEC00058,2026-04-09,74.1,ICE,JPY
SEC00058,2026-04-10,72.47,Bloomberg,USD
SEC00058,2026-04-11,71.71,Refinitiv,JPY
SEC00058,2026-04-12,71.96,Refinitiv,USD
SEC00058,2026-04-13,69.72,Bloomberg,USD
SEC00058,2026-04-14,67.67,Bloomberg,JPY
SEC00058,2026-04-15,66.71,Refinitiv,EUR
SEC00058,2026-04-16,65.37,Refinitiv,INR
SEC00058,2026-04-17,65.0,Bloomberg,JPY
SEC00058,2026-04-18,65.64,Bloomberg,JPY
SEC00058,2026-04-19,66.56,Refinitiv,USD
SEC00058,2026-04-20,68.76,ICE,EUR
SEC00058,2026-04-21,68.77,ICE,GBP
SEC00058,2026-04-22,68.99,ICE,INR
SEC00058,2026-04-23,69.0,Refinitiv,INR
SEC00058,2026-04-24,69.43,Refinitiv,JPY
SEC00058,2026-04-25,69.96,Bloomberg,GBP
SEC00058,2026-04-26,71.16,Bloomberg,GBP
SEC00058,2026-04-27,72.37,Bloomberg,GBP
SEC00058,2026-04-28,73.08,ICE,GBP
SEC00058,2026-04-29,75.11,Refinitiv,CAD
SEC00058,2026-04-30,75.18,Bloomberg,INR
SEC00058,2026-05-01,74.39,Refinitiv,GBP
SEC00058,2026-05-02,73.83,Bloomberg,JPY
SEC00058,2026-05-03,73.72,Refinitiv,GBP
SEC00058,2026-05-04,72.32,ICE,GBP
SEC00058,2026-05-05,71.56,ICE,EUR
SEC00058,2026-05-06,70.13,ICE,JPY
SEC00058,2026-05-07,70.6,ICE,GBP
SEC00058,2026-05-08,71.08,Bloomberg,GBP
SEC00058,2026-05-09,68.85,Refinitiv,GBP
SEC00058,2026-05-10,68.08,ICE,USD
SEC00058,2026-05-11,70.35,Bloomberg,CAD
SEC00058,2026-05-12,71.18,ICE,USD
SEC00058,2026-05-13,71.8,ICE,GBP
SEC00058,2026-05-14,70.98,Refinitiv,USD
SEC00058,2026-05-15,71.38,Bloomberg,INR
SEC00058,2026-05-16,71.4,Bloomberg,USD
SEC00058,2026-05-17,70.41,ICE,EUR
SEC00058,2026-05-18,69.82,ICE,EUR
SEC00058,2026-05-19,69.26,Bloomberg,GBP
SEC00059,2026-03-20,36.36,Bloomberg,USD
SEC00059,2026-03-21,36.29,Bloomberg,EUR
SEC00059,2026-03-22,36.3,ICE,JPY
SEC00059,2026-03-23,35.97,Refinitiv,USD
SEC00059,2026-03-24,37.18,ICE,JPY
SEC00059,2026-03-25,37.39,ICE,USD
SEC00059,2026-03-26,36.8,Refinitiv,GBP
SEC00059,2026-03-27,35.87,Bloomberg,EUR
SEC00059,2026-03-28,36.15,Bloomberg,INR
SEC00059,2026-03-29,35.56,Bloomberg,CAD
SEC00059,2026-03-30,36.96,ICE,CAD
SEC00059,2026-03-31,37.26,ICE,EUR
SEC00059,2026-04-01,37.65,Refinitiv,USD
SEC00059,2026-04-02,37.84,ICE,INR
SEC00059,2026-04-03,38.62,Bloomberg,CAD
SEC00059,2026-04-04,36.98,Bloomberg,INR
SEC00059,2026-04-05,36.2,Bloomberg,INR
SEC00059,2026-04-06,36.89,ICE,CAD
SEC00059,2026-04-07,37.9,Bloomberg,USD
SEC00059,2026-04-08,37.08,Bloomberg,INR
SEC00059,2026-04-09,35.88,Bloomberg,GBP
SEC00059,2026-04-10,36.01,Refinitiv,GBP
SEC00059,2026-04-11,36.34,Refinitiv,GBP
SEC00059,2026-04-12,36.46,Bloomberg,GBP
SEC00059,2026-04-13,36.44,ICE,USD
SEC00059,2026-04-14,35.24,ICE,GBP
SEC00059,2026-04-15,35.02,Bloomberg,GBP
SEC00059,2026-04-16,34.89,ICE,INR
SEC00059,2026-04-17,34.57,ICE,EUR
SEC00059,2026-04-18,33.39,ICE,INR
SEC00059,2026-04-19,33.76,Bloomberg,GBP
SEC00059,2026-04-20,34.3,ICE,JPY
SEC00059,2026-04-21,33.83,Refinitiv,GBP
SEC00059,2026-04-22,33.73,Bloomberg,CAD
SEC00059,2026-04-23,33.45,ICE,EUR
SEC00059,2026-04-24,33.17,Bloomberg,JPY
SEC00059,2026-04-25,33.48,ICE,USD
SEC00059,2026-04-26,33.81,Refinitiv,CAD
SEC00059,2026-04-27,34.48,Refinitiv,USD
SEC00059,2026-04-28,35.15,Bloomberg,USD
SEC00059,2026-04-29,35.06,ICE,GBP
SEC00059,2026-04-30,36.87,Bloomberg,CAD
SEC00059,2026-05-01,37.92,ICE,USD
SEC00059,2026-05-02,37.49,ICE,EUR
SEC00059,2026-05-03,37.59,Bloomberg,USD
SEC00059,2026-05-04,36.27,Refinitiv,CAD
SEC00059,2026-05-05,36.3,ICE,INR
SEC00059,2026-05-06,37.42,ICE,EUR
SEC00059,2026-05-07,39.31,Bloomberg,USD
SEC00059,2026-05-08,39.24,Bloomberg,INR
SEC00059,2026-05-09,39.5,Bloomberg,GBP
SEC00059,2026-05-10,39.95,ICE,CAD
SEC00059,2026-05-11,41.39,Bloomberg,EUR
SEC00059,2026-05-12,40.68,Bloomberg,USD
SEC00059,2026-05-13,42.65,Refinitiv,EUR
SEC00059,2026-05-14,42.42,ICE,GBP
SEC00059,2026-05-15,41.55,Bloomberg,GBP
SEC00059,2026-05-16,41.34,ICE,GBP
SEC00059,2026-05-17,40.75,Bloomberg,GBP
SEC00059,2026-05-18,41.08,Refinitiv,EUR
SEC00059,2026-05-19,39.88,Refinitiv,EUR
SEC00060,2026-03-20,90.65,Refinitiv,EUR
SEC00060,2026-03-21,91.33,Bloomberg,CAD
SEC00060,2026-03-22,91.39,ICE,USD
SEC00060,2026-03-23,95.98,Bloomberg,GBP
SEC00060,2026-03-24,98.06,Bloomberg,USD
SEC00060,2026-03-25,100.08,Refinitiv,GBP
SEC00060,2026-03-26,103.78,ICE,EUR
SEC00060,2026-03-27,104.36,Refinitiv,EUR
SEC00060,2026-03-28,104.23,Bloomberg,INR
SEC00060,2026-03-29,103.88,ICE,JPY
SEC00060,2026-03-30,104.55,Bloomberg,INR
SEC00060,2026-03-31,99.39,Refinitiv,GBP
SEC00060,2026-04-01,99.44,Refinitiv,USD
SEC00060,2026-04-02,99.9,Bloomberg,USD
SEC00060,2026-04-03,99.66,Refinitiv,CAD
SEC00060,2026-04-04,96.97,Bloomberg,GBP
SEC00060,2026-04-05,96.76,Bloomberg,CAD
SEC00060,2026-04-06,94.13,Refinitiv,EUR
SEC00060,2026-04-07,97.19,Bloomberg,JPY
SEC00060,2026-04-08,96.78,Bloomberg,USD
SEC00060,2026-04-09,93.24,ICE,INR
SEC00060,2026-04-10,92.94,ICE,EUR
SEC00060,2026-04-11,94.48,ICE,EUR
SEC00060,2026-04-12,94.83,ICE,EUR
SEC00060,2026-04-13,93.32,Refinitiv,CAD
SEC00060,2026-04-14,92.22,Refinitiv,INR
SEC00060,2026-04-15,91.79,Refinitiv,USD
SEC00060,2026-04-16,91.11,ICE,GBP
SEC00060,2026-04-17,89.09,Refinitiv,EUR
SEC00060,2026-04-18,89.03,ICE,JPY
SEC00060,2026-04-19,86.94,Refinitiv,JPY
SEC00060,2026-04-20,88.47,Bloomberg,JPY
SEC00060,2026-04-21,90.22,ICE,USD
SEC00060,2026-04-22,88.63,Bloomberg,USD
SEC00060,2026-04-23,87.53,ICE,JPY
SEC00060,2026-04-24,86.91,Refinitiv,EUR
SEC00060,2026-04-25,86.9,ICE,JPY
SEC00060,2026-04-26,87.35,Refinitiv,INR
SEC00060,2026-04-27,88.12,Bloomberg,INR
SEC00060,2026-04-28,88.86,ICE,EUR
SEC00060,2026-04-29,91.39,Bloomberg,JPY
SEC00060,2026-04-30,91.54,Refinitiv,CAD
SEC00060,2026-05-01,89.44,Bloomberg,EUR
SEC00060,2026-05-02,86.89,ICE,INR
SEC00060,2026-05-03,89.49,ICE,USD
SEC00060,2026-05-04,90.36,Bloomberg,CAD
SEC00060,2026-05-05,90.74,ICE,INR
SEC00060,2026-05-06,91.52,ICE,EUR
SEC00060,2026-05-07,91.83,Bloomberg,EUR
SEC00060,2026-05-08,92.59,ICE,JPY
SEC00060,2026-05-09,92.02,Bloomberg,INR
SEC00060,2026-05-10,93.81,ICE,USD
SEC00060,2026-05-11,92.97,Refinitiv,INR
SEC00060,2026-05-12,91.5,ICE,JPY
SEC00060,2026-05-13,88.77,Refinitiv,CAD
SEC00060,2026-05-14,88.43,Refinitiv,JPY
SEC00060,2026-05-15,65.15,ICE,JPY
SEC00060,2026-05-16,89.79,ICE,CAD
SEC00060,2026-05-17,87.61,Refinitiv,GBP
SEC00060,2026-05-18,88.1,Refinitiv,GBP
SEC00060,2026-05-19,87.11,ICE,USD
SEC00061,2026-03-20,104.38,Bloomberg,JPY
SEC00061,2026-03-21,105.67,Refinitiv,GBP
SEC00061,2026-03-22,105.15,Bloomberg,JPY
SEC00061,2026-03-23,105.63,Bloomberg,EUR
SEC00061,2026-03-24,107.79,ICE,CAD
SEC00061,2026-03-25,104.56,Refinitiv,GBP
SEC00061,2026-03-26,108.36,Bloomberg,JPY
SEC00061,2026-03-27,108.13,Refinitiv,INR
SEC00061,2026-03-28,105.06,Bloomberg,INR
SEC00061,2026-03-29,103.8,ICE,GBP
SEC00061,2026-03-30,104.05,Bloomberg,GBP
SEC00061,2026-03-31,102.8,Refinitiv,INR
SEC00061,2026-04-01,99.06,Bloomberg,USD
SEC00061,2026-04-02,99.28,ICE,EUR
SEC00061,2026-04-03,98.04,Bloomberg,CAD
SEC00061,2026-04-04,99.24,ICE,EUR
SEC00061,2026-04-05,97.38,Refinitiv,INR
SEC00061,2026-04-06,73.01,ICE,GBP
SEC00061,2026-04-07,102.38,Bloomberg,USD
SEC00061,2026-04-08,102.8,ICE,INR
SEC00061,2026-04-09,104.0,ICE,INR
SEC00061,2026-04-10,100.64,Bloomberg,EUR
SEC00061,2026-04-11,99.79,Bloomberg,GBP
SEC00061,2026-04-12,103.05,ICE,INR
SEC00061,2026-04-13,102.5,Refinitiv,INR
SEC00061,2026-04-14,102.44,ICE,GBP
SEC00061,2026-04-15,101.63,ICE,USD
SEC00061,2026-04-16,104.36,Bloomberg,EUR
SEC00061,2026-04-17,103.95,Bloomberg,EUR
SEC00061,2026-04-18,101.66,Refinitiv,INR
SEC00061,2026-04-19,106.43,Refinitiv,GBP
SEC00061,2026-04-20,103.85,Refinitiv,EUR
SEC00061,2026-04-21,103.72,ICE,INR
SEC00061,2026-04-22,102.2,Refinitiv,INR
SEC00061,2026-04-23,100.96,ICE,INR
SEC00061,2026-04-24,99.09,Bloomberg,USD
SEC00061,2026-04-25,98.17,Refinitiv,USD
SEC00061,2026-04-26,99.96,Bloomberg,USD
SEC00061,2026-04-27,96.59,Bloomberg,EUR
SEC00061,2026-04-28,98.83,Bloomberg,INR
SEC00061,2026-04-29,100.82,ICE,EUR
SEC00061,2026-04-30,101.79,Refinitiv,JPY
SEC00061,2026-05-01,102.07,Bloomberg,EUR
SEC00061,2026-05-02,102.63,ICE,GBP
SEC00061,2026-05-03,105.31,ICE,USD
SEC00061,2026-05-04,102.06,Refinitiv,EUR
SEC00061,2026-05-05,103.44,Bloomberg,GBP
SEC00061,2026-05-06,102.1,Bloomberg,INR
SEC00061,2026-05-07,103.67,Bloomberg,CAD
SEC00061,2026-05-08,102.58,Refinitiv,JPY
SEC00061,2026-05-09,103.94,Bloomberg,CAD
SEC00061,2026-05-10,101.09,Refinitiv,INR
SEC00061,2026-05-11,98.06,ICE,CAD
SEC00061,2026-05-12,97.91,Bloomberg,EUR
SEC00061,2026-05-13,100.49,Bloomberg,JPY
SEC00061,2026-05-14,101.51,ICE,INR
SEC00061,2026-05-15,102.53,Refinitiv,GBP
SEC00061,2026-05-16,104.17,ICE,GBP
SEC00061,2026-05-17,103.47,ICE,JPY
SEC00061,2026-05-18,104.66,Refinitiv,INR
SEC00061,2026-05-19,103.62,ICE,GBP
SEC00062,2026-03-20,31.8,Refinitiv,GBP
SEC00062,2026-03-21,31.4,ICE,CAD
SEC00062,2026-03-22,31.91,ICE,CAD
SEC00062,2026-03-23,30.48,Bloomberg,JPY
SEC00062,2026-03-24,30.29,Bloomberg,INR
SEC00062,2026-03-25,30.94,Refinitiv,CAD
SEC00062,2026-03-26,30.96,ICE,EUR
SEC00062,2026-03-27,31.31,Bloomberg,USD
SEC00062,2026-03-28,30.81,Refinitiv,GBP
SEC00062,2026-03-29,31.02,ICE,INR
SEC00062,2026-03-30,31.04,Refinitiv,JPY
SEC00062,2026-03-31,31.19,Refinitiv,CAD
SEC00062,2026-04-01,32.35,ICE,GBP
SEC00062,2026-04-02,33.13,Refinitiv,INR
SEC00062,2026-04-03,33.62,Bloomberg,USD
SEC00062,2026-04-04,34.12,Bloomberg,EUR
SEC00062,2026-04-05,33.58,Refinitiv,INR
SEC00062,2026-04-06,33.31,Bloomberg,USD
SEC00062,2026-04-07,32.41,Bloomberg,CAD
SEC00062,2026-04-08,31.68,Bloomberg,JPY
SEC00062,2026-04-09,31.19,Refinitiv,EUR
SEC00062,2026-04-10,31.19,ICE,USD
SEC00062,2026-04-11,30.52,Refinitiv,GBP
SEC00062,2026-04-12,30.51,ICE,EUR
SEC00062,2026-04-13,30.45,ICE,INR
SEC00062,2026-04-14,29.84,ICE,GBP
SEC00062,2026-04-15,30.67,Refinitiv,EUR
SEC00062,2026-04-16,29.96,Bloomberg,INR
SEC00062,2026-04-17,30.58,Refinitiv,GBP
SEC00062,2026-04-18,29.35,Bloomberg,JPY
SEC00062,2026-04-19,29.29,Refinitiv,INR
SEC00062,2026-04-20,28.67,ICE,CAD
SEC00062,2026-04-21,28.35,Bloomberg,EUR
SEC00062,2026-04-22,29.29,Bloomberg,JPY
SEC00062,2026-04-23,29.12,ICE,EUR
SEC00062,2026-04-24,28.55,ICE,GBP
SEC00062,2026-04-25,28.82,ICE,EUR
SEC00062,2026-04-26,28.65,Bloomberg,JPY
SEC00062,2026-04-27,28.74,Refinitiv,GBP
SEC00062,2026-04-28,28.28,Refinitiv,JPY
SEC00062,2026-04-29,27.86,Refinitiv,USD
SEC00062,2026-04-30,27.48,ICE,EUR
SEC00062,2026-05-01,27.88,ICE,GBP
SEC00062,2026-05-02,27.78,Bloomberg,EUR
SEC00062,2026-05-03,27.27,ICE,INR
SEC00062,2026-05-04,27.37,Bloomberg,JPY
SEC00062,2026-05-05,27.42,Bloomberg,CAD
SEC00062,2026-05-06,27.72,ICE,INR
SEC00062,2026-05-07,27.49,Refinitiv,USD
SEC00062,2026-05-08,27.47,Refinitiv,JPY
SEC00062,2026-05-09,27.69,Bloomberg,GBP
SEC00062,2026-05-10,27.2,Bloomberg,JPY
SEC00062,2026-05-11,27.65,Bloomberg,CAD
SEC00062,2026-05-12,27.67,ICE,JPY
SEC00062,2026-05-13,27.13,Bloomberg,INR
SEC00062,2026-05-14,26.61,ICE,JPY
SEC00062,2026-05-15,26.57,ICE,CAD
SEC00062,2026-05-16,26.32,ICE,USD
SEC00062,2026-05-17,26.69,ICE,INR
SEC00062,2026-05-18,26.57,ICE,EUR
SEC00062,2026-05-19,26.73,Refinitiv,CAD
SEC00063,2026-03-20,64.92,ICE,CAD
SEC00063,2026-03-21,66.63,Bloomberg,USD
SEC00063,2026-03-22,67.31,Bloomberg,GBP
SEC00063,2026-03-23,68.06,Refinitiv,EUR
SEC00063,2026-03-24,65.19,ICE,EUR
SEC00063,2026-03-25,64.01,Bloomberg,JPY
SEC00063,2026-03-26,65.76,ICE,EUR
SEC00063,2026-03-27,65.58,Refinitiv,GBP
SEC00063,2026-03-28,63.58,Refinitiv,GBP
SEC00063,2026-03-29,63.86,ICE,USD
SEC00063,2026-03-30,64.67,Refinitiv,EUR
SEC00063,2026-03-31,65.33,Refinitiv,INR
SEC00063,2026-04-01,65.18,ICE,GBP
SEC00063,2026-04-02,66.55,Bloomberg,CAD
SEC00063,2026-04-03,65.74,Bloomberg,USD
SEC00063,2026-04-04,66.41,ICE,CAD
SEC00063,2026-04-05,66.61,Refinitiv,EUR
SEC00063,2026-04-06,66.48,ICE,CAD
SEC00063,2026-04-07,66.06,ICE,INR
SEC00063,2026-04-08,65.68,Refinitiv,GBP
SEC00063,2026-04-09,65.75,Refinitiv,JPY
SEC00063,2026-04-10,65.44,Refinitiv,CAD
SEC00063,2026-04-11,66.34,Bloomberg,USD
SEC00063,2026-04-12,65.73,Refinitiv,EUR
SEC00063,2026-04-13,67.62,ICE,CAD
SEC00063,2026-04-14,66.95,ICE,GBP
SEC00063,2026-04-15,68.09,ICE,USD
SEC00063,2026-04-16,69.3,ICE,EUR
SEC00063,2026-04-17,69.54,Bloomberg,INR
SEC00063,2026-04-18,69.67,Refinitiv,GBP
SEC00063,2026-04-19,68.8,Bloomberg,GBP
SEC00063,2026-04-20,68.19,Refinitiv,USD
SEC00063,2026-04-21,68.49,ICE,INR
SEC00063,2026-04-22,68.47,ICE,USD
SEC00063,2026-04-23,69.96,ICE,CAD
SEC00063,2026-04-24,69.43,Refinitiv,JPY
SEC00063,2026-04-25,68.97,Refinitiv,INR
SEC00063,2026-04-26,66.94,Bloomberg,CAD
SEC00063,2026-04-27,67.75,Refinitiv,USD
SEC00063,2026-04-28,68.45,Bloomberg,USD
SEC00063,2026-04-29,69.69,ICE,GBP
SEC00063,2026-04-30,71.02,Refinitiv,GBP
SEC00063,2026-05-01,72.07,ICE,CAD
SEC00063,2026-05-02,73.18,ICE,CAD
SEC00063,2026-05-03,74.02,Bloomberg,JPY
SEC00063,2026-05-04,75.08,Refinitiv,EUR
SEC00063,2026-05-05,72.63,ICE,CAD
SEC00063,2026-05-06,71.22,ICE,CAD
SEC00063,2026-05-07,69.64,Bloomberg,USD
SEC00063,2026-05-08,71.27,ICE,INR
SEC00063,2026-05-09,70.3,Refinitiv,USD
SEC00063,2026-05-10,69.55,Bloomberg,USD
SEC00063,2026-05-11,69.59,Bloomberg,EUR
SEC00063,2026-05-12,68.07,Refinitiv,JPY
SEC00063,2026-05-13,68.57,Refinitiv,JPY
SEC00063,2026-05-14,65.97,ICE,USD
SEC00063,2026-05-15,64.61,Bloomberg,EUR
SEC00063,2026-05-16,64.87,Bloomberg,USD
SEC00063,2026-05-17,63.45,ICE,CAD
SEC00063,2026-05-18,64.97,Bloomberg,INR
SEC00063,2026-05-19,65.05,Bloomberg,USD
SEC00064,2026-03-20,84.04,Bloomberg,CAD
SEC00064,2026-03-21,86.15,Refinitiv,CAD
SEC00064,2026-03-22,86.69,Refinitiv,USD
SEC00064,2026-03-23,87.0,ICE,GBP
SEC00064,2026-03-24,88.37,Refinitiv,EUR
SEC00064,2026-03-25,86.76,Bloomberg,INR
SEC00064,2026-03-26,84.65,Bloomberg,USD
SEC00064,2026-03-27,84.73,Refinitiv,INR
SEC00064,2026-03-28,83.84,Bloomberg,GBP
SEC00064,2026-03-29,87.02,Refinitiv,CAD
SEC00064,2026-03-30,85.86,Bloomberg,CAD
SEC00064,2026-03-31,85.97,Bloomberg,JPY
SEC00064,2026-04-01,86.31,ICE,CAD
SEC00064,2026-04-02,88.26,Refinitiv,GBP
SEC00064,2026-04-03,86.73,ICE,CAD
SEC00064,2026-04-04,84.25,Bloomberg,EUR
SEC00064,2026-04-05,86.41,Bloomberg,CAD
SEC00064,2026-04-06,86.58,Bloomberg,USD
SEC00064,2026-04-07,87.88,Bloomberg,CAD
SEC00064,2026-04-08,89.28,Bloomberg,EUR
SEC00064,2026-04-09,90.98,Refinitiv,GBP
SEC00064,2026-04-10,90.41,Bloomberg,GBP
SEC00064,2026-04-11,89.4,ICE,EUR
SEC00064,2026-04-12,86.23,Refinitiv,GBP
SEC00064,2026-04-13,84.73,Bloomberg,USD
SEC00064,2026-04-14,84.87,ICE,CAD
SEC00064,2026-04-15,83.84,Refinitiv,INR
SEC00064,2026-04-16,82.16,Refinitiv,CAD
SEC00064,2026-04-17,82.28,Refinitiv,INR
SEC00064,2026-04-18,84.3,ICE,CAD
SEC00064,2026-04-19,84.26,Refinitiv,CAD
SEC00064,2026-04-20,82.59,ICE,INR
SEC00064,2026-04-21,84.52,Refinitiv,USD
SEC00064,2026-04-22,83.38,Refinitiv,INR
SEC00064,2026-04-23,85.65,ICE,INR
SEC00064,2026-04-24,85.28,Refinitiv,JPY
SEC00064,2026-04-25,85.48,ICE,EUR
SEC00064,2026-04-26,87.93,ICE,JPY
SEC00064,2026-04-27,85.83,Refinitiv,GBP
SEC00064,2026-04-28,84.25,Refinitiv,CAD
SEC00064,2026-04-29,83.8,Refinitiv,USD
SEC00064,2026-04-30,83.63,Bloomberg,EUR
SEC00064,2026-05-01,87.65,Refinitiv,USD
SEC00064,2026-05-02,86.29,Bloomberg,INR
SEC00064,2026-05-03,84.31,ICE,INR
SEC00064,2026-05-04,82.93,ICE,USD
SEC00064,2026-05-05,83.32,ICE,EUR
SEC00064,2026-05-06,84.1,Bloomberg,INR
SEC00064,2026-05-07,83.07,Refinitiv,GBP
SEC00064,2026-05-08,83.14,Refinitiv,JPY
SEC00064,2026-05-09,86.1,Refinitiv,USD
SEC00064,2026-05-10,86.19,Bloomberg,CAD
SEC00064,2026-05-11,86.74,Refinitiv,CAD
SEC00064,2026-05-12,89.73,Refinitiv,INR
SEC00064,2026-05-13,88.65,Bloomberg,CAD
SEC00064,2026-05-14,87.47,Refinitiv,INR
SEC00064,2026-05-15,86.78,Bloomberg,JPY
SEC00064,2026-05-16,86.0,Refinitiv,CAD
SEC00064,2026-05-17,83.22,ICE,GBP
SEC00064,2026-05-18,83.47,Bloomberg,EUR
SEC00064,2026-05-19,83.84,Bloomberg,USD
SEC00065,2026-03-20,72.03,ICE,GBP
SEC00065,2026-03-21,73.6,Refinitiv,JPY
SEC00065,2026-03-22,73.22,Bloomberg,EUR
SEC00065,2026-03-23,74.59,Refinitiv,EUR
SEC00065,2026-03-24,74.58,ICE,CAD
SEC00065,2026-03-25,76.35,Refinitiv,JPY
SEC00065,2026-03-26,76.07,Bloomberg,INR
SEC00065,2026-03-27,75.19,Bloomberg,JPY
SEC00065,2026-03-28,73.74,Refinitiv,INR
SEC00065,2026-03-29,73.74,Bloomberg,EUR
SEC00065,2026-03-30,72.72,ICE,JPY
SEC00065,2026-03-31,74.6,Refinitiv,INR
SEC00065,2026-04-01,73.46,Bloomberg,EUR
SEC00065,2026-04-02,72.59,ICE,USD
SEC00065,2026-04-03,73.38,Refinitiv,GBP
SEC00065,2026-04-04,74.99,Bloomberg,CAD
SEC00065,2026-04-05,76.01,ICE,EUR
SEC00065,2026-04-06,77.5,ICE,INR
SEC00065,2026-04-07,77.42,Refinitiv,CAD
SEC00065,2026-04-08,77.37,Bloomberg,USD
SEC00065,2026-04-09,80.21,ICE,GBP
SEC00065,2026-04-10,82.69,Bloomberg,CAD
SEC00065,2026-04-11,83.79,Refinitiv,CAD
SEC00065,2026-04-12,85.51,ICE,EUR
SEC00065,2026-04-13,86.87,ICE,GBP
SEC00065,2026-04-14,85.03,Refinitiv,EUR
SEC00065,2026-04-15,85.01,Bloomberg,EUR
SEC00065,2026-04-16,87.34,Bloomberg,JPY
SEC00065,2026-04-17,88.52,ICE,EUR
SEC00065,2026-04-18,88.46,ICE,INR
SEC00065,2026-04-19,90.91,ICE,INR
SEC00065,2026-04-20,91.56,Bloomberg,EUR
SEC00065,2026-04-21,92.85,ICE,JPY
SEC00065,2026-04-22,93.52,Bloomberg,CAD
SEC00065,2026-04-23,94.48,Bloomberg,EUR
SEC00065,2026-04-24,95.57,ICE,CAD
SEC00065,2026-04-25,97.85,Refinitiv,JPY
SEC00065,2026-04-26,100.42,Refinitiv,EUR
SEC00065,2026-04-27,99.65,Refinitiv,USD
SEC00065,2026-04-28,100.34,ICE,INR
SEC00065,2026-04-29,102.69,Bloomberg,JPY
SEC00065,2026-04-30,102.5,Bloomberg,USD
SEC00065,2026-05-01,100.13,Refinitiv,INR
SEC00065,2026-05-02,98.54,ICE,EUR
SEC00065,2026-05-03,97.1,ICE,JPY
SEC00065,2026-05-04,96.35,Refinitiv,GBP
SEC00065,2026-05-05,95.11,ICE,GBP
SEC00065,2026-05-06,96.92,Refinitiv,GBP
SEC00065,2026-05-07,96.48,Bloomberg,GBP
SEC00065,2026-05-08,98.72,Bloomberg,CAD
SEC00065,2026-05-09,96.76,Bloomberg,GBP
SEC00065,2026-05-10,96.19,Bloomberg,JPY
SEC00065,2026-05-11,96.42,Bloomberg,EUR
SEC00065,2026-05-12,97.88,Bloomberg,CAD
SEC00065,2026-05-13,99.94,ICE,INR
SEC00065,2026-05-14,99.02,Bloomberg,JPY
SEC00065,2026-05-15,100.84,ICE,JPY
SEC00065,2026-05-16,97.84,ICE,EUR
SEC00065,2026-05-17,99.42,Refinitiv,EUR
SEC00065,2026-05-18,97.07,ICE,USD
SEC00065,2026-05-19,97.9,Bloomberg,INR
SEC00066,2026-03-20,28.13,ICE,USD
SEC00066,2026-03-21,27.65,Refinitiv,CAD
SEC00066,2026-03-22,27.44,ICE,JPY
SEC00066,2026-03-23,26.88,Refinitiv,USD
SEC00066,2026-03-24,27.23,Bloomberg,EUR
SEC00066,2026-03-25,26.85,ICE,USD
SEC00066,2026-03-26,26.86,ICE,EUR
SEC00066,2026-03-27,28.03,Bloomberg,USD
SEC00066,2026-03-28,28.1,ICE,USD
SEC00066,2026-03-29,28.05,Refinitiv,CAD
SEC00066,2026-03-30,28.02,Refinitiv,GBP
SEC00066,2026-03-31,28.37,ICE,USD
SEC00066,2026-04-01,28.67,Bloomberg,EUR
SEC00066,2026-04-02,28.16,Bloomberg,CAD
SEC00066,2026-04-03,27.97,Bloomberg,USD
SEC00066,2026-04-04,19.91,ICE,CAD
SEC00066,2026-04-05,27.52,Bloomberg,GBP
SEC00066,2026-04-06,28.44,ICE,GBP
SEC00066,2026-04-07,28.77,ICE,EUR
SEC00066,2026-04-08,28.74,ICE,JPY
SEC00066,2026-04-09,29.4,Bloomberg,JPY
SEC00066,2026-04-10,29.51,Bloomberg,CAD
SEC00066,2026-04-11,28.66,ICE,USD
SEC00066,2026-04-12,29.53,Refinitiv,GBP
SEC00066,2026-04-13,29.46,Bloomberg,INR
SEC00066,2026-04-14,28.28,Bloomberg,USD
SEC00066,2026-04-15,27.48,ICE,EUR
SEC00066,2026-04-16,28.05,ICE,JPY
SEC00066,2026-04-17,27.27,Refinitiv,GBP
SEC00066,2026-04-18,27.94,Refinitiv,EUR
SEC00066,2026-04-19,28.0,ICE,JPY
SEC00066,2026-04-20,28.37,Bloomberg,EUR
SEC00066,2026-04-21,28.25,ICE,GBP
SEC00066,2026-04-22,28.53,Bloomberg,EUR
SEC00066,2026-04-23,28.71,Bloomberg,CAD
SEC00066,2026-04-24,28.71,Bloomberg,EUR
SEC00066,2026-04-25,28.17,Bloomberg,CAD
SEC00066,2026-04-26,28.37,Refinitiv,INR
SEC00066,2026-04-27,27.45,ICE,GBP
SEC00066,2026-04-28,27.93,Refinitiv,USD
SEC00066,2026-04-29,28.04,ICE,INR
SEC00066,2026-04-30,28.29,Bloomberg,EUR
SEC00066,2026-05-01,26.97,Refinitiv,INR
SEC00066,2026-05-02,26.44,Refinitiv,USD
SEC00066,2026-05-03,26.21,Refinitiv,INR
SEC00066,2026-05-04,26.54,Bloomberg,GBP
SEC00066,2026-05-05,26.1,ICE,EUR
SEC00066,2026-05-06,27.31,Bloomberg,CAD
SEC00066,2026-05-07,27.2,Bloomberg,USD
SEC00066,2026-05-08,26.71,Bloomberg,INR
SEC00066,2026-05-09,26.64,Refinitiv,EUR
SEC00066,2026-05-10,26.19,Bloomberg,CAD
SEC00066,2026-05-11,25.65,Bloomberg,CAD
SEC00066,2026-05-12,26.13,Refinitiv,EUR
SEC00066,2026-05-13,26.38,Refinitiv,EUR
SEC00066,2026-05-14,26.64,Bloomberg,GBP
SEC00066,2026-05-15,27.27,Refinitiv,GBP
SEC00066,2026-05-16,27.52,Refinitiv,CAD
SEC00066,2026-05-17,27.0,Bloomberg,INR
SEC00066,2026-05-18,27.36,Bloomberg,USD
SEC00066,2026-05-19,26.82,Refinitiv,GBP
SEC00067,2026-03-20,53.26,ICE,JPY
SEC00067,2026-03-21,54.01,Bloomberg,GBP
SEC00067,2026-03-22,55.4,ICE,CAD
SEC00067,2026-03-23,55.38,Refinitiv,EUR
SEC00067,2026-03-24,56.36,Bloomberg,EUR
SEC00067,2026-03-25,55.61,Bloomberg,CAD
SEC00067,2026-03-26,54.76,Refinitiv,GBP
SEC00067,2026-03-27,56.94,ICE,GBP
SEC00067,2026-03-28,55.85,ICE,JPY
SEC00067,2026-03-29,55.44,Bloomberg,CAD
SEC00067,2026-03-30,53.58,ICE,CAD
SEC00067,2026-03-31,52.79,Bloomberg,EUR
SEC00067,2026-04-01,51.87,Bloomberg,INR
SEC00067,2026-04-02,51.27,ICE,USD
SEC00067,2026-04-03,51.57,Bloomberg,INR
SEC00067,2026-04-04,52.1,Refinitiv,INR
SEC00067,2026-04-05,51.18,Bloomberg,JPY
SEC00067,2026-04-06,50.48,Bloomberg,CAD
SEC00067,2026-04-07,51.49,Bloomberg,EUR
SEC00067,2026-04-08,53.1,Bloomberg,EUR
SEC00067,2026-04-09,54.32,Refinitiv,JPY
SEC00067,2026-04-10,52.74,ICE,CAD
SEC00067,2026-04-11,53.9,Bloomberg,GBP
SEC00067,2026-04-12,55.72,ICE,USD
SEC00067,2026-04-13,54.05,ICE,GBP
SEC00067,2026-04-14,55.13,Bloomberg,USD
SEC00067,2026-04-15,55.38,Bloomberg,USD
SEC00067,2026-04-16,55.08,Bloomberg,JPY
SEC00067,2026-04-17,55.21,ICE,JPY
SEC00067,2026-04-18,55.68,ICE,USD
SEC00067,2026-04-19,56.87,Bloomberg,JPY
SEC00067,2026-04-20,58.03,Bloomberg,JPY
SEC00067,2026-04-21,56.49,Bloomberg,GBP
SEC00067,2026-04-22,55.85,Refinitiv,CAD
SEC00067,2026-04-23,55.98,Bloomberg,JPY
SEC00067,2026-04-24,57.59,Refinitiv,USD
SEC00067,2026-04-25,54.79,Refinitiv,USD
SEC00067,2026-04-26,54.22,ICE,EUR
SEC00067,2026-04-27,52.75,Bloomberg,USD
SEC00067,2026-04-28,51.48,Refinitiv,EUR
SEC00067,2026-04-29,52.42,Refinitiv,CAD
SEC00067,2026-04-30,51.94,ICE,INR
SEC00067,2026-05-01,49.78,Refinitiv,USD
SEC00067,2026-05-02,49.67,Refinitiv,USD
SEC00067,2026-05-03,51.51,Bloomberg,EUR
SEC00067,2026-05-04,49.86,ICE,INR
SEC00067,2026-05-05,50.37,Refinitiv,EUR
SEC00067,2026-05-06,51.81,ICE,CAD
SEC00067,2026-05-07,51.79,Refinitiv,INR
SEC00067,2026-05-08,53.62,ICE,INR
SEC00067,2026-05-09,53.01,ICE,EUR
SEC00067,2026-05-10,54.41,Bloomberg,EUR
SEC00067,2026-05-11,55.62,Bloomberg,JPY
SEC00067,2026-05-12,55.62,ICE,EUR
SEC00067,2026-05-13,54.16,ICE,USD
SEC00067,2026-05-14,53.21,ICE,JPY
SEC00067,2026-05-15,50.99,Refinitiv,GBP
SEC00067,2026-05-16,51.56,ICE,GBP
SEC00067,2026-05-17,52.03,Bloomberg,JPY
SEC00067,2026-05-18,52.13,Refinitiv,INR
SEC00067,2026-05-19,52.04,Refinitiv,EUR
SEC00068,2026-03-20,32.23,Bloomberg,GBP
SEC00068,2026-03-21,32.57,Refinitiv,INR
SEC00068,2026-03-22,33.16,ICE,CAD
SEC00068,2026-03-23,33.0,Bloomberg,JPY
SEC00068,2026-03-24,32.9,Bloomberg,INR
SEC00068,2026-03-25,32.03,Bloomberg,CAD
SEC00068,2026-03-26,31.45,Refinitiv,INR
SEC00068,2026-03-27,32.01,ICE,GBP
SEC00068,2026-03-28,32.23,ICE,EUR
SEC00068,2026-03-29,32.31,ICE,CAD
SEC00068,2026-03-30,33.06,Bloomberg,CAD
SEC00068,2026-03-31,32.3,ICE,GBP
SEC00068,2026-04-01,32.74,ICE,USD
SEC00068,2026-04-02,32.06,Bloomberg,INR
SEC00068,2026-04-03,32.93,ICE,USD
SEC00068,2026-04-04,33.27,ICE,USD
SEC00068,2026-04-05,33.86,ICE,CAD
SEC00068,2026-04-06,33.45,Refinitiv,USD
SEC00068,2026-04-07,34.78,Bloomberg,JPY
SEC00068,2026-04-08,36.05,ICE,JPY
SEC00068,2026-04-09,36.35,Refinitiv,JPY
SEC00068,2026-04-10,37.13,ICE,INR
SEC00068,2026-04-11,36.95,Bloomberg,EUR
SEC00068,2026-04-12,36.13,Refinitiv,EUR
SEC00068,2026-04-13,36.66,ICE,CAD
SEC00068,2026-04-14,36.07,Refinitiv,CAD
SEC00068,2026-04-15,36.94,Refinitiv,INR
SEC00068,2026-04-16,37.66,ICE,EUR
SEC00068,2026-04-17,37.83,ICE,JPY
SEC00068,2026-04-18,37.98,Refinitiv,EUR
SEC00068,2026-04-19,38.67,Bloomberg,CAD
SEC00068,2026-04-20,38.88,Refinitiv,USD
SEC00068,2026-04-21,38.62,Refinitiv,JPY
SEC00068,2026-04-22,37.58,ICE,CAD
SEC00068,2026-04-23,38.25,Refinitiv,USD
SEC00068,2026-04-24,38.52,Refinitiv,EUR
SEC00068,2026-04-25,40.45,Bloomberg,CAD
SEC00068,2026-04-26,40.4,Bloomberg,EUR
SEC00068,2026-04-27,40.64,Refinitiv,GBP
SEC00068,2026-04-28,40.9,Refinitiv,EUR
SEC00068,2026-04-29,41.4,ICE,USD
SEC00068,2026-04-30,40.7,ICE,CAD
SEC00068,2026-05-01,40.67,Refinitiv,USD
SEC00068,2026-05-02,41.29,ICE,INR
SEC00068,2026-05-03,41.07,Refinitiv,EUR
SEC00068,2026-05-04,41.67,Refinitiv,GBP
SEC00068,2026-05-05,41.76,Refinitiv,EUR
SEC00068,2026-05-06,42.09,Refinitiv,CAD
SEC00068,2026-05-07,42.98,Refinitiv,JPY
SEC00068,2026-05-08,42.83,ICE,CAD
SEC00068,2026-05-09,41.73,Refinitiv,EUR
SEC00068,2026-05-10,41.55,Bloomberg,CAD
SEC00068,2026-05-11,40.95,Refinitiv,JPY
SEC00068,2026-05-12,39.41,ICE,GBP
SEC00068,2026-05-13,39.35,Bloomberg,INR
SEC00068,2026-05-14,39.51,ICE,EUR
SEC00068,2026-05-15,40.26,ICE,JPY
SEC00068,2026-05-16,39.45,Refinitiv,CAD
SEC00068,2026-05-17,39.53,Bloomberg,INR
SEC00068,2026-05-18,40.36,Bloomberg,INR
SEC00068,2026-05-19,39.96,Bloomberg,USD
SEC00069,2026-03-20,67.83,ICE,EUR
SEC00069,2026-03-21,68.21,ICE,JPY
SEC00069,2026-03-22,69.9,Bloomberg,USD
SEC00069,2026-03-23,69.92,Bloomberg,GBP
SEC00069,2026-03-24,69.9,Bloomberg,CAD
SEC00069,2026-03-25,70.94,ICE,USD
SEC00069,2026-03-26,71.68,Refinitiv,INR
SEC00069,2026-03-27,70.55,Refinitiv,USD
SEC00069,2026-03-28,70.47,Bloomberg,JPY
SEC00069,2026-03-29,71.06,ICE,USD
SEC00069,2026-03-30,70.35,Bloomberg,EUR
SEC00069,2026-03-31,69.7,Bloomberg,CAD
SEC00069,2026-04-01,67.99,ICE,EUR
SEC00069,2026-04-02,64.5,ICE,USD
SEC00069,2026-04-03,64.09,Refinitiv,JPY
SEC00069,2026-04-04,64.27,ICE,INR
SEC00069,2026-04-05,63.04,Bloomberg,GBP
SEC00069,2026-04-06,64.63,Bloomberg,USD
SEC00069,2026-04-07,63.45,Bloomberg,CAD
SEC00069,2026-04-08,64.52,Bloomberg,INR
SEC00069,2026-04-09,65.04,ICE,CAD
SEC00069,2026-04-10,67.62,Refinitiv,CAD
SEC00069,2026-04-11,68.31,Refinitiv,INR
SEC00069,2026-04-12,66.57,ICE,JPY
SEC00069,2026-04-13,67.86,Bloomberg,USD
SEC00069,2026-04-14,69.97,Bloomberg,GBP
SEC00069,2026-04-15,67.77,Refinitiv,EUR
SEC00069,2026-04-16,68.59,ICE,USD
SEC00069,2026-04-17,69.68,Refinitiv,GBP
SEC00069,2026-04-18,69.45,ICE,USD
SEC00069,2026-04-19,66.46,ICE,INR
SEC00069,2026-04-20,66.14,ICE,INR
SEC00069,2026-04-21,47.15,ICE,GBP
SEC00069,2026-04-22,67.32,Refinitiv,GBP
SEC00069,2026-04-23,67.24,ICE,EUR
SEC00069,2026-04-24,66.78,Refinitiv,EUR
SEC00069,2026-04-25,66.1,Refinitiv,CAD
SEC00069,2026-04-26,66.53,Bloomberg,CAD
SEC00069,2026-04-27,66.63,ICE,GBP
SEC00069,2026-04-28,65.71,Refinitiv,USD
SEC00069,2026-04-29,66.06,ICE,JPY
SEC00069,2026-04-30,65.43,ICE,EUR
SEC00069,2026-05-01,62.41,Refinitiv,INR
SEC00069,2026-05-02,63.19,Refinitiv,EUR
SEC00069,2026-05-03,63.87,Bloomberg,CAD
SEC00069,2026-05-04,64.13,Refinitiv,INR
SEC00069,2026-05-05,63.66,Refinitiv,JPY
SEC00069,2026-05-06,63.61,Bloomberg,EUR
SEC00069,2026-05-07,64.57,Refinitiv,USD
SEC00069,2026-05-08,63.87,Refinitiv,USD
SEC00069,2026-05-09,64.89,Bloomberg,JPY
SEC00069,2026-05-10,63.2,Bloomberg,USD
SEC00069,2026-05-11,63.43,Bloomberg,INR
SEC00069,2026-05-12,63.49,ICE,USD
SEC00069,2026-05-13,64.66,Bloomberg,USD
SEC00069,2026-05-14,63.63,Bloomberg,CAD
SEC00069,2026-05-15,62.73,Refinitiv,INR
SEC00069,2026-05-16,61.19,ICE,GBP
SEC00069,2026-05-17,60.59,ICE,EUR
SEC00069,2026-05-18,60.9,Refinitiv,GBP
SEC00069,2026-05-19,58.96,Refinitiv,EUR
SEC00070,2026-03-20,57.24,ICE,USD
SEC00070,2026-03-21,56.42,Refinitiv,USD
SEC00070,2026-03-22,54.59,Refinitiv,INR
SEC00070,2026-03-23,54.82,Refinitiv,EUR
SEC00070,2026-03-24,55.17,Bloomberg,INR
SEC00070,2026-03-25,55.59,Refinitiv,CAD
SEC00070,2026-03-26,54.63,ICE,GBP
SEC00070,2026-03-27,55.05,Bloomberg,INR
SEC00070,2026-03-28,54.9,ICE,USD
SEC00070,2026-03-29,55.78,ICE,EUR
SEC00070,2026-03-30,54.83,Refinitiv,EUR
SEC00070,2026-03-31,55.99,Refinitiv,JPY
SEC00070,2026-04-01,57.54,Bloomberg,EUR
SEC00070,2026-04-02,57.69,ICE,CAD
SEC00070,2026-04-03,58.14,ICE,INR
SEC00070,2026-04-04,58.99,ICE,USD
SEC00070,2026-04-05,57.93,Bloomberg,GBP
SEC00070,2026-04-06,57.45,ICE,INR
SEC00070,2026-04-07,57.67,Refinitiv,USD
SEC00070,2026-04-08,59.8,Refinitiv,EUR
SEC00070,2026-04-09,58.55,Bloomberg,EUR
SEC00070,2026-04-10,60.3,Bloomberg,EUR
SEC00070,2026-04-11,60.12,Refinitiv,USD
SEC00070,2026-04-12,60.11,Refinitiv,CAD
SEC00070,2026-04-13,61.46,ICE,INR
SEC00070,2026-04-14,63.73,Bloomberg,USD
SEC00070,2026-04-15,64.25,ICE,GBP
SEC00070,2026-04-16,65.63,Refinitiv,GBP
SEC00070,2026-04-17,64.57,Bloomberg,INR
SEC00070,2026-04-18,63.99,Bloomberg,EUR
SEC00070,2026-04-19,62.46,ICE,INR
SEC00070,2026-04-20,61.91,ICE,INR
SEC00070,2026-04-21,62.58,Bloomberg,GBP
SEC00070,2026-04-22,62.85,Refinitiv,EUR
SEC00070,2026-04-23,64.83,Refinitiv,GBP
SEC00070,2026-04-24,67.26,Refinitiv,CAD
SEC00070,2026-04-25,67.13,Refinitiv,CAD
SEC00070,2026-04-26,66.34,ICE,INR
SEC00070,2026-04-27,67.76,Bloomberg,JPY
SEC00070,2026-04-28,69.34,Bloomberg,CAD
SEC00070,2026-04-29,69.92,Bloomberg,EUR
SEC00070,2026-04-30,70.84,ICE,USD
SEC00070,2026-05-01,71.58,Refinitiv,JPY
SEC00070,2026-05-02,70.34,Bloomberg,GBP
SEC00070,2026-05-03,68.83,ICE,INR
SEC00070,2026-05-04,68.8,Refinitiv,JPY
SEC00070,2026-05-05,68.59,Refinitiv,JPY
SEC00070,2026-05-06,68.97,Bloomberg,USD
SEC00070,2026-05-07,68.84,ICE,EUR
SEC00070,2026-05-08,66.76,ICE,USD
SEC00070,2026-05-09,64.26,Bloomberg,CAD
SEC00070,2026-05-10,65.14,Bloomberg,CAD
SEC00070,2026-05-11,64.4,Bloomberg,JPY
SEC00070,2026-05-12,64.16,ICE,JPY
SEC00070,2026-05-13,63.55,Bloomberg,INR
SEC00070,2026-05-14,62.54,Bloomberg,INR
SEC00070,2026-05-15,61.51,Refinitiv,CAD
SEC00070,2026-05-16,62.67,ICE,INR
SEC00070,2026-05-17,62.43,Refinitiv,GBP
SEC00070,2026-05-18,63.18,Refinitiv,GBP
SEC00070,2026-05-19,64.08,Refinitiv,GBP
SEC00071,2026-03-20,54.33,ICE,EUR
SEC00071,2026-03-21,55.89,Bloomberg,USD
SEC00071,2026-03-22,57.28,Refinitiv,INR
SEC00071,2026-03-23,56.37,Bloomberg,CAD
SEC00071,2026-03-24,56.07,Bloomberg,INR
SEC00071,2026-03-25,55.64,Bloomberg,USD
SEC00071,2026-03-26,53.77,ICE,JPY
SEC00071,2026-03-27,54.12,Refinitiv,CAD
SEC00071,2026-03-28,54.97,Refinitiv,CAD
SEC00071,2026-03-29,55.64,Refinitiv,GBP
SEC00071,2026-03-30,55.7,Refinitiv,GBP
SEC00071,2026-03-31,56.68,ICE,JPY
SEC00071,2026-04-01,55.55,ICE,EUR
SEC00071,2026-04-02,57.39,ICE,USD
SEC00071,2026-04-03,56.62,Bloomberg,USD
SEC00071,2026-04-04,55.98,ICE,EUR
SEC00071,2026-04-05,55.43,ICE,GBP
SEC00071,2026-04-06,54.81,Bloomberg,GBP
SEC00071,2026-04-07,54.64,Refinitiv,JPY
SEC00071,2026-04-08,54.44,Bloomberg,INR
SEC00071,2026-04-09,54.6,ICE,USD
SEC00071,2026-04-10,53.82,Refinitiv,JPY
SEC00071,2026-04-11,54.01,Bloomberg,INR
SEC00071,2026-04-12,52.98,Bloomberg,CAD
SEC00071,2026-04-13,53.7,Refinitiv,GBP
SEC00071,2026-04-14,54.42,Refinitiv,JPY
SEC00071,2026-04-15,54.45,Refinitiv,INR
SEC00071,2026-04-16,53.84,Bloomberg,INR
SEC00071,2026-04-17,54.16,Refinitiv,EUR
SEC00071,2026-04-18,53.33,ICE,CAD
SEC00071,2026-04-19,53.39,Bloomberg,INR
SEC00071,2026-04-20,53.27,Refinitiv,INR
SEC00071,2026-04-21,55.82,Refinitiv,EUR
SEC00071,2026-04-22,54.61,Bloomberg,USD
SEC00071,2026-04-23,52.02,ICE,EUR
SEC00071,2026-04-24,51.44,ICE,EUR
SEC00071,2026-04-25,49.88,Refinitiv,CAD
SEC00071,2026-04-26,49.25,Refinitiv,INR
SEC00071,2026-04-27,48.13,Bloomberg,CAD
SEC00071,2026-04-28,47.37,Refinitiv,INR
SEC00071,2026-04-29,46.48,Bloomberg,CAD
SEC00071,2026-04-30,47.31,Refinitiv,EUR
SEC00071,2026-05-01,47.3,Bloomberg,USD
SEC00071,2026-05-02,48.24,ICE,EUR
SEC00071,2026-05-03,48.29,ICE,EUR
SEC00071,2026-05-04,49.13,Bloomberg,CAD
SEC00071,2026-05-05,48.88,ICE,JPY
SEC00071,2026-05-06,50.31,ICE,INR
SEC00071,2026-05-07,50.76,Bloomberg,GBP
SEC00071,2026-05-08,50.08,ICE,INR
SEC00071,2026-05-09,50.66,Refinitiv,EUR
SEC00071,2026-05-10,50.71,Refinitiv,USD
SEC00071,2026-05-11,50.55,ICE,EUR
SEC00071,2026-05-12,50.66,Bloomberg,JPY
SEC00071,2026-05-13,51.37,Bloomberg,INR
SEC00071,2026-05-14,49.44,Refinitiv,JPY
SEC00071,2026-05-15,49.15,ICE,INR
SEC00071,2026-05-16,49.78,ICE,EUR
SEC00071,2026-05-17,50.03,Refinitiv,USD
SEC00071,2026-05-18,49.04,Bloomberg,JPY
SEC00071,2026-05-19,46.97,Bloomberg,GBP
SEC00072,2026-03-20,156.6,Bloomberg,JPY
SEC00072,2026-03-21,158.96,ICE,GBP
SEC00072,2026-03-22,159.59,Refinitiv,GBP
SEC00072,2026-03-23,165.13,Refinitiv,INR
SEC00072,2026-03-24,160.86,Bloomberg,CAD
SEC00072,2026-03-25,155.91,Bloomberg,EUR
SEC00072,2026-03-26,156.42,ICE,USD
SEC00072,2026-03-27,158.35,Refinitiv,GBP
SEC00072,2026-03-28,151.09,ICE,USD
SEC00072,2026-03-29,151.16,Refinitiv,GBP
SEC00072,2026-03-30,150.74,ICE,JPY
SEC00072,2026-03-31,152.84,Bloomberg,CAD
SEC00072,2026-04-01,154.1,Bloomberg,INR
SEC00072,2026-04-02,149.16,Bloomberg,USD
SEC00072,2026-04-03,146.33,Bloomberg,CAD
SEC00072,2026-04-04,144.28,ICE,JPY
SEC00072,2026-04-05,146.27,ICE,CAD
SEC00072,2026-04-06,147.33,Refinitiv,INR
SEC00072,2026-04-07,145.76,Refinitiv,EUR
SEC00072,2026-04-08,146.21,Refinitiv,USD
SEC00072,2026-04-09,143.5,Refinitiv,EUR
SEC00072,2026-04-10,148.86,Bloomberg,INR
SEC00072,2026-04-11,150.48,Refinitiv,GBP
SEC00072,2026-04-12,152.68,Bloomberg,USD
SEC00072,2026-04-13,156.54,ICE,JPY
SEC00072,2026-04-14,159.48,Refinitiv,JPY
SEC00072,2026-04-15,159.66,ICE,USD
SEC00072,2026-04-16,159.2,ICE,JPY
SEC00072,2026-04-17,162.97,Bloomberg,EUR
SEC00072,2026-04-18,163.13,Bloomberg,EUR
SEC00072,2026-04-19,161.02,Refinitiv,EUR
SEC00072,2026-04-20,166.8,ICE,EUR
SEC00072,2026-04-21,164.07,Refinitiv,JPY
SEC00072,2026-04-22,159.03,Bloomberg,EUR
SEC00072,2026-04-23,161.95,Bloomberg,INR
SEC00072,2026-04-24,159.9,ICE,USD
SEC00072,2026-04-25,161.23,ICE,INR
SEC00072,2026-04-26,166.59,Bloomberg,USD
SEC00072,2026-04-27,162.55,ICE,EUR
SEC00072,2026-04-28,162.51,Refinitiv,JPY
SEC00072,2026-04-29,166.93,Bloomberg,GBP
SEC00072,2026-04-30,169.06,Refinitiv,INR
SEC00072,2026-05-01,168.6,ICE,EUR
SEC00072,2026-05-02,175.93,Refinitiv,GBP
SEC00072,2026-05-03,175.72,Refinitiv,INR
SEC00072,2026-05-04,177.06,Bloomberg,JPY
SEC00072,2026-05-05,182.41,Refinitiv,JPY
SEC00072,2026-05-06,185.72,Refinitiv,CAD
SEC00072,2026-05-07,190.23,Refinitiv,USD
SEC00072,2026-05-08,187.25,Refinitiv,EUR
SEC00072,2026-05-09,191.48,Refinitiv,CAD
SEC00072,2026-05-10,192.16,Bloomberg,USD
SEC00072,2026-05-11,189.68,Bloomberg,GBP
SEC00072,2026-05-12,190.53,Bloomberg,INR
SEC00072,2026-05-13,191.28,Refinitiv,INR
SEC00072,2026-05-14,197.8,Refinitiv,CAD
SEC00072,2026-05-15,199.26,ICE,CAD
SEC00072,2026-05-16,196.56,Bloomberg,INR
SEC00072,2026-05-17,139.02,Refinitiv,EUR
SEC00072,2026-05-18,193.01,Bloomberg,EUR
SEC00072,2026-05-19,188.43,Bloomberg,GBP
SEC00073,2026-03-20,56.23,ICE,INR
SEC00073,2026-03-21,57.55,ICE,USD
SEC00073,2026-03-22,58.12,Refinitiv,USD
SEC00073,2026-03-23,58.77,ICE,USD
SEC00073,2026-03-24,60.55,Refinitiv,INR
SEC00073,2026-03-25,61.41,Refinitiv,USD
SEC00073,2026-03-26,60.56,Refinitiv,INR
SEC00073,2026-03-27,61.97,ICE,CAD
SEC00073,2026-03-28,61.86,ICE,EUR
SEC00073,2026-03-29,61.93,ICE,EUR
SEC00073,2026-03-30,62.08,Bloomberg,EUR
SEC00073,2026-03-31,63.19,Refinitiv,CAD
SEC00073,2026-04-01,65.21,ICE,CAD
SEC00073,2026-04-02,65.28,ICE,USD
SEC00073,2026-04-03,67.34,ICE,CAD
SEC00073,2026-04-04,67.58,ICE,USD
SEC00073,2026-04-05,69.32,ICE,INR
SEC00073,2026-04-06,69.6,Bloomberg,EUR
SEC00073,2026-04-07,69.02,ICE,EUR
SEC00073,2026-04-08,71.44,Refinitiv,JPY
SEC00073,2026-04-09,70.72,ICE,EUR
SEC00073,2026-04-10,69.92,Bloomberg,CAD
SEC00073,2026-04-11,68.37,ICE,CAD
SEC00073,2026-04-12,69.97,Refinitiv,INR
SEC00073,2026-04-13,71.9,Bloomberg,JPY
SEC00073,2026-04-14,72.41,Refinitiv,JPY
SEC00073,2026-04-15,71.17,ICE,CAD
SEC00073,2026-04-16,71.2,ICE,USD
SEC00073,2026-04-17,70.84,ICE,INR
SEC00073,2026-04-18,69.56,Refinitiv,JPY
SEC00073,2026-04-19,68.99,Bloomberg,EUR
SEC00073,2026-04-20,69.65,ICE,USD
SEC00073,2026-04-21,68.93,ICE,EUR
SEC00073,2026-04-22,69.32,ICE,EUR
SEC00073,2026-04-23,67.14,Bloomberg,JPY
SEC00073,2026-04-24,69.2,ICE,USD
SEC00073,2026-04-25,68.75,Bloomberg,EUR
SEC00073,2026-04-26,69.86,ICE,EUR
SEC00073,2026-04-27,70.13,Bloomberg,CAD
SEC00073,2026-04-28,70.68,Bloomberg,GBP
SEC00073,2026-04-29,69.27,Bloomberg,EUR
SEC00073,2026-04-30,68.36,ICE,USD
SEC00073,2026-05-01,67.48,Refinitiv,JPY
SEC00073,2026-05-02,67.55,ICE,USD
SEC00073,2026-05-03,69.2,Refinitiv,USD
SEC00073,2026-05-04,69.77,ICE,CAD
SEC00073,2026-05-05,68.67,Refinitiv,JPY
SEC00073,2026-05-06,68.82,Bloomberg,CAD
SEC00073,2026-05-07,68.75,ICE,USD
SEC00073,2026-05-08,68.35,Refinitiv,EUR
SEC00073,2026-05-09,68.37,Refinitiv,JPY
SEC00073,2026-05-10,69.34,Refinitiv,GBP
SEC00073,2026-05-11,68.48,ICE,USD
SEC00073,2026-05-12,68.08,Bloomberg,GBP
SEC00073,2026-05-13,69.32,Refinitiv,EUR
SEC00073,2026-05-14,69.94,Refinitiv,USD
SEC00073,2026-05-15,71.59,ICE,INR
SEC00074,2026-03-20,85.23,Bloomberg,JPY
SEC00074,2026-03-21,85.96,Refinitiv,GBP
SEC00074,2026-03-22,84.01,Refinitiv,JPY
SEC00074,2026-03-23,84.02,ICE,INR
SEC00074,2026-03-24,86.77,Refinitiv,EUR
SEC00074,2026-03-25,86.32,Bloomberg,EUR
SEC00074,2026-03-26,86.58,Bloomberg,CAD
SEC00074,2026-03-27,87.0,Refinitiv,CAD
SEC00074,2026-03-28,84.63,Bloomberg,INR
SEC00074,2026-03-29,86.19,Refinitiv,INR
SEC00074,2026-03-30,87.56,Refinitiv,JPY
SEC00074,2026-03-31,84.46,Refinitiv,INR
SEC00074,2026-04-01,82.48,Bloomberg,JPY
SEC00074,2026-04-02,81.08,Refinitiv,INR
SEC00074,2026-04-03,82.21,Bloomberg,EUR
SEC00074,2026-04-04,81.14,Refinitiv,GBP
SEC00074,2026-04-05,81.77,Bloomberg,CAD
SEC00074,2026-04-06,81.54,ICE,USD
SEC00074,2026-04-07,81.69,Refinitiv,INR
SEC00074,2026-04-08,82.46,ICE,EUR
SEC00074,2026-04-09,82.9,ICE,JPY
SEC00074,2026-04-10,82.91,ICE,INR
SEC00074,2026-04-11,83.44,ICE,USD
SEC00074,2026-04-12,83.81,Bloomberg,JPY
SEC00074,2026-04-13,83.54,Bloomberg,EUR
SEC00074,2026-04-14,82.93,ICE,CAD
SEC00074,2026-04-15,85.78,Refinitiv,JPY
SEC00074,2026-04-16,85.14,Refinitiv,GBP
SEC00074,2026-04-17,87.28,ICE,INR
SEC00074,2026-04-18,86.24,Bloomberg,EUR
SEC00074,2026-04-19,87.54,Bloomberg,INR
SEC00074,2026-04-20,90.4,Refinitiv,INR
SEC00074,2026-04-21,89.9,Refinitiv,JPY
SEC00074,2026-04-22,88.86,ICE,USD
SEC00074,2026-04-23,88.22,ICE,CAD
SEC00074,2026-04-24,88.23,Bloomberg,INR
SEC00074,2026-04-25,88.79,Bloomberg,USD
SEC00074,2026-04-26,88.77,Refinitiv,CAD
SEC00074,2026-04-27,88.14,Refinitiv,GBP
SEC00074,2026-04-28,91.29,ICE,INR
SEC00074,2026-04-29,91.0,ICE,USD
SEC00074,2026-04-30,90.03,ICE,EUR
SEC00074,2026-05-01,91.42,Refinitiv,INR
SEC00074,2026-05-02,92.86,Bloomberg,INR
SEC00074,2026-05-03,95.27,Refinitiv,USD
SEC00074,2026-05-04,98.62,Bloomberg,INR
SEC00074,2026-05-05,99.29,Bloomberg,GBP
SEC00074,2026-05-06,98.82,Refinitiv,GBP
SEC00074,2026-05-07,95.49,Refinitiv,CAD
SEC00074,2026-05-08,93.92,Bloomberg,CAD
SEC00074,2026-05-09,94.32,ICE,CAD
SEC00074,2026-05-10,92.36,Refinitiv,CAD
SEC00074,2026-05-11,89.77,Bloomberg,INR
SEC00074,2026-05-12,89.93,ICE,CAD
SEC00074,2026-05-13,91.23,Bloomberg,JPY
SEC00074,2026-05-14,90.87,Refinitiv,USD
SEC00074,2026-05-15,92.38,Refinitiv,GBP
SEC00074,2026-05-16,93.45,Refinitiv,INR
SEC00074,2026-05-17,95.43,ICE,JPY
SEC00074,2026-05-18,99.21,Refinitiv,CAD
SEC00074,2026-05-19,103.93,Bloomberg,GBP
SEC00075,2026-03-20,27.74,Refinitiv,EUR
SEC00075,2026-03-21,28.35,ICE,INR
SEC00075,2026-03-22,27.81,Bloomberg,EUR
SEC00075,2026-03-23,27.09,ICE,EUR
SEC00075,2026-03-24,26.26,ICE,GBP
SEC00075,2026-03-25,26.62,Bloomberg,GBP
SEC00075,2026-03-26,25.94,ICE,INR
SEC00075,2026-03-27,26.21,Bloomberg,CAD
SEC00075,2026-03-28,26.07,Bloomberg,JPY
SEC00075,2026-03-29,25.72,Bloomberg,EUR
SEC00075,2026-03-30,25.27,ICE,INR
SEC00075,2026-03-31,25.38,ICE,USD
SEC00075,2026-04-01,25.05,Bloomberg,USD
SEC00075,2026-04-02,25.06,Refinitiv,GBP
SEC00075,2026-04-03,25.25,ICE,EUR
SEC00075,2026-04-04,25.54,Refinitiv,CAD
SEC00075,2026-04-05,25.98,Bloomberg,GBP
SEC00075,2026-04-06,26.07,Refinitiv,USD
SEC00075,2026-04-07,25.6,Refinitiv,EUR
SEC00075,2026-04-08,25.82,Bloomberg,EUR
SEC00075,2026-04-09,26.14,Refinitiv,GBP
SEC00075,2026-04-10,26.07,ICE,GBP
SEC00075,2026-04-11,25.95,ICE,JPY
SEC00075,2026-04-12,27.11,Refinitiv,INR
SEC00075,2026-04-13,26.5,ICE,JPY
SEC00075,2026-04-14,26.75,Refinitiv,INR
SEC00075,2026-04-15,27.26,ICE,INR
SEC00075,2026-04-16,27.11,Bloomberg,EUR
SEC00075,2026-04-17,27.04,Refinitiv,JPY
SEC00075,2026-04-18,26.86,Refinitiv,INR
SEC00075,2026-04-19,26.87,Refinitiv,JPY
SEC00075,2026-04-20,27.32,ICE,GBP
SEC00075,2026-04-21,27.24,Refinitiv,INR
SEC00075,2026-04-22,28.78,Refinitiv,CAD
SEC00075,2026-04-23,28.56,Refinitiv,INR
SEC00075,2026-04-24,29.28,ICE,INR
SEC00075,2026-04-25,29.58,ICE,JPY
SEC00075,2026-04-26,29.65,ICE,GBP
SEC00075,2026-04-27,30.45,ICE,JPY
SEC00075,2026-04-28,29.59,ICE,EUR
SEC00075,2026-04-29,29.83,Bloomberg,JPY
SEC00075,2026-04-30,29.46,ICE,INR
SEC00075,2026-05-01,29.24,Bloomberg,CAD
SEC00075,2026-05-02,29.01,Refinitiv,JPY
SEC00075,2026-05-03,28.52,ICE,INR
SEC00075,2026-05-04,27.68,Bloomberg,USD
SEC00075,2026-05-05,27.89,Bloomberg,EUR
SEC00075,2026-05-06,27.87,Bloomberg,JPY
SEC00075,2026-05-07,27.73,ICE,JPY
SEC00075,2026-05-08,28.13,Refinitiv,EUR
SEC00075,2026-05-09,28.37,ICE,JPY
SEC00075,2026-05-10,28.25,Bloomberg,GBP
SEC00075,2026-05-11,29.81,Bloomberg,GBP
SEC00075,2026-05-12,30.37,Bloomberg,EUR
SEC00075,2026-05-13,31.73,ICE,EUR
SEC00075,2026-05-14,31.5,Bloomberg,EUR
SEC00075,2026-05-15,31.66,ICE,CAD
SEC00075,2026-05-16,30.97,Refinitiv,INR
SEC00075,2026-05-17,30.8,ICE,EUR
SEC00075,2026-05-18,30.5,Refinitiv,USD
SEC00075,2026-05-19,32.15,Refinitiv,CAD
SEC00076,2026-03-20,87.73,Bloomberg,INR
SEC00076,2026-03-21,84.56,ICE,CAD
SEC00076,2026-03-22,86.48,ICE,GBP
SEC00076,2026-03-23,86.55,ICE,EUR
SEC00076,2026-03-24,86.96,ICE,USD
SEC00076,2026-03-25,89.12,Bloomberg,EUR
SEC00076,2026-03-26,84.91,Refinitiv,CAD
SEC00076,2026-03-27,86.2,Refinitiv,JPY
SEC00076,2026-03-28,88.23,ICE,CAD
SEC00076,2026-03-29,87.18,Refinitiv,INR
SEC00076,2026-03-30,85.04,Refinitiv,CAD
SEC00076,2026-03-31,87.59,Refinitiv,CAD
SEC00076,2026-04-01,84.86,ICE,CAD
SEC00076,2026-04-02,85.55,Bloomberg,GBP
SEC00076,2026-04-03,87.16,ICE,CAD
SEC00076,2026-04-04,87.83,Refinitiv,INR
SEC00076,2026-04-05,88.77,Refinitiv,CAD
SEC00076,2026-04-06,88.39,Refinitiv,JPY
SEC00076,2026-04-07,89.17,Refinitiv,CAD
SEC00076,2026-04-08,88.07,ICE,CAD
SEC00076,2026-04-09,87.2,Bloomberg,EUR
SEC00076,2026-04-10,87.3,ICE,USD
SEC00076,2026-04-11,84.92,ICE,JPY
SEC00076,2026-04-12,85.85,Refinitiv,USD
SEC00076,2026-04-13,82.06,Bloomberg,CAD
SEC00076,2026-04-14,82.64,Bloomberg,INR
SEC00076,2026-04-15,83.36,Bloomberg,GBP
SEC00076,2026-04-16,82.21,Bloomberg,JPY
SEC00076,2026-04-17,80.42,Bloomberg,JPY
SEC00076,2026-04-18,79.87,ICE,INR
SEC00076,2026-04-19,80.83,Refinitiv,CAD
SEC00076,2026-04-20,81.37,ICE,INR
SEC00076,2026-04-21,79.79,Refinitiv,GBP
SEC00076,2026-04-22,79.98,Refinitiv,USD
SEC00076,2026-04-23,80.39,ICE,CAD
SEC00076,2026-04-24,80.75,Bloomberg,INR
SEC00076,2026-04-25,79.36,ICE,CAD
SEC00076,2026-04-26,79.62,ICE,INR
SEC00076,2026-04-27,80.98,ICE,EUR
SEC00076,2026-04-28,81.8,Refinitiv,USD
SEC00076,2026-04-29,82.45,ICE,EUR
SEC00076,2026-04-30,84.92,Refinitiv,USD
SEC00076,2026-05-01,85.22,Bloomberg,INR
SEC00076,2026-05-02,83.97,Bloomberg,JPY
SEC00076,2026-05-03,82.75,Refinitiv,JPY
SEC00076,2026-05-04,83.05,Bloomberg,GBP
SEC00076,2026-05-05,80.95,Bloomberg,JPY
SEC00076,2026-05-06,80.53,Bloomberg,INR
SEC00076,2026-05-07,81.25,ICE,GBP
SEC00076,2026-05-08,83.0,ICE,GBP
SEC00076,2026-05-09,80.73,ICE,JPY
SEC00076,2026-05-10,80.92,Refinitiv,GBP
SEC00076,2026-05-11,80.86,ICE,INR
SEC00076,2026-05-12,80.95,Refinitiv,INR
SEC00076,2026-05-13,81.2,Refinitiv,CAD
SEC00076,2026-05-14,81.2,Refinitiv,INR
SEC00076,2026-05-15,83.27,Bloomberg,JPY
SEC00076,2026-05-16,85.18,Refinitiv,JPY
SEC00076,2026-05-17,88.51,Refinitiv,USD
SEC00076,2026-05-18,88.53,ICE,EUR
SEC00076,2026-05-19,87.92,Bloomberg,INR
SEC00077,2026-03-20,31.3,Bloomberg,JPY
SEC00077,2026-03-21,30.35,ICE,CAD
SEC00077,2026-03-22,29.7,Bloomberg,JPY
SEC00077,2026-03-23,29.03,Bloomberg,GBP
SEC00077,2026-03-24,29.18,ICE,JPY
SEC00077,2026-03-25,29.38,Refinitiv,USD
SEC00077,2026-03-26,30.69,ICE,INR
SEC00077,2026-03-27,30.65,Refinitiv,GBP
SEC00077,2026-03-28,31.09,Refinitiv,INR
SEC00077,2026-03-29,31.2,Refinitiv,CAD
SEC00077,2026-03-30,31.6,Bloomberg,INR
SEC00077,2026-03-31,31.7,ICE,INR
SEC00077,2026-04-01,32.34,Refinitiv,GBP
SEC00077,2026-04-02,31.75,Refinitiv,EUR
SEC00077,2026-04-03,30.36,Bloomberg,EUR
SEC00077,2026-04-04,30.61,Refinitiv,EUR
SEC00077,2026-04-05,29.63,ICE,INR
SEC00077,2026-04-06,30.34,Refinitiv,GBP
SEC00077,2026-04-07,30.06,ICE,USD
SEC00077,2026-04-08,29.51,Bloomberg,INR
SEC00077,2026-04-09,30.96,ICE,GBP
SEC00077,2026-04-10,30.97,ICE,EUR
SEC00077,2026-04-11,30.86,ICE,JPY
SEC00077,2026-04-12,31.3,ICE,EUR
SEC00077,2026-04-13,31.77,Refinitiv,INR
SEC00077,2026-04-14,32.44,Refinitiv,CAD
SEC00077,2026-04-15,31.68,ICE,USD
SEC00077,2026-04-16,32.0,ICE,GBP
SEC00077,2026-04-17,31.84,Refinitiv,GBP
SEC00077,2026-04-18,31.33,ICE,GBP
SEC00077,2026-04-19,31.38,Refinitiv,JPY
SEC00077,2026-04-20,30.37,Bloomberg,GBP
SEC00077,2026-04-21,30.89,Bloomberg,USD
SEC00077,2026-04-22,30.74,Refinitiv,EUR
SEC00077,2026-04-23,30.49,ICE,INR
SEC00077,2026-04-24,30.43,Refinitiv,GBP
SEC00077,2026-04-25,30.36,Refinitiv,INR
SEC00077,2026-04-26,30.99,Refinitiv,GBP
SEC00077,2026-04-27,30.4,Bloomberg,EUR
SEC00077,2026-04-28,30.2,Bloomberg,USD
SEC00077,2026-04-29,30.1,Bloomberg,INR
SEC00077,2026-04-30,29.54,Refinitiv,USD
SEC00077,2026-05-01,29.64,ICE,INR
SEC00077,2026-05-02,29.27,ICE,CAD
SEC00077,2026-05-03,28.54,Bloomberg,JPY
SEC00077,2026-05-04,28.83,ICE,EUR
SEC00077,2026-05-05,29.65,Refinitiv,USD
SEC00077,2026-05-06,29.69,Bloomberg,CAD
SEC00077,2026-05-07,29.65,ICE,EUR
SEC00077,2026-05-08,29.59,ICE,EUR
SEC00077,2026-05-09,29.33,Refinitiv,GBP
SEC00077,2026-05-10,29.97,Refinitiv,EUR
SEC00077,2026-05-11,30.03,Bloomberg,INR
SEC00077,2026-05-12,28.87,Bloomberg,USD
SEC00077,2026-05-13,29.51,Bloomberg,EUR
SEC00077,2026-05-14,30.03,Bloomberg,USD
SEC00077,2026-05-15,30.37,ICE,JPY
SEC00077,2026-05-16,28.88,Bloomberg,EUR
SEC00077,2026-05-17,28.89,ICE,INR
SEC00077,2026-05-18,29.37,ICE,EUR
SEC00077,2026-05-19,29.58,ICE,GBP
SEC00078,2026-03-20,76.81,Bloomberg,GBP
SEC00078,2026-03-21,77.2,Bloomberg,JPY
SEC00078,2026-03-22,76.99,Refinitiv,JPY
SEC00078,2026-03-23,78.03,Refinitiv,JPY
SEC00078,2026-03-24,79.28,Refinitiv,EUR
SEC00078,2026-03-25,76.09,Bloomberg,CAD
SEC00078,2026-03-26,77.54,ICE,GBP
SEC00078,2026-03-27,77.93,ICE,INR
SEC00078,2026-03-28,77.23,Refinitiv,INR
SEC00078,2026-03-29,76.56,ICE,JPY
SEC00078,2026-03-30,76.65,Bloomberg,GBP
SEC00078,2026-03-31,75.99,Bloomberg,INR
SEC00078,2026-04-01,74.75,Bloomberg,GBP
SEC00078,2026-04-02,73.83,Refinitiv,GBP
SEC00078,2026-04-03,72.49,Refinitiv,JPY
SEC00078,2026-04-04,74.28,Bloomberg,INR
SEC00078,2026-04-05,74.39,Refinitiv,USD
SEC00078,2026-04-06,77.44,ICE,GBP
SEC00078,2026-04-07,78.0,Refinitiv,INR
SEC00078,2026-04-08,78.87,Refinitiv,CAD
SEC00078,2026-04-09,77.4,Refinitiv,GBP
SEC00078,2026-04-10,77.13,ICE,JPY
SEC00078,2026-04-11,77.27,ICE,EUR
SEC00078,2026-04-12,76.43,ICE,CAD
SEC00078,2026-04-13,75.82,ICE,GBP
SEC00078,2026-04-14,76.44,ICE,INR
SEC00078,2026-04-15,77.08,Bloomberg,CAD
SEC00078,2026-04-16,75.26,Refinitiv,JPY
SEC00078,2026-04-17,75.68,Refinitiv,CAD
SEC00078,2026-04-18,76.48,Bloomberg,GBP
SEC00078,2026-04-19,75.7,Refinitiv,EUR
SEC00078,2026-04-20,74.8,Bloomberg,JPY
SEC00078,2026-04-21,75.43,Refinitiv,INR
SEC00078,2026-04-22,71.97,ICE,USD
SEC00078,2026-04-23,72.01,Refinitiv,CAD
SEC00078,2026-04-24,74.17,ICE,USD
SEC00078,2026-04-25,70.74,ICE,EUR
SEC00078,2026-04-26,71.82,ICE,GBP
SEC00078,2026-04-27,72.56,Bloomberg,EUR
SEC00078,2026-04-28,70.72,ICE,INR
SEC00078,2026-04-29,71.42,Bloomberg,CAD
SEC00078,2026-04-30,72.74,ICE,JPY
SEC00078,2026-05-01,71.23,Bloomberg,GBP
SEC00078,2026-05-02,70.36,Bloomberg,GBP
SEC00078,2026-05-03,70.43,Bloomberg,INR
SEC00078,2026-05-04,71.71,ICE,EUR
SEC00078,2026-05-05,71.04,ICE,INR
SEC00078,2026-05-06,71.02,Refinitiv,INR
SEC00078,2026-05-07,70.21,ICE,INR
SEC00078,2026-05-08,70.28,Bloomberg,INR
SEC00078,2026-05-09,71.64,ICE,INR
SEC00078,2026-05-10,71.81,Refinitiv,JPY
SEC00078,2026-05-11,71.38,ICE,JPY
SEC00078,2026-05-12,71.38,ICE,CAD
SEC00078,2026-05-13,70.38,Refinitiv,GBP
SEC00078,2026-05-14,69.16,Refinitiv,GBP
SEC00078,2026-05-15,70.69,ICE,GBP
SEC00078,2026-05-16,72.81,ICE,INR
SEC00078,2026-05-17,70.5,ICE,CAD
SEC00078,2026-05-18,71.27,ICE,USD
SEC00078,2026-05-19,72.41,ICE,CAD
SEC00079,2026-03-20,78.2,Bloomberg,EUR
SEC00079,2026-03-21,79.39,Refinitiv,USD
SEC00079,2026-03-22,80.05,Refinitiv,USD
SEC00079,2026-03-23,79.86,Bloomberg,EUR
SEC00079,2026-03-24,82.56,Refinitiv,CAD
SEC00079,2026-03-25,82.24,ICE,GBP
SEC00079,2026-03-26,83.68,Refinitiv,INR
SEC00079,2026-03-27,83.48,Refinitiv,INR
SEC00079,2026-03-28,80.76,Refinitiv,INR
SEC00079,2026-03-29,80.41,ICE,GBP
SEC00079,2026-03-30,80.22,Bloomberg,JPY
SEC00079,2026-03-31,80.05,Bloomberg,USD
SEC00079,2026-04-01,79.14,Bloomberg,JPY
SEC00079,2026-04-02,80.07,ICE,GBP
SEC00079,2026-04-03,81.17,Refinitiv,EUR
SEC00079,2026-04-04,80.77,Bloomberg,INR
SEC00079,2026-04-05,80.35,Refinitiv,EUR
SEC00079,2026-04-06,78.87,Refinitiv,JPY
SEC00079,2026-04-07,79.27,Bloomberg,EUR
SEC00079,2026-04-08,81.28,ICE,GBP
SEC00079,2026-04-09,83.34,ICE,JPY
SEC00079,2026-04-10,82.48,Bloomberg,CAD
SEC00079,2026-04-11,85.48,ICE,INR
SEC00079,2026-04-12,84.96,Bloomberg,CAD
SEC00079,2026-04-13,83.45,Bloomberg,JPY
SEC00079,2026-04-14,81.45,Refinitiv,INR
SEC00079,2026-04-15,79.91,Bloomberg,CAD
SEC00079,2026-04-16,80.43,Refinitiv,EUR
SEC00079,2026-04-17,80.1,Bloomberg,INR
SEC00079,2026-04-18,79.23,Bloomberg,EUR
SEC00079,2026-04-19,78.06,ICE,CAD
SEC00079,2026-04-20,76.57,Bloomberg,JPY
SEC00079,2026-04-21,75.38,Refinitiv,EUR
SEC00079,2026-04-22,76.8,Bloomberg,USD
SEC00079,2026-04-23,79.33,ICE,EUR
SEC00079,2026-04-24,82.03,Bloomberg,JPY
SEC00079,2026-04-25,83.09,Bloomberg,CAD
SEC00079,2026-04-26,82.39,ICE,GBP
SEC00079,2026-04-27,81.44,Bloomberg,USD
SEC00079,2026-04-28,82.59,ICE,GBP
SEC00079,2026-04-29,82.27,Refinitiv,USD
SEC00079,2026-04-30,82.92,ICE,JPY
SEC00079,2026-05-01,85.84,Bloomberg,USD
SEC00079,2026-05-02,86.22,ICE,USD
SEC00079,2026-05-03,89.8,Bloomberg,USD
SEC00079,2026-05-04,88.02,Bloomberg,INR
SEC00079,2026-05-05,88.77,ICE,EUR
SEC00079,2026-05-06,89.32,Bloomberg,EUR
SEC00079,2026-05-07,87.78,Refinitiv,INR
SEC00079,2026-05-08,89.09,Refinitiv,GBP
SEC00079,2026-05-09,91.59,Bloomberg,USD
SEC00079,2026-05-10,95.27,Bloomberg,EUR
SEC00079,2026-05-11,96.02,Refinitiv,CAD
SEC00079,2026-05-12,92.79,Refinitiv,EUR
SEC00079,2026-05-13,93.63,Refinitiv,USD
SEC00079,2026-05-14,94.93,ICE,USD
SEC00079,2026-05-15,94.57,Refinitiv,CAD
SEC00079,2026-05-16,94.99,Refinitiv,INR
SEC00079,2026-05-17,94.21,Bloomberg,CAD
SEC00079,2026-05-18,94.03,Refinitiv,EUR
SEC00079,2026-05-19,95.8,Bloomberg,EUR
SEC00080,2026-03-20,74.97,Refinitiv,GBP
SEC00080,2026-03-21,75.5,Bloomberg,USD
SEC00080,2026-03-22,74.25,Bloomberg,JPY
SEC00080,2026-03-23,73.61,Bloomberg,USD
SEC00080,2026-03-24,74.13,Refinitiv,EUR
SEC00080,2026-03-25,75.18,Refinitiv,USD
SEC00080,2026-03-26,76.69,ICE,CAD
SEC00080,2026-03-27,75.15,ICE,EUR
SEC00080,2026-03-28,73.15,ICE,USD
SEC00080,2026-03-29,71.91,ICE,INR
SEC00080,2026-03-30,70.56,Bloomberg,GBP
SEC00080,2026-03-31,72.59,ICE,EUR
SEC00080,2026-04-01,74.37,Refinitiv,EUR
SEC00080,2026-04-02,73.08,Bloomberg,INR
SEC00080,2026-04-03,75.36,ICE,JPY
SEC00080,2026-04-04,77.14,Refinitiv,JPY
SEC00080,2026-04-05,74.91,Bloomberg,EUR
SEC00080,2026-04-06,73.56,ICE,JPY
SEC00080,2026-04-07,71.4,Bloomberg,USD
SEC00080,2026-04-08,71.33,Bloomberg,JPY
SEC00080,2026-04-09,71.38,Bloomberg,INR
SEC00080,2026-04-10,71.44,Refinitiv,USD
SEC00080,2026-04-11,68.87,Bloomberg,USD
SEC00080,2026-04-12,67.14,Bloomberg,INR
SEC00080,2026-04-13,67.48,Refinitiv,CAD
SEC00080,2026-04-14,68.27,Bloomberg,EUR
SEC00080,2026-04-15,65.82,Refinitiv,EUR
SEC00080,2026-04-16,64.34,Refinitiv,USD
SEC00080,2026-04-17,65.56,Bloomberg,CAD
SEC00080,2026-04-18,64.14,Bloomberg,USD
SEC00080,2026-04-19,64.16,Bloomberg,GBP
SEC00080,2026-04-20,62.67,Refinitiv,INR
SEC00080,2026-04-21,63.64,ICE,EUR
SEC00080,2026-04-22,61.36,Bloomberg,USD
SEC00080,2026-04-23,61.05,Bloomberg,USD
SEC00080,2026-04-24,62.12,Bloomberg,GBP
SEC00080,2026-04-25,62.83,Refinitiv,INR
SEC00080,2026-04-26,62.34,Bloomberg,EUR
SEC00080,2026-04-27,61.58,ICE,JPY
SEC00080,2026-04-28,61.36,ICE,EUR
SEC00080,2026-04-29,59.96,Bloomberg,JPY
SEC00080,2026-04-30,59.88,Refinitiv,EUR
SEC00080,2026-05-01,59.82,ICE,USD
SEC00080,2026-05-02,59.4,Bloomberg,INR
SEC00080,2026-05-03,60.5,Refinitiv,EUR
SEC00080,2026-05-04,59.37,Refinitiv,GBP
SEC00080,2026-05-05,57.58,Bloomberg,INR
SEC00080,2026-05-06,57.06,ICE,USD
SEC00080,2026-05-07,57.22,Bloomberg,CAD
SEC00080,2026-05-08,57.14,Bloomberg,USD
SEC00080,2026-05-09,57.01,Refinitiv,EUR
SEC00080,2026-05-10,55.88,ICE,CAD
SEC00080,2026-05-11,54.92,Bloomberg,EUR
SEC00080,2026-05-12,54.47,Refinitiv,GBP
SEC00080,2026-05-13,53.94,Bloomberg,GBP
SEC00080,2026-05-14,55.03,Refinitiv,CAD
SEC00080,2026-05-15,55.32,Refinitiv,INR
SEC00080,2026-05-16,54.82,Refinitiv,INR
SEC00080,2026-05-17,55.92,ICE,INR
SEC00080,2026-05-18,56.4,ICE,INR
SEC00080,2026-05-19,55.05,Bloomberg,INR
SEC00081,2026-03-20,57.53,ICE,USD
SEC00081,2026-03-21,58.6,ICE,EUR
SEC00081,2026-03-22,59.9,Refinitiv,INR
SEC00081,2026-03-23,60.33,ICE,JPY
SEC00081,2026-03-24,60.08,Bloomberg,USD
SEC00081,2026-03-25,60.1,ICE,JPY
SEC00081,2026-03-26,58.79,ICE,CAD
SEC00081,2026-03-27,58.1,ICE,JPY
SEC00081,2026-03-28,58.07,ICE,JPY
SEC00081,2026-03-29,57.82,Bloomberg,EUR
SEC00081,2026-03-30,57.95,Bloomberg,GBP
SEC00081,2026-03-31,56.54,Bloomberg,CAD
SEC00081,2026-04-01,55.4,ICE,INR
SEC00081,2026-04-02,56.2,Refinitiv,USD
SEC00081,2026-04-03,55.38,Refinitiv,USD
SEC00081,2026-04-04,54.74,Bloomberg,USD
SEC00081,2026-04-05,54.86,Refinitiv,INR
SEC00081,2026-04-06,53.97,Refinitiv,INR
SEC00081,2026-04-07,55.07,Refinitiv,CAD
SEC00081,2026-04-08,53.85,Refinitiv,EUR
SEC00081,2026-04-09,53.88,Bloomberg,EUR
SEC00081,2026-04-10,53.18,Bloomberg,EUR
SEC00081,2026-04-11,53.35,ICE,JPY
SEC00081,2026-04-12,52.9,Refinitiv,GBP
SEC00081,2026-04-13,52.91,Refinitiv,JPY
SEC00081,2026-04-14,54.1,ICE,INR
SEC00081,2026-04-15,53.45,Refinitiv,INR
SEC00081,2026-04-16,52.81,Refinitiv,CAD
SEC00081,2026-04-17,52.54,Refinitiv,CAD
SEC00081,2026-04-18,53.96,Bloomberg,EUR
SEC00081,2026-04-19,53.9,Bloomberg,INR
SEC00081,2026-04-20,55.12,ICE,GBP
SEC00081,2026-04-21,54.97,Refinitiv,GBP
SEC00081,2026-04-22,56.18,Bloomberg,JPY
SEC00081,2026-04-23,56.62,ICE,INR
SEC00081,2026-04-24,57.21,Bloomberg,GBP
SEC00081,2026-04-25,55.76,Refinitiv,JPY
SEC00081,2026-04-26,54.2,ICE,INR
SEC00081,2026-04-27,55.27,Bloomberg,GBP
SEC00081,2026-04-28,56.35,Bloomberg,INR
SEC00081,2026-04-29,58.84,Refinitiv,GBP
SEC00081,2026-04-30,57.29,ICE,CAD
SEC00081,2026-05-01,57.82,ICE,USD
SEC00081,2026-05-02,56.78,ICE,JPY
SEC00081,2026-05-03,56.06,Bloomberg,GBP
SEC00081,2026-05-04,55.58,Bloomberg,EUR
SEC00081,2026-05-05,55.99,Refinitiv,GBP
SEC00081,2026-05-06,55.35,ICE,INR
SEC00081,2026-05-07,55.41,Bloomberg,INR
SEC00081,2026-05-08,56.26,Bloomberg,USD
SEC00081,2026-05-09,57.44,Bloomberg,USD
SEC00081,2026-05-10,58.18,Refinitiv,CAD
SEC00081,2026-05-11,58.68,ICE,GBP
SEC00081,2026-05-12,58.56,ICE,GBP
SEC00081,2026-05-13,57.99,Bloomberg,USD
SEC00081,2026-05-14,58.58,Refinitiv,EUR
SEC00081,2026-05-15,57.5,Refinitiv,EUR
SEC00081,2026-05-16,57.66,Refinitiv,CAD
SEC00081,2026-05-17,56.57,Bloomberg,USD
SEC00081,2026-05-18,56.56,Bloomberg,INR
SEC00081,2026-05-19,39.97,Bloomberg,EUR
SEC00082,2026-03-20,59.0,Refinitiv,INR
SEC00082,2026-03-21,59.29,Bloomberg,INR
SEC00082,2026-03-22,60.09,ICE,USD
SEC00082,2026-03-23,61.09,Refinitiv,GBP
SEC00082,2026-03-24,61.27,Refinitiv,JPY
SEC00082,2026-03-25,61.86,ICE,CAD
SEC00082,2026-03-26,61.32,ICE,EUR
SEC00082,2026-03-27,62.6,ICE,GBP
SEC00082,2026-03-28,61.64,ICE,GBP
SEC00082,2026-03-29,61.44,Bloomberg,INR
SEC00082,2026-03-30,62.83,ICE,USD
SEC00082,2026-03-31,62.32,Bloomberg,INR
SEC00082,2026-04-01,60.85,Bloomberg,GBP
SEC00082,2026-04-02,60.43,Refinitiv,GBP
SEC00082,2026-04-03,61.97,Refinitiv,CAD
SEC00082,2026-04-04,59.47,Refinitiv,CAD
SEC00082,2026-04-05,59.61,Refinitiv,GBP
SEC00082,2026-04-06,58.96,Refinitiv,EUR
SEC00082,2026-04-07,58.81,ICE,CAD
SEC00082,2026-04-08,58.47,Bloomberg,USD
SEC00082,2026-04-09,59.51,Refinitiv,EUR
SEC00082,2026-04-10,59.6,Bloomberg,INR
SEC00082,2026-04-11,60.71,Bloomberg,GBP
SEC00082,2026-04-12,62.15,ICE,GBP
SEC00082,2026-04-13,62.21,Bloomberg,EUR
SEC00082,2026-04-14,61.84,Bloomberg,JPY
SEC00082,2026-04-15,62.29,Refinitiv,USD
SEC00082,2026-04-16,62.96,Bloomberg,GBP
SEC00082,2026-04-17,61.69,Refinitiv,GBP
SEC00082,2026-04-18,61.98,ICE,GBP
SEC00082,2026-04-19,61.73,ICE,JPY
SEC00082,2026-04-20,61.29,Refinitiv,USD
SEC00082,2026-04-21,60.56,ICE,CAD
SEC00082,2026-04-22,59.91,ICE,INR
SEC00082,2026-04-23,61.29,Bloomberg,GBP
SEC00082,2026-04-24,60.92,ICE,INR
SEC00082,2026-04-25,62.2,Refinitiv,USD
SEC00082,2026-04-26,62.38,ICE,JPY
SEC00082,2026-04-27,61.14,Bloomberg,JPY
SEC00082,2026-04-28,61.38,ICE,CAD
SEC00082,2026-04-29,60.1,ICE,EUR
SEC00082,2026-04-30,60.79,ICE,INR
SEC00082,2026-05-01,60.59,Bloomberg,INR
SEC00082,2026-05-02,61.55,Bloomberg,INR
SEC00082,2026-05-03,63.17,ICE,CAD
SEC00082,2026-05-04,61.23,Refinitiv,USD
SEC00082,2026-05-05,60.75,ICE,GBP
SEC00082,2026-05-06,59.46,Refinitiv,CAD
SEC00082,2026-05-07,85.28,Bloomberg,JPY
SEC00082,2026-05-08,61.34,ICE,JPY
SEC00082,2026-05-09,59.92,ICE,INR
SEC00082,2026-05-10,62.37,Refinitiv,USD
SEC00082,2026-05-11,61.58,ICE,INR
SEC00082,2026-05-12,59.82,Bloomberg,INR
SEC00082,2026-05-13,58.6,Bloomberg,EUR
SEC00082,2026-05-14,58.78,Bloomberg,JPY
SEC00082,2026-05-15,58.86,Bloomberg,INR
SEC00082,2026-05-16,58.0,Refinitiv,GBP
SEC00082,2026-05-17,57.52,Bloomberg,CAD
SEC00082,2026-05-18,57.61,ICE,GBP
SEC00082,2026-05-19,59.01,Bloomberg,INR
SEC00083,2026-03-20,65.74,ICE,EUR
SEC00083,2026-03-21,64.83,Bloomberg,GBP
SEC00083,2026-03-22,65.71,Refinitiv,CAD
SEC00083,2026-03-23,66.91,Refinitiv,USD
SEC00083,2026-03-24,67.38,Refinitiv,EUR
SEC00083,2026-03-25,67.75,Bloomberg,INR
SEC00083,2026-03-26,68.27,ICE,GBP
SEC00083,2026-03-27,69.48,Bloomberg,GBP
SEC00083,2026-03-28,67.73,Refinitiv,CAD
SEC00083,2026-03-29,67.14,Bloomberg,EUR
SEC00083,2026-03-30,67.09,ICE,CAD
SEC00083,2026-03-31,67.36,Refinitiv,EUR
SEC00083,2026-04-01,64.83,Bloomberg,CAD
SEC00083,2026-04-02,63.4,Refinitiv,GBP
SEC00083,2026-04-03,63.41,Refinitiv,USD
SEC00083,2026-04-04,64.6,ICE,USD
SEC00083,2026-04-05,64.15,ICE,EUR
SEC00083,2026-04-06,63.41,Bloomberg,USD
SEC00083,2026-04-07,64.04,Refinitiv,USD
SEC00083,2026-04-08,63.7,Bloomberg,INR
SEC00083,2026-04-09,64.74,ICE,GBP
SEC00083,2026-04-10,64.51,Bloomberg,USD
SEC00083,2026-04-11,63.25,Refinitiv,GBP
SEC00083,2026-04-12,64.9,ICE,GBP
SEC00083,2026-04-13,66.38,Refinitiv,JPY
SEC00083,2026-04-14,65.27,ICE,INR
SEC00083,2026-04-15,65.77,Bloomberg,GBP
SEC00083,2026-04-16,65.41,ICE,INR
SEC00083,2026-04-17,66.17,ICE,USD
SEC00083,2026-04-18,65.16,Refinitiv,INR
SEC00083,2026-04-19,66.22,Bloomberg,INR
SEC00083,2026-04-20,67.68,Refinitiv,INR
SEC00083,2026-04-21,66.56,ICE,USD
SEC00083,2026-04-22,66.67,Bloomberg,GBP
SEC00083,2026-04-23,68.16,ICE,CAD
SEC00083,2026-04-24,66.97,ICE,EUR
SEC00083,2026-04-25,66.2,ICE,INR
SEC00083,2026-04-26,67.02,Bloomberg,INR
SEC00083,2026-04-27,66.86,Refinitiv,GBP
SEC00083,2026-04-28,64.99,Bloomberg,JPY
SEC00083,2026-04-29,64.65,Bloomberg,CAD
SEC00083,2026-04-30,66.72,Bloomberg,EUR
SEC00083,2026-05-01,69.23,Bloomberg,EUR
SEC00083,2026-05-02,68.47,ICE,CAD
SEC00083,2026-05-03,67.38,Bloomberg,EUR
SEC00083,2026-05-04,66.86,Bloomberg,INR
SEC00083,2026-05-05,69.06,Refinitiv,GBP
SEC00083,2026-05-06,70.14,ICE,USD
SEC00083,2026-05-07,72.02,ICE,USD
SEC00083,2026-05-08,73.35,Refinitiv,USD
SEC00083,2026-05-09,71.65,Bloomberg,JPY
SEC00083,2026-05-10,70.46,Refinitiv,GBP
SEC00083,2026-05-11,69.61,Refinitiv,CAD
SEC00083,2026-05-12,68.99,Bloomberg,CAD
SEC00083,2026-05-13,68.18,Bloomberg,CAD
SEC00083,2026-05-14,67.53,ICE,GBP
SEC00083,2026-05-15,68.34,Bloomberg,GBP
SEC00083,2026-05-16,68.54,Bloomberg,JPY
SEC00083,2026-05-17,70.08,Bloomberg,USD
SEC00083,2026-05-18,70.43,ICE,CAD
SEC00083,2026-05-19,69.61,Refinitiv,CAD
SEC00084,2026-03-20,68.58,ICE,USD
SEC00084,2026-03-21,68.16,Bloomberg,INR
SEC00084,2026-03-22,69.26,Bloomberg,CAD
SEC00084,2026-03-23,70.1,ICE,GBP
SEC00084,2026-03-24,68.19,ICE,INR
SEC00084,2026-03-25,68.29,ICE,GBP
SEC00084,2026-03-26,67.14,Bloomberg,JPY
SEC00084,2026-03-27,67.35,ICE,USD
SEC00084,2026-03-28,63.56,Bloomberg,INR
SEC00084,2026-03-29,63.82,Refinitiv,JPY
SEC00084,2026-03-30,64.67,ICE,INR
SEC00084,2026-03-31,64.57,Refinitiv,JPY
SEC00084,2026-04-01,63.25,Refinitiv,EUR
SEC00084,2026-04-02,65.51,ICE,GBP
SEC00084,2026-04-03,66.9,ICE,GBP
SEC00084,2026-04-04,66.3,Bloomberg,INR
SEC00084,2026-04-05,66.02,Bloomberg,CAD
SEC00084,2026-04-06,63.7,Refinitiv,GBP
SEC00084,2026-04-07,64.27,Bloomberg,EUR
SEC00084,2026-04-08,62.72,Bloomberg,INR
SEC00084,2026-04-09,63.5,Bloomberg,USD
SEC00084,2026-04-10,64.71,Bloomberg,JPY
SEC00084,2026-04-11,64.66,Refinitiv,GBP
SEC00084,2026-04-12,63.45,ICE,GBP
SEC00084,2026-04-13,64.91,ICE,USD
SEC00084,2026-04-14,64.95,Refinitiv,USD
SEC00084,2026-04-15,65.09,Bloomberg,INR
SEC00084,2026-04-16,64.03,ICE,JPY
SEC00084,2026-04-17,64.28,Refinitiv,EUR
SEC00084,2026-04-18,64.08,ICE,EUR
SEC00084,2026-04-19,62.58,Refinitiv,CAD
SEC00084,2026-04-20,64.12,ICE,CAD
SEC00084,2026-04-21,66.18,Bloomberg,USD
SEC00084,2026-04-22,67.43,ICE,JPY
SEC00084,2026-04-23,68.52,ICE,CAD
SEC00084,2026-04-24,70.73,Refinitiv,USD
SEC00084,2026-04-25,69.43,ICE,EUR
SEC00084,2026-04-26,68.14,Bloomberg,JPY
SEC00084,2026-04-27,67.67,Bloomberg,USD
SEC00084,2026-04-28,68.06,ICE,USD
SEC00084,2026-04-29,67.74,Refinitiv,GBP
SEC00084,2026-04-30,66.53,Bloomberg,CAD
SEC00084,2026-05-01,66.57,Bloomberg,JPY
SEC00084,2026-05-02,66.49,Bloomberg,JPY
SEC00084,2026-05-03,67.53,Bloomberg,CAD
SEC00084,2026-05-04,67.62,Refinitiv,USD
SEC00084,2026-05-05,65.33,Bloomberg,JPY
SEC00084,2026-05-06,65.82,Refinitiv,EUR
SEC00084,2026-05-07,67.73,Refinitiv,INR
SEC00084,2026-05-08,67.79,ICE,INR
SEC00084,2026-05-09,69.03,ICE,EUR
SEC00084,2026-05-10,68.44,Bloomberg,USD
SEC00084,2026-05-11,69.17,Bloomberg,EUR
SEC00084,2026-05-12,68.28,Bloomberg,CAD
SEC00084,2026-05-13,68.01,Refinitiv,EUR
SEC00084,2026-05-14,67.75,Refinitiv,GBP
SEC00084,2026-05-15,68.37,Bloomberg,CAD
SEC00084,2026-05-16,67.39,ICE,INR
SEC00084,2026-05-17,65.64,ICE,CAD
SEC00084,2026-05-18,66.23,Bloomberg,INR
SEC00084,2026-05-19,66.78,Bloomberg,GBP
SEC00085,2026-03-20,60.03,ICE,INR
SEC00085,2026-03-21,62.15,Bloomberg,JPY
SEC00085,2026-03-22,61.35,Bloomberg,EUR
SEC00085,2026-03-23,61.44,ICE,USD
SEC00085,2026-03-24,59.83,Refinitiv,GBP
SEC00085,2026-03-25,61.46,Bloomberg,USD
SEC00085,2026-03-26,61.53,Bloomberg,INR
SEC00085,2026-03-27,61.23,Refinitiv,JPY
SEC00085,2026-03-28,61.32,Bloomberg,JPY
SEC00085,2026-03-29,61.47,Bloomberg,EUR
SEC00085,2026-03-30,60.69,ICE,GBP
SEC00085,2026-03-31,62.02,Bloomberg,JPY
SEC00085,2026-04-01,62.77,Bloomberg,USD
SEC00085,2026-04-02,63.68,ICE,JPY
SEC00085,2026-04-03,62.94,Bloomberg,INR
SEC00085,2026-04-04,62.14,Bloomberg,JPY
SEC00085,2026-04-05,62.04,Refinitiv,USD
SEC00085,2026-04-06,62.96,ICE,JPY
SEC00085,2026-04-07,63.56,Refinitiv,INR
SEC00085,2026-04-08,62.71,ICE,GBP
SEC00085,2026-04-09,63.49,ICE,USD
SEC00085,2026-04-10,62.41,Refinitiv,EUR
SEC00085,2026-04-11,61.7,Refinitiv,JPY
SEC00085,2026-04-12,61.91,ICE,JPY
SEC00085,2026-04-13,60.63,Bloomberg,CAD
SEC00085,2026-04-14,59.61,Refinitiv,USD
SEC00085,2026-04-15,61.31,Bloomberg,USD
SEC00085,2026-04-16,62.84,Bloomberg,EUR
SEC00085,2026-04-17,65.46,ICE,INR
SEC00085,2026-04-18,66.03,Bloomberg,GBP
SEC00085,2026-04-19,66.83,Bloomberg,GBP
SEC00085,2026-04-20,66.67,Bloomberg,EUR
SEC00085,2026-04-21,66.29,Refinitiv,JPY
SEC00085,2026-04-22,67.36,ICE,CAD
SEC00085,2026-04-23,69.05,Refinitiv,INR
SEC00085,2026-04-24,70.06,ICE,GBP
SEC00085,2026-04-25,69.03,Refinitiv,JPY
SEC00085,2026-04-26,69.56,ICE,INR
SEC00085,2026-04-27,68.63,ICE,INR
SEC00085,2026-04-28,68.26,Bloomberg,EUR
SEC00085,2026-04-29,70.3,ICE,GBP
SEC00085,2026-04-30,68.82,Bloomberg,EUR
SEC00085,2026-05-01,71.54,Refinitiv,JPY
SEC00085,2026-05-02,72.29,Bloomberg,EUR
SEC00085,2026-05-03,71.72,Refinitiv,EUR
SEC00085,2026-05-04,71.84,ICE,USD
SEC00085,2026-05-05,70.99,ICE,EUR
SEC00085,2026-05-06,70.33,Refinitiv,EUR
SEC00085,2026-05-07,70.45,ICE,CAD
SEC00085,2026-05-08,70.07,Refinitiv,USD
SEC00085,2026-05-09,68.93,Bloomberg,INR
SEC00085,2026-05-10,68.69,ICE,USD
SEC00085,2026-05-11,67.1,Bloomberg,GBP
SEC00085,2026-05-12,65.6,ICE,INR
SEC00085,2026-05-13,64.12,Bloomberg,CAD
SEC00085,2026-05-14,66.08,Bloomberg,EUR
SEC00085,2026-05-15,66.59,Refinitiv,INR
SEC00085,2026-05-16,67.34,Bloomberg,JPY
SEC00085,2026-05-17,67.39,Bloomberg,USD
SEC00085,2026-05-18,68.03,Bloomberg,GBP
SEC00085,2026-05-19,69.51,Bloomberg,JPY
SEC00086,2026-03-20,47.52,ICE,INR
SEC00086,2026-03-21,48.03,Bloomberg,INR
SEC00086,2026-03-22,47.7,Bloomberg,USD
SEC00086,2026-03-23,46.54,Bloomberg,USD
SEC00086,2026-03-24,47.67,Bloomberg,CAD
SEC00086,2026-03-25,48.53,Bloomberg,JPY
SEC00086,2026-03-26,47.32,Bloomberg,CAD
SEC00086,2026-03-27,47.49,Refinitiv,JPY
SEC00086,2026-03-28,48.39,Bloomberg,CAD
SEC00086,2026-03-29,49.22,Refinitiv,USD
SEC00086,2026-03-30,48.63,ICE,CAD
SEC00086,2026-03-31,49.51,Bloomberg,EUR
SEC00086,2026-04-01,49.55,Refinitiv,USD
SEC00086,2026-04-02,49.92,ICE,JPY
SEC00086,2026-04-03,49.12,Refinitiv,EUR
SEC00086,2026-04-04,45.38,Refinitiv,USD
SEC00086,2026-04-05,44.77,ICE,JPY
SEC00086,2026-04-06,45.22,Refinitiv,INR
SEC00086,2026-04-07,45.08,Refinitiv,GBP
SEC00086,2026-04-08,45.63,ICE,CAD
SEC00086,2026-04-09,46.56,ICE,JPY
SEC00086,2026-04-10,46.31,Refinitiv,USD
SEC00086,2026-04-11,45.97,Refinitiv,INR
SEC00086,2026-04-12,44.18,ICE,USD
SEC00086,2026-04-13,42.98,Refinitiv,INR
SEC00086,2026-04-14,41.96,ICE,CAD
SEC00086,2026-04-15,42.4,Bloomberg,GBP
SEC00086,2026-04-16,42.18,Bloomberg,INR
SEC00086,2026-04-17,41.79,Refinitiv,GBP
SEC00086,2026-04-18,41.33,ICE,CAD
SEC00086,2026-04-19,40.77,Bloomberg,INR
SEC00086,2026-04-20,41.47,ICE,USD
SEC00086,2026-04-21,41.56,ICE,USD
SEC00086,2026-04-22,42.32,ICE,INR
SEC00086,2026-04-23,40.67,ICE,JPY
SEC00086,2026-04-24,41.08,Bloomberg,INR
SEC00086,2026-04-25,40.74,Bloomberg,USD
SEC00086,2026-04-26,40.56,Bloomberg,CAD
SEC00086,2026-04-27,41.56,Refinitiv,USD
SEC00086,2026-04-28,41.29,Bloomberg,USD
SEC00086,2026-04-29,41.68,ICE,USD
SEC00086,2026-04-30,40.94,ICE,JPY
SEC00086,2026-05-01,40.98,Bloomberg,CAD
SEC00086,2026-05-02,39.83,Refinitiv,GBP
SEC00086,2026-05-03,39.81,ICE,JPY
SEC00086,2026-05-04,40.11,ICE,JPY
SEC00086,2026-05-05,40.92,ICE,GBP
SEC00086,2026-05-06,40.34,Bloomberg,USD
SEC00086,2026-05-07,39.98,Bloomberg,INR
SEC00086,2026-05-08,39.53,ICE,EUR
SEC00086,2026-05-09,39.37,Bloomberg,INR
SEC00086,2026-05-10,38.71,ICE,USD
SEC00086,2026-05-11,37.23,Bloomberg,GBP
SEC00086,2026-05-12,36.55,Refinitiv,USD
SEC00086,2026-05-13,36.53,Refinitiv,GBP
SEC00086,2026-05-14,36.45,ICE,CAD
SEC00086,2026-05-15,36.83,Bloomberg,GBP
SEC00086,2026-05-16,37.41,ICE,USD
SEC00086,2026-05-17,37.13,ICE,GBP
SEC00086,2026-05-18,36.09,ICE,JPY
SEC00086,2026-05-19,36.37,ICE,USD
SEC00087,2026-03-20,49.9,Refinitiv,CAD
SEC00087,2026-03-21,48.98,Refinitiv,CAD
SEC00087,2026-03-22,48.13,Bloomberg,USD
SEC00087,2026-03-23,48.12,Refinitiv,INR
SEC00087,2026-03-24,49.34,Refinitiv,GBP
SEC00087,2026-03-25,50.6,Refinitiv,USD
SEC00087,2026-03-26,50.18,ICE,CAD
SEC00087,2026-03-27,48.18,ICE,JPY
SEC00087,2026-03-28,47.2,Bloomberg,GBP
SEC00087,2026-03-29,48.23,ICE,EUR
SEC00087,2026-03-30,48.45,Bloomberg,CAD
SEC00087,2026-03-31,48.17,Bloomberg,JPY
SEC00087,2026-04-01,47.82,Bloomberg,USD
SEC00087,2026-04-02,47.2,Refinitiv,EUR
SEC00087,2026-04-03,46.2,ICE,INR
SEC00087,2026-04-04,47.95,Refinitiv,EUR
SEC00087,2026-04-05,49.46,ICE,GBP
SEC00087,2026-04-06,48.75,ICE,EUR
SEC00087,2026-04-07,47.23,Bloomberg,INR
SEC00087,2026-04-08,47.4,Bloomberg,JPY
SEC00087,2026-04-09,47.3,Refinitiv,USD
SEC00087,2026-04-10,47.86,Bloomberg,EUR
SEC00087,2026-04-11,48.62,Bloomberg,CAD
SEC00087,2026-04-12,47.62,Bloomberg,INR
SEC00087,2026-04-13,48.74,Refinitiv,EUR
SEC00087,2026-04-14,48.45,Refinitiv,CAD
SEC00087,2026-04-15,49.01,Refinitiv,USD
SEC00087,2026-04-16,48.8,ICE,INR
SEC00087,2026-04-17,49.64,ICE,EUR
SEC00087,2026-04-18,47.55,ICE,GBP
SEC00087,2026-04-19,48.21,Refinitiv,JPY
SEC00087,2026-04-20,47.51,Refinitiv,EUR
SEC00087,2026-04-21,47.6,Bloomberg,JPY
SEC00087,2026-04-22,48.69,ICE,EUR
SEC00087,2026-04-23,48.01,Refinitiv,EUR
SEC00087,2026-04-24,47.2,Bloomberg,INR
SEC00087,2026-04-25,46.91,ICE,GBP
SEC00087,2026-04-26,46.56,Refinitiv,GBP
SEC00087,2026-04-27,45.71,ICE,CAD
SEC00087,2026-04-28,45.82,Bloomberg,INR
SEC00087,2026-04-29,45.97,Refinitiv,JPY
SEC00087,2026-04-30,46.38,ICE,GBP
SEC00087,2026-05-01,45.72,Refinitiv,JPY
SEC00087,2026-05-02,44.96,Bloomberg,EUR
SEC00087,2026-05-03,44.89,Refinitiv,EUR
SEC00087,2026-05-04,44.71,Refinitiv,EUR
SEC00087,2026-05-05,44.55,Bloomberg,USD
SEC00087,2026-05-06,44.01,Bloomberg,USD
SEC00087,2026-05-07,44.29,Bloomberg,GBP
SEC00087,2026-05-08,43.56,Bloomberg,JPY
SEC00087,2026-05-09,43.49,Refinitiv,USD
SEC00087,2026-05-10,43.27,Refinitiv,USD
SEC00087,2026-05-11,43.27,ICE,GBP
SEC00087,2026-05-12,44.21,Refinitiv,USD
SEC00087,2026-05-13,43.19,Refinitiv,INR
SEC00087,2026-05-14,57.06,Bloomberg,CAD
SEC00087,2026-05-15,40.93,Refinitiv,USD
SEC00088,2026-03-20,67.91,ICE,INR
SEC00088,2026-03-21,67.75,Bloomberg,GBP
SEC00088,2026-03-22,65.23,Refinitiv,INR
SEC00088,2026-03-23,65.5,ICE,CAD
SEC00088,2026-03-24,64.91,Refinitiv,CAD
SEC00088,2026-03-25,65.01,ICE,EUR
SEC00088,2026-03-26,65.07,ICE,USD
SEC00088,2026-03-27,61.15,ICE,EUR
SEC00088,2026-03-28,61.72,Bloomberg,JPY
SEC00088,2026-03-29,61.96,Refinitiv,JPY
SEC00088,2026-03-30,62.35,Refinitiv,JPY
SEC00088,2026-03-31,62.18,Refinitiv,EUR
SEC00088,2026-04-01,62.26,ICE,CAD
SEC00088,2026-04-02,62.49,Refinitiv,JPY
SEC00088,2026-04-03,62.83,ICE,USD
SEC00088,2026-04-04,63.4,Bloomberg,JPY
SEC00088,2026-04-05,63.75,Refinitiv,INR
SEC00088,2026-04-06,65.91,ICE,INR
SEC00088,2026-04-07,65.08,Bloomberg,EUR
SEC00088,2026-04-08,64.67,Bloomberg,USD
SEC00088,2026-04-09,66.67,ICE,INR
SEC00088,2026-04-10,66.52,Bloomberg,INR
SEC00088,2026-04-11,67.67,Refinitiv,CAD
SEC00088,2026-04-12,67.87,ICE,EUR
SEC00088,2026-04-13,67.62,Refinitiv,EUR
SEC00088,2026-04-14,68.86,ICE,JPY
SEC00088,2026-04-15,69.54,ICE,JPY
SEC00088,2026-04-16,67.65,Refinitiv,EUR
SEC00088,2026-04-17,67.9,ICE,INR
SEC00088,2026-04-18,66.71,Bloomberg,CAD
SEC00088,2026-04-19,68.27,Bloomberg,USD
SEC00088,2026-04-20,70.46,ICE,INR
SEC00088,2026-04-21,72.87,Refinitiv,INR
SEC00088,2026-04-22,73.38,Bloomberg,EUR
SEC00088,2026-04-23,72.81,Refinitiv,EUR
SEC00088,2026-04-24,73.26,Bloomberg,USD
SEC00088,2026-04-25,72.06,Bloomberg,JPY
SEC00088,2026-04-26,75.14,Refinitiv,GBP
SEC00088,2026-04-27,76.79,ICE,USD
SEC00088,2026-04-28,77.25,ICE,USD
SEC00088,2026-04-29,78.68,Refinitiv,USD
SEC00088,2026-04-30,78.02,Refinitiv,CAD
SEC00088,2026-05-01,76.5,Bloomberg,JPY
SEC00088,2026-05-02,101.42,Refinitiv,GBP
SEC00088,2026-05-03,73.64,Refinitiv,EUR
SEC00088,2026-05-04,73.4,ICE,EUR
SEC00088,2026-05-05,74.12,Refinitiv,GBP
SEC00088,2026-05-06,74.18,ICE,JPY
SEC00088,2026-05-07,74.85,ICE,USD
SEC00088,2026-05-08,75.98,Bloomberg,JPY
SEC00088,2026-05-09,74.02,ICE,EUR
SEC00088,2026-05-10,75.22,Bloomberg,USD
SEC00088,2026-05-11,74.7,ICE,USD
SEC00088,2026-05-12,75.44,Refinitiv,GBP
SEC00088,2026-05-13,76.86,Refinitiv,INR
SEC00088,2026-05-14,78.32,Refinitiv,USD
SEC00088,2026-05-15,78.54,Refinitiv,USD
SEC00089,2026-03-20,69.82,Refinitiv,JPY
SEC00089,2026-03-21,68.92,Bloomberg,CAD
SEC00089,2026-03-22,71.83,Bloomberg,EUR
SEC00089,2026-03-23,72.65,Bloomberg,CAD
SEC00089,2026-03-24,73.49,Bloomberg,EUR
SEC00089,2026-03-25,72.44,Refinitiv,EUR
SEC00089,2026-03-26,71.05,Bloomberg,EUR
SEC00089,2026-03-27,70.74,Refinitiv,INR
SEC00089,2026-03-28,70.69,Refinitiv,CAD
SEC00089,2026-03-29,73.16,Bloomberg,CAD
SEC00089,2026-03-30,74.54,ICE,USD
SEC00089,2026-03-31,74.73,ICE,CAD
SEC00089,2026-04-01,74.85,ICE,EUR
SEC00089,2026-04-02,75.91,Refinitiv,CAD
SEC00089,2026-04-03,74.15,Bloomberg,GBP
SEC00089,2026-04-04,71.62,Refinitiv,INR
SEC00089,2026-04-05,72.61,ICE,INR
SEC00089,2026-04-06,72.74,Refinitiv,GBP
SEC00089,2026-04-07,71.06,Refinitiv,USD
SEC00089,2026-04-08,68.42,Refinitiv,GBP
SEC00089,2026-04-09,69.55,ICE,CAD
SEC00089,2026-04-10,68.94,Bloomberg,JPY
SEC00089,2026-04-11,69.47,Refinitiv,INR
SEC00089,2026-04-12,69.17,Refinitiv,JPY
SEC00089,2026-04-13,69.16,ICE,INR
SEC00089,2026-04-14,68.46,ICE,EUR
SEC00089,2026-04-15,68.4,ICE,EUR
SEC00089,2026-04-16,69.15,ICE,CAD
SEC00089,2026-04-17,68.84,Refinitiv,CAD
SEC00089,2026-04-18,68.46,Bloomberg,GBP
SEC00089,2026-04-19,69.24,ICE,INR
SEC00089,2026-04-20,70.12,Bloomberg,JPY
SEC00089,2026-04-21,68.72,Bloomberg,INR
SEC00089,2026-04-22,68.71,Bloomberg,JPY
SEC00089,2026-04-23,68.1,Refinitiv,JPY
SEC00089,2026-04-24,68.15,Refinitiv,USD
SEC00089,2026-04-25,69.95,Refinitiv,CAD
SEC00089,2026-04-26,70.43,Refinitiv,USD
SEC00089,2026-04-27,73.21,Bloomberg,EUR
SEC00089,2026-04-28,73.54,Bloomberg,USD
SEC00089,2026-04-29,73.35,ICE,INR
SEC00089,2026-04-30,73.36,ICE,CAD
SEC00089,2026-05-01,73.59,ICE,EUR
SEC00089,2026-05-02,74.05,Bloomberg,INR
SEC00089,2026-05-03,72.77,ICE,INR
SEC00089,2026-05-04,72.5,ICE,JPY
SEC00089,2026-05-05,71.59,Refinitiv,USD
SEC00089,2026-05-06,72.95,ICE,EUR
SEC00089,2026-05-07,70.46,Bloomberg,CAD
SEC00089,2026-05-08,70.7,Refinitiv,GBP
SEC00089,2026-05-09,68.8,ICE,INR
SEC00089,2026-05-10,69.37,Refinitiv,CAD
SEC00089,2026-05-11,68.9,Bloomberg,GBP
SEC00089,2026-05-12,66.69,Refinitiv,USD
SEC00089,2026-05-13,67.85,ICE,USD
SEC00089,2026-05-14,64.81,ICE,INR
SEC00089,2026-05-15,64.81,Refinitiv,EUR
SEC00089,2026-05-16,65.65,ICE,INR
SEC00089,2026-05-17,67.3,Bloomberg,INR
SEC00089,2026-05-18,65.39,Bloomberg,JPY
SEC00089,2026-05-19,64.81,Bloomberg,JPY
SEC00090,2026-03-20,53.86,ICE,GBP
SEC00090,2026-03-21,53.98,ICE,USD
SEC00090,2026-03-22,54.96,ICE,EUR
SEC00090,2026-03-23,54.08,Bloomberg,EUR
SEC00090,2026-03-24,55.59,Refinitiv,USD
SEC00090,2026-03-25,55.2,ICE,USD
SEC00090,2026-03-26,54.48,Bloomberg,USD
SEC00090,2026-03-27,54.87,ICE,USD
SEC00090,2026-03-28,55.31,ICE,JPY
SEC00090,2026-03-29,53.61,ICE,GBP
SEC00090,2026-03-30,53.18,ICE,GBP
SEC00090,2026-03-31,51.12,Bloomberg,CAD
SEC00090,2026-04-01,50.53,Refinitiv,USD
SEC00090,2026-04-02,49.98,Refinitiv,EUR
SEC00090,2026-04-03,50.27,ICE,USD
SEC00090,2026-04-04,49.58,ICE,INR
SEC00090,2026-04-05,49.11,Bloomberg,JPY
SEC00090,2026-04-06,50.29,Refinitiv,CAD
SEC00090,2026-04-07,52.19,Bloomberg,GBP
SEC00090,2026-04-08,51.35,Refinitiv,GBP
SEC00090,2026-04-09,52.31,ICE,JPY
SEC00090,2026-04-10,52.71,Bloomberg,CAD
SEC00090,2026-04-11,51.08,Bloomberg,CAD
SEC00090,2026-04-12,50.38,Refinitiv,INR
SEC00090,2026-04-13,47.66,ICE,CAD
SEC00090,2026-04-14,47.96,Bloomberg,GBP
SEC00090,2026-04-15,47.06,Bloomberg,JPY
SEC00090,2026-04-16,47.19,Refinitiv,CAD
SEC00090,2026-04-17,49.4,Refinitiv,GBP
SEC00090,2026-04-18,50.84,Bloomberg,EUR
SEC00090,2026-04-19,50.16,ICE,USD
SEC00090,2026-04-20,49.28,ICE,JPY
SEC00090,2026-04-21,50.45,Refinitiv,GBP
SEC00090,2026-04-22,49.56,Bloomberg,EUR
SEC00090,2026-04-23,50.47,Refinitiv,GBP
SEC00090,2026-04-24,52.98,Bloomberg,INR
SEC00090,2026-04-25,53.65,Refinitiv,GBP
SEC00090,2026-04-26,54.82,ICE,USD
SEC00090,2026-04-27,55.91,Bloomberg,EUR
SEC00090,2026-04-28,55.37,Bloomberg,GBP
SEC00090,2026-04-29,55.69,Bloomberg,JPY
SEC00090,2026-04-30,54.76,Bloomberg,EUR
SEC00090,2026-05-01,56.06,Bloomberg,JPY
SEC00090,2026-05-02,54.99,Refinitiv,INR
SEC00090,2026-05-03,55.71,ICE,GBP
SEC00090,2026-05-04,56.87,Bloomberg,CAD
SEC00090,2026-05-05,56.4,Refinitiv,JPY
SEC00090,2026-05-06,55.7,ICE,JPY
SEC00090,2026-05-07,55.55,Refinitiv,GBP
SEC00090,2026-05-08,54.69,ICE,EUR
SEC00090,2026-05-09,54.87,Refinitiv,GBP
SEC00090,2026-05-10,53.99,Bloomberg,EUR
SEC00090,2026-05-11,53.2,Bloomberg,USD
SEC00090,2026-05-12,53.75,ICE,INR
SEC00090,2026-05-13,54.37,ICE,USD
SEC00090,2026-05-14,54.11,Refinitiv,JPY
SEC00090,2026-05-15,52.54,Refinitiv,USD
SEC00090,2026-05-16,53.67,Refinitiv,USD
SEC00090,2026-05-17,53.26,Bloomberg,INR
SEC00090,2026-05-18,55.27,Bloomberg,EUR
SEC00090,2026-05-19,55.16,ICE,CAD
SEC00091,2026-03-20,18.76,Bloomberg,INR
SEC00091,2026-03-21,18.95,Bloomberg,INR
SEC00091,2026-03-22,19.54,ICE,CAD
SEC00091,2026-03-23,19.41,Bloomberg,CAD
SEC00091,2026-03-24,18.49,ICE,INR
SEC00091,2026-03-25,18.99,Bloomberg,CAD
SEC00091,2026-03-26,19.17,Bloomberg,EUR
SEC00091,2026-03-27,18.41,Bloomberg,EUR
SEC00091,2026-03-28,18.53,Refinitiv,CAD
SEC00091,2026-03-29,18.69,ICE,USD
SEC00091,2026-03-30,18.59,ICE,USD
SEC00091,2026-03-31,18.32,ICE,EUR
SEC00091,2026-04-01,18.13,ICE,GBP
SEC00091,2026-04-02,18.03,ICE,JPY
SEC00091,2026-04-03,18.16,Refinitiv,GBP
SEC00091,2026-04-04,18.42,Bloomberg,JPY
SEC00091,2026-04-05,17.72,Refinitiv,USD
SEC00091,2026-04-06,17.81,Bloomberg,GBP
SEC00091,2026-04-07,17.98,ICE,GBP
SEC00091,2026-04-08,18.04,Refinitiv,CAD
SEC00091,2026-04-09,17.92,Bloomberg,GBP
SEC00091,2026-04-10,18.38,ICE,JPY
SEC00091,2026-04-11,18.84,Bloomberg,EUR
SEC00091,2026-04-12,18.72,ICE,INR
SEC00091,2026-04-13,18.7,ICE,GBP
SEC00091,2026-04-14,18.97,Refinitiv,USD
SEC00091,2026-04-15,19.42,ICE,JPY
SEC00091,2026-04-16,19.15,Bloomberg,CAD
SEC00091,2026-04-17,18.79,Refinitiv,CAD
SEC00091,2026-04-18,18.9,ICE,GBP
SEC00091,2026-04-19,18.52,Bloomberg,USD
SEC00091,2026-04-20,17.88,Bloomberg,EUR
SEC00091,2026-04-21,17.63,Refinitiv,CAD
SEC00091,2026-04-22,17.77,ICE,EUR
SEC00091,2026-04-23,18.28,ICE,USD
SEC00091,2026-04-24,18.05,Bloomberg,JPY
SEC00091,2026-04-25,18.02,Bloomberg,GBP
SEC00091,2026-04-26,18.08,ICE,GBP
SEC00091,2026-04-27,17.88,Bloomberg,CAD
SEC00091,2026-04-28,17.65,Bloomberg,JPY
SEC00091,2026-04-29,17.77,Bloomberg,USD
SEC00091,2026-04-30,17.39,ICE,CAD
SEC00091,2026-05-01,17.16,Bloomberg,CAD
SEC00091,2026-05-02,17.11,Bloomberg,CAD
SEC00091,2026-05-03,17.22,Refinitiv,INR
SEC00091,2026-05-04,16.76,Bloomberg,USD
SEC00091,2026-05-05,16.73,ICE,USD
SEC00091,2026-05-06,16.34,ICE,USD
SEC00091,2026-05-07,16.15,Refinitiv,GBP
SEC00091,2026-05-08,16.39,Refinitiv,INR
SEC00091,2026-05-09,16.38,Bloomberg,GBP
SEC00091,2026-05-10,16.88,Refinitiv,GBP
SEC00091,2026-05-11,16.86,Bloomberg,USD
SEC00091,2026-05-12,17.16,Refinitiv,USD
SEC00091,2026-05-13,17.42,Bloomberg,EUR
SEC00091,2026-05-14,17.42,ICE,USD
SEC00091,2026-05-15,17.02,Bloomberg,USD
SEC00091,2026-05-16,17.0,Refinitiv,EUR
SEC00091,2026-05-17,16.84,Bloomberg,EUR
SEC00091,2026-05-18,16.68,Bloomberg,USD
SEC00091,2026-05-19,16.73,Refinitiv,JPY
SEC00092,2026-03-20,98.57,Refinitiv,GBP
SEC00092,2026-03-21,98.98,Bloomberg,JPY
SEC00092,2026-03-22,97.56,Bloomberg,INR
SEC00092,2026-03-23,97.68,Bloomberg,INR
SEC00092,2026-03-24,99.47,ICE,INR
SEC00092,2026-03-25,96.45,Refinitiv,GBP
SEC00092,2026-03-26,96.21,Refinitiv,JPY
SEC00092,2026-03-27,93.76,ICE,USD
SEC00092,2026-03-28,93.34,Refinitiv,JPY
SEC00092,2026-03-29,90.96,Bloomberg,GBP
SEC00092,2026-03-30,91.27,Refinitiv,USD
SEC00092,2026-03-31,90.62,Refinitiv,EUR
SEC00092,2026-04-01,91.88,Refinitiv,EUR
SEC00092,2026-04-02,93.96,ICE,CAD
SEC00092,2026-04-03,94.02,Bloomberg,EUR
SEC00092,2026-04-04,95.58,Bloomberg,GBP
SEC00092,2026-04-05,98.01,Refinitiv,GBP
SEC00092,2026-04-06,96.43,Bloomberg,CAD
SEC00092,2026-04-07,98.97,ICE,CAD
SEC00092,2026-04-08,98.95,Refinitiv,INR
SEC00092,2026-04-09,97.26,Bloomberg,JPY
SEC00092,2026-04-10,97.83,Refinitiv,INR
SEC00092,2026-04-11,97.75,ICE,USD
SEC00092,2026-04-12,95.33,Refinitiv,GBP
SEC00092,2026-04-13,93.49,Refinitiv,JPY
SEC00092,2026-04-14,96.29,ICE,JPY
SEC00092,2026-04-15,96.82,Bloomberg,JPY
SEC00092,2026-04-16,99.45,Refinitiv,EUR
SEC00092,2026-04-17,98.75,Refinitiv,JPY
SEC00092,2026-04-18,97.38,ICE,GBP
SEC00092,2026-04-19,94.48,ICE,JPY
SEC00092,2026-04-20,96.17,ICE,USD
SEC00092,2026-04-21,96.93,Bloomberg,EUR
SEC00092,2026-04-22,96.27,ICE,JPY
SEC00092,2026-04-23,94.94,ICE,USD
SEC00092,2026-04-24,96.91,Refinitiv,GBP
SEC00092,2026-04-25,96.65,ICE,USD
SEC00092,2026-04-26,96.41,ICE,GBP
SEC00092,2026-04-27,95.42,ICE,EUR
SEC00092,2026-04-28,94.77,Bloomberg,INR
SEC00092,2026-04-29,95.75,Bloomberg,USD
SEC00092,2026-04-30,93.36,ICE,EUR
SEC00092,2026-05-01,93.54,ICE,GBP
SEC00092,2026-05-02,95.2,Bloomberg,GBP
SEC00092,2026-05-03,95.1,Bloomberg,CAD
SEC00092,2026-05-04,96.95,Refinitiv,INR
SEC00092,2026-05-05,99.34,Bloomberg,EUR
SEC00092,2026-05-06,101.0,Refinitiv,GBP
SEC00092,2026-05-07,100.08,ICE,INR
SEC00092,2026-05-08,100.06,Bloomberg,GBP
SEC00092,2026-05-09,100.74,ICE,GBP
SEC00092,2026-05-10,99.93,Refinitiv,INR
SEC00092,2026-05-11,99.08,Bloomberg,USD
SEC00092,2026-05-12,98.12,Refinitiv,EUR
SEC00092,2026-05-13,102.67,Refinitiv,CAD
SEC00092,2026-05-14,102.22,ICE,INR
SEC00092,2026-05-15,104.23,Refinitiv,CAD
SEC00092,2026-05-16,102.65,ICE,INR
SEC00092,2026-05-17,105.85,Bloomberg,EUR
SEC00092,2026-05-18,105.18,ICE,USD
SEC00092,2026-05-19,105.34,Refinitiv,JPY
SEC00093,2026-03-20,112.04,Refinitiv,CAD
SEC00093,2026-03-21,113.09,Refinitiv,CAD
SEC00093,2026-03-22,114.63,ICE,INR
SEC00093,2026-03-23,116.71,Bloomberg,CAD
SEC00093,2026-03-24,119.77,Refinitiv,EUR
SEC00093,2026-03-25,123.19,Refinitiv,GBP
SEC00093,2026-03-26,123.49,Refinitiv,INR
SEC00093,2026-03-27,121.91,Bloomberg,JPY
SEC00093,2026-03-28,121.41,Bloomberg,INR
SEC00093,2026-03-29,121.75,ICE,GBP
SEC00093,2026-03-30,121.7,ICE,EUR
SEC00093,2026-03-31,119.54,ICE,JPY
SEC00093,2026-04-01,120.54,Refinitiv,USD
SEC00093,2026-04-02,117.2,Refinitiv,INR
SEC00093,2026-04-03,117.44,Refinitiv,USD
SEC00093,2026-04-04,117.81,ICE,JPY
SEC00093,2026-04-05,118.11,ICE,CAD
SEC00093,2026-04-06,119.98,Bloomberg,EUR
SEC00093,2026-04-07,121.6,ICE,USD
SEC00093,2026-04-08,126.52,ICE,USD
SEC00093,2026-04-09,125.41,Refinitiv,USD
SEC00093,2026-04-10,126.1,ICE,JPY
SEC00093,2026-04-11,126.65,ICE,USD
SEC00093,2026-04-12,127.1,Bloomberg,JPY
SEC00093,2026-04-13,124.27,Bloomberg,JPY
SEC00093,2026-04-14,121.68,ICE,GBP
SEC00093,2026-04-15,121.76,ICE,USD
SEC00093,2026-04-16,118.36,Bloomberg,USD
SEC00093,2026-04-17,117.71,Refinitiv,GBP
SEC00093,2026-04-18,116.4,Refinitiv,USD
SEC00093,2026-04-19,115.83,Refinitiv,INR
SEC00093,2026-04-20,118.25,Bloomberg,INR
SEC00093,2026-04-21,116.01,Bloomberg,CAD
SEC00093,2026-04-22,117.89,ICE,GBP
SEC00093,2026-04-23,116.74,Bloomberg,GBP
SEC00093,2026-04-24,115.86,Refinitiv,GBP
SEC00093,2026-04-25,116.88,Refinitiv,INR
SEC00093,2026-04-26,116.37,ICE,GBP
SEC00093,2026-04-27,114.55,ICE,EUR
SEC00093,2026-04-28,113.85,ICE,USD
SEC00093,2026-04-29,110.26,Refinitiv,INR
SEC00093,2026-04-30,111.08,Bloomberg,GBP
SEC00093,2026-05-01,104.93,Bloomberg,INR
SEC00093,2026-05-02,106.66,Refinitiv,USD
SEC00093,2026-05-03,107.89,Bloomberg,USD
SEC00093,2026-05-04,111.06,Bloomberg,GBP
SEC00093,2026-05-05,115.48,Bloomberg,EUR
SEC00093,2026-05-06,117.48,Refinitiv,GBP
SEC00093,2026-05-07,116.21,Refinitiv,GBP
SEC00093,2026-05-08,120.81,ICE,GBP
SEC00093,2026-05-09,118.28,Refinitiv,GBP
SEC00093,2026-05-10,114.29,Bloomberg,INR
SEC00093,2026-05-11,118.15,Refinitiv,GBP
SEC00093,2026-05-12,119.49,Refinitiv,JPY
SEC00093,2026-05-13,115.52,ICE,GBP
SEC00093,2026-05-14,112.76,Refinitiv,USD
SEC00093,2026-05-15,113.93,Bloomberg,INR
SEC00093,2026-05-16,112.2,ICE,INR
SEC00093,2026-05-17,110.79,Refinitiv,CAD
SEC00093,2026-05-18,114.77,Refinitiv,USD
SEC00093,2026-05-19,119.27,Bloomberg,GBP
SEC00094,2026-03-20,83.49,Refinitiv,GBP
SEC00094,2026-03-21,82.74,Bloomberg,GBP
SEC00094,2026-03-22,81.26,Refinitiv,EUR
SEC00094,2026-03-23,79.56,Refinitiv,CAD
SEC00094,2026-03-24,78.54,Bloomberg,EUR
SEC00094,2026-03-25,77.78,Refinitiv,EUR
SEC00094,2026-03-26,78.36,ICE,USD
SEC00094,2026-03-27,78.17,Bloomberg,GBP
SEC00094,2026-03-28,77.3,Refinitiv,INR
SEC00094,2026-03-29,75.93,Bloomberg,INR
SEC00094,2026-03-30,75.01,Bloomberg,CAD
SEC00094,2026-03-31,74.28,Refinitiv,INR
SEC00094,2026-04-01,73.32,Bloomberg,INR
SEC00094,2026-04-02,74.25,Refinitiv,JPY
SEC00094,2026-04-03,76.11,Bloomberg,JPY
SEC00094,2026-04-04,74.54,ICE,CAD
SEC00094,2026-04-05,76.08,ICE,INR
SEC00094,2026-04-06,77.07,Bloomberg,GBP
SEC00094,2026-04-07,77.35,Bloomberg,EUR
SEC00094,2026-04-08,79.52,Bloomberg,INR
SEC00094,2026-04-09,79.31,Bloomberg,CAD
SEC00094,2026-04-10,79.93,ICE,INR
SEC00094,2026-04-11,80.14,Refinitiv,EUR
SEC00094,2026-04-12,80.26,Refinitiv,JPY
SEC00094,2026-04-13,80.96,ICE,INR
SEC00094,2026-04-14,81.07,ICE,GBP
SEC00094,2026-04-15,81.79,Refinitiv,INR
SEC00094,2026-04-16,80.84,Refinitiv,GBP
SEC00094,2026-04-17,79.95,Refinitiv,JPY
SEC00094,2026-04-18,79.02,Refinitiv,GBP
SEC00094,2026-04-19,78.54,Bloomberg,CAD
SEC00094,2026-04-20,80.02,Bloomberg,USD
SEC00094,2026-04-21,79.39,Bloomberg,CAD
SEC00094,2026-04-22,80.36,Bloomberg,INR
SEC00094,2026-04-23,80.79,Refinitiv,JPY
SEC00094,2026-04-24,80.19,ICE,EUR
SEC00094,2026-04-25,82.11,Refinitiv,INR
SEC00094,2026-04-26,83.24,ICE,CAD
SEC00094,2026-04-27,83.29,Bloomberg,EUR
SEC00094,2026-04-28,83.21,ICE,INR
SEC00094,2026-04-29,83.39,Bloomberg,JPY
SEC00094,2026-04-30,81.14,Bloomberg,USD
SEC00094,2026-05-01,79.97,Bloomberg,GBP
SEC00094,2026-05-02,80.68,Bloomberg,INR
SEC00094,2026-05-03,78.42,Bloomberg,EUR
SEC00094,2026-05-04,77.4,Refinitiv,GBP
SEC00094,2026-05-05,76.89,Bloomberg,USD
SEC00094,2026-05-06,80.95,Bloomberg,EUR
SEC00094,2026-05-07,81.97,Bloomberg,JPY
SEC00094,2026-05-08,83.63,ICE,USD
SEC00094,2026-05-09,82.46,Refinitiv,GBP
SEC00094,2026-05-10,83.04,Bloomberg,GBP
SEC00094,2026-05-11,80.45,Bloomberg,EUR
SEC00094,2026-05-12,80.01,ICE,EUR
SEC00094,2026-05-13,80.78,ICE,USD
SEC00094,2026-05-14,78.76,Refinitiv,CAD
SEC00094,2026-05-15,79.36,Refinitiv,INR
SEC00094,2026-05-16,80.08,Bloomberg,EUR
SEC00094,2026-05-17,79.25,Refinitiv,EUR
SEC00094,2026-05-18,78.1,ICE,GBP
SEC00094,2026-05-19,77.13,ICE,USD
SEC00095,2026-03-20,62.27,Refinitiv,JPY
SEC00095,2026-03-21,60.83,ICE,CAD
SEC00095,2026-03-22,59.41,Refinitiv,GBP
SEC00095,2026-03-23,59.45,Refinitiv,JPY
SEC00095,2026-03-24,58.98,ICE,EUR
SEC00095,2026-03-25,58.39,Bloomberg,GBP
SEC00095,2026-03-26,58.31,Refinitiv,CAD
SEC00095,2026-03-27,59.24,Bloomberg,USD
SEC00095,2026-03-28,58.68,Bloomberg,CAD
SEC00095,2026-03-29,57.96,Refinitiv,CAD
SEC00095,2026-03-30,57.49,Bloomberg,USD
SEC00095,2026-03-31,58.47,Refinitiv,EUR
SEC00095,2026-04-01,58.42,Bloomberg,CAD
SEC00095,2026-04-02,58.75,Refinitiv,USD
SEC00095,2026-04-03,60.42,Bloomberg,GBP
SEC00095,2026-04-04,63.54,ICE,JPY
SEC00095,2026-04-05,64.3,Refinitiv,JPY
SEC00095,2026-04-06,64.96,ICE,EUR
SEC00095,2026-04-07,63.61,Refinitiv,GBP
SEC00095,2026-04-08,64.06,Bloomberg,JPY
SEC00095,2026-04-09,64.17,ICE,JPY
SEC00095,2026-04-10,65.23,Bloomberg,GBP
SEC00095,2026-04-11,64.8,Refinitiv,USD
SEC00095,2026-04-12,65.07,Refinitiv,JPY
SEC00095,2026-04-13,65.81,ICE,INR
SEC00095,2026-04-14,68.09,ICE,GBP
SEC00095,2026-04-15,70.04,Bloomberg,JPY
SEC00095,2026-04-16,71.67,Refinitiv,EUR
SEC00095,2026-04-17,72.65,Refinitiv,CAD
SEC00095,2026-04-18,72.12,ICE,JPY
SEC00095,2026-04-19,73.1,ICE,USD
SEC00095,2026-04-20,72.12,Refinitiv,EUR
SEC00095,2026-04-21,71.89,Bloomberg,INR
SEC00095,2026-04-22,74.23,ICE,GBP
SEC00095,2026-04-23,74.98,Refinitiv,JPY
SEC00095,2026-04-24,75.33,ICE,USD
SEC00095,2026-04-25,75.85,Refinitiv,USD
SEC00095,2026-04-26,75.76,ICE,EUR
SEC00095,2026-04-27,72.85,Bloomberg,INR
SEC00095,2026-04-28,71.23,ICE,CAD
SEC00095,2026-04-29,72.06,Refinitiv,EUR
SEC00095,2026-04-30,70.9,ICE,CAD
SEC00095,2026-05-01,70.8,ICE,GBP
SEC00095,2026-05-02,69.27,Refinitiv,INR
SEC00095,2026-05-03,68.41,ICE,JPY
SEC00095,2026-05-04,68.44,Bloomberg,JPY
SEC00095,2026-05-05,69.61,Bloomberg,GBP
SEC00095,2026-05-06,71.05,Refinitiv,USD
SEC00095,2026-05-07,70.15,Refinitiv,EUR
SEC00095,2026-05-08,70.57,Bloomberg,JPY
SEC00095,2026-05-09,68.8,ICE,CAD
SEC00095,2026-05-10,68.9,ICE,EUR
SEC00095,2026-05-11,70.12,Bloomberg,INR
SEC00095,2026-05-12,70.07,Bloomberg,GBP
SEC00095,2026-05-13,71.76,Refinitiv,EUR
SEC00095,2026-05-14,72.88,Refinitiv,INR
SEC00095,2026-05-15,73.23,ICE,GBP
SEC00095,2026-05-16,72.94,Refinitiv,EUR
SEC00095,2026-05-17,72.27,Bloomberg,CAD
SEC00095,2026-05-18,70.41,ICE,CAD
SEC00095,2026-05-19,68.81,Bloomberg,GBP
SEC00096,2026-03-20,41.79,Refinitiv,USD
SEC00096,2026-03-21,42.34,Refinitiv,JPY
SEC00096,2026-03-22,42.36,ICE,CAD
SEC00096,2026-03-23,44.8,ICE,EUR
SEC00096,2026-03-24,44.55,Refinitiv,EUR
SEC00096,2026-03-25,44.93,ICE,USD
SEC00096,2026-03-26,44.7,Refinitiv,EUR
SEC00096,2026-03-27,44.45,Bloomberg,JPY
SEC00096,2026-03-28,45.73,Refinitiv,INR
SEC00096,2026-03-29,46.57,Refinitiv,EUR
SEC00096,2026-03-30,45.12,Bloomberg,EUR
SEC00096,2026-03-31,44.31,Refinitiv,EUR
SEC00096,2026-04-01,44.23,Bloomberg,EUR
SEC00096,2026-04-02,43.84,ICE,CAD
SEC00096,2026-04-03,42.67,Refinitiv,JPY
SEC00096,2026-04-04,42.78,Bloomberg,GBP
SEC00096,2026-04-05,41.35,Refinitiv,USD
SEC00096,2026-04-06,41.47,ICE,CAD
SEC00096,2026-04-07,42.04,ICE,EUR
SEC00096,2026-04-08,42.72,ICE,USD
SEC00096,2026-04-09,42.63,ICE,USD
SEC00096,2026-04-10,43.81,Refinitiv,CAD
SEC00096,2026-04-11,44.09,Refinitiv,EUR
SEC00096,2026-04-12,44.78,Refinitiv,EUR
SEC00096,2026-04-13,44.21,ICE,GBP
SEC00096,2026-04-14,45.45,Bloomberg,USD
SEC00096,2026-04-15,45.47,Refinitiv,USD
SEC00096,2026-04-16,46.78,Bloomberg,JPY
SEC00096,2026-04-17,47.95,ICE,USD
SEC00096,2026-04-18,48.19,Refinitiv,GBP
SEC00096,2026-04-19,48.57,ICE,INR
SEC00096,2026-04-20,48.44,ICE,JPY
SEC00096,2026-04-21,47.75,Bloomberg,CAD
SEC00096,2026-04-22,48.28,ICE,JPY
SEC00096,2026-04-23,48.78,Refinitiv,INR
SEC00096,2026-04-24,47.38,Refinitiv,EUR
SEC00096,2026-04-25,47.33,Bloomberg,JPY
SEC00096,2026-04-26,48.1,Refinitiv,EUR
SEC00096,2026-04-27,49.39,Refinitiv,EUR
SEC00096,2026-04-28,50.06,ICE,GBP
SEC00096,2026-04-29,48.72,ICE,EUR
SEC00096,2026-04-30,47.82,Refinitiv,USD
SEC00096,2026-05-01,47.54,Bloomberg,USD
SEC00096,2026-05-02,48.77,Bloomberg,CAD
SEC00096,2026-05-03,48.26,Bloomberg,JPY
SEC00096,2026-05-04,49.2,ICE,GBP
SEC00096,2026-05-05,48.67,Refinitiv,INR
SEC00096,2026-05-06,49.16,ICE,USD
SEC00096,2026-05-07,48.36,ICE,USD
SEC00096,2026-05-08,48.21,Refinitiv,CAD
SEC00096,2026-05-09,47.25,Refinitiv,JPY
SEC00096,2026-05-10,48.51,ICE,GBP
SEC00096,2026-05-11,47.92,Refinitiv,JPY
SEC00096,2026-05-12,46.61,Bloomberg,EUR
SEC00096,2026-05-13,45.27,ICE,EUR
SEC00096,2026-05-14,45.22,ICE,CAD
SEC00096,2026-05-15,44.87,ICE,USD
SEC00096,2026-05-16,45.42,ICE,CAD
SEC00096,2026-05-17,45.25,ICE,JPY
SEC00096,2026-05-18,46.22,Refinitiv,GBP
SEC00096,2026-05-19,45.93,Bloomberg,GBP
SEC00097,2026-03-20,57.77,ICE,EUR
SEC00097,2026-03-21,56.68,Refinitiv,USD
SEC00097,2026-03-22,57.6,ICE,INR
SEC00097,2026-03-23,57.05,ICE,CAD
SEC00097,2026-03-24,57.49,Refinitiv,GBP
SEC00097,2026-03-25,57.96,Bloomberg,USD
SEC00097,2026-03-26,55.55,ICE,INR
SEC00097,2026-03-27,54.15,Refinitiv,CAD
SEC00097,2026-03-28,55.72,Bloomberg,INR
SEC00097,2026-03-29,55.5,Bloomberg,INR
SEC00097,2026-03-30,57.52,Bloomberg,INR
SEC00097,2026-03-31,58.91,Refinitiv,JPY
SEC00097,2026-04-01,58.7,Bloomberg,GBP
SEC00097,2026-04-02,58.41,Bloomberg,JPY
SEC00097,2026-04-03,60.17,Bloomberg,CAD
SEC00097,2026-04-04,62.48,Bloomberg,JPY
SEC00097,2026-04-05,62.19,ICE,GBP
SEC00097,2026-04-06,63.94,Refinitiv,CAD
SEC00097,2026-04-07,65.16,Bloomberg,JPY
SEC00097,2026-04-08,66.6,Refinitiv,INR
SEC00097,2026-04-09,66.75,Refinitiv,GBP
SEC00097,2026-04-10,65.98,Refinitiv,EUR
SEC00097,2026-04-11,64.76,Refinitiv,CAD
SEC00097,2026-04-12,63.27,Refinitiv,INR
SEC00097,2026-04-13,65.48,Bloomberg,GBP
SEC00097,2026-04-14,65.53,Bloomberg,CAD
SEC00097,2026-04-15,64.21,ICE,GBP
SEC00097,2026-04-16,65.4,Refinitiv,INR
SEC00097,2026-04-17,64.87,Bloomberg,JPY
SEC00097,2026-04-18,64.14,Bloomberg,JPY
SEC00097,2026-04-19,66.56,ICE,INR
SEC00097,2026-04-20,65.0,Bloomberg,EUR
SEC00097,2026-04-21,65.31,Refinitiv,INR
SEC00097,2026-04-22,64.64,Bloomberg,GBP
SEC00097,2026-04-23,63.8,Bloomberg,GBP
SEC00097,2026-04-24,62.15,Refinitiv,EUR
SEC00097,2026-04-25,62.25,Bloomberg,USD
SEC00097,2026-04-26,61.3,Refinitiv,USD
SEC00097,2026-04-27,61.99,Bloomberg,CAD
SEC00097,2026-04-28,61.97,ICE,JPY
SEC00097,2026-04-29,61.65,Refinitiv,USD
SEC00097,2026-04-30,60.72,Bloomberg,USD
SEC00097,2026-05-01,62.31,Bloomberg,USD
SEC00097,2026-05-02,63.17,ICE,INR
SEC00097,2026-05-03,62.42,ICE,EUR
SEC00097,2026-05-04,60.93,Refinitiv,GBP
SEC00097,2026-05-05,58.89,Bloomberg,GBP
SEC00097,2026-05-06,60.12,Refinitiv,EUR
SEC00097,2026-05-07,61.14,Bloomberg,GBP
SEC00097,2026-05-08,62.32,Bloomberg,JPY
SEC00097,2026-05-09,62.21,Refinitiv,INR
SEC00097,2026-05-10,63.15,ICE,GBP
SEC00097,2026-05-11,64.35,Refinitiv,JPY
SEC00097,2026-05-12,64.3,Bloomberg,EUR
SEC00097,2026-05-13,63.92,Bloomberg,EUR
SEC00097,2026-05-14,62.82,Refinitiv,EUR
SEC00097,2026-05-15,63.34,Refinitiv,INR
SEC00097,2026-05-16,64.01,ICE,JPY
SEC00097,2026-05-17,63.57,Refinitiv,GBP
SEC00097,2026-05-18,63.27,Refinitiv,INR
SEC00097,2026-05-19,63.06,Refinitiv,GBP
SEC00098,2026-03-20,92.02,ICE,INR
SEC00098,2026-03-21,91.26,ICE,CAD
SEC00098,2026-03-22,91.61,Bloomberg,EUR
SEC00098,2026-03-23,92.26,Refinitiv,USD
SEC00098,2026-03-24,90.44,ICE,CAD
SEC00098,2026-03-25,90.63,ICE,EUR
SEC00098,2026-03-26,91.28,Bloomberg,INR
SEC00098,2026-03-27,90.52,ICE,CAD
SEC00098,2026-03-28,89.29,Refinitiv,EUR
SEC00098,2026-03-29,88.47,ICE,USD
SEC00098,2026-03-30,86.97,Refinitiv,GBP
SEC00098,2026-03-31,88.34,Refinitiv,GBP
SEC00098,2026-04-01,86.82,Bloomberg,JPY
SEC00098,2026-04-02,87.16,Bloomberg,USD
SEC00098,2026-04-03,86.62,Refinitiv,EUR
SEC00098,2026-04-04,85.56,ICE,GBP
SEC00098,2026-04-05,87.72,Refinitiv,GBP
SEC00098,2026-04-06,87.55,ICE,USD
SEC00098,2026-04-07,86.54,Bloomberg,CAD
SEC00098,2026-04-08,85.39,Bloomberg,INR
SEC00098,2026-04-09,85.96,Refinitiv,INR
SEC00098,2026-04-10,87.28,Refinitiv,EUR
SEC00098,2026-04-11,89.32,Refinitiv,EUR
SEC00098,2026-04-12,89.09,Refinitiv,JPY
SEC00098,2026-04-13,88.77,Bloomberg,USD
SEC00098,2026-04-14,89.03,ICE,USD
SEC00098,2026-04-15,89.34,ICE,JPY
SEC00098,2026-04-16,88.14,ICE,GBP
SEC00098,2026-04-17,90.51,ICE,EUR
SEC00098,2026-04-18,90.59,Refinitiv,EUR
SEC00098,2026-04-19,91.51,ICE,GBP
SEC00098,2026-04-20,92.25,ICE,CAD
SEC00098,2026-04-21,92.97,Bloomberg,USD
SEC00098,2026-04-22,91.33,Refinitiv,JPY
SEC00098,2026-04-23,91.37,ICE,GBP
SEC00098,2026-04-24,95.17,ICE,INR
SEC00098,2026-04-25,97.93,ICE,CAD
SEC00098,2026-04-26,98.26,Bloomberg,INR
SEC00098,2026-04-27,97.66,ICE,CAD
SEC00098,2026-04-28,93.81,Bloomberg,INR
SEC00098,2026-04-29,93.02,Bloomberg,CAD
SEC00098,2026-04-30,92.93,Refinitiv,CAD
SEC00098,2026-05-01,92.45,Refinitiv,USD
SEC00098,2026-05-02,92.08,Refinitiv,JPY
SEC00098,2026-05-03,93.16,Refinitiv,JPY
SEC00098,2026-05-04,91.53,ICE,JPY
SEC00098,2026-05-05,92.02,Bloomberg,USD
SEC00098,2026-05-06,91.89,Bloomberg,USD
SEC00098,2026-05-07,90.47,ICE,CAD
SEC00098,2026-05-08,93.24,ICE,JPY
SEC00098,2026-05-09,94.55,ICE,JPY
SEC00098,2026-05-10,93.25,Bloomberg,JPY
SEC00098,2026-05-11,94.17,Refinitiv,JPY
SEC00098,2026-05-12,91.86,ICE,CAD
SEC00098,2026-05-13,90.81,Bloomberg,USD
SEC00098,2026-05-14,93.03,Refinitiv,USD
SEC00098,2026-05-15,93.66,Refinitiv,CAD
SEC00098,2026-05-16,94.16,Refinitiv,CAD
SEC00098,2026-05-17,95.88,Bloomberg,INR
SEC00098,2026-05-18,96.99,Bloomberg,USD
SEC00098,2026-05-19,96.57,Bloomberg,CAD
SEC00099,2026-03-20,98.22,Refinitiv,INR
SEC00099,2026-03-21,97.49,Refinitiv,INR
SEC00099,2026-03-22,97.31,ICE,JPY
SEC00099,2026-03-23,98.41,Refinitiv,JPY
SEC00099,2026-03-24,100.36,Refinitiv,EUR
SEC00099,2026-03-25,97.67,Refinitiv,GBP
SEC00099,2026-03-26,97.84,Bloomberg,EUR
SEC00099,2026-03-27,97.84,Refinitiv,USD
SEC00099,2026-03-28,96.88,Bloomberg,INR
SEC00099,2026-03-29,95.93,ICE,EUR
SEC00099,2026-03-30,97.79,Bloomberg,GBP
SEC00099,2026-03-31,98.78,Bloomberg,CAD
SEC00099,2026-04-01,102.58,Bloomberg,JPY
SEC00099,2026-04-02,101.58,Refinitiv,GBP
SEC00099,2026-04-03,101.88,ICE,EUR
SEC00099,2026-04-04,102.5,ICE,CAD
SEC00099,2026-04-05,104.2,Refinitiv,GBP
SEC00099,2026-04-06,106.8,Bloomberg,INR
SEC00099,2026-04-07,107.04,ICE,GBP
SEC00099,2026-04-08,104.98,ICE,GBP
SEC00099,2026-04-09,103.69,ICE,INR
SEC00099,2026-04-10,104.01,Refinitiv,JPY
SEC00099,2026-04-11,106.16,Refinitiv,USD
SEC00099,2026-04-12,103.45,Bloomberg,EUR
SEC00099,2026-04-13,101.33,Bloomberg,EUR
SEC00099,2026-04-14,102.76,ICE,JPY
SEC00099,2026-04-15,100.42,Bloomberg,CAD
SEC00099,2026-04-16,98.43,Bloomberg,CAD
SEC00099,2026-04-17,100.5,Bloomberg,USD
SEC00099,2026-04-18,100.15,Bloomberg,GBP
SEC00099,2026-04-19,99.66,ICE,JPY
SEC00099,2026-04-20,102.16,Bloomberg,EUR
SEC00099,2026-04-21,100.26,Refinitiv,JPY
SEC00099,2026-04-22,98.03,ICE,USD
SEC00099,2026-04-23,100.95,Bloomberg,INR
SEC00099,2026-04-24,101.43,Bloomberg,INR
SEC00099,2026-04-25,102.72,Refinitiv,GBP
SEC00099,2026-04-26,102.19,Bloomberg,INR
SEC00099,2026-04-27,102.05,Bloomberg,USD
SEC00099,2026-04-28,100.81,Refinitiv,USD
SEC00099,2026-04-29,101.44,Bloomberg,EUR
SEC00099,2026-04-30,103.0,Refinitiv,INR
SEC00099,2026-05-01,103.42,ICE,CAD
SEC00099,2026-05-02,105.45,Bloomberg,EUR
SEC00099,2026-05-03,106.76,Bloomberg,EUR
SEC00099,2026-05-04,104.79,Bloomberg,JPY
SEC00099,2026-05-05,104.57,Bloomberg,USD
SEC00099,2026-05-06,103.78,Refinitiv,INR
SEC00099,2026-05-07,105.24,Refinitiv,GBP
SEC00099,2026-05-08,106.17,Bloomberg,INR
SEC00099,2026-05-09,106.46,Bloomberg,CAD
SEC00099,2026-05-10,108.46,Bloomberg,INR
SEC00099,2026-05-11,104.87,ICE,GBP
SEC00099,2026-05-12,103.79,Refinitiv,CAD
SEC00099,2026-05-13,102.87,ICE,USD
SEC00099,2026-05-14,103.39,Refinitiv,INR
SEC00099,2026-05-15,104.47,Refinitiv,INR
SEC00100,2026-03-20,66.53,Refinitiv,USD
SEC00100,2026-03-21,67.8,Bloomberg,USD
SEC00100,2026-03-22,67.2,Refinitiv,JPY
SEC00100,2026-03-23,71.04,Bloomberg,JPY
SEC00100,2026-03-24,68.94,Bloomberg,JPY
SEC00100,2026-03-25,71.64,ICE,GBP
SEC00100,2026-03-26,72.95,Bloomberg,CAD
SEC00100,2026-03-27,71.51,ICE,CAD
SEC00100,2026-03-28,74.53,Bloomberg,EUR
SEC00100,2026-03-29,73.33,Refinitiv,EUR
SEC00100,2026-03-30,72.95,Refinitiv,EUR
SEC00100,2026-03-31,71.28,Refinitiv,INR
SEC00100,2026-04-01,71.13,Refinitiv,INR
SEC00100,2026-04-02,71.1,Refinitiv,GBP
SEC00100,2026-04-03,72.19,Bloomberg,USD
SEC00100,2026-04-04,75.4,Bloomberg,EUR
SEC00100,2026-04-05,74.74,Refinitiv,USD
SEC00100,2026-04-06,71.08,Refinitiv,USD
SEC00100,2026-04-07,71.94,Refinitiv,EUR
SEC00100,2026-04-08,71.26,Bloomberg,JPY
SEC00100,2026-04-09,73.63,ICE,JPY
SEC00100,2026-04-10,73.62,Bloomberg,CAD
SEC00100,2026-04-11,72.65,ICE,INR
SEC00100,2026-04-12,71.37,Bloomberg,EUR
SEC00100,2026-04-13,72.2,ICE,CAD
SEC00100,2026-04-14,71.88,Refinitiv,GBP
SEC00100,2026-04-15,73.81,Refinitiv,CAD
SEC00100,2026-04-16,73.57,Bloomberg,INR
SEC00100,2026-04-17,75.48,ICE,EUR
SEC00100,2026-04-18,73.64,Bloomberg,USD
SEC00100,2026-04-19,71.38,ICE,EUR
SEC00100,2026-04-20,72.48,Bloomberg,JPY
SEC00100,2026-04-21,71.91,Refinitiv,USD
SEC00100,2026-04-22,71.6,ICE,JPY
SEC00100,2026-04-23,70.33,Refinitiv,GBP
SEC00100,2026-04-24,68.99,Refinitiv,INR
SEC00100,2026-04-25,69.82,ICE,GBP
SEC00100,2026-04-26,69.83,Refinitiv,EUR
SEC00100,2026-04-27,68.53,Bloomberg,CAD
SEC00100,2026-04-28,69.54,Refinitiv,EUR
SEC00100,2026-04-29,71.05,ICE,INR
SEC00100,2026-04-30,70.94,Bloomberg,EUR
SEC00100,2026-05-01,72.26,Refinitiv,CAD
SEC00100,2026-05-02,70.99,Bloomberg,EUR
SEC00100,2026-05-03,71.77,ICE,INR
SEC00100,2026-05-04,72.01,Refinitiv,GBP
SEC00100,2026-05-05,71.02,Refinitiv,EUR
SEC00100,2026-05-06,73.68,ICE,JPY
SEC00100,2026-05-07,74.03,ICE,CAD
SEC00100,2026-05-08,73.28,Bloomberg,CAD
SEC00100,2026-05-09,73.34,Bloomberg,EUR
SEC00100,2026-05-10,72.23,Refinitiv,EUR
SEC00100,2026-05-11,70.76,Refinitiv,INR
SEC00100,2026-05-12,70.22,Bloomberg,JPY
SEC00100,2026-05-13,69.78,Refinitiv,EUR
SEC00100,2026-05-14,68.8,Bloomberg,CAD
SEC00100,2026-05-15,70.38,Bloomberg,JPY
SEC00101,2026-03-20,108.93,Bloomberg,CAD
SEC00101,2026-03-21,108.72,ICE,GBP
SEC00101,2026-03-22,107.49,Refinitiv,JPY
SEC00101,2026-03-23,105.38,Refinitiv,INR
SEC00101,2026-03-24,104.41,Refinitiv,USD
SEC00101,2026-03-25,105.35,ICE,GBP
SEC00101,2026-03-26,102.85,ICE,INR
SEC00101,2026-03-27,101.18,Bloomberg,JPY
SEC00101,2026-03-28,102.26,ICE,GBP
SEC00101,2026-03-29,101.12,ICE,JPY
SEC00101,2026-03-30,101.84,ICE,CAD
SEC00101,2026-03-31,100.4,ICE,EUR
SEC00101,2026-04-01,100.97,ICE,INR
SEC00101,2026-04-02,99.62,Refinitiv,EUR
SEC00101,2026-04-03,96.26,Bloomberg,JPY
SEC00101,2026-04-04,97.96,ICE,CAD
SEC00101,2026-04-05,96.79,ICE,CAD
SEC00101,2026-04-06,96.4,Bloomberg,CAD
SEC00101,2026-04-07,95.25,Refinitiv,USD
SEC00101,2026-04-08,96.23,Bloomberg,EUR
SEC00101,2026-04-09,96.86,Bloomberg,USD
SEC00101,2026-04-10,97.85,Refinitiv,JPY
SEC00101,2026-04-11,96.93,Bloomberg,INR
SEC00101,2026-04-12,96.89,ICE,GBP
SEC00101,2026-04-13,97.67,Bloomberg,EUR
SEC00101,2026-04-14,100.43,Refinitiv,GBP
SEC00101,2026-04-15,101.04,Refinitiv,CAD
SEC00101,2026-04-16,99.26,ICE,JPY
SEC00101,2026-04-17,99.79,Bloomberg,INR
SEC00101,2026-04-18,99.55,Bloomberg,GBP
SEC00101,2026-04-19,96.01,ICE,INR
SEC00101,2026-04-20,92.87,ICE,EUR
SEC00101,2026-04-21,92.81,Refinitiv,GBP
SEC00101,2026-04-22,92.89,Refinitiv,INR
SEC00101,2026-04-23,92.44,ICE,GBP
SEC00101,2026-04-24,93.96,Bloomberg,CAD
SEC00101,2026-04-25,92.42,Bloomberg,GBP
SEC00101,2026-04-26,90.16,ICE,CAD
SEC00101,2026-04-27,88.87,ICE,CAD
SEC00101,2026-04-28,87.94,Bloomberg,USD
SEC00101,2026-04-29,87.89,ICE,GBP
SEC00101,2026-04-30,86.67,Bloomberg,GBP
SEC00101,2026-05-01,83.37,ICE,GBP
SEC00101,2026-05-02,79.56,Refinitiv,JPY
SEC00101,2026-05-03,79.77,Refinitiv,CAD
SEC00101,2026-05-04,78.19,ICE,GBP
SEC00101,2026-05-05,75.41,ICE,INR
SEC00101,2026-05-06,76.3,Bloomberg,CAD
SEC00101,2026-05-07,78.46,ICE,CAD
SEC00101,2026-05-08,78.36,ICE,CAD
SEC00101,2026-05-09,78.78,Refinitiv,USD
SEC00101,2026-05-10,79.21,Bloomberg,USD
SEC00101,2026-05-11,75.95,Bloomberg,JPY
SEC00101,2026-05-12,77.21,ICE,INR
SEC00101,2026-05-13,78.97,Refinitiv,GBP
SEC00101,2026-05-14,81.62,Refinitiv,GBP
SEC00101,2026-05-15,81.02,Refinitiv,CAD
SEC00101,2026-05-16,79.4,Bloomberg,GBP
SEC00101,2026-05-17,81.38,Bloomberg,CAD
SEC00101,2026-05-18,82.15,Bloomberg,JPY
SEC00101,2026-05-19,83.49,Bloomberg,GBP
SEC00102,2026-03-20,61.47,ICE,CAD
SEC00102,2026-03-21,60.9,ICE,GBP
SEC00102,2026-03-22,61.2,ICE,INR
SEC00102,2026-03-23,60.58,Refinitiv,JPY
SEC00102,2026-03-24,59.2,Refinitiv,USD
SEC00102,2026-03-25,60.5,Bloomberg,EUR
SEC00102,2026-03-26,60.19,Bloomberg,JPY
SEC00102,2026-03-27,60.98,Refinitiv,CAD
SEC00102,2026-03-28,60.74,Bloomberg,INR
SEC00102,2026-03-29,62.13,Bloomberg,GBP
SEC00102,2026-03-30,61.05,Bloomberg,USD
SEC00102,2026-03-31,62.36,Bloomberg,EUR
SEC00102,2026-04-01,63.39,Refinitiv,EUR
SEC00102,2026-04-02,61.37,Bloomberg,GBP
SEC00102,2026-04-03,60.83,Bloomberg,INR
SEC00102,2026-04-04,61.98,ICE,USD
SEC00102,2026-04-05,63.84,Refinitiv,CAD
SEC00102,2026-04-06,64.69,ICE,USD
SEC00102,2026-04-07,64.26,ICE,GBP
SEC00102,2026-04-08,63.18,ICE,EUR
SEC00102,2026-04-09,63.85,ICE,INR
SEC00102,2026-04-10,63.4,Bloomberg,INR
SEC00102,2026-04-11,62.99,Bloomberg,INR
SEC00102,2026-04-12,62.77,ICE,EUR
SEC00102,2026-04-13,63.79,ICE,INR
SEC00102,2026-04-14,65.9,Refinitiv,EUR
SEC00102,2026-04-15,67.15,Refinitiv,CAD
SEC00102,2026-04-16,67.2,Bloomberg,CAD
SEC00102,2026-04-17,66.14,Bloomberg,CAD
SEC00102,2026-04-18,66.97,Refinitiv,CAD
SEC00102,2026-04-19,69.01,Bloomberg,USD
SEC00102,2026-04-20,70.29,Refinitiv,INR
SEC00102,2026-04-21,70.59,ICE,INR
SEC00102,2026-04-22,70.0,ICE,INR
SEC00102,2026-04-23,70.47,ICE,EUR
SEC00102,2026-04-24,71.97,Bloomberg,USD
SEC00102,2026-04-25,72.31,Refinitiv,EUR
SEC00102,2026-04-26,72.21,Refinitiv,JPY
SEC00102,2026-04-27,71.36,Refinitiv,JPY
SEC00102,2026-04-28,74.72,ICE,USD
SEC00102,2026-04-29,73.56,Bloomberg,GBP
SEC00102,2026-04-30,72.29,Bloomberg,INR
SEC00102,2026-05-01,72.54,Refinitiv,EUR
SEC00102,2026-05-02,72.31,Refinitiv,EUR
SEC00102,2026-05-03,73.68,Refinitiv,JPY
SEC00102,2026-05-04,75.12,Bloomberg,INR
SEC00102,2026-05-05,73.52,Bloomberg,USD
SEC00102,2026-05-06,72.55,Refinitiv,EUR
SEC00102,2026-05-07,71.45,ICE,JPY
SEC00102,2026-05-08,72.49,Bloomberg,GBP
SEC00102,2026-05-09,73.09,ICE,INR
SEC00102,2026-05-10,72.63,Refinitiv,CAD
SEC00102,2026-05-11,72.95,Bloomberg,INR
SEC00102,2026-05-12,71.51,Bloomberg,JPY
SEC00102,2026-05-13,70.59,Bloomberg,GBP
SEC00102,2026-05-14,68.97,Bloomberg,EUR
SEC00102,2026-05-15,69.19,Refinitiv,INR
SEC00102,2026-05-16,69.4,ICE,CAD
SEC00102,2026-05-17,68.2,Bloomberg,CAD
SEC00102,2026-05-18,68.76,Bloomberg,CAD
SEC00102,2026-05-19,70.1,ICE,CAD
SEC00103,2026-03-20,39.6,Refinitiv,CAD
SEC00103,2026-03-21,40.77,Bloomberg,INR
SEC00103,2026-03-22,39.47,Bloomberg,INR
SEC00103,2026-03-23,38.31,Refinitiv,USD
SEC00103,2026-03-24,38.49,Refinitiv,EUR
SEC00103,2026-03-25,38.24,Refinitiv,USD
SEC00103,2026-03-26,37.9,Refinitiv,EUR
SEC00103,2026-03-27,38.11,Bloomberg,USD
SEC00103,2026-03-28,38.3,Bloomberg,USD
SEC00103,2026-03-29,37.65,Refinitiv,GBP
SEC00103,2026-03-30,37.27,Bloomberg,JPY
SEC00103,2026-03-31,37.32,ICE,JPY
SEC00103,2026-04-01,37.45,Bloomberg,GBP
SEC00103,2026-04-02,37.79,ICE,USD
SEC00103,2026-04-03,37.42,Bloomberg,GBP
SEC00103,2026-04-04,37.67,Refinitiv,JPY
SEC00103,2026-04-05,38.33,ICE,CAD
SEC00103,2026-04-06,38.38,Bloomberg,GBP
SEC00103,2026-04-07,38.33,Refinitiv,USD
SEC00103,2026-04-08,38.19,Bloomberg,JPY
SEC00103,2026-04-09,37.78,Refinitiv,EUR
SEC00103,2026-04-10,37.16,ICE,EUR
SEC00103,2026-04-11,36.98,Refinitiv,CAD
SEC00103,2026-04-12,37.3,ICE,INR
SEC00103,2026-04-13,36.72,Bloomberg,CAD
SEC00103,2026-04-14,36.69,Refinitiv,EUR
SEC00103,2026-04-15,36.58,ICE,JPY
SEC00103,2026-04-16,37.77,Bloomberg,USD
SEC00103,2026-04-17,38.28,Bloomberg,USD
SEC00103,2026-04-18,38.79,Bloomberg,GBP
SEC00103,2026-04-19,39.45,Bloomberg,CAD
SEC00103,2026-04-20,39.08,ICE,CAD
SEC00103,2026-04-21,40.07,Bloomberg,JPY
SEC00103,2026-04-22,40.21,Bloomberg,INR
SEC00103,2026-04-23,40.19,Bloomberg,EUR
SEC00103,2026-04-24,39.33,Bloomberg,GBP
SEC00103,2026-04-25,39.07,Refinitiv,JPY
SEC00103,2026-04-26,37.85,Bloomberg,JPY
SEC00103,2026-04-27,37.7,Bloomberg,USD
SEC00103,2026-04-28,37.32,Bloomberg,EUR
SEC00103,2026-04-29,37.08,ICE,EUR
SEC00103,2026-04-30,36.17,Refinitiv,INR
SEC00103,2026-05-01,36.65,ICE,JPY
SEC00103,2026-05-02,37.05,Bloomberg,JPY
SEC00103,2026-05-03,38.2,Bloomberg,JPY
SEC00103,2026-05-04,39.36,ICE,USD
SEC00103,2026-05-05,39.49,Bloomberg,EUR
SEC00103,2026-05-06,40.24,Refinitiv,GBP
SEC00103,2026-05-07,40.45,Bloomberg,CAD
SEC00103,2026-05-08,40.16,Bloomberg,JPY
SEC00103,2026-05-09,39.98,Refinitiv,INR
SEC00103,2026-05-10,40.46,Refinitiv,USD
SEC00103,2026-05-11,43.45,Bloomberg,EUR
SEC00103,2026-05-12,44.39,Refinitiv,CAD
SEC00103,2026-05-13,44.61,Refinitiv,GBP
SEC00103,2026-05-14,45.02,Refinitiv,USD
SEC00103,2026-05-15,45.43,ICE,JPY
SEC00103,2026-05-16,45.37,ICE,GBP
SEC00103,2026-05-17,46.01,Bloomberg,GBP
SEC00103,2026-05-18,45.91,Bloomberg,USD
SEC00103,2026-05-19,45.1,ICE,CAD
SEC00104,2026-03-20,43.82,Bloomberg,USD
SEC00104,2026-03-21,43.81,ICE,JPY
SEC00104,2026-03-22,44.54,ICE,JPY
SEC00104,2026-03-23,45.34,ICE,GBP
SEC00104,2026-03-24,45.59,Bloomberg,JPY
SEC00104,2026-03-25,45.26,ICE,USD
SEC00104,2026-03-26,45.21,ICE,INR
SEC00104,2026-03-27,45.78,Bloomberg,JPY
SEC00104,2026-03-28,47.74,Bloomberg,JPY
SEC00104,2026-03-29,46.75,ICE,GBP
SEC00104,2026-03-30,48.11,Refinitiv,USD
SEC00104,2026-03-31,48.34,Bloomberg,INR
SEC00104,2026-04-01,49.08,Refinitiv,CAD
SEC00104,2026-04-02,49.27,Refinitiv,GBP
SEC00104,2026-04-03,50.54,ICE,USD
SEC00104,2026-04-04,50.86,ICE,USD
SEC00104,2026-04-05,50.29,ICE,JPY
SEC00104,2026-04-06,50.73,Refinitiv,JPY
SEC00104,2026-04-07,51.78,ICE,EUR
SEC00104,2026-04-08,51.81,Bloomberg,CAD
SEC00104,2026-04-09,49.9,Refinitiv,EUR
SEC00104,2026-04-10,49.82,ICE,USD
SEC00104,2026-04-11,49.93,ICE,USD
SEC00104,2026-04-12,49.92,Refinitiv,USD
SEC00104,2026-04-13,49.5,Bloomberg,EUR
SEC00104,2026-04-14,50.7,Bloomberg,USD
SEC00104,2026-04-15,48.56,ICE,INR
SEC00104,2026-04-16,48.67,Bloomberg,INR
SEC00104,2026-04-17,48.79,Bloomberg,EUR
SEC00104,2026-04-18,50.65,ICE,JPY
SEC00104,2026-04-19,50.66,Bloomberg,INR
SEC00104,2026-04-20,51.09,Refinitiv,USD
SEC00104,2026-04-21,51.24,Bloomberg,EUR
SEC00104,2026-04-22,51.35,Bloomberg,INR
SEC00104,2026-04-23,53.0,Bloomberg,USD
SEC00104,2026-04-24,51.97,Bloomberg,INR
SEC00104,2026-04-25,51.37,Refinitiv,INR
SEC00104,2026-04-26,52.09,Refinitiv,INR
SEC00104,2026-04-27,52.36,Refinitiv,JPY
SEC00104,2026-04-28,52.12,ICE,JPY
SEC00104,2026-04-29,52.08,Refinitiv,CAD
SEC00104,2026-04-30,52.96,Refinitiv,CAD
SEC00104,2026-05-01,53.45,Refinitiv,INR
SEC00104,2026-05-02,52.79,Refinitiv,CAD
SEC00104,2026-05-03,53.04,Bloomberg,JPY
SEC00104,2026-05-04,53.02,ICE,EUR
SEC00104,2026-05-05,53.5,Refinitiv,USD
SEC00104,2026-05-06,53.22,Refinitiv,GBP
SEC00104,2026-05-07,52.09,Refinitiv,EUR
SEC00104,2026-05-08,52.74,ICE,CAD
SEC00104,2026-05-09,53.29,Refinitiv,JPY
SEC00104,2026-05-10,54.67,Refinitiv,EUR
SEC00104,2026-05-11,53.41,Refinitiv,GBP
SEC00104,2026-05-12,53.36,ICE,INR
SEC00104,2026-05-13,53.17,Bloomberg,JPY
SEC00104,2026-05-14,52.82,ICE,GBP
SEC00104,2026-05-15,51.38,ICE,GBP
SEC00104,2026-05-16,50.42,Bloomberg,EUR
SEC00104,2026-05-17,50.69,Bloomberg,JPY
SEC00104,2026-05-18,50.26,ICE,GBP
SEC00104,2026-05-19,49.54,Bloomberg,JPY
SEC00105,2026-03-20,80.56,ICE,INR
SEC00105,2026-03-21,75.91,Refinitiv,CAD
SEC00105,2026-03-22,75.85,Refinitiv,EUR
SEC00105,2026-03-23,75.11,Bloomberg,GBP
SEC00105,2026-03-24,74.63,ICE,USD
SEC00105,2026-03-25,74.29,Bloomberg,GBP
SEC00105,2026-03-26,75.63,Refinitiv,USD
SEC00105,2026-03-27,75.95,Bloomberg,CAD
SEC00105,2026-03-28,75.29,Bloomberg,USD
SEC00105,2026-03-29,73.34,Bloomberg,GBP
SEC00105,2026-03-30,75.4,Bloomberg,INR
SEC00105,2026-03-31,74.56,Bloomberg,USD
SEC00105,2026-04-01,74.42,Bloomberg,JPY
SEC00105,2026-04-02,77.32,ICE,USD
SEC00105,2026-04-03,76.5,Refinitiv,GBP
SEC00105,2026-04-04,76.16,Refinitiv,JPY
SEC00105,2026-04-05,76.51,Bloomberg,JPY
SEC00105,2026-04-06,74.34,Bloomberg,GBP
SEC00105,2026-04-07,72.07,ICE,CAD
SEC00105,2026-04-08,71.48,Bloomberg,USD
SEC00105,2026-04-09,70.94,ICE,EUR
SEC00105,2026-04-10,71.15,Refinitiv,JPY
SEC00105,2026-04-11,69.93,Refinitiv,EUR
SEC00105,2026-04-12,70.52,ICE,EUR
SEC00105,2026-04-13,67.81,ICE,EUR
SEC00105,2026-04-14,67.76,ICE,INR
SEC00105,2026-04-15,68.23,Refinitiv,USD
SEC00105,2026-04-16,68.67,Bloomberg,JPY
SEC00105,2026-04-17,68.51,Refinitiv,USD
SEC00105,2026-04-18,93.46,Bloomberg,JPY
SEC00105,2026-04-19,67.53,Refinitiv,GBP
SEC00105,2026-04-20,69.06,Refinitiv,CAD
SEC00105,2026-04-21,68.35,Bloomberg,INR
SEC00105,2026-04-22,69.59,ICE,CAD
SEC00105,2026-04-23,71.04,ICE,USD
SEC00105,2026-04-24,68.86,Bloomberg,CAD
SEC00105,2026-04-25,68.74,Bloomberg,EUR
SEC00105,2026-04-26,67.56,Refinitiv,JPY
SEC00105,2026-04-27,65.77,Bloomberg,JPY
SEC00105,2026-04-28,66.74,Bloomberg,GBP
SEC00105,2026-04-29,67.34,ICE,USD
SEC00105,2026-04-30,67.69,Bloomberg,GBP
SEC00105,2026-05-01,66.4,Bloomberg,EUR
SEC00105,2026-05-02,66.69,Refinitiv,EUR
SEC00105,2026-05-03,65.15,Bloomberg,CAD
SEC00105,2026-05-04,65.27,ICE,GBP
SEC00105,2026-05-05,64.53,ICE,CAD
SEC00105,2026-05-06,65.78,Refinitiv,USD
SEC00105,2026-05-07,65.38,Bloomberg,CAD
SEC00105,2026-05-08,65.69,ICE,INR
SEC00105,2026-05-09,66.0,ICE,EUR
SEC00105,2026-05-10,65.94,Refinitiv,GBP
SEC00105,2026-05-11,66.1,Refinitiv,INR
SEC00105,2026-05-12,66.49,Refinitiv,GBP
SEC00105,2026-05-13,65.45,Bloomberg,JPY
SEC00105,2026-05-14,65.96,Refinitiv,USD
SEC00105,2026-05-15,67.02,ICE,GBP
SEC00105,2026-05-16,67.53,Refinitiv,CAD
SEC00105,2026-05-17,67.14,ICE,USD
SEC00105,2026-05-18,67.38,ICE,EUR
SEC00105,2026-05-19,66.97,ICE,GBP
SEC00106,2026-03-20,93.84,Refinitiv,EUR
SEC00106,2026-03-21,92.26,Refinitiv,USD
SEC00106,2026-03-22,90.59,Bloomberg,GBP
SEC00106,2026-03-23,91.06,Bloomberg,EUR
SEC00106,2026-03-24,93.03,Refinitiv,USD
SEC00106,2026-03-25,93.92,Refinitiv,GBP
SEC00106,2026-03-26,92.11,ICE,JPY
SEC00106,2026-03-27,91.45,Refinitiv,INR
SEC00106,2026-03-28,90.16,Bloomberg,JPY
SEC00106,2026-03-29,91.03,Bloomberg,GBP
SEC00106,2026-03-30,90.34,Refinitiv,JPY
SEC00106,2026-03-31,88.09,Bloomberg,JPY
SEC00106,2026-04-01,89.06,Bloomberg,EUR
SEC00106,2026-04-02,91.13,Bloomberg,GBP
SEC00106,2026-04-03,90.88,Refinitiv,INR
SEC00106,2026-04-04,91.12,Refinitiv,JPY
SEC00106,2026-04-05,88.7,ICE,JPY
SEC00106,2026-04-06,85.45,ICE,JPY
SEC00106,2026-04-07,82.65,Bloomberg,GBP
SEC00106,2026-04-08,82.63,ICE,USD
SEC00106,2026-04-09,82.21,Refinitiv,JPY
SEC00106,2026-04-10,83.06,ICE,CAD
SEC00106,2026-04-11,82.81,Refinitiv,EUR
SEC00106,2026-04-12,84.32,Bloomberg,JPY
SEC00106,2026-04-13,85.69,Bloomberg,INR
SEC00106,2026-04-14,85.23,ICE,EUR
SEC00106,2026-04-15,83.74,ICE,USD
SEC00106,2026-04-16,80.89,Refinitiv,GBP
SEC00106,2026-04-17,83.02,Refinitiv,GBP
SEC00106,2026-04-18,81.65,Refinitiv,USD
SEC00106,2026-04-19,79.49,ICE,CAD
SEC00106,2026-04-20,79.72,Refinitiv,CAD
SEC00106,2026-04-21,77.62,Bloomberg,INR
SEC00106,2026-04-22,77.84,Bloomberg,INR
SEC00106,2026-04-23,77.41,Refinitiv,USD
SEC00106,2026-04-24,78.73,Refinitiv,GBP
SEC00106,2026-04-25,79.96,ICE,USD
SEC00106,2026-04-26,81.59,ICE,USD
SEC00106,2026-04-27,81.93,Bloomberg,USD
SEC00106,2026-04-28,80.71,ICE,JPY
SEC00106,2026-04-29,79.24,ICE,INR
SEC00106,2026-04-30,78.52,Refinitiv,EUR
SEC00106,2026-05-01,81.38,Bloomberg,GBP
SEC00106,2026-05-02,81.06,Refinitiv,GBP
SEC00106,2026-05-03,81.33,ICE,USD
SEC00106,2026-05-04,83.6,Refinitiv,USD
SEC00106,2026-05-05,84.02,Refinitiv,INR
SEC00106,2026-05-06,82.93,Bloomberg,GBP
SEC00106,2026-05-07,84.06,Bloomberg,GBP
SEC00106,2026-05-08,83.46,Refinitiv,GBP
SEC00106,2026-05-09,83.93,Refinitiv,EUR
SEC00106,2026-05-10,84.75,ICE,CAD
SEC00106,2026-05-11,84.04,Refinitiv,CAD
SEC00106,2026-05-12,84.36,Bloomberg,EUR
SEC00106,2026-05-13,86.83,Bloomberg,INR
SEC00106,2026-05-14,85.9,Bloomberg,EUR
SEC00106,2026-05-15,87.98,Bloomberg,GBP
SEC00106,2026-05-16,87.08,Bloomberg,INR
SEC00106,2026-05-17,89.95,ICE,CAD
SEC00106,2026-05-18,88.61,Refinitiv,JPY
SEC00106,2026-05-19,88.03,ICE,INR
SEC00107,2026-03-20,35.35,ICE,CAD
SEC00107,2026-03-21,34.99,ICE,JPY
SEC00107,2026-03-22,34.44,ICE,INR
SEC00107,2026-03-23,34.3,Refinitiv,EUR
SEC00107,2026-03-24,33.55,Refinitiv,USD
SEC00107,2026-03-25,33.84,ICE,JPY
SEC00107,2026-03-26,34.7,ICE,JPY
SEC00107,2026-03-27,34.78,Bloomberg,CAD
SEC00107,2026-03-28,33.89,Refinitiv,INR
SEC00107,2026-03-29,33.35,Bloomberg,JPY
SEC00107,2026-03-30,33.5,Refinitiv,CAD
SEC00107,2026-03-31,32.33,ICE,CAD
SEC00107,2026-04-01,31.63,Bloomberg,JPY
SEC00107,2026-04-02,30.71,Refinitiv,EUR
SEC00107,2026-04-03,30.79,Bloomberg,INR
SEC00107,2026-04-04,32.0,Bloomberg,GBP
SEC00107,2026-04-05,31.29,ICE,CAD
SEC00107,2026-04-06,31.77,Refinitiv,INR
SEC00107,2026-04-07,31.46,ICE,EUR
SEC00107,2026-04-08,30.73,ICE,INR
SEC00107,2026-04-09,31.61,ICE,JPY
SEC00107,2026-04-10,32.85,Bloomberg,USD
SEC00107,2026-04-11,33.11,Refinitiv,EUR
SEC00107,2026-04-12,33.35,Refinitiv,GBP
SEC00107,2026-04-13,33.4,ICE,GBP
SEC00107,2026-04-14,33.33,Refinitiv,GBP
SEC00107,2026-04-15,33.55,Bloomberg,INR
SEC00107,2026-04-16,33.97,Refinitiv,EUR
SEC00107,2026-04-17,35.01,ICE,USD
SEC00107,2026-04-18,34.7,Bloomberg,EUR
SEC00107,2026-04-19,34.79,Refinitiv,CAD
SEC00107,2026-04-20,34.75,ICE,USD
SEC00107,2026-04-21,35.41,Bloomberg,INR
SEC00107,2026-04-22,36.96,Refinitiv,GBP
SEC00107,2026-04-23,37.68,ICE,EUR
SEC00107,2026-04-24,38.24,Bloomberg,GBP
SEC00107,2026-04-25,38.89,Bloomberg,EUR
SEC00107,2026-04-26,39.79,Refinitiv,EUR
SEC00107,2026-04-27,41.54,Refinitiv,JPY
SEC00107,2026-04-28,40.3,ICE,CAD
SEC00107,2026-04-29,40.76,Refinitiv,EUR
SEC00107,2026-04-30,38.89,Refinitiv,GBP
SEC00107,2026-05-01,39.57,Refinitiv,GBP
SEC00107,2026-05-02,39.98,Bloomberg,EUR
SEC00107,2026-05-03,39.61,Refinitiv,USD
SEC00107,2026-05-04,37.73,Bloomberg,JPY
SEC00107,2026-05-05,37.73,ICE,EUR
SEC00107,2026-05-06,37.91,Bloomberg,GBP
SEC00107,2026-05-07,37.88,Bloomberg,CAD
SEC00107,2026-05-08,37.48,ICE,USD
SEC00107,2026-05-09,36.89,Bloomberg,JPY
SEC00107,2026-05-10,36.87,Refinitiv,INR
SEC00107,2026-05-11,36.36,ICE,GBP
SEC00107,2026-05-12,36.91,ICE,EUR
SEC00107,2026-05-13,36.87,Bloomberg,CAD
SEC00107,2026-05-14,35.75,Bloomberg,USD
SEC00107,2026-05-15,35.88,Refinitiv,JPY
SEC00107,2026-05-16,36.16,Refinitiv,USD
SEC00107,2026-05-17,37.24,Bloomberg,INR
SEC00107,2026-05-18,37.88,Bloomberg,EUR
SEC00107,2026-05-19,37.28,ICE,GBP
SEC00108,2026-03-20,38.7,ICE,EUR
SEC00108,2026-03-21,39.68,ICE,JPY
SEC00108,2026-03-22,39.66,ICE,GBP
SEC00108,2026-03-23,39.89,Refinitiv,GBP
SEC00108,2026-03-24,41.51,ICE,INR
SEC00108,2026-03-25,40.48,ICE,EUR
SEC00108,2026-03-26,40.36,ICE,INR
SEC00108,2026-03-27,39.48,Bloomberg,INR
SEC00108,2026-03-28,39.74,Bloomberg,USD
SEC00108,2026-03-29,39.36,Bloomberg,JPY
SEC00108,2026-03-30,38.55,Bloomberg,JPY
SEC00108,2026-03-31,39.08,ICE,JPY
SEC00108,2026-04-01,39.1,Bloomberg,GBP
SEC00108,2026-04-02,38.24,ICE,GBP
SEC00108,2026-04-03,37.44,Refinitiv,INR
SEC00108,2026-04-04,37.6,Refinitiv,GBP
SEC00108,2026-04-05,36.49,Bloomberg,INR
SEC00108,2026-04-06,36.66,Bloomberg,GBP
SEC00108,2026-04-07,37.56,Bloomberg,INR
SEC00108,2026-04-08,38.03,ICE,CAD
SEC00108,2026-04-09,37.62,Bloomberg,USD
SEC00108,2026-04-10,37.83,Bloomberg,GBP
SEC00108,2026-04-11,36.99,Bloomberg,EUR
SEC00108,2026-04-12,37.1,Refinitiv,USD
SEC00108,2026-04-13,36.9,Refinitiv,CAD
SEC00108,2026-04-14,36.23,ICE,CAD
SEC00108,2026-04-15,36.66,Bloomberg,JPY
SEC00108,2026-04-16,35.37,Bloomberg,EUR
SEC00108,2026-04-17,34.63,ICE,EUR
SEC00108,2026-04-18,33.98,Bloomberg,GBP
SEC00108,2026-04-19,46.5,Bloomberg,INR
SEC00108,2026-04-20,34.5,ICE,JPY
SEC00108,2026-04-21,34.98,Refinitiv,INR
SEC00108,2026-04-22,35.07,Refinitiv,GBP
SEC00108,2026-04-23,35.12,ICE,GBP
SEC00108,2026-04-24,35.13,Bloomberg,USD
SEC00108,2026-04-25,36.02,Bloomberg,INR
SEC00108,2026-04-26,34.86,Bloomberg,INR
SEC00108,2026-04-27,35.36,Bloomberg,INR
SEC00108,2026-04-28,35.05,Refinitiv,INR
SEC00108,2026-04-29,35.39,ICE,JPY
SEC00108,2026-04-30,35.73,ICE,CAD
SEC00108,2026-05-01,36.22,ICE,GBP
SEC00108,2026-05-02,37.27,ICE,CAD
SEC00108,2026-05-03,36.37,Refinitiv,EUR
SEC00108,2026-05-04,37.04,Bloomberg,CAD
SEC00108,2026-05-05,37.02,Bloomberg,USD
SEC00108,2026-05-06,36.73,Refinitiv,CAD
SEC00108,2026-05-07,38.1,Bloomberg,JPY
SEC00108,2026-05-08,38.6,Bloomberg,INR
SEC00108,2026-05-09,38.32,ICE,JPY
SEC00108,2026-05-10,39.0,Bloomberg,USD
SEC00108,2026-05-11,38.99,ICE,USD
SEC00108,2026-05-12,38.71,Bloomberg,CAD
SEC00108,2026-05-13,38.3,Refinitiv,JPY
SEC00108,2026-05-14,38.53,ICE,GBP
SEC00108,2026-05-15,38.13,Bloomberg,JPY
SEC00108,2026-05-16,38.25,Bloomberg,EUR
SEC00108,2026-05-17,38.88,Refinitiv,CAD
SEC00108,2026-05-18,38.98,Refinitiv,INR
SEC00108,2026-05-19,40.39,Bloomberg,USD
SEC00109,2026-03-20,70.0,Refinitiv,EUR
SEC00109,2026-03-21,70.09,Refinitiv,INR
SEC00109,2026-03-22,71.46,Bloomberg,USD
SEC00109,2026-03-23,72.36,Refinitiv,JPY
SEC00109,2026-03-24,72.16,Refinitiv,CAD
SEC00109,2026-03-25,73.02,Bloomberg,INR
SEC00109,2026-03-26,71.03,Bloomberg,GBP
SEC00109,2026-03-27,72.42,Refinitiv,GBP
SEC00109,2026-03-28,72.49,Bloomberg,EUR
SEC00109,2026-03-29,70.96,ICE,CAD
SEC00109,2026-03-30,70.46,Bloomberg,EUR
SEC00109,2026-03-31,71.81,ICE,USD
SEC00109,2026-04-01,70.85,Refinitiv,EUR
SEC00109,2026-04-02,71.41,ICE,INR
SEC00109,2026-04-03,72.58,ICE,USD
SEC00109,2026-04-04,72.65,Bloomberg,INR
SEC00109,2026-04-05,71.55,Bloomberg,GBP
SEC00109,2026-04-06,71.51,Bloomberg,USD
SEC00109,2026-04-07,69.73,ICE,EUR
SEC00109,2026-04-08,69.15,Bloomberg,CAD
SEC00109,2026-04-09,67.81,ICE,EUR
SEC00109,2026-04-10,67.78,ICE,CAD
SEC00109,2026-04-11,66.27,Refinitiv,GBP
SEC00109,2026-04-12,66.4,Refinitiv,USD
SEC00109,2026-04-13,67.79,ICE,USD
SEC00109,2026-04-14,69.28,ICE,JPY
SEC00109,2026-04-15,67.76,Bloomberg,GBP
SEC00109,2026-04-16,66.98,Bloomberg,CAD
SEC00109,2026-04-17,68.05,Refinitiv,GBP
SEC00109,2026-04-18,68.94,Bloomberg,USD
SEC00109,2026-04-19,68.21,Refinitiv,JPY
SEC00109,2026-04-20,67.65,ICE,JPY
SEC00109,2026-04-21,67.78,Refinitiv,GBP
SEC00109,2026-04-22,65.58,Bloomberg,JPY
SEC00109,2026-04-23,66.23,Bloomberg,USD
SEC00109,2026-04-24,67.56,ICE,USD
SEC00109,2026-04-25,67.12,Bloomberg,JPY
SEC00109,2026-04-26,65.44,Bloomberg,INR
SEC00109,2026-04-27,67.13,Refinitiv,USD
SEC00109,2026-04-28,67.43,Refinitiv,INR
SEC00109,2026-04-29,68.33,Refinitiv,INR
SEC00109,2026-04-30,66.74,Refinitiv,GBP
SEC00109,2026-05-01,65.19,Refinitiv,GBP
SEC00109,2026-05-02,65.71,Bloomberg,GBP
SEC00109,2026-05-03,66.95,Refinitiv,INR
SEC00109,2026-05-04,65.63,ICE,JPY
SEC00109,2026-05-05,65.54,Refinitiv,JPY
SEC00109,2026-05-06,63.7,ICE,CAD
SEC00109,2026-05-07,62.93,Bloomberg,EUR
SEC00109,2026-05-08,62.67,Refinitiv,JPY
SEC00109,2026-05-09,63.25,ICE,INR
SEC00109,2026-05-10,60.88,Refinitiv,INR
SEC00109,2026-05-11,62.36,Bloomberg,EUR
SEC00109,2026-05-12,62.2,Refinitiv,JPY
SEC00109,2026-05-13,63.68,ICE,JPY
SEC00109,2026-05-14,64.51,Refinitiv,JPY
SEC00109,2026-05-15,65.54,Bloomberg,GBP
SEC00109,2026-05-16,67.95,Bloomberg,USD
SEC00109,2026-05-17,67.03,Refinitiv,USD
SEC00109,2026-05-18,67.23,Bloomberg,CAD
SEC00109,2026-05-19,66.06,ICE,JPY
SEC00110,2026-03-20,28.22,ICE,EUR
SEC00110,2026-03-21,27.89,Refinitiv,INR
SEC00110,2026-03-22,27.88,ICE,CAD
SEC00110,2026-03-23,27.07,ICE,INR
SEC00110,2026-03-24,26.88,ICE,CAD
SEC00110,2026-03-25,26.8,Refinitiv,EUR
SEC00110,2026-03-26,26.97,ICE,USD
SEC00110,2026-03-27,27.28,Bloomberg,USD
SEC00110,2026-03-28,27.49,ICE,CAD
SEC00110,2026-03-29,28.39,Refinitiv,USD
SEC00110,2026-03-30,28.96,Bloomberg,JPY
SEC00110,2026-03-31,29.09,Refinitiv,INR
SEC00110,2026-04-01,28.6,ICE,GBP
SEC00110,2026-04-02,28.27,Refinitiv,USD
SEC00110,2026-04-03,27.55,Bloomberg,GBP
SEC00110,2026-04-04,27.64,Bloomberg,USD
SEC00110,2026-04-05,27.82,ICE,USD
SEC00110,2026-04-06,28.28,Bloomberg,INR
SEC00110,2026-04-07,28.43,Bloomberg,EUR
SEC00110,2026-04-08,28.99,ICE,USD
SEC00110,2026-04-09,29.56,Bloomberg,JPY
SEC00110,2026-04-10,29.03,Bloomberg,JPY
SEC00110,2026-04-11,28.77,Refinitiv,EUR
SEC00110,2026-04-12,28.78,Refinitiv,USD
SEC00110,2026-04-13,28.43,Refinitiv,GBP
SEC00110,2026-04-14,28.32,Bloomberg,INR
SEC00110,2026-04-15,28.49,Refinitiv,USD
SEC00110,2026-04-16,28.44,Refinitiv,INR
SEC00110,2026-04-17,28.45,Refinitiv,GBP
SEC00110,2026-04-18,27.98,Bloomberg,USD
SEC00110,2026-04-19,28.25,Bloomberg,EUR
SEC00110,2026-04-20,28.49,Refinitiv,GBP
SEC00110,2026-04-21,28.11,Bloomberg,JPY
SEC00110,2026-04-22,27.47,ICE,CAD
SEC00110,2026-04-23,28.09,ICE,GBP
SEC00110,2026-04-24,28.99,Refinitiv,USD
SEC00110,2026-04-25,29.13,ICE,GBP
SEC00110,2026-04-26,28.95,Refinitiv,EUR
SEC00110,2026-04-27,29.51,Bloomberg,INR
SEC00110,2026-04-28,29.78,Refinitiv,JPY
SEC00110,2026-04-29,29.68,ICE,EUR
SEC00110,2026-04-30,30.21,Bloomberg,INR
SEC00110,2026-05-01,29.79,Refinitiv,GBP
SEC00110,2026-05-02,29.43,Refinitiv,CAD
SEC00110,2026-05-03,29.64,Bloomberg,INR
SEC00110,2026-05-04,29.71,Refinitiv,INR
SEC00110,2026-05-05,30.07,ICE,USD
SEC00110,2026-05-06,30.73,Bloomberg,USD
SEC00110,2026-05-07,29.89,Bloomberg,GBP
SEC00110,2026-05-08,29.92,Bloomberg,INR
SEC00110,2026-05-09,30.96,ICE,GBP
SEC00110,2026-05-10,30.64,Refinitiv,EUR
SEC00110,2026-05-11,30.27,Refinitiv,EUR
SEC00110,2026-05-12,29.06,ICE,EUR
SEC00110,2026-05-13,29.13,ICE,CAD
SEC00110,2026-05-14,29.45,Bloomberg,JPY
SEC00110,2026-05-15,29.77,ICE,CAD
SEC00110,2026-05-16,29.23,Refinitiv,JPY
SEC00110,2026-05-17,29.24,Bloomberg,EUR
SEC00110,2026-05-18,29.37,Bloomberg,EUR
SEC00110,2026-05-19,29.41,Refinitiv,INR
SEC00111,2026-03-20,30.6,ICE,EUR
SEC00111,2026-03-21,30.82,ICE,USD
SEC00111,2026-03-22,30.73,Bloomberg,INR
SEC00111,2026-03-23,31.23,ICE,CAD
SEC00111,2026-03-24,30.74,Bloomberg,INR
SEC00111,2026-03-25,30.15,Bloomberg,JPY
SEC00111,2026-03-26,30.59,Bloomberg,JPY
SEC00111,2026-03-27,30.44,Bloomberg,USD
SEC00111,2026-03-28,30.92,ICE,JPY
SEC00111,2026-03-29,30.96,Refinitiv,GBP
SEC00111,2026-03-30,32.02,ICE,INR
SEC00111,2026-03-31,32.47,Refinitiv,USD
SEC00111,2026-04-01,32.73,ICE,EUR
SEC00111,2026-04-02,33.21,Bloomberg,JPY
SEC00111,2026-04-03,33.07,ICE,EUR
SEC00111,2026-04-04,32.11,Bloomberg,GBP
SEC00111,2026-04-05,32.33,ICE,JPY
SEC00111,2026-04-06,33.48,ICE,EUR
SEC00111,2026-04-07,32.11,ICE,INR
SEC00111,2026-04-08,32.4,ICE,CAD
SEC00111,2026-04-09,31.52,Bloomberg,EUR
SEC00111,2026-04-10,31.52,Refinitiv,GBP
SEC00111,2026-04-11,31.58,Bloomberg,EUR
SEC00111,2026-04-12,32.03,Refinitiv,INR
SEC00111,2026-04-13,32.16,Bloomberg,INR
SEC00111,2026-04-14,32.97,ICE,USD
SEC00111,2026-04-15,33.68,ICE,INR
SEC00111,2026-04-16,33.58,ICE,INR
SEC00111,2026-04-17,34.26,ICE,GBP
SEC00111,2026-04-18,34.08,Refinitiv,JPY
SEC00111,2026-04-19,33.8,Bloomberg,USD
SEC00111,2026-04-20,33.09,ICE,EUR
SEC00111,2026-04-21,33.88,Bloomberg,USD
SEC00111,2026-04-22,33.72,Refinitiv,JPY
SEC00111,2026-04-23,32.27,ICE,GBP
SEC00111,2026-04-24,32.6,Refinitiv,INR
SEC00111,2026-04-25,32.36,Bloomberg,USD
SEC00111,2026-04-26,32.2,Bloomberg,CAD
SEC00111,2026-04-27,32.08,ICE,EUR
SEC00111,2026-04-28,31.9,Bloomberg,CAD
SEC00111,2026-04-29,33.48,Refinitiv,GBP
SEC00111,2026-04-30,34.5,Refinitiv,GBP
SEC00111,2026-05-01,34.96,ICE,EUR
SEC00111,2026-05-02,35.12,ICE,EUR
SEC00111,2026-05-03,35.86,Bloomberg,GBP
SEC00111,2026-05-04,36.03,ICE,USD
SEC00111,2026-05-05,36.58,Bloomberg,GBP
SEC00111,2026-05-06,36.96,Bloomberg,GBP
SEC00111,2026-05-07,37.07,Refinitiv,JPY
SEC00111,2026-05-08,37.71,Bloomberg,JPY
SEC00111,2026-05-09,37.45,ICE,GBP
SEC00111,2026-05-10,37.51,ICE,EUR
SEC00111,2026-05-11,36.86,ICE,JPY
SEC00111,2026-05-12,36.31,Bloomberg,CAD
SEC00111,2026-05-13,34.67,ICE,GBP
SEC00111,2026-05-14,34.98,Refinitiv,CAD
SEC00111,2026-05-15,35.45,Bloomberg,USD
SEC00111,2026-05-16,36.16,ICE,EUR
SEC00111,2026-05-17,35.46,ICE,INR
SEC00111,2026-05-18,35.76,ICE,INR
SEC00111,2026-05-19,35.78,ICE,JPY
SEC00112,2026-03-20,56.72,Bloomberg,EUR
SEC00112,2026-03-21,55.88,Refinitiv,CAD
SEC00112,2026-03-22,55.22,Refinitiv,JPY
SEC00112,2026-03-23,55.46,ICE,USD
SEC00112,2026-03-24,56.77,Refinitiv,GBP
SEC00112,2026-03-25,56.81,Bloomberg,GBP
SEC00112,2026-03-26,56.29,ICE,INR
SEC00112,2026-03-27,54.22,Bloomberg,CAD
SEC00112,2026-03-28,54.69,ICE,CAD
SEC00112,2026-03-29,54.75,Bloomberg,CAD
SEC00112,2026-03-30,54.23,Bloomberg,USD
SEC00112,2026-03-31,55.4,Refinitiv,INR
SEC00112,2026-04-01,54.24,ICE,JPY
SEC00112,2026-04-02,53.6,Bloomberg,CAD
SEC00112,2026-04-03,53.39,Bloomberg,INR
SEC00112,2026-04-04,52.87,Bloomberg,JPY
SEC00112,2026-04-05,53.43,Bloomberg,CAD
SEC00112,2026-04-06,53.9,Bloomberg,CAD
SEC00112,2026-04-07,54.94,ICE,USD
SEC00112,2026-04-08,55.47,ICE,GBP
SEC00112,2026-04-09,55.38,Bloomberg,EUR
SEC00112,2026-04-10,55.07,Bloomberg,CAD
SEC00112,2026-04-11,55.55,Bloomberg,GBP
SEC00112,2026-04-12,55.39,Refinitiv,GBP
SEC00112,2026-04-13,55.46,Bloomberg,JPY
SEC00112,2026-04-14,56.0,ICE,INR
SEC00112,2026-04-15,56.17,Bloomberg,CAD
SEC00112,2026-04-16,56.51,Refinitiv,EUR
SEC00112,2026-04-17,55.73,ICE,CAD
SEC00112,2026-04-18,57.11,Bloomberg,EUR
SEC00112,2026-04-19,56.0,ICE,GBP
SEC00112,2026-04-20,56.47,ICE,GBP
SEC00112,2026-04-21,56.01,Bloomberg,GBP
SEC00112,2026-04-22,57.13,ICE,CAD
SEC00112,2026-04-23,58.06,Refinitiv,INR
SEC00112,2026-04-24,58.09,Bloomberg,EUR
SEC00112,2026-04-25,59.75,ICE,USD
SEC00112,2026-04-26,59.57,ICE,CAD
SEC00112,2026-04-27,60.55,Bloomberg,JPY
SEC00112,2026-04-28,59.79,Refinitiv,JPY
SEC00112,2026-04-29,60.25,ICE,USD
SEC00112,2026-04-30,59.27,ICE,EUR
SEC00112,2026-05-01,59.32,Refinitiv,GBP
SEC00112,2026-05-02,59.3,Refinitiv,INR
SEC00112,2026-05-03,60.26,Refinitiv,GBP
SEC00112,2026-05-04,59.57,Refinitiv,JPY
SEC00112,2026-05-05,62.89,Bloomberg,JPY
SEC00112,2026-05-06,61.36,Refinitiv,USD
SEC00112,2026-05-07,61.65,Refinitiv,JPY
SEC00112,2026-05-08,62.0,ICE,GBP
SEC00112,2026-05-09,62.63,ICE,EUR
SEC00112,2026-05-10,62.08,Refinitiv,CAD
SEC00112,2026-05-11,62.38,Refinitiv,INR
SEC00112,2026-05-12,61.78,Refinitiv,INR
SEC00112,2026-05-13,63.89,ICE,CAD
SEC00112,2026-05-14,63.19,ICE,EUR
SEC00112,2026-05-15,63.06,ICE,GBP
SEC00112,2026-05-16,62.34,ICE,USD
SEC00112,2026-05-17,61.47,ICE,EUR
SEC00112,2026-05-18,59.95,Bloomberg,JPY
SEC00112,2026-05-19,60.7,Refinitiv,USD
SEC00113,2026-03-20,35.99,Refinitiv,JPY
SEC00113,2026-03-21,36.53,ICE,GBP
SEC00113,2026-03-22,36.76,Refinitiv,EUR
SEC00113,2026-03-23,36.95,Refinitiv,GBP
SEC00113,2026-03-24,36.72,Refinitiv,CAD
SEC00113,2026-03-25,36.78,ICE,EUR
SEC00113,2026-03-26,36.31,Refinitiv,USD
SEC00113,2026-03-27,35.83,ICE,INR
SEC00113,2026-03-28,36.95,ICE,JPY
SEC00113,2026-03-29,37.56,ICE,USD
SEC00113,2026-03-30,37.2,Refinitiv,GBP
SEC00113,2026-03-31,36.22,ICE,EUR
SEC00113,2026-04-01,35.13,Bloomberg,USD
SEC00113,2026-04-02,34.74,ICE,GBP
SEC00113,2026-04-03,34.83,Bloomberg,EUR
SEC00113,2026-04-04,34.92,Refinitiv,GBP
SEC00113,2026-04-05,35.03,Refinitiv,USD
SEC00113,2026-04-06,35.26,ICE,INR
SEC00113,2026-04-07,34.62,Bloomberg,GBP
SEC00113,2026-04-08,35.57,Bloomberg,USD
SEC00113,2026-04-09,35.47,ICE,USD
SEC00113,2026-04-10,35.67,Refinitiv,CAD
SEC00113,2026-04-11,35.27,Bloomberg,INR
SEC00113,2026-04-12,35.48,Bloomberg,CAD
SEC00113,2026-04-13,36.83,ICE,CAD
SEC00113,2026-04-14,36.19,Refinitiv,CAD
SEC00113,2026-04-15,35.48,ICE,GBP
SEC00113,2026-04-16,34.95,ICE,EUR
SEC00113,2026-04-17,34.76,ICE,CAD
SEC00113,2026-04-18,34.45,Refinitiv,EUR
SEC00113,2026-04-19,33.82,Bloomberg,JPY
SEC00113,2026-04-20,33.8,ICE,JPY
SEC00113,2026-04-21,34.77,Refinitiv,USD
SEC00113,2026-04-22,34.7,Bloomberg,EUR
SEC00113,2026-04-23,34.65,ICE,JPY
SEC00113,2026-04-24,34.88,Refinitiv,JPY
SEC00113,2026-04-25,35.31,Refinitiv,USD
SEC00113,2026-04-26,36.2,Refinitiv,INR
SEC00113,2026-04-27,36.37,ICE,GBP
SEC00113,2026-04-28,36.39,Bloomberg,CAD
SEC00113,2026-04-29,35.76,Refinitiv,USD
SEC00113,2026-04-30,36.25,Refinitiv,USD
SEC00113,2026-05-01,35.72,ICE,INR
SEC00113,2026-05-02,35.17,Refinitiv,JPY
SEC00113,2026-05-03,35.31,Refinitiv,GBP
SEC00113,2026-05-04,36.31,ICE,INR
SEC00113,2026-05-05,36.8,Refinitiv,CAD
SEC00113,2026-05-06,36.8,Bloomberg,CAD
SEC00113,2026-05-07,36.17,Bloomberg,EUR
SEC00113,2026-05-08,37.18,Refinitiv,USD
SEC00113,2026-05-09,37.16,Refinitiv,GBP
SEC00113,2026-05-10,36.98,Bloomberg,EUR
SEC00113,2026-05-11,37.37,Refinitiv,USD
SEC00113,2026-05-12,37.09,ICE,GBP
SEC00113,2026-05-13,36.6,ICE,EUR
SEC00113,2026-05-14,36.19,Refinitiv,USD
SEC00113,2026-05-15,35.78,Bloomberg,INR
SEC00113,2026-05-16,35.07,Refinitiv,CAD
SEC00113,2026-05-17,34.3,ICE,USD
SEC00113,2026-05-18,34.92,Refinitiv,INR
SEC00113,2026-05-19,35.36,Bloomberg,CAD
SEC00114,2026-03-20,100.98,ICE,INR
SEC00114,2026-03-21,97.53,ICE,JPY
SEC00114,2026-03-22,96.91,ICE,CAD
SEC00114,2026-03-23,92.98,Refinitiv,CAD
SEC00114,2026-03-24,94.13,ICE,USD
SEC00114,2026-03-25,93.03,ICE,JPY
SEC00114,2026-03-26,92.28,ICE,JPY
SEC00114,2026-03-27,94.23,Bloomberg,GBP
SEC00114,2026-03-28,92.02,ICE,CAD
SEC00114,2026-03-29,89.45,Bloomberg,EUR
SEC00114,2026-03-30,85.83,Bloomberg,JPY
SEC00114,2026-03-31,87.84,Bloomberg,CAD
SEC00114,2026-04-01,89.52,ICE,CAD
SEC00114,2026-04-02,89.09,Bloomberg,EUR
SEC00114,2026-04-03,87.09,Refinitiv,INR
SEC00114,2026-04-04,88.44,Refinitiv,GBP
SEC00114,2026-04-05,92.87,Bloomberg,EUR
SEC00114,2026-04-06,92.52,Refinitiv,INR
SEC00114,2026-04-07,90.57,ICE,GBP
SEC00114,2026-04-08,92.64,ICE,EUR
SEC00114,2026-04-09,90.79,ICE,USD
SEC00114,2026-04-10,90.24,ICE,CAD
SEC00114,2026-04-11,86.0,Bloomberg,INR
SEC00114,2026-04-12,85.57,Bloomberg,CAD
SEC00114,2026-04-13,83.65,Refinitiv,GBP
SEC00114,2026-04-14,85.58,ICE,CAD
SEC00114,2026-04-15,84.12,Bloomberg,CAD
SEC00114,2026-04-16,85.35,Bloomberg,INR
SEC00114,2026-04-17,85.23,ICE,JPY
SEC00114,2026-04-18,85.46,Refinitiv,GBP
SEC00114,2026-04-19,86.31,Refinitiv,JPY
SEC00114,2026-04-20,86.27,ICE,GBP
SEC00114,2026-04-21,85.31,Refinitiv,INR
SEC00114,2026-04-22,84.1,ICE,CAD
SEC00114,2026-04-23,84.91,Refinitiv,CAD
SEC00114,2026-04-24,82.05,Refinitiv,USD
SEC00114,2026-04-25,84.57,Bloomberg,EUR
SEC00114,2026-04-26,84.81,Refinitiv,GBP
SEC00114,2026-04-27,84.34,Bloomberg,EUR
SEC00114,2026-04-28,84.79,Bloomberg,CAD
SEC00114,2026-04-29,83.92,Bloomberg,JPY
SEC00114,2026-04-30,83.69,Refinitiv,GBP
SEC00114,2026-05-01,82.03,Bloomberg,USD
SEC00114,2026-05-02,82.63,Bloomberg,INR
SEC00114,2026-05-03,82.55,Refinitiv,CAD
SEC00114,2026-05-04,82.87,Bloomberg,CAD
SEC00114,2026-05-05,85.12,Bloomberg,INR
SEC00114,2026-05-06,83.93,ICE,USD
SEC00114,2026-05-07,83.78,Refinitiv,CAD
SEC00114,2026-05-08,81.33,ICE,EUR
SEC00114,2026-05-09,82.18,Bloomberg,GBP
SEC00114,2026-05-10,82.19,Refinitiv,EUR
SEC00114,2026-05-11,82.26,Bloomberg,GBP
SEC00114,2026-05-12,82.07,Refinitiv,EUR
SEC00114,2026-05-13,81.26,ICE,EUR
SEC00114,2026-05-14,84.95,ICE,USD
SEC00114,2026-05-15,85.05,Refinitiv,CAD
SEC00114,2026-05-16,85.55,Bloomberg,JPY
SEC00114,2026-05-17,83.83,ICE,GBP
SEC00114,2026-05-18,85.21,Refinitiv,JPY
SEC00114,2026-05-19,85.06,Refinitiv,GBP
SEC00115,2026-03-20,29.84,Refinitiv,CAD
SEC00115,2026-03-21,29.76,Bloomberg,EUR
SEC00115,2026-03-22,29.72,Refinitiv,CAD
SEC00115,2026-03-23,29.31,ICE,USD
SEC00115,2026-03-24,29.72,Refinitiv,GBP
SEC00115,2026-03-25,30.12,Bloomberg,INR
SEC00115,2026-03-26,31.5,Bloomberg,INR
SEC00115,2026-03-27,30.76,Refinitiv,GBP
SEC00115,2026-03-28,29.81,Bloomberg,EUR
SEC00115,2026-03-29,30.93,Refinitiv,INR
SEC00115,2026-03-30,30.92,Refinitiv,USD
SEC00115,2026-03-31,30.68,Bloomberg,EUR
SEC00115,2026-04-01,30.8,Refinitiv,EUR
SEC00115,2026-04-02,30.04,ICE,EUR
SEC00115,2026-04-03,30.26,Refinitiv,GBP
SEC00115,2026-04-04,30.23,Bloomberg,CAD
SEC00115,2026-04-05,30.83,Bloomberg,USD
SEC00115,2026-04-06,31.32,Refinitiv,JPY
SEC00115,2026-04-07,31.86,Refinitiv,GBP
SEC00115,2026-04-08,31.99,ICE,GBP
SEC00115,2026-04-09,32.93,Refinitiv,CAD
SEC00115,2026-04-10,33.29,Refinitiv,JPY
SEC00115,2026-04-11,32.99,Refinitiv,JPY
SEC00115,2026-04-12,32.52,Refinitiv,CAD
SEC00115,2026-04-13,32.13,Bloomberg,USD
SEC00115,2026-04-14,32.49,Refinitiv,JPY
SEC00115,2026-04-15,31.72,Bloomberg,CAD
SEC00115,2026-04-16,31.83,Refinitiv,INR
SEC00115,2026-04-17,31.37,Refinitiv,GBP
SEC00115,2026-04-18,30.68,ICE,USD
SEC00115,2026-04-19,30.09,Bloomberg,INR
SEC00115,2026-04-20,30.09,ICE,EUR
SEC00115,2026-04-21,30.52,Refinitiv,GBP
SEC00115,2026-04-22,30.16,ICE,GBP
SEC00115,2026-04-23,29.05,Refinitiv,INR
SEC00115,2026-04-24,30.71,ICE,USD
SEC00115,2026-04-25,31.35,Refinitiv,EUR
SEC00115,2026-04-26,31.89,Bloomberg,INR
SEC00115,2026-04-27,32.84,Refinitiv,INR
SEC00115,2026-04-28,32.91,ICE,USD
SEC00115,2026-04-29,32.85,Refinitiv,USD
SEC00115,2026-04-30,33.67,ICE,CAD
SEC00115,2026-05-01,34.5,ICE,CAD
SEC00115,2026-05-02,34.9,Bloomberg,EUR
SEC00115,2026-05-03,35.47,ICE,JPY
SEC00115,2026-05-04,34.7,Refinitiv,EUR
SEC00115,2026-05-05,34.55,Bloomberg,USD
SEC00115,2026-05-06,35.63,ICE,EUR
SEC00115,2026-05-07,36.17,ICE,CAD
SEC00115,2026-05-08,35.23,Refinitiv,EUR
SEC00115,2026-05-09,34.91,Bloomberg,EUR
SEC00115,2026-05-10,35.9,Refinitiv,INR
SEC00115,2026-05-11,36.21,ICE,CAD
SEC00115,2026-05-12,36.35,Refinitiv,JPY
SEC00115,2026-05-13,36.5,Refinitiv,GBP
SEC00115,2026-05-14,36.47,Refinitiv,CAD
SEC00115,2026-05-15,36.14,Refinitiv,EUR
SEC00115,2026-05-16,35.62,Bloomberg,USD
SEC00115,2026-05-17,36.28,ICE,EUR
SEC00115,2026-05-18,36.46,Bloomberg,EUR
SEC00115,2026-05-19,36.94,Refinitiv,CAD
SEC00116,2026-03-20,61.64,ICE,JPY
SEC00116,2026-03-21,59.8,Bloomberg,INR
SEC00116,2026-03-22,60.82,ICE,INR
SEC00116,2026-03-23,60.02,Bloomberg,EUR
SEC00116,2026-03-24,60.21,Refinitiv,CAD
SEC00116,2026-03-25,60.07,ICE,USD
SEC00116,2026-03-26,58.39,Bloomberg,USD
SEC00116,2026-03-27,58.18,ICE,CAD
SEC00116,2026-03-28,56.94,Bloomberg,CAD
SEC00116,2026-03-29,56.3,Refinitiv,EUR
SEC00116,2026-03-30,56.77,ICE,USD
SEC00116,2026-03-31,57.51,Bloomberg,EUR
SEC00116,2026-04-01,57.52,Refinitiv,CAD
SEC00116,2026-04-02,56.64,Refinitiv,GBP
SEC00116,2026-04-03,56.0,Refinitiv,USD
SEC00116,2026-04-04,55.36,Refinitiv,INR
SEC00116,2026-04-05,53.26,Refinitiv,JPY
SEC00116,2026-04-06,53.36,Bloomberg,CAD
SEC00116,2026-04-07,51.78,Bloomberg,USD
SEC00116,2026-04-08,51.88,ICE,JPY
SEC00116,2026-04-09,50.54,Refinitiv,INR
SEC00116,2026-04-10,49.47,Bloomberg,EUR
SEC00116,2026-04-11,50.09,Bloomberg,JPY
SEC00116,2026-04-12,50.14,ICE,CAD
SEC00116,2026-04-13,48.46,Refinitiv,USD
SEC00116,2026-04-14,48.0,Bloomberg,EUR
SEC00116,2026-04-15,48.25,ICE,JPY
SEC00116,2026-04-16,47.74,ICE,CAD
SEC00116,2026-04-17,47.46,ICE,EUR
SEC00116,2026-04-18,47.7,Refinitiv,USD
SEC00116,2026-04-19,47.76,Refinitiv,EUR
SEC00116,2026-04-20,46.93,Bloomberg,USD
SEC00116,2026-04-21,46.97,Refinitiv,USD
SEC00116,2026-04-22,46.75,Refinitiv,EUR
SEC00116,2026-04-23,48.23,Bloomberg,USD
SEC00116,2026-04-24,48.16,Refinitiv,EUR
SEC00116,2026-04-25,48.3,Refinitiv,CAD
SEC00116,2026-04-26,48.55,ICE,USD
SEC00116,2026-04-27,48.3,Bloomberg,CAD
SEC00116,2026-04-28,47.69,ICE,GBP
SEC00116,2026-04-29,48.11,Refinitiv,GBP
SEC00116,2026-04-30,48.54,Refinitiv,EUR
SEC00116,2026-05-01,50.39,ICE,GBP
SEC00116,2026-05-02,51.08,Bloomberg,EUR
SEC00116,2026-05-03,51.81,ICE,EUR
SEC00116,2026-05-04,52.5,ICE,INR
SEC00116,2026-05-05,51.88,ICE,USD
SEC00116,2026-05-06,50.73,Refinitiv,CAD
SEC00116,2026-05-07,49.84,Bloomberg,USD
SEC00116,2026-05-08,50.48,Bloomberg,USD
SEC00116,2026-05-09,51.8,ICE,GBP
SEC00116,2026-05-10,52.51,Bloomberg,INR
SEC00116,2026-05-11,52.37,Bloomberg,USD
SEC00116,2026-05-12,53.98,ICE,JPY
SEC00116,2026-05-13,53.58,Refinitiv,CAD
SEC00116,2026-05-14,52.5,Bloomberg,JPY
SEC00116,2026-05-15,52.76,ICE,USD
SEC00117,2026-03-20,69.62,Bloomberg,EUR
SEC00117,2026-03-21,71.37,ICE,EUR
SEC00117,2026-03-22,73.01,ICE,EUR
SEC00117,2026-03-23,74.15,Refinitiv,CAD
SEC00117,2026-03-24,73.39,Bloomberg,GBP
SEC00117,2026-03-25,72.44,ICE,EUR
SEC00117,2026-03-26,71.51,Bloomberg,USD
SEC00117,2026-03-27,70.08,Bloomberg,EUR
SEC00117,2026-03-28,71.3,ICE,JPY
SEC00117,2026-03-29,73.23,Bloomberg,INR
SEC00117,2026-03-30,73.83,Refinitiv,EUR
SEC00117,2026-03-31,74.94,Bloomberg,EUR
SEC00117,2026-04-01,75.37,ICE,INR
SEC00117,2026-04-02,76.18,Refinitiv,GBP
SEC00117,2026-04-03,73.32,Refinitiv,CAD
SEC00117,2026-04-04,73.77,Refinitiv,JPY
SEC00117,2026-04-05,73.24,Bloomberg,GBP
SEC00117,2026-04-06,73.23,Bloomberg,GBP
SEC00117,2026-04-07,73.56,ICE,INR
SEC00117,2026-04-08,72.65,ICE,GBP
SEC00117,2026-04-09,71.28,ICE,INR
SEC00117,2026-04-10,70.36,ICE,INR
SEC00117,2026-04-11,68.56,Refinitiv,GBP
SEC00117,2026-04-12,67.17,Refinitiv,GBP
SEC00117,2026-04-13,65.97,ICE,CAD
SEC00117,2026-04-14,64.3,Bloomberg,JPY
SEC00117,2026-04-15,64.94,Refinitiv,USD
SEC00117,2026-04-16,63.92,Bloomberg,INR
SEC00117,2026-04-17,61.81,Refinitiv,USD
SEC00117,2026-04-18,61.4,ICE,EUR
SEC00117,2026-04-19,60.2,Refinitiv,EUR
SEC00117,2026-04-20,61.81,ICE,CAD
SEC00117,2026-04-21,61.99,ICE,USD
SEC00117,2026-04-22,60.38,ICE,JPY
SEC00117,2026-04-23,61.02,ICE,USD
SEC00117,2026-04-24,61.15,ICE,EUR
SEC00117,2026-04-25,60.92,Refinitiv,CAD
SEC00117,2026-04-26,62.67,ICE,JPY
SEC00117,2026-04-27,61.6,ICE,GBP
SEC00117,2026-04-28,62.78,ICE,USD
SEC00117,2026-04-29,62.35,Refinitiv,USD
SEC00117,2026-04-30,62.36,Refinitiv,JPY
SEC00117,2026-05-01,61.55,ICE,CAD
SEC00117,2026-05-02,60.82,ICE,CAD
SEC00117,2026-05-03,60.38,Bloomberg,JPY
SEC00117,2026-05-04,58.34,Refinitiv,USD
SEC00117,2026-05-05,58.73,Refinitiv,USD
SEC00117,2026-05-06,58.88,Refinitiv,EUR
SEC00117,2026-05-07,57.33,ICE,EUR
SEC00117,2026-05-08,58.04,Refinitiv,JPY
SEC00117,2026-05-09,59.59,ICE,GBP
SEC00117,2026-05-10,58.9,Refinitiv,INR
SEC00117,2026-05-11,58.1,Bloomberg,JPY
SEC00117,2026-05-12,59.29,Refinitiv,CAD
SEC00117,2026-05-13,59.75,Refinitiv,INR
SEC00117,2026-05-14,59.64,ICE,USD
SEC00117,2026-05-15,60.54,Refinitiv,INR
SEC00117,2026-05-16,60.87,Refinitiv,EUR
SEC00117,2026-05-17,62.47,Refinitiv,USD
SEC00117,2026-05-18,62.48,ICE,USD
SEC00117,2026-05-19,62.99,Bloomberg,USD
SEC00118,2026-03-20,52.73,Bloomberg,INR
SEC00118,2026-03-21,53.24,Bloomberg,JPY
SEC00118,2026-03-22,53.49,ICE,JPY
SEC00118,2026-03-23,53.3,ICE,GBP
SEC00118,2026-03-24,53.48,Bloomberg,GBP
SEC00118,2026-03-25,54.4,Bloomberg,USD
SEC00118,2026-03-26,53.01,Refinitiv,USD
SEC00118,2026-03-27,53.1,Bloomberg,GBP
SEC00118,2026-03-28,51.88,Bloomberg,EUR
SEC00118,2026-03-29,51.99,Refinitiv,EUR
SEC00118,2026-03-30,51.77,Refinitiv,GBP
SEC00118,2026-03-31,51.78,Bloomberg,INR
SEC00118,2026-04-01,52.59,ICE,INR
SEC00118,2026-04-02,53.39,Bloomberg,JPY
SEC00118,2026-04-03,54.47,Bloomberg,USD
SEC00118,2026-04-04,54.1,Bloomberg,INR
SEC00118,2026-04-05,54.82,ICE,JPY
SEC00118,2026-04-06,55.34,ICE,GBP
SEC00118,2026-04-07,55.0,Bloomberg,CAD
SEC00118,2026-04-08,55.14,ICE,JPY
SEC00118,2026-04-09,55.04,Bloomberg,CAD
SEC00118,2026-04-10,56.45,Bloomberg,USD
SEC00118,2026-04-11,57.3,Bloomberg,CAD
SEC00118,2026-04-12,56.98,ICE,USD
SEC00118,2026-04-13,56.6,Refinitiv,JPY
SEC00118,2026-04-14,57.6,Refinitiv,EUR
SEC00118,2026-04-15,59.02,Bloomberg,USD
SEC00118,2026-04-16,59.38,ICE,JPY
SEC00118,2026-04-17,60.12,ICE,CAD
SEC00118,2026-04-18,61.56,Bloomberg,USD
SEC00118,2026-04-19,61.39,Refinitiv,EUR
SEC00118,2026-04-20,61.52,ICE,CAD
SEC00118,2026-04-21,62.09,ICE,EUR
SEC00118,2026-04-22,61.64,Refinitiv,INR
SEC00118,2026-04-23,63.55,Bloomberg,JPY
SEC00118,2026-04-24,63.09,Refinitiv,JPY
SEC00118,2026-04-25,63.19,Refinitiv,CAD
SEC00118,2026-04-26,65.4,Refinitiv,EUR
SEC00118,2026-04-27,63.24,Bloomberg,INR
SEC00118,2026-04-28,63.52,ICE,GBP
SEC00118,2026-04-29,62.79,ICE,GBP
SEC00118,2026-04-30,62.82,Refinitiv,USD
SEC00118,2026-05-01,61.49,Refinitiv,JPY
SEC00118,2026-05-02,61.11,Refinitiv,JPY
SEC00118,2026-05-03,61.17,Refinitiv,INR
SEC00118,2026-05-04,61.46,Bloomberg,JPY
SEC00118,2026-05-05,62.48,Refinitiv,GBP
SEC00118,2026-05-06,59.9,Refinitiv,INR
SEC00118,2026-05-07,59.8,ICE,EUR
SEC00118,2026-05-08,59.64,Bloomberg,GBP
SEC00118,2026-05-09,59.6,Bloomberg,USD
SEC00118,2026-05-10,59.66,Refinitiv,JPY
SEC00118,2026-05-11,58.8,ICE,INR
SEC00118,2026-05-12,57.19,Refinitiv,JPY
SEC00118,2026-05-13,57.45,Bloomberg,USD
SEC00118,2026-05-14,56.45,Refinitiv,GBP
SEC00118,2026-05-15,56.88,Bloomberg,CAD
SEC00118,2026-05-16,55.95,Refinitiv,JPY
SEC00118,2026-05-17,56.68,ICE,EUR
SEC00118,2026-05-18,56.65,Refinitiv,CAD
SEC00118,2026-05-19,56.69,Refinitiv,CAD
SEC00119,2026-03-20,42.08,Bloomberg,USD
SEC00119,2026-03-21,42.6,Bloomberg,JPY
SEC00119,2026-03-22,42.08,Refinitiv,JPY
SEC00119,2026-03-23,41.71,Refinitiv,CAD
SEC00119,2026-03-24,42.48,Bloomberg,GBP
SEC00119,2026-03-25,43.1,Bloomberg,USD
SEC00119,2026-03-26,41.96,Refinitiv,USD
SEC00119,2026-03-27,41.22,Refinitiv,CAD
SEC00119,2026-03-28,41.76,ICE,INR
SEC00119,2026-03-29,40.89,Bloomberg,JPY
SEC00119,2026-03-30,41.51,Refinitiv,GBP
SEC00119,2026-03-31,42.97,Refinitiv,USD
SEC00119,2026-04-01,43.28,ICE,CAD
SEC00119,2026-04-02,42.59,ICE,JPY
SEC00119,2026-04-03,42.74,Bloomberg,JPY
SEC00119,2026-04-04,43.56,ICE,USD
SEC00119,2026-04-05,43.66,Refinitiv,CAD
SEC00119,2026-04-06,44.06,ICE,GBP
SEC00119,2026-04-07,43.45,Bloomberg,EUR
SEC00119,2026-04-08,42.91,Refinitiv,EUR
SEC00119,2026-04-09,43.63,Refinitiv,USD
SEC00119,2026-04-10,43.09,Bloomberg,USD
SEC00119,2026-04-11,41.1,ICE,CAD
SEC00119,2026-04-12,40.9,Bloomberg,CAD
SEC00119,2026-04-13,41.15,Bloomberg,USD
SEC00119,2026-04-14,41.95,Bloomberg,EUR
SEC00119,2026-04-15,43.22,ICE,USD
SEC00119,2026-04-16,43.31,ICE,CAD
SEC00119,2026-04-17,43.84,Refinitiv,INR
SEC00119,2026-04-18,43.96,Refinitiv,CAD
SEC00119,2026-04-19,44.26,Bloomberg,CAD
SEC00119,2026-04-20,44.13,Refinitiv,CAD
SEC00119,2026-04-21,44.46,ICE,CAD
SEC00119,2026-04-22,43.9,ICE,GBP
SEC00119,2026-04-23,45.49,ICE,EUR
SEC00119,2026-04-24,43.55,Bloomberg,INR
SEC00119,2026-04-25,44.02,ICE,EUR
SEC00119,2026-04-26,44.3,ICE,INR
SEC00119,2026-04-27,44.62,ICE,GBP
SEC00119,2026-04-28,43.69,Refinitiv,JPY
SEC00119,2026-04-29,42.39,Bloomberg,EUR
SEC00119,2026-04-30,42.87,ICE,INR
SEC00119,2026-05-01,43.93,Refinitiv,USD
SEC00119,2026-05-02,44.13,Bloomberg,JPY
SEC00119,2026-05-03,44.79,Bloomberg,USD
SEC00119,2026-05-04,44.44,Refinitiv,CAD
SEC00119,2026-05-05,44.73,ICE,GBP
SEC00119,2026-05-06,45.74,ICE,JPY
SEC00119,2026-05-07,45.5,ICE,EUR
SEC00119,2026-05-08,46.5,Refinitiv,CAD
SEC00119,2026-05-09,45.15,ICE,CAD
SEC00119,2026-05-10,44.68,Bloomberg,JPY
SEC00119,2026-05-11,45.14,Bloomberg,GBP
SEC00119,2026-05-12,46.7,Bloomberg,INR
SEC00119,2026-05-13,46.74,ICE,USD
SEC00119,2026-05-14,45.89,ICE,CAD
SEC00119,2026-05-15,47.47,ICE,GBP
SEC00119,2026-05-16,47.39,ICE,CAD
SEC00119,2026-05-17,47.98,Refinitiv,GBP
SEC00119,2026-05-18,47.71,ICE,USD
SEC00119,2026-05-19,47.86,Refinitiv,USD
SEC00120,2026-03-20,54.76,ICE,GBP
SEC00120,2026-03-21,55.34,Bloomberg,JPY
SEC00120,2026-03-22,55.21,ICE,USD
SEC00120,2026-03-23,55.39,ICE,JPY
SEC00120,2026-03-24,56.64,Bloomberg,JPY
SEC00120,2026-03-25,56.23,Bloomberg,INR
SEC00120,2026-03-26,57.12,Bloomberg,USD
SEC00120,2026-03-27,58.64,ICE,JPY
SEC00120,2026-03-28,60.12,Refinitiv,INR
SEC00120,2026-03-29,59.95,Refinitiv,INR
SEC00120,2026-03-30,58.93,Refinitiv,USD
SEC00120,2026-03-31,58.21,ICE,CAD
SEC00120,2026-04-01,56.57,Bloomberg,JPY
SEC00120,2026-04-02,57.3,Bloomberg,EUR
SEC00120,2026-04-03,58.1,Refinitiv,GBP
SEC00120,2026-04-04,58.25,ICE,USD
SEC00120,2026-04-05,56.84,ICE,JPY
SEC00120,2026-04-06,56.49,ICE,INR
SEC00120,2026-04-07,57.92,ICE,INR
SEC00120,2026-04-08,58.59,Bloomberg,GBP
SEC00120,2026-04-09,59.44,ICE,CAD
SEC00120,2026-04-10,63.01,ICE,JPY
SEC00120,2026-04-11,63.42,Bloomberg,GBP
SEC00120,2026-04-12,60.99,Refinitiv,INR
SEC00120,2026-04-13,59.81,Bloomberg,GBP
SEC00120,2026-04-14,60.17,ICE,CAD
SEC00120,2026-04-15,60.22,Bloomberg,EUR
SEC00120,2026-04-16,60.06,Refinitiv,JPY
SEC00120,2026-04-17,59.92,ICE,INR
SEC00120,2026-04-18,59.11,Refinitiv,CAD
SEC00120,2026-04-19,59.53,Bloomberg,JPY
SEC00120,2026-04-20,61.06,Bloomberg,JPY
SEC00120,2026-04-21,62.99,ICE,CAD
SEC00120,2026-04-22,64.96,ICE,GBP
SEC00120,2026-04-23,63.87,ICE,GBP
SEC00120,2026-04-24,63.88,Bloomberg,EUR
SEC00120,2026-04-25,63.55,ICE,USD
SEC00120,2026-04-26,64.26,Refinitiv,GBP
SEC00120,2026-04-27,64.2,Refinitiv,INR
SEC00120,2026-04-28,63.97,Bloomberg,EUR
SEC00120,2026-04-29,65.67,Bloomberg,USD
SEC00120,2026-04-30,65.82,Bloomberg,USD
SEC00120,2026-05-01,66.0,Refinitiv,EUR
SEC00120,2026-05-02,66.53,Refinitiv,INR
SEC00120,2026-05-03,67.37,Refinitiv,USD
SEC00120,2026-05-04,68.23,Refinitiv,JPY
SEC00120,2026-05-05,70.17,Refinitiv,CAD
SEC00120,2026-05-06,68.58,Refinitiv,INR
SEC00120,2026-05-07,69.02,Refinitiv,JPY
SEC00120,2026-05-08,68.92,Bloomberg,CAD
SEC00120,2026-05-09,68.59,Bloomberg,CAD
SEC00120,2026-05-10,69.56,Refinitiv,GBP
SEC00120,2026-05-11,71.21,Refinitiv,USD
SEC00120,2026-05-12,70.49,Refinitiv,USD
SEC00120,2026-05-13,72.67,Refinitiv,USD
SEC00120,2026-05-14,70.83,Bloomberg,INR
SEC00120,2026-05-15,71.62,Bloomberg,GBP
SEC00120,2026-05-16,70.51,Refinitiv,JPY
SEC00120,2026-05-17,69.73,Refinitiv,GBP
SEC00120,2026-05-18,69.84,Refinitiv,JPY
SEC00120,2026-05-19,69.37,Bloomberg,CAD
SEC00121,2026-03-20,94.58,ICE,JPY
SEC00121,2026-03-21,90.74,ICE,JPY
SEC00121,2026-03-22,92.1,Bloomberg,INR
SEC00121,2026-03-23,92.79,Bloomberg,USD
SEC00121,2026-03-24,90.36,ICE,GBP
SEC00121,2026-03-25,91.83,Bloomberg,GBP
SEC00121,2026-03-26,89.76,Bloomberg,GBP
SEC00121,2026-03-27,91.66,ICE,GBP
SEC00121,2026-03-28,90.64,Bloomberg,CAD
SEC00121,2026-03-29,88.2,Refinitiv,USD
SEC00121,2026-03-30,91.62,Refinitiv,CAD
SEC00121,2026-03-31,89.11,Bloomberg,INR
SEC00121,2026-04-01,87.86,Refinitiv,INR
SEC00121,2026-04-02,86.94,Bloomberg,CAD
SEC00121,2026-04-03,86.27,ICE,JPY
SEC00121,2026-04-04,87.4,Bloomberg,USD
SEC00121,2026-04-05,87.54,ICE,INR
SEC00121,2026-04-06,89.16,ICE,GBP
SEC00121,2026-04-07,89.8,ICE,INR
SEC00121,2026-04-08,87.14,Refinitiv,INR
SEC00121,2026-04-09,88.05,Bloomberg,INR
SEC00121,2026-04-10,88.46,Refinitiv,INR
SEC00121,2026-04-11,87.51,ICE,USD
SEC00121,2026-04-12,90.82,ICE,INR
SEC00121,2026-04-13,91.86,Bloomberg,EUR
SEC00121,2026-04-14,93.47,ICE,GBP
SEC00121,2026-04-15,95.16,Bloomberg,CAD
SEC00121,2026-04-16,94.49,Refinitiv,GBP
SEC00121,2026-04-17,95.61,Refinitiv,GBP
SEC00121,2026-04-18,96.2,Bloomberg,JPY
SEC00121,2026-04-19,95.28,ICE,CAD
SEC00121,2026-04-20,93.24,Refinitiv,USD
SEC00121,2026-04-21,93.32,Bloomberg,EUR
SEC00121,2026-04-22,94.36,Bloomberg,USD
SEC00121,2026-04-23,94.43,ICE,GBP
SEC00121,2026-04-24,94.17,ICE,USD
SEC00121,2026-04-25,94.26,Bloomberg,INR
SEC00121,2026-04-26,93.82,Bloomberg,EUR
SEC00121,2026-04-27,96.49,Refinitiv,CAD
SEC00121,2026-04-28,97.0,Refinitiv,INR
SEC00121,2026-04-29,96.2,Refinitiv,CAD
SEC00121,2026-04-30,93.12,Refinitiv,USD
SEC00121,2026-05-01,92.84,Refinitiv,EUR
SEC00121,2026-05-02,91.92,Bloomberg,EUR
SEC00121,2026-05-03,90.95,Refinitiv,USD
SEC00121,2026-05-04,92.54,Bloomberg,JPY
SEC00121,2026-05-05,92.72,Bloomberg,INR
SEC00121,2026-05-06,89.96,ICE,EUR
SEC00121,2026-05-07,91.0,Bloomberg,EUR
SEC00121,2026-05-08,88.46,Bloomberg,EUR
SEC00121,2026-05-09,89.6,ICE,INR
SEC00121,2026-05-10,88.88,ICE,INR
SEC00121,2026-05-11,64.13,ICE,JPY
SEC00121,2026-05-12,89.07,Bloomberg,INR
SEC00121,2026-05-13,88.88,Refinitiv,CAD
SEC00121,2026-05-14,89.26,ICE,JPY
SEC00121,2026-05-15,89.43,ICE,JPY
SEC00122,2026-03-20,57.06,Refinitiv,CAD
SEC00122,2026-03-21,58.29,Refinitiv,GBP
SEC00122,2026-03-22,57.31,Refinitiv,CAD
SEC00122,2026-03-23,58.84,ICE,JPY
SEC00122,2026-03-24,58.72,ICE,INR
SEC00122,2026-03-25,58.9,Refinitiv,EUR
SEC00122,2026-03-26,57.8,Bloomberg,JPY
SEC00122,2026-03-27,58.42,ICE,GBP
SEC00122,2026-03-28,57.44,Refinitiv,GBP
SEC00122,2026-03-29,57.85,Refinitiv,INR
SEC00122,2026-03-30,58.17,Refinitiv,JPY
SEC00122,2026-03-31,57.86,Refinitiv,EUR
SEC00122,2026-04-01,55.73,ICE,JPY
SEC00122,2026-04-02,57.93,Refinitiv,EUR
SEC00122,2026-04-03,56.86,ICE,INR
SEC00122,2026-04-04,57.17,ICE,INR
SEC00122,2026-04-05,56.44,Refinitiv,JPY
SEC00122,2026-04-06,57.54,Bloomberg,INR
SEC00122,2026-04-07,57.17,Bloomberg,JPY
SEC00122,2026-04-08,56.43,Bloomberg,JPY
SEC00122,2026-04-09,57.06,Bloomberg,CAD
SEC00122,2026-04-10,55.78,Bloomberg,INR
SEC00122,2026-04-11,55.4,ICE,CAD
SEC00122,2026-04-12,56.11,Bloomberg,INR
SEC00122,2026-04-13,57.66,Bloomberg,INR
SEC00122,2026-04-14,56.69,Refinitiv,INR
SEC00122,2026-04-15,56.1,ICE,GBP
SEC00122,2026-04-16,56.48,Refinitiv,INR
SEC00122,2026-04-17,54.48,ICE,GBP
SEC00122,2026-04-18,55.84,ICE,GBP
SEC00122,2026-04-19,75.71,ICE,JPY
SEC00122,2026-04-20,54.45,ICE,INR
SEC00122,2026-04-21,54.74,ICE,CAD
SEC00122,2026-04-22,54.82,Refinitiv,INR
SEC00122,2026-04-23,53.89,ICE,JPY
SEC00122,2026-04-24,55.59,Bloomberg,GBP
SEC00122,2026-04-25,53.04,Bloomberg,USD
SEC00122,2026-04-26,52.0,ICE,INR
SEC00122,2026-04-27,51.43,Refinitiv,GBP
SEC00122,2026-04-28,50.57,Bloomberg,GBP
SEC00122,2026-04-29,51.71,Bloomberg,JPY
SEC00122,2026-04-30,50.19,Refinitiv,CAD
SEC00122,2026-05-01,51.62,ICE,JPY
SEC00122,2026-05-02,51.39,ICE,EUR
SEC00122,2026-05-03,50.16,Bloomberg,JPY
SEC00122,2026-05-04,48.28,Bloomberg,CAD
SEC00122,2026-05-05,48.12,Bloomberg,CAD
SEC00122,2026-05-06,47.54,ICE,EUR
SEC00122,2026-05-07,47.76,Refinitiv,JPY
SEC00122,2026-05-08,47.4,ICE,GBP
SEC00122,2026-05-09,48.24,Refinitiv,GBP
SEC00122,2026-05-10,48.14,Bloomberg,INR
SEC00122,2026-05-11,47.8,Bloomberg,EUR
SEC00122,2026-05-12,48.66,Bloomberg,JPY
SEC00122,2026-05-13,48.88,ICE,INR
SEC00122,2026-05-14,49.59,Refinitiv,GBP
SEC00122,2026-05-15,50.64,ICE,GBP
SEC00122,2026-05-16,50.4,Bloomberg,INR
SEC00122,2026-05-17,50.46,ICE,EUR
SEC00122,2026-05-18,51.25,Bloomberg,GBP
SEC00122,2026-05-19,49.01,Refinitiv,EUR
SEC00123,2026-03-20,67.51,Bloomberg,GBP
SEC00123,2026-03-21,65.83,Refinitiv,JPY
SEC00123,2026-03-22,65.55,Refinitiv,USD
SEC00123,2026-03-23,66.12,ICE,EUR
SEC00123,2026-03-24,64.48,Bloomberg,GBP
SEC00123,2026-03-25,65.19,Bloomberg,GBP
SEC00123,2026-03-26,66.61,ICE,INR
SEC00123,2026-03-27,68.42,Bloomberg,EUR
SEC00123,2026-03-28,68.87,Refinitiv,CAD
SEC00123,2026-03-29,66.66,Refinitiv,CAD
SEC00123,2026-03-30,67.47,Bloomberg,CAD
SEC00123,2026-03-31,68.68,Bloomberg,INR
SEC00123,2026-04-01,67.86,Bloomberg,CAD
SEC00123,2026-04-02,67.8,Bloomberg,GBP
SEC00123,2026-04-03,68.43,Refinitiv,USD
SEC00123,2026-04-04,70.66,Refinitiv,EUR
SEC00123,2026-04-05,70.37,Refinitiv,EUR
SEC00123,2026-04-06,71.53,ICE,GBP
SEC00123,2026-04-07,71.98,ICE,USD
SEC00123,2026-04-08,72.27,ICE,GBP
SEC00123,2026-04-09,74.04,Refinitiv,CAD
SEC00123,2026-04-10,72.97,ICE,GBP
SEC00123,2026-04-11,73.31,Bloomberg,CAD
SEC00123,2026-04-12,73.38,Bloomberg,USD
SEC00123,2026-04-13,71.43,Bloomberg,USD
SEC00123,2026-04-14,73.05,ICE,CAD
SEC00123,2026-04-15,74.17,Refinitiv,JPY
SEC00123,2026-04-16,74.26,ICE,CAD
SEC00123,2026-04-17,73.94,Bloomberg,USD
SEC00123,2026-04-18,73.98,Refinitiv,EUR
SEC00123,2026-04-19,74.96,Bloomberg,USD
SEC00123,2026-04-20,75.07,ICE,EUR
SEC00123,2026-04-21,74.2,Refinitiv,USD
SEC00123,2026-04-22,73.55,Refinitiv,INR
SEC00123,2026-04-23,73.57,Refinitiv,EUR
SEC00123,2026-04-24,72.37,Bloomberg,GBP
SEC00123,2026-04-25,72.84,ICE,USD
SEC00123,2026-04-26,71.84,ICE,CAD
SEC00123,2026-04-27,70.64,Refinitiv,CAD
SEC00123,2026-04-28,74.74,Bloomberg,JPY
SEC00123,2026-04-29,77.38,ICE,INR
SEC00123,2026-04-30,77.62,ICE,EUR
SEC00123,2026-05-01,78.85,ICE,INR
SEC00123,2026-05-02,80.34,Bloomberg,JPY
SEC00123,2026-05-03,80.27,ICE,USD
SEC00123,2026-05-04,80.72,ICE,EUR
SEC00123,2026-05-05,80.38,Bloomberg,GBP
SEC00123,2026-05-06,82.24,ICE,USD
SEC00123,2026-05-07,84.16,Bloomberg,INR
SEC00123,2026-05-08,86.56,Bloomberg,GBP
SEC00123,2026-05-09,87.02,Refinitiv,EUR
SEC00123,2026-05-10,90.46,Bloomberg,JPY
SEC00123,2026-05-11,90.38,Bloomberg,GBP
SEC00123,2026-05-12,93.76,Refinitiv,INR
SEC00123,2026-05-13,93.02,ICE,CAD
SEC00123,2026-05-14,90.9,Bloomberg,GBP
SEC00123,2026-05-15,94.26,Bloomberg,INR
SEC00123,2026-05-16,95.43,Bloomberg,INR
SEC00123,2026-05-17,96.37,Bloomberg,USD
SEC00123,2026-05-18,95.79,ICE,EUR
SEC00123,2026-05-19,94.38,Refinitiv,JPY
SEC00124,2026-03-20,79.81,ICE,INR
SEC00124,2026-03-21,80.38,Refinitiv,JPY
SEC00124,2026-03-22,79.41,Bloomberg,USD
SEC00124,2026-03-23,79.65,ICE,CAD
SEC00124,2026-03-24,78.41,ICE,USD
SEC00124,2026-03-25,80.21,ICE,EUR
SEC00124,2026-03-26,80.32,Bloomberg,GBP
SEC00124,2026-03-27,81.88,Bloomberg,JPY
SEC00124,2026-03-28,81.7,Refinitiv,CAD
SEC00124,2026-03-29,83.42,ICE,INR
SEC00124,2026-03-30,81.02,ICE,GBP
SEC00124,2026-03-31,81.1,Bloomberg,CAD
SEC00124,2026-04-01,81.92,Refinitiv,GBP
SEC00124,2026-04-02,81.57,Refinitiv,CAD
SEC00124,2026-04-03,82.14,Refinitiv,INR
SEC00124,2026-04-04,82.69,ICE,JPY
SEC00124,2026-04-05,84.29,Refinitiv,USD
SEC00124,2026-04-06,85.27,ICE,GBP
SEC00124,2026-04-07,85.92,Bloomberg,EUR
SEC00124,2026-04-08,87.32,Refinitiv,JPY
SEC00124,2026-04-09,85.24,Refinitiv,CAD
SEC00124,2026-04-10,84.13,ICE,GBP
SEC00124,2026-04-11,82.07,ICE,INR
SEC00124,2026-04-12,82.92,ICE,USD
SEC00124,2026-04-13,83.58,Refinitiv,JPY
SEC00124,2026-04-14,85.71,Bloomberg,JPY
SEC00124,2026-04-15,86.29,ICE,USD
SEC00124,2026-04-16,85.36,ICE,CAD
SEC00124,2026-04-17,85.6,Bloomberg,EUR
SEC00124,2026-04-18,82.76,Bloomberg,USD
SEC00124,2026-04-19,82.19,Bloomberg,EUR
SEC00124,2026-04-20,78.76,Refinitiv,INR
SEC00124,2026-04-21,79.26,Refinitiv,JPY
SEC00124,2026-04-22,78.91,Bloomberg,CAD
SEC00124,2026-04-23,78.76,Bloomberg,GBP
SEC00124,2026-04-24,77.48,Refinitiv,USD
SEC00124,2026-04-25,76.58,Refinitiv,CAD
SEC00124,2026-04-26,77.57,Bloomberg,JPY
SEC00124,2026-04-27,75.61,Refinitiv,USD
SEC00124,2026-04-28,76.33,Bloomberg,USD
SEC00124,2026-04-29,75.26,Bloomberg,JPY
SEC00124,2026-04-30,73.02,Bloomberg,JPY
SEC00124,2026-05-01,74.67,Bloomberg,GBP
SEC00124,2026-05-02,76.49,Bloomberg,INR
SEC00124,2026-05-03,75.79,Bloomberg,CAD
SEC00124,2026-05-04,75.07,Bloomberg,CAD
SEC00124,2026-05-05,74.77,ICE,INR
SEC00124,2026-05-06,73.72,ICE,GBP
SEC00124,2026-05-07,72.92,Bloomberg,INR
SEC00124,2026-05-08,73.54,Refinitiv,INR
SEC00124,2026-05-09,76.33,Bloomberg,INR
SEC00124,2026-05-10,75.88,ICE,INR
SEC00124,2026-05-11,77.31,Bloomberg,EUR
SEC00124,2026-05-12,77.84,Bloomberg,INR
SEC00124,2026-05-13,75.54,Refinitiv,EUR
SEC00124,2026-05-14,75.54,Bloomberg,GBP
SEC00124,2026-05-15,75.38,Bloomberg,CAD
SEC00124,2026-05-16,77.4,Refinitiv,GBP
SEC00124,2026-05-17,79.54,Refinitiv,INR
SEC00124,2026-05-18,80.11,Bloomberg,USD
SEC00124,2026-05-19,81.91,Bloomberg,INR
SEC00125,2026-03-20,43.46,Bloomberg,USD
SEC00125,2026-03-21,43.78,Bloomberg,USD
SEC00125,2026-03-22,44.05,Refinitiv,USD
SEC00125,2026-03-23,43.56,Bloomberg,EUR
SEC00125,2026-03-24,45.04,Refinitiv,EUR
SEC00125,2026-03-25,45.13,Refinitiv,GBP
SEC00125,2026-03-26,44.78,Refinitiv,USD
SEC00125,2026-03-27,43.82,ICE,USD
SEC00125,2026-03-28,43.14,ICE,EUR
SEC00125,2026-03-29,42.19,Refinitiv,USD
SEC00125,2026-03-30,42.07,Refinitiv,CAD
SEC00125,2026-03-31,41.42,ICE,JPY
SEC00125,2026-04-01,42.02,Refinitiv,CAD
SEC00125,2026-04-02,41.6,ICE,EUR
SEC00125,2026-04-03,42.25,Refinitiv,GBP
SEC00125,2026-04-04,42.65,Bloomberg,JPY
SEC00125,2026-04-05,43.17,Refinitiv,USD
SEC00125,2026-04-06,43.88,ICE,JPY
SEC00125,2026-04-07,45.48,Refinitiv,CAD
SEC00125,2026-04-08,44.81,ICE,CAD
SEC00125,2026-04-09,45.51,ICE,EUR
SEC00125,2026-04-10,45.86,Refinitiv,JPY
SEC00125,2026-04-11,46.76,Bloomberg,EUR
SEC00125,2026-04-12,46.88,Refinitiv,GBP
SEC00125,2026-04-13,47.89,Bloomberg,JPY
SEC00125,2026-04-14,46.81,Refinitiv,INR
SEC00125,2026-04-15,45.98,Bloomberg,GBP
SEC00125,2026-04-16,45.53,ICE,EUR
SEC00125,2026-04-17,45.5,ICE,GBP
SEC00125,2026-04-18,45.56,Bloomberg,INR
SEC00125,2026-04-19,44.97,ICE,CAD
SEC00125,2026-04-20,44.19,ICE,EUR
SEC00125,2026-04-21,43.69,ICE,USD
SEC00125,2026-04-22,42.37,Refinitiv,EUR
SEC00125,2026-04-23,42.17,Refinitiv,INR
SEC00125,2026-04-24,42.15,Refinitiv,EUR
SEC00125,2026-04-25,42.5,Refinitiv,USD
SEC00125,2026-04-26,42.65,Refinitiv,INR
SEC00125,2026-04-27,44.05,Bloomberg,JPY
SEC00125,2026-04-28,44.72,ICE,USD
SEC00125,2026-04-29,45.33,ICE,EUR
SEC00125,2026-04-30,45.65,Bloomberg,INR
SEC00125,2026-05-01,46.12,Refinitiv,GBP
SEC00125,2026-05-02,45.96,Bloomberg,USD
SEC00125,2026-05-03,46.06,ICE,USD
SEC00125,2026-05-04,47.68,Bloomberg,INR
SEC00125,2026-05-05,47.64,ICE,EUR
SEC00125,2026-05-06,46.52,ICE,INR
SEC00125,2026-05-07,47.13,Bloomberg,USD
SEC00125,2026-05-08,47.9,ICE,INR
SEC00125,2026-05-09,48.05,Refinitiv,EUR
SEC00125,2026-05-10,46.45,Refinitiv,EUR
SEC00125,2026-05-11,47.55,ICE,EUR
SEC00125,2026-05-12,47.77,Refinitiv,JPY
SEC00125,2026-05-13,65.59,Bloomberg,JPY
SEC00125,2026-05-14,48.57,Refinitiv,JPY
SEC00125,2026-05-15,46.82,Refinitiv,GBP
SEC00126,2026-03-20,92.67,Refinitiv,GBP
SEC00126,2026-03-21,95.5,Bloomberg,EUR
SEC00126,2026-03-22,97.66,ICE,JPY
SEC00126,2026-03-23,97.13,Bloomberg,GBP
SEC00126,2026-03-24,96.79,Refinitiv,CAD
SEC00126,2026-03-25,99.61,ICE,GBP
SEC00126,2026-03-26,101.95,Bloomberg,JPY
SEC00126,2026-03-27,103.78,Bloomberg,JPY
SEC00126,2026-03-28,105.97,Refinitiv,CAD
SEC00126,2026-03-29,103.95,Refinitiv,JPY
SEC00126,2026-03-30,104.39,Bloomberg,INR
SEC00126,2026-03-31,102.99,Bloomberg,INR
SEC00126,2026-04-01,100.98,Bloomberg,GBP
SEC00126,2026-04-02,101.33,Bloomberg,CAD
SEC00126,2026-04-03,100.62,ICE,INR
SEC00126,2026-04-04,100.37,Bloomberg,INR
SEC00126,2026-04-05,99.52,Refinitiv,INR
SEC00126,2026-04-06,97.32,Bloomberg,JPY
SEC00126,2026-04-07,100.34,ICE,USD
SEC00126,2026-04-08,100.67,ICE,INR
SEC00126,2026-04-09,98.11,Refinitiv,CAD
SEC00126,2026-04-10,98.48,ICE,JPY
SEC00126,2026-04-11,101.23,Bloomberg,INR
SEC00126,2026-04-12,103.02,Bloomberg,EUR
SEC00126,2026-04-13,102.11,Refinitiv,EUR
SEC00126,2026-04-14,101.26,Refinitiv,CAD
SEC00126,2026-04-15,99.56,Refinitiv,GBP
SEC00126,2026-04-16,98.28,Refinitiv,INR
SEC00126,2026-04-17,97.16,ICE,EUR
SEC00126,2026-04-18,94.64,ICE,JPY
SEC00126,2026-04-19,93.93,ICE,CAD
SEC00126,2026-04-20,94.56,Refinitiv,INR
SEC00126,2026-04-21,93.9,Refinitiv,JPY
SEC00126,2026-04-22,94.32,Refinitiv,EUR
SEC00126,2026-04-23,97.12,Refinitiv,INR
SEC00126,2026-04-24,100.38,ICE,GBP
SEC00126,2026-04-25,100.3,Bloomberg,USD
SEC00126,2026-04-26,101.94,ICE,USD
SEC00126,2026-04-27,101.69,Bloomberg,USD
SEC00126,2026-04-28,100.85,Bloomberg,CAD
SEC00126,2026-04-29,98.87,Bloomberg,CAD
SEC00126,2026-04-30,99.07,ICE,INR
SEC00126,2026-05-01,101.06,Bloomberg,CAD
SEC00126,2026-05-02,98.79,Refinitiv,INR
SEC00126,2026-05-03,98.33,Refinitiv,JPY
SEC00126,2026-05-04,97.78,Refinitiv,JPY
SEC00126,2026-05-05,98.27,Refinitiv,INR
SEC00126,2026-05-06,98.78,ICE,CAD
SEC00126,2026-05-07,99.79,Bloomberg,CAD
SEC00126,2026-05-08,103.24,Refinitiv,EUR
SEC00126,2026-05-09,101.68,Bloomberg,INR
SEC00126,2026-05-10,100.03,Refinitiv,INR
SEC00126,2026-05-11,100.53,ICE,JPY
SEC00126,2026-05-12,103.21,Bloomberg,USD
SEC00126,2026-05-13,100.54,ICE,EUR
SEC00126,2026-05-14,101.19,Bloomberg,GBP
SEC00126,2026-05-15,100.88,ICE,USD
SEC00126,2026-05-16,102.48,ICE,GBP
SEC00126,2026-05-17,103.69,ICE,GBP
SEC00126,2026-05-18,103.83,Refinitiv,GBP
SEC00126,2026-05-19,104.79,ICE,USD
SEC00127,2026-03-20,62.12,Bloomberg,GBP
SEC00127,2026-03-21,63.68,Bloomberg,GBP
SEC00127,2026-03-22,64.35,ICE,EUR
SEC00127,2026-03-23,64.68,ICE,JPY
SEC00127,2026-03-24,63.0,Bloomberg,USD
SEC00127,2026-03-25,62.43,Refinitiv,USD
SEC00127,2026-03-26,61.57,Bloomberg,GBP
SEC00127,2026-03-27,60.69,Refinitiv,CAD
SEC00127,2026-03-28,60.73,ICE,CAD
SEC00127,2026-03-29,61.03,Bloomberg,INR
SEC00127,2026-03-30,61.36,ICE,JPY
SEC00127,2026-03-31,62.79,ICE,INR
SEC00127,2026-04-01,63.37,ICE,GBP
SEC00127,2026-04-02,62.0,Refinitiv,GBP
SEC00127,2026-04-03,62.26,Bloomberg,JPY
SEC00127,2026-04-04,62.94,Refinitiv,EUR
SEC00127,2026-04-05,64.4,Bloomberg,JPY
SEC00127,2026-04-06,64.26,Bloomberg,GBP
SEC00127,2026-04-07,64.12,Bloomberg,GBP
SEC00127,2026-04-08,65.4,Refinitiv,JPY
SEC00127,2026-04-09,65.64,Bloomberg,INR
SEC00127,2026-04-10,63.79,Bloomberg,GBP
SEC00127,2026-04-11,61.74,ICE,USD
SEC00127,2026-04-12,63.81,Bloomberg,USD
SEC00127,2026-04-13,61.88,Bloomberg,USD
SEC00127,2026-04-14,61.72,Bloomberg,JPY
SEC00127,2026-04-15,62.73,Bloomberg,GBP
SEC00127,2026-04-16,60.77,Bloomberg,CAD
SEC00127,2026-04-17,59.62,Bloomberg,GBP
SEC00127,2026-04-18,58.31,Refinitiv,INR
SEC00127,2026-04-19,60.23,Bloomberg,CAD
SEC00127,2026-04-20,62.45,Bloomberg,USD
SEC00127,2026-04-21,61.65,ICE,JPY
SEC00127,2026-04-22,62.33,Refinitiv,CAD
SEC00127,2026-04-23,62.7,Refinitiv,CAD
SEC00127,2026-04-24,62.42,ICE,JPY
SEC00127,2026-04-25,60.62,ICE,USD
SEC00127,2026-04-26,63.17,Refinitiv,USD
SEC00127,2026-04-27,61.14,Refinitiv,INR
SEC00127,2026-04-28,61.4,Bloomberg,GBP
SEC00127,2026-04-29,60.72,Refinitiv,EUR
SEC00127,2026-04-30,61.85,Refinitiv,INR
SEC00127,2026-05-01,62.82,ICE,CAD
SEC00127,2026-05-02,61.75,ICE,EUR
SEC00127,2026-05-03,60.9,Bloomberg,EUR
SEC00127,2026-05-04,59.23,ICE,EUR
SEC00127,2026-05-05,59.47,ICE,GBP
SEC00127,2026-05-06,60.26,ICE,INR
SEC00127,2026-05-07,59.81,ICE,USD
SEC00127,2026-05-08,59.58,Bloomberg,USD
SEC00127,2026-05-09,61.65,Refinitiv,GBP
SEC00127,2026-05-10,62.72,ICE,INR
SEC00127,2026-05-11,64.27,Bloomberg,GBP
SEC00127,2026-05-12,61.71,ICE,INR
SEC00127,2026-05-13,62.35,ICE,EUR
SEC00127,2026-05-14,62.66,ICE,CAD
SEC00127,2026-05-15,61.28,Bloomberg,JPY
SEC00127,2026-05-16,60.16,ICE,CAD
SEC00127,2026-05-17,59.96,Bloomberg,EUR
SEC00127,2026-05-18,58.54,ICE,USD
SEC00127,2026-05-19,57.73,Refinitiv,EUR
SEC00128,2026-03-20,116.2,Refinitiv,GBP
SEC00128,2026-03-21,116.42,ICE,INR
SEC00128,2026-03-22,118.64,Bloomberg,CAD
SEC00128,2026-03-23,120.2,Bloomberg,EUR
SEC00128,2026-03-24,116.22,Refinitiv,CAD
SEC00128,2026-03-25,114.99,Bloomberg,JPY
SEC00128,2026-03-26,114.29,Bloomberg,GBP
SEC00128,2026-03-27,111.61,Bloomberg,GBP
SEC00128,2026-03-28,113.67,ICE,INR
SEC00128,2026-03-29,116.67,ICE,USD
SEC00128,2026-03-30,116.71,ICE,JPY
SEC00128,2026-03-31,117.39,Bloomberg,CAD
SEC00128,2026-04-01,117.43,ICE,INR
SEC00128,2026-04-02,117.7,Refinitiv,INR
SEC00128,2026-04-03,120.12,Bloomberg,INR
SEC00128,2026-04-04,116.37,Refinitiv,JPY
SEC00128,2026-04-05,117.44,ICE,EUR
SEC00128,2026-04-06,117.53,Bloomberg,JPY
SEC00128,2026-04-07,116.08,ICE,EUR
SEC00128,2026-04-08,115.08,Refinitiv,CAD
SEC00128,2026-04-09,118.94,Refinitiv,USD
SEC00128,2026-04-10,116.15,ICE,CAD
SEC00128,2026-04-11,115.86,ICE,JPY
SEC00128,2026-04-12,119.32,Refinitiv,JPY
SEC00128,2026-04-13,116.65,Refinitiv,JPY
SEC00128,2026-04-14,115.75,Refinitiv,INR
SEC00128,2026-04-15,115.89,ICE,INR
SEC00128,2026-04-16,116.81,ICE,GBP
SEC00128,2026-04-17,116.7,ICE,GBP
SEC00128,2026-04-18,114.88,ICE,EUR
SEC00128,2026-04-19,115.86,ICE,USD
SEC00128,2026-04-20,115.71,ICE,EUR
SEC00128,2026-04-21,117.08,Bloomberg,GBP
SEC00128,2026-04-22,119.08,Refinitiv,USD
SEC00128,2026-04-23,115.95,Refinitiv,USD
SEC00128,2026-04-24,118.17,Refinitiv,GBP
SEC00128,2026-04-25,117.69,Refinitiv,USD
SEC00128,2026-04-26,119.49,ICE,USD
SEC00128,2026-04-27,120.62,ICE,GBP
SEC00128,2026-04-28,124.7,ICE,JPY
SEC00128,2026-04-29,124.78,ICE,JPY
SEC00128,2026-04-30,123.93,ICE,JPY
SEC00128,2026-05-01,122.85,ICE,JPY
SEC00128,2026-05-02,120.62,Bloomberg,CAD
SEC00128,2026-05-03,122.43,ICE,INR
SEC00128,2026-05-04,120.07,Bloomberg,GBP
SEC00128,2026-05-05,121.86,ICE,EUR
SEC00128,2026-05-06,121.43,Bloomberg,GBP
SEC00128,2026-05-07,117.63,Refinitiv,CAD
SEC00128,2026-05-08,120.84,Bloomberg,EUR
SEC00128,2026-05-09,113.56,ICE,CAD
SEC00128,2026-05-10,113.45,ICE,JPY
SEC00128,2026-05-11,113.99,Bloomberg,JPY
SEC00128,2026-05-12,109.31,Bloomberg,INR
SEC00128,2026-05-13,110.23,ICE,JPY
SEC00128,2026-05-14,108.96,Bloomberg,EUR
SEC00128,2026-05-15,108.53,ICE,INR
SEC00128,2026-05-16,111.2,ICE,USD
SEC00128,2026-05-17,111.55,ICE,CAD
SEC00128,2026-05-18,110.9,Bloomberg,GBP
SEC00128,2026-05-19,110.61,ICE,JPY
SEC00129,2026-03-20,33.97,ICE,INR
SEC00129,2026-03-21,33.8,Bloomberg,EUR
SEC00129,2026-03-22,34.95,Refinitiv,INR
SEC00129,2026-03-23,35.61,ICE,JPY
SEC00129,2026-03-24,35.37,Bloomberg,GBP
SEC00129,2026-03-25,34.7,ICE,CAD
SEC00129,2026-03-26,34.93,Bloomberg,INR
SEC00129,2026-03-27,35.75,ICE,EUR
SEC00129,2026-03-28,34.75,Bloomberg,EUR
SEC00129,2026-03-29,34.84,Bloomberg,USD
SEC00129,2026-03-30,33.58,Bloomberg,EUR
SEC00129,2026-03-31,33.39,ICE,USD
SEC00129,2026-04-01,32.41,Refinitiv,EUR
SEC00129,2026-04-02,32.76,ICE,GBP
SEC00129,2026-04-03,32.37,Refinitiv,GBP
SEC00129,2026-04-04,33.06,ICE,INR
SEC00129,2026-04-05,32.75,Refinitiv,GBP
SEC00129,2026-04-06,32.4,Refinitiv,EUR
SEC00129,2026-04-07,31.47,Refinitiv,EUR
SEC00129,2026-04-08,31.71,Bloomberg,GBP
SEC00129,2026-04-09,32.0,ICE,GBP
SEC00129,2026-04-10,32.56,ICE,JPY
SEC00129,2026-04-11,32.96,Bloomberg,JPY
SEC00129,2026-04-12,33.22,ICE,CAD
SEC00129,2026-04-13,33.59,Bloomberg,EUR
SEC00129,2026-04-14,34.03,ICE,GBP
SEC00129,2026-04-15,34.6,ICE,JPY
SEC00129,2026-04-16,33.67,Bloomberg,EUR
SEC00129,2026-04-17,33.4,Bloomberg,EUR
SEC00129,2026-04-18,32.44,ICE,EUR
SEC00129,2026-04-19,32.65,Refinitiv,EUR
SEC00129,2026-04-20,33.63,Refinitiv,CAD
SEC00129,2026-04-21,34.19,ICE,INR
SEC00129,2026-04-22,33.83,Bloomberg,EUR
SEC00129,2026-04-23,34.16,Bloomberg,CAD
SEC00129,2026-04-24,34.39,ICE,GBP
SEC00129,2026-04-25,34.55,ICE,EUR
SEC00129,2026-04-26,33.76,Refinitiv,USD
SEC00129,2026-04-27,34.57,Bloomberg,GBP
SEC00129,2026-04-28,33.86,ICE,GBP
SEC00129,2026-04-29,33.65,Bloomberg,USD
SEC00129,2026-04-30,34.25,Bloomberg,EUR
SEC00129,2026-05-01,34.03,Bloomberg,USD
SEC00129,2026-05-02,34.1,ICE,GBP
SEC00129,2026-05-03,34.19,Bloomberg,JPY
SEC00129,2026-05-04,34.25,Bloomberg,INR
SEC00129,2026-05-05,34.34,Refinitiv,CAD
SEC00129,2026-05-06,34.49,Refinitiv,GBP
SEC00129,2026-05-07,34.55,Bloomberg,USD
SEC00129,2026-05-08,34.01,Refinitiv,USD
SEC00129,2026-05-09,33.08,Refinitiv,USD
SEC00129,2026-05-10,33.69,Refinitiv,CAD
SEC00129,2026-05-11,34.34,Bloomberg,CAD
SEC00129,2026-05-12,34.56,ICE,CAD
SEC00129,2026-05-13,34.79,ICE,EUR
SEC00129,2026-05-14,34.23,Bloomberg,CAD
SEC00129,2026-05-15,32.74,Refinitiv,GBP
SEC00129,2026-05-16,32.61,Bloomberg,USD
SEC00129,2026-05-17,31.52,Refinitiv,GBP
SEC00129,2026-05-18,43.66,ICE,CAD
SEC00129,2026-05-19,32.4,Bloomberg,CAD
SEC00130,2026-03-20,74.79,ICE,USD
SEC00130,2026-03-21,75.06,Bloomberg,CAD
SEC00130,2026-03-22,73.0,Bloomberg,GBP
SEC00130,2026-03-23,74.93,Refinitiv,JPY
SEC00130,2026-03-24,74.36,Refinitiv,JPY
SEC00130,2026-03-25,72.74,Bloomberg,EUR
SEC00130,2026-03-26,72.12,ICE,CAD
SEC00130,2026-03-27,71.55,Bloomberg,JPY
SEC00130,2026-03-28,70.56,Bloomberg,JPY
SEC00130,2026-03-29,71.58,Bloomberg,INR
SEC00130,2026-03-30,72.87,ICE,USD
SEC00130,2026-03-31,70.34,Refinitiv,EUR
SEC00130,2026-04-01,69.72,Bloomberg,INR
SEC00130,2026-04-02,69.2,Bloomberg,USD
SEC00130,2026-04-03,69.02,Refinitiv,EUR
SEC00130,2026-04-04,71.17,ICE,GBP
SEC00130,2026-04-05,70.17,Refinitiv,USD
SEC00130,2026-04-06,72.18,Refinitiv,EUR
SEC00130,2026-04-07,72.02,Refinitiv,EUR
SEC00130,2026-04-08,74.09,Bloomberg,JPY
SEC00130,2026-04-09,73.72,Refinitiv,JPY
SEC00130,2026-04-10,73.19,Refinitiv,JPY
SEC00130,2026-04-11,73.19,ICE,EUR
SEC00130,2026-04-12,74.93,Bloomberg,INR
SEC00130,2026-04-13,75.18,Bloomberg,GBP
SEC00130,2026-04-14,75.5,Refinitiv,JPY
SEC00130,2026-04-15,76.41,ICE,GBP
SEC00130,2026-04-16,75.24,Refinitiv,USD
SEC00130,2026-04-17,75.73,ICE,EUR
SEC00130,2026-04-18,74.91,ICE,JPY
SEC00130,2026-04-19,76.93,ICE,CAD
SEC00130,2026-04-20,77.55,Refinitiv,GBP
SEC00130,2026-04-21,78.56,ICE,CAD
SEC00130,2026-04-22,75.71,ICE,CAD
SEC00130,2026-04-23,76.71,Refinitiv,USD
SEC00130,2026-04-24,76.51,Refinitiv,GBP
SEC00130,2026-04-25,74.56,Bloomberg,JPY
SEC00130,2026-04-26,74.73,Refinitiv,INR
SEC00130,2026-04-27,72.72,ICE,EUR
SEC00130,2026-04-28,73.56,ICE,GBP
SEC00130,2026-04-29,75.5,Refinitiv,EUR
SEC00130,2026-04-30,73.1,ICE,GBP
SEC00130,2026-05-01,73.1,Bloomberg,CAD
SEC00130,2026-05-02,72.92,ICE,EUR
SEC00130,2026-05-03,70.34,Refinitiv,CAD
SEC00130,2026-05-04,71.54,Refinitiv,GBP
SEC00130,2026-05-05,72.38,Refinitiv,USD
SEC00130,2026-05-06,75.06,ICE,JPY
SEC00130,2026-05-07,75.76,Bloomberg,GBP
SEC00130,2026-05-08,74.6,Refinitiv,CAD
SEC00130,2026-05-09,75.33,ICE,EUR
SEC00130,2026-05-10,77.11,Bloomberg,USD
SEC00130,2026-05-11,76.5,Refinitiv,GBP
SEC00130,2026-05-12,77.72,Refinitiv,EUR
SEC00130,2026-05-13,74.46,ICE,JPY
SEC00130,2026-05-14,76.47,ICE,EUR
SEC00130,2026-05-15,77.61,Bloomberg,JPY
SEC00131,2026-03-20,64.33,Bloomberg,USD
SEC00131,2026-03-21,62.09,ICE,EUR
SEC00131,2026-03-22,61.4,Bloomberg,CAD
SEC00131,2026-03-23,60.65,Refinitiv,GBP
SEC00131,2026-03-24,61.3,ICE,EUR
SEC00131,2026-03-25,64.19,ICE,JPY
SEC00131,2026-03-26,64.38,Bloomberg,JPY
SEC00131,2026-03-27,63.02,Refinitiv,INR
SEC00131,2026-03-28,62.87,Refinitiv,EUR
SEC00131,2026-03-29,62.92,Bloomberg,JPY
SEC00131,2026-03-30,63.8,ICE,GBP
SEC00131,2026-03-31,65.26,Bloomberg,INR
SEC00131,2026-04-01,66.93,Bloomberg,GBP
SEC00131,2026-04-02,67.61,ICE,USD
SEC00131,2026-04-03,67.64,Bloomberg,EUR
SEC00131,2026-04-04,69.48,Refinitiv,CAD
SEC00131,2026-04-05,69.08,Refinitiv,INR
SEC00131,2026-04-06,69.19,Refinitiv,GBP
SEC00131,2026-04-07,68.92,Refinitiv,USD
SEC00131,2026-04-08,66.31,Refinitiv,EUR
SEC00131,2026-04-09,67.86,ICE,INR
SEC00131,2026-04-10,68.72,ICE,EUR
SEC00131,2026-04-11,65.82,Bloomberg,GBP
SEC00131,2026-04-12,67.04,Refinitiv,JPY
SEC00131,2026-04-13,66.71,Refinitiv,INR
SEC00131,2026-04-14,67.93,Bloomberg,EUR
SEC00131,2026-04-15,68.05,Bloomberg,GBP
SEC00131,2026-04-16,66.43,Refinitiv,INR
SEC00131,2026-04-17,66.49,Refinitiv,GBP
SEC00131,2026-04-18,65.45,ICE,GBP
SEC00131,2026-04-19,64.04,Bloomberg,GBP
SEC00131,2026-04-20,65.07,Bloomberg,GBP
SEC00131,2026-04-21,65.56,ICE,INR
SEC00131,2026-04-22,67.36,ICE,EUR
SEC00131,2026-04-23,66.92,Refinitiv,CAD
SEC00131,2026-04-24,65.79,ICE,EUR
SEC00131,2026-04-25,66.58,ICE,USD
SEC00131,2026-04-26,65.62,Bloomberg,JPY
SEC00131,2026-04-27,65.28,Refinitiv,INR
SEC00131,2026-04-28,65.93,ICE,EUR
SEC00131,2026-04-29,65.82,Refinitiv,INR
SEC00131,2026-04-30,65.27,ICE,CAD
SEC00131,2026-05-01,63.65,ICE,INR
SEC00131,2026-05-02,64.76,Refinitiv,INR
SEC00131,2026-05-03,64.36,Bloomberg,CAD
SEC00131,2026-05-04,65.11,ICE,JPY
SEC00131,2026-05-05,65.71,Refinitiv,JPY
SEC00131,2026-05-06,67.04,Bloomberg,EUR
SEC00131,2026-05-07,66.79,ICE,USD
SEC00131,2026-05-08,66.4,ICE,EUR
SEC00131,2026-05-09,65.11,Bloomberg,JPY
SEC00131,2026-05-10,64.51,Bloomberg,GBP
SEC00131,2026-05-11,64.93,ICE,INR
SEC00131,2026-05-12,64.01,ICE,GBP
SEC00131,2026-05-13,64.41,Refinitiv,INR
SEC00131,2026-05-14,66.14,Bloomberg,CAD
SEC00131,2026-05-15,65.64,Refinitiv,GBP
SEC00131,2026-05-16,64.12,Refinitiv,USD
SEC00131,2026-05-17,63.68,Bloomberg,USD
SEC00131,2026-05-18,62.08,Refinitiv,INR
SEC00131,2026-05-19,63.6,Bloomberg,USD
SEC00132,2026-03-20,25.65,ICE,EUR
SEC00132,2026-03-21,25.94,Bloomberg,GBP
SEC00132,2026-03-22,25.89,Refinitiv,INR
SEC00132,2026-03-23,25.65,Bloomberg,CAD
SEC00132,2026-03-24,25.59,Refinitiv,GBP
SEC00132,2026-03-25,25.95,Bloomberg,CAD
SEC00132,2026-03-26,25.39,Bloomberg,GBP
SEC00132,2026-03-27,25.73,Refinitiv,JPY
SEC00132,2026-03-28,25.89,Bloomberg,CAD
SEC00132,2026-03-29,25.78,Refinitiv,INR
SEC00132,2026-03-30,25.69,Refinitiv,EUR
SEC00132,2026-03-31,25.73,ICE,GBP
SEC00132,2026-04-01,26.51,Refinitiv,JPY
SEC00132,2026-04-02,26.69,Refinitiv,JPY
SEC00132,2026-04-03,26.25,Refinitiv,INR
SEC00132,2026-04-04,26.06,Refinitiv,INR
SEC00132,2026-04-05,25.54,Refinitiv,CAD
SEC00132,2026-04-06,24.68,Refinitiv,JPY
SEC00132,2026-04-07,24.18,Refinitiv,GBP
SEC00132,2026-04-08,24.24,ICE,JPY
SEC00132,2026-04-09,24.81,Refinitiv,INR
SEC00132,2026-04-10,25.27,Bloomberg,USD
SEC00132,2026-04-11,24.75,Refinitiv,GBP
SEC00132,2026-04-12,24.41,ICE,JPY
SEC00132,2026-04-13,24.01,ICE,EUR
SEC00132,2026-04-14,22.91,Bloomberg,EUR
SEC00132,2026-04-15,22.85,Refinitiv,INR
SEC00132,2026-04-16,23.19,ICE,EUR
SEC00132,2026-04-17,23.1,Bloomberg,CAD
SEC00132,2026-04-18,22.58,Refinitiv,GBP
SEC00132,2026-04-19,22.25,Bloomberg,CAD
SEC00132,2026-04-20,22.13,ICE,EUR
SEC00132,2026-04-21,22.45,Bloomberg,CAD
SEC00132,2026-04-22,22.38,ICE,INR
SEC00132,2026-04-23,22.65,Bloomberg,JPY
SEC00132,2026-04-24,22.63,Bloomberg,GBP
SEC00132,2026-04-25,22.74,Bloomberg,EUR
SEC00132,2026-04-26,22.36,Bloomberg,EUR
SEC00132,2026-04-27,22.1,ICE,GBP
SEC00132,2026-04-28,21.61,Bloomberg,CAD
SEC00132,2026-04-29,21.85,Bloomberg,USD
SEC00132,2026-04-30,21.75,ICE,GBP
SEC00132,2026-05-01,20.35,Refinitiv,EUR
SEC00132,2026-05-02,20.54,Refinitiv,GBP
SEC00132,2026-05-03,20.91,Bloomberg,CAD
SEC00132,2026-05-04,20.61,ICE,EUR
SEC00132,2026-05-05,20.8,Refinitiv,GBP
SEC00132,2026-05-06,20.73,Bloomberg,GBP
SEC00132,2026-05-07,19.95,Refinitiv,USD
SEC00132,2026-05-08,20.67,Refinitiv,EUR
SEC00132,2026-05-09,20.6,Refinitiv,JPY
SEC00132,2026-05-10,20.69,Refinitiv,INR
SEC00132,2026-05-11,20.46,Refinitiv,INR
SEC00132,2026-05-12,20.36,Refinitiv,INR
SEC00132,2026-05-13,20.43,Bloomberg,CAD
SEC00132,2026-05-14,20.06,ICE,EUR
SEC00132,2026-05-15,20.68,Bloomberg,USD
SEC00132,2026-05-16,21.01,ICE,GBP
SEC00132,2026-05-17,21.21,Bloomberg,EUR
SEC00132,2026-05-18,21.17,Refinitiv,USD
SEC00132,2026-05-19,20.89,Refinitiv,USD
SEC00133,2026-03-20,37.22,Refinitiv,INR
SEC00133,2026-03-21,37.33,Refinitiv,EUR
SEC00133,2026-03-22,37.01,ICE,GBP
SEC00133,2026-03-23,38.0,Refinitiv,JPY
SEC00133,2026-03-24,38.81,ICE,CAD
SEC00133,2026-03-25,38.67,Refinitiv,USD
SEC00133,2026-03-26,38.02,Refinitiv,GBP
SEC00133,2026-03-27,38.02,Refinitiv,GBP
SEC00133,2026-03-28,37.95,Refinitiv,JPY
SEC00133,2026-03-29,37.92,Refinitiv,JPY
SEC00133,2026-03-30,37.67,ICE,JPY
SEC00133,2026-03-31,36.98,Refinitiv,EUR
SEC00133,2026-04-01,37.02,Refinitiv,USD
SEC00133,2026-04-02,36.8,Refinitiv,USD
SEC00133,2026-04-03,36.65,ICE,CAD
SEC00133,2026-04-04,36.73,ICE,USD
SEC00133,2026-04-05,36.7,Refinitiv,GBP
SEC00133,2026-04-06,36.77,Bloomberg,INR
SEC00133,2026-04-07,36.52,ICE,GBP
SEC00133,2026-04-08,36.78,ICE,USD
SEC00133,2026-04-09,36.32,ICE,INR
SEC00133,2026-04-10,35.63,ICE,JPY
SEC00133,2026-04-11,35.08,Bloomberg,GBP
SEC00133,2026-04-12,34.67,ICE,GBP
SEC00133,2026-04-13,33.88,Bloomberg,GBP
SEC00133,2026-04-14,32.86,Bloomberg,GBP
SEC00133,2026-04-15,33.18,Refinitiv,USD
SEC00133,2026-04-16,33.96,Refinitiv,JPY
SEC00133,2026-04-17,34.31,ICE,USD
SEC00133,2026-04-18,34.03,Refinitiv,JPY
SEC00133,2026-04-19,33.0,Bloomberg,USD
SEC00133,2026-04-20,33.13,Refinitiv,CAD
SEC00133,2026-04-21,32.19,ICE,INR
SEC00133,2026-04-22,32.15,ICE,JPY
SEC00133,2026-04-23,31.71,Bloomberg,JPY
SEC00133,2026-04-24,30.42,Refinitiv,EUR
SEC00133,2026-04-25,31.25,Bloomberg,USD
SEC00133,2026-04-26,30.56,ICE,EUR
SEC00133,2026-04-27,30.38,Refinitiv,EUR
SEC00133,2026-04-28,30.32,Refinitiv,GBP
SEC00133,2026-04-29,30.08,Bloomberg,GBP
SEC00133,2026-04-30,30.34,ICE,JPY
SEC00133,2026-05-01,29.96,ICE,CAD
SEC00133,2026-05-02,30.18,Refinitiv,INR
SEC00133,2026-05-03,30.36,Bloomberg,JPY
SEC00133,2026-05-04,29.63,Refinitiv,USD
SEC00133,2026-05-05,29.77,ICE,INR
SEC00133,2026-05-06,29.22,Refinitiv,INR
SEC00133,2026-05-07,28.62,ICE,INR
SEC00133,2026-05-08,28.78,Bloomberg,GBP
SEC00133,2026-05-09,28.59,Refinitiv,CAD
SEC00133,2026-05-10,28.79,Bloomberg,CAD
SEC00133,2026-05-11,29.0,Refinitiv,INR
SEC00133,2026-05-12,28.27,Bloomberg,CAD
SEC00133,2026-05-13,28.66,Refinitiv,CAD
SEC00133,2026-05-14,28.83,Refinitiv,CAD
SEC00133,2026-05-15,28.54,ICE,USD
SEC00133,2026-05-16,28.48,Refinitiv,GBP
SEC00133,2026-05-17,28.89,Bloomberg,CAD
SEC00133,2026-05-18,28.74,Bloomberg,EUR
SEC00133,2026-05-19,29.85,Bloomberg,GBP
SEC00134,2026-03-20,55.27,ICE,INR
SEC00134,2026-03-21,56.93,Bloomberg,CAD
SEC00134,2026-03-22,56.94,Refinitiv,JPY
SEC00134,2026-03-23,58.83,ICE,USD
SEC00134,2026-03-24,59.29,ICE,EUR
SEC00134,2026-03-25,60.05,ICE,INR
SEC00134,2026-03-26,61.22,Refinitiv,USD
SEC00134,2026-03-27,62.04,Bloomberg,USD
SEC00134,2026-03-28,61.18,Bloomberg,JPY
SEC00134,2026-03-29,62.4,ICE,INR
SEC00134,2026-03-30,62.01,ICE,CAD
SEC00134,2026-03-31,62.38,Refinitiv,USD
SEC00134,2026-04-01,62.56,Refinitiv,INR
SEC00134,2026-04-02,63.88,Refinitiv,EUR
SEC00134,2026-04-03,64.37,Refinitiv,INR
SEC00134,2026-04-04,62.79,Refinitiv,GBP
SEC00134,2026-04-05,65.19,Refinitiv,GBP
SEC00134,2026-04-06,66.2,Bloomberg,EUR
SEC00134,2026-04-07,65.58,Bloomberg,INR
SEC00134,2026-04-08,64.27,Bloomberg,CAD
SEC00134,2026-04-09,65.4,ICE,INR
SEC00134,2026-04-10,64.23,ICE,CAD
SEC00134,2026-04-11,65.19,ICE,GBP
SEC00134,2026-04-12,66.48,ICE,GBP
SEC00134,2026-04-13,65.73,Bloomberg,JPY
SEC00134,2026-04-14,64.89,Bloomberg,USD
SEC00134,2026-04-15,64.37,Bloomberg,CAD
SEC00134,2026-04-16,63.26,Bloomberg,GBP
SEC00134,2026-04-17,63.55,ICE,INR
SEC00134,2026-04-18,64.01,Bloomberg,CAD
SEC00134,2026-04-19,64.88,ICE,CAD
SEC00134,2026-04-20,63.94,Refinitiv,JPY
SEC00134,2026-04-21,64.94,Bloomberg,USD
SEC00134,2026-04-22,63.82,ICE,CAD
SEC00134,2026-04-23,64.81,ICE,JPY
SEC00134,2026-04-24,63.11,Refinitiv,EUR
SEC00134,2026-04-25,64.92,Bloomberg,EUR
SEC00134,2026-04-26,64.35,Refinitiv,EUR
SEC00134,2026-04-27,65.07,Refinitiv,INR
SEC00134,2026-04-28,65.9,ICE,INR
SEC00134,2026-04-29,64.43,Bloomberg,CAD
SEC00134,2026-04-30,65.43,ICE,GBP
SEC00134,2026-05-01,64.81,Bloomberg,CAD
SEC00134,2026-05-02,64.49,ICE,GBP
SEC00134,2026-05-03,63.74,Bloomberg,JPY
SEC00134,2026-05-04,65.62,ICE,GBP
SEC00134,2026-05-05,64.28,Bloomberg,INR
SEC00134,2026-05-06,64.81,ICE,CAD
SEC00134,2026-05-07,64.11,ICE,GBP
SEC00134,2026-05-08,65.4,Bloomberg,USD
SEC00134,2026-05-09,68.17,Bloomberg,INR
SEC00134,2026-05-10,67.43,ICE,JPY
SEC00134,2026-05-11,67.63,ICE,EUR
SEC00134,2026-05-12,67.2,ICE,GBP
SEC00134,2026-05-13,68.48,Refinitiv,JPY
SEC00134,2026-05-14,68.21,Bloomberg,GBP
SEC00134,2026-05-15,69.36,Refinitiv,GBP
SEC00134,2026-05-16,68.9,ICE,EUR
SEC00134,2026-05-17,71.71,Bloomberg,JPY
SEC00134,2026-05-18,68.92,Bloomberg,CAD
SEC00134,2026-05-19,69.42,ICE,GBP
SEC00135,2026-03-20,36.09,ICE,GBP
SEC00135,2026-03-21,35.81,ICE,GBP
SEC00135,2026-03-22,35.12,ICE,JPY
SEC00135,2026-03-23,34.86,Refinitiv,INR
SEC00135,2026-03-24,35.65,Refinitiv,USD
SEC00135,2026-03-25,35.48,ICE,USD
SEC00135,2026-03-26,34.71,Refinitiv,USD
SEC00135,2026-03-27,33.31,ICE,JPY
SEC00135,2026-03-28,34.43,ICE,CAD
SEC00135,2026-03-29,35.15,Bloomberg,EUR
SEC00135,2026-03-30,35.35,Bloomberg,USD
SEC00135,2026-03-31,36.11,ICE,USD
SEC00135,2026-04-01,36.47,Refinitiv,EUR
SEC00135,2026-04-02,36.44,Bloomberg,INR
SEC00135,2026-04-03,35.64,Refinitiv,CAD
SEC00135,2026-04-04,36.89,Refinitiv,GBP
SEC00135,2026-04-05,36.61,Bloomberg,JPY
SEC00135,2026-04-06,36.38,ICE,USD
SEC00135,2026-04-07,36.42,Bloomberg,GBP
SEC00135,2026-04-08,36.48,Bloomberg,USD
SEC00135,2026-04-09,36.87,Bloomberg,GBP
SEC00135,2026-04-10,37.2,Refinitiv,INR
SEC00135,2026-04-11,36.83,ICE,GBP
SEC00135,2026-04-12,36.86,Refinitiv,USD
SEC00135,2026-04-13,37.24,ICE,EUR
SEC00135,2026-04-14,36.82,Bloomberg,JPY
SEC00135,2026-04-15,37.79,Refinitiv,GBP
SEC00135,2026-04-16,37.8,Refinitiv,JPY
SEC00135,2026-04-17,38.91,ICE,JPY
SEC00135,2026-04-18,37.95,Refinitiv,INR
SEC00135,2026-04-19,38.42,ICE,EUR
SEC00135,2026-04-20,37.82,Refinitiv,GBP
SEC00135,2026-04-21,37.41,ICE,JPY
SEC00135,2026-04-22,38.04,ICE,INR
SEC00135,2026-04-23,37.9,ICE,JPY
SEC00135,2026-04-24,39.69,Bloomberg,GBP
SEC00135,2026-04-25,40.08,Bloomberg,INR
SEC00135,2026-04-26,39.6,Refinitiv,USD
SEC00135,2026-04-27,39.99,Refinitiv,INR
SEC00135,2026-04-28,39.84,ICE,INR
SEC00135,2026-04-29,40.45,Bloomberg,GBP
SEC00135,2026-04-30,40.26,Refinitiv,USD
SEC00135,2026-05-01,40.57,Bloomberg,CAD
SEC00135,2026-05-02,40.74,Refinitiv,JPY
SEC00135,2026-05-03,40.82,Bloomberg,JPY
SEC00135,2026-05-04,41.6,ICE,CAD
SEC00135,2026-05-05,40.27,Bloomberg,EUR
SEC00135,2026-05-06,40.36,Refinitiv,CAD
SEC00135,2026-05-07,39.87,Bloomberg,EUR
SEC00135,2026-05-08,38.93,Bloomberg,INR
SEC00135,2026-05-09,38.36,Refinitiv,INR
SEC00135,2026-05-10,37.95,Bloomberg,USD
SEC00135,2026-05-11,37.81,Refinitiv,GBP
SEC00135,2026-05-12,38.06,Bloomberg,EUR
SEC00135,2026-05-13,38.45,ICE,USD
SEC00135,2026-05-14,38.18,ICE,USD
SEC00135,2026-05-15,39.29,ICE,JPY
SEC00136,2026-03-20,47.74,ICE,INR
SEC00136,2026-03-21,46.74,ICE,CAD
SEC00136,2026-03-22,47.05,ICE,GBP
SEC00136,2026-03-23,48.11,Refinitiv,USD
SEC00136,2026-03-24,49.28,Bloomberg,INR
SEC00136,2026-03-25,49.08,Bloomberg,GBP
SEC00136,2026-03-26,49.89,Refinitiv,CAD
SEC00136,2026-03-27,49.3,ICE,INR
SEC00136,2026-03-28,49.02,ICE,JPY
SEC00136,2026-03-29,49.4,Bloomberg,JPY
SEC00136,2026-03-30,49.13,Bloomberg,GBP
SEC00136,2026-03-31,48.03,ICE,EUR
SEC00136,2026-04-01,48.78,Refinitiv,INR
SEC00136,2026-04-02,48.07,ICE,JPY
SEC00136,2026-04-03,47.65,Bloomberg,EUR
SEC00136,2026-04-04,48.58,Bloomberg,INR
SEC00136,2026-04-05,49.07,Bloomberg,JPY
SEC00136,2026-04-06,49.25,Bloomberg,EUR
SEC00136,2026-04-07,47.98,Refinitiv,INR
SEC00136,2026-04-08,47.0,Bloomberg,GBP
SEC00136,2026-04-09,47.36,Refinitiv,EUR
SEC00136,2026-04-10,47.92,ICE,CAD
SEC00136,2026-04-11,48.16,Bloomberg,CAD
SEC00136,2026-04-12,47.77,ICE,CAD
SEC00136,2026-04-13,47.36,Bloomberg,GBP
SEC00136,2026-04-14,47.57,Refinitiv,EUR
SEC00136,2026-04-15,46.52,Bloomberg,JPY
SEC00136,2026-04-16,46.62,ICE,USD
SEC00136,2026-04-17,45.48,Bloomberg,CAD
SEC00136,2026-04-18,44.64,Refinitiv,USD
SEC00136,2026-04-19,44.8,ICE,EUR
SEC00136,2026-04-20,45.3,Bloomberg,INR
SEC00136,2026-04-21,45.6,ICE,USD
SEC00136,2026-04-22,44.71,ICE,GBP
SEC00136,2026-04-23,43.22,Bloomberg,INR
SEC00136,2026-04-24,43.24,Bloomberg,EUR
SEC00136,2026-04-25,41.78,ICE,CAD
SEC00136,2026-04-26,42.51,ICE,INR
SEC00136,2026-04-27,41.71,Bloomberg,EUR
SEC00136,2026-04-28,43.4,ICE,INR
SEC00136,2026-04-29,42.67,ICE,GBP
SEC00136,2026-04-30,43.05,Refinitiv,INR
SEC00136,2026-05-01,42.5,ICE,INR
SEC00136,2026-05-02,42.4,Bloomberg,EUR
SEC00136,2026-05-03,42.56,Refinitiv,INR
SEC00136,2026-05-04,43.24,ICE,EUR
SEC00136,2026-05-05,44.05,ICE,JPY
SEC00136,2026-05-06,44.65,Bloomberg,EUR
SEC00136,2026-05-07,45.51,Refinitiv,EUR
SEC00136,2026-05-08,45.03,Bloomberg,EUR
SEC00136,2026-05-09,45.57,Bloomberg,USD
SEC00136,2026-05-10,45.32,Bloomberg,CAD
SEC00136,2026-05-11,46.14,Bloomberg,GBP
SEC00136,2026-05-12,46.26,Refinitiv,INR
SEC00136,2026-05-13,46.8,Bloomberg,INR
SEC00136,2026-05-14,47.07,ICE,JPY
SEC00136,2026-05-15,47.74,ICE,GBP
SEC00136,2026-05-16,47.07,Refinitiv,JPY
SEC00136,2026-05-17,45.76,Bloomberg,USD
SEC00136,2026-05-18,46.6,ICE,USD
SEC00136,2026-05-19,47.75,Bloomberg,USD
SEC00137,2026-03-20,27.17,Refinitiv,JPY
SEC00137,2026-03-21,27.04,Bloomberg,EUR
SEC00137,2026-03-22,27.4,Refinitiv,CAD
SEC00137,2026-03-23,26.86,Bloomberg,USD
SEC00137,2026-03-24,26.64,Bloomberg,EUR
SEC00137,2026-03-25,27.08,ICE,INR
SEC00137,2026-03-26,28.03,ICE,EUR
SEC00137,2026-03-27,27.71,ICE,GBP
SEC00137,2026-03-28,27.23,Refinitiv,CAD
SEC00137,2026-03-29,27.74,ICE,EUR
SEC00137,2026-03-30,27.13,Refinitiv,GBP
SEC00137,2026-03-31,26.56,Refinitiv,USD
SEC00137,2026-04-01,26.7,Bloomberg,CAD
SEC00137,2026-04-02,27.72,Bloomberg,GBP
SEC00137,2026-04-03,27.31,Bloomberg,USD
SEC00137,2026-04-04,27.14,ICE,EUR
SEC00137,2026-04-05,27.21,ICE,JPY
SEC00137,2026-04-06,26.99,Refinitiv,INR
SEC00137,2026-04-07,26.14,Bloomberg,GBP
SEC00137,2026-04-08,26.53,ICE,EUR
SEC00137,2026-04-09,26.64,Bloomberg,GBP
SEC00137,2026-04-10,26.83,ICE,EUR
SEC00137,2026-04-11,26.77,Refinitiv,USD
SEC00137,2026-04-12,27.51,ICE,GBP
SEC00137,2026-04-13,27.28,Bloomberg,USD
SEC00137,2026-04-14,26.76,Bloomberg,EUR
SEC00137,2026-04-15,27.58,Refinitiv,GBP
SEC00137,2026-04-16,26.5,Refinitiv,GBP
SEC00137,2026-04-17,26.44,Bloomberg,INR
SEC00137,2026-04-18,26.42,Refinitiv,EUR
SEC00137,2026-04-19,26.37,Bloomberg,CAD
SEC00137,2026-04-20,25.65,ICE,EUR
SEC00137,2026-04-21,25.12,Refinitiv,JPY
SEC00137,2026-04-22,25.56,Refinitiv,CAD
SEC00137,2026-04-23,26.21,Refinitiv,EUR
SEC00137,2026-04-24,26.03,ICE,CAD
SEC00137,2026-04-25,25.61,Bloomberg,CAD
SEC00137,2026-04-26,24.8,ICE,CAD
SEC00137,2026-04-27,25.23,ICE,USD
SEC00137,2026-04-28,25.7,Refinitiv,USD
SEC00137,2026-04-29,24.41,Bloomberg,CAD
SEC00137,2026-04-30,23.36,Bloomberg,USD
SEC00137,2026-05-01,23.42,ICE,GBP
SEC00137,2026-05-02,23.55,Bloomberg,EUR
SEC00137,2026-05-03,23.36,Bloomberg,INR
SEC00137,2026-05-04,23.36,ICE,GBP
SEC00137,2026-05-05,23.26,ICE,GBP
SEC00137,2026-05-06,23.29,Refinitiv,EUR
SEC00137,2026-05-07,22.92,Bloomberg,USD
SEC00137,2026-05-08,22.93,Refinitiv,USD
SEC00137,2026-05-09,22.66,ICE,CAD
SEC00137,2026-05-10,22.36,Bloomberg,EUR
SEC00137,2026-05-11,21.62,Bloomberg,GBP
SEC00137,2026-05-12,21.56,ICE,GBP
SEC00137,2026-05-13,21.89,ICE,EUR
SEC00137,2026-05-14,21.77,Refinitiv,GBP
SEC00137,2026-05-15,21.64,ICE,GBP
SEC00137,2026-05-16,22.14,Refinitiv,CAD
SEC00137,2026-05-17,22.56,ICE,CAD
SEC00137,2026-05-18,23.28,Bloomberg,USD
SEC00137,2026-05-19,24.23,Refinitiv,GBP
SEC00138,2026-03-20,48.95,Refinitiv,USD
SEC00138,2026-03-21,49.72,Refinitiv,INR
SEC00138,2026-03-22,49.31,Refinitiv,INR
SEC00138,2026-03-23,48.91,ICE,JPY
SEC00138,2026-03-24,49.72,Refinitiv,CAD
SEC00138,2026-03-25,48.7,Refinitiv,GBP
SEC00138,2026-03-26,48.74,ICE,EUR
SEC00138,2026-03-27,48.24,ICE,INR
SEC00138,2026-03-28,48.11,Refinitiv,EUR
SEC00138,2026-03-29,48.84,Refinitiv,CAD
SEC00138,2026-03-30,48.27,ICE,USD
SEC00138,2026-03-31,49.14,ICE,USD
SEC00138,2026-04-01,51.11,Refinitiv,GBP
SEC00138,2026-04-02,51.7,Refinitiv,GBP
SEC00138,2026-04-03,51.64,Bloomberg,JPY
SEC00138,2026-04-04,52.74,ICE,CAD
SEC00138,2026-04-05,51.72,Refinitiv,JPY
SEC00138,2026-04-06,53.16,Bloomberg,GBP
SEC00138,2026-04-07,52.47,Refinitiv,GBP
SEC00138,2026-04-08,54.54,ICE,EUR
SEC00138,2026-04-09,53.86,Bloomberg,CAD
SEC00138,2026-04-10,54.53,Refinitiv,USD
SEC00138,2026-04-11,53.03,ICE,EUR
SEC00138,2026-04-12,52.85,ICE,GBP
SEC00138,2026-04-13,51.85,Refinitiv,EUR
SEC00138,2026-04-14,50.53,Bloomberg,INR
SEC00138,2026-04-15,51.65,Refinitiv,JPY
SEC00138,2026-04-16,50.54,Bloomberg,GBP
SEC00138,2026-04-17,49.89,Refinitiv,EUR
SEC00138,2026-04-18,49.15,Refinitiv,GBP
SEC00138,2026-04-19,50.19,ICE,INR
SEC00138,2026-04-20,51.13,Refinitiv,USD
SEC00138,2026-04-21,52.33,ICE,INR
SEC00138,2026-04-22,51.61,ICE,JPY
SEC00138,2026-04-23,52.89,Refinitiv,JPY
SEC00138,2026-04-24,52.16,Bloomberg,CAD
SEC00138,2026-04-25,51.48,ICE,CAD
SEC00138,2026-04-26,50.86,ICE,EUR
SEC00138,2026-04-27,50.27,Refinitiv,CAD
SEC00138,2026-04-28,50.22,Bloomberg,JPY
SEC00138,2026-04-29,49.48,Refinitiv,EUR
SEC00138,2026-04-30,49.72,Bloomberg,USD
SEC00138,2026-05-01,47.41,ICE,EUR
SEC00138,2026-05-02,47.62,Bloomberg,CAD
SEC00138,2026-05-03,46.71,Refinitiv,USD
SEC00138,2026-05-04,46.17,Bloomberg,GBP
SEC00138,2026-05-05,63.01,Refinitiv,INR
SEC00138,2026-05-06,46.46,ICE,USD
SEC00138,2026-05-07,46.9,Bloomberg,JPY
SEC00138,2026-05-08,46.79,Bloomberg,JPY
SEC00138,2026-05-09,46.21,Bloomberg,JPY
SEC00138,2026-05-10,46.88,Bloomberg,INR
SEC00138,2026-05-11,48.42,Refinitiv,CAD
SEC00138,2026-05-12,48.42,Bloomberg,CAD
SEC00138,2026-05-13,47.05,Refinitiv,GBP
SEC00138,2026-05-14,46.48,ICE,JPY
SEC00138,2026-05-15,46.97,ICE,INR
SEC00138,2026-05-16,46.62,Bloomberg,EUR
SEC00138,2026-05-17,45.92,ICE,INR
SEC00138,2026-05-18,45.2,ICE,CAD
SEC00138,2026-05-19,45.3,Refinitiv,CAD
SEC00139,2026-03-20,34.46,ICE,EUR
SEC00139,2026-03-21,34.14,Refinitiv,USD
SEC00139,2026-03-22,34.64,Bloomberg,USD
SEC00139,2026-03-23,33.91,ICE,JPY
SEC00139,2026-03-24,34.16,Refinitiv,JPY
SEC00139,2026-03-25,34.44,Bloomberg,INR
SEC00139,2026-03-26,34.95,Refinitiv,JPY
SEC00139,2026-03-27,34.55,Bloomberg,USD
SEC00139,2026-03-28,35.05,ICE,JPY
SEC00139,2026-03-29,36.02,Refinitiv,JPY
SEC00139,2026-03-30,34.57,ICE,USD
SEC00139,2026-03-31,34.62,ICE,GBP
SEC00139,2026-04-01,33.51,Refinitiv,CAD
SEC00139,2026-04-02,33.01,ICE,GBP
SEC00139,2026-04-03,32.56,ICE,USD
SEC00139,2026-04-04,32.54,Bloomberg,EUR
SEC00139,2026-04-05,32.77,Bloomberg,INR
SEC00139,2026-04-06,33.33,Refinitiv,CAD
SEC00139,2026-04-07,33.5,Refinitiv,JPY
SEC00139,2026-04-08,33.92,ICE,GBP
SEC00139,2026-04-09,33.28,Refinitiv,USD
SEC00139,2026-04-10,33.93,ICE,EUR
SEC00139,2026-04-11,31.94,Refinitiv,INR
SEC00139,2026-04-12,32.83,Refinitiv,USD
SEC00139,2026-04-13,33.64,ICE,EUR
SEC00139,2026-04-14,34.11,ICE,GBP
SEC00139,2026-04-15,35.5,Refinitiv,INR
SEC00139,2026-04-16,34.36,Refinitiv,INR
SEC00139,2026-04-17,34.86,ICE,CAD
SEC00139,2026-04-18,34.96,Refinitiv,USD
SEC00139,2026-04-19,35.14,Bloomberg,USD
SEC00139,2026-04-20,34.42,ICE,EUR
SEC00139,2026-04-21,34.68,Bloomberg,JPY
SEC00139,2026-04-22,34.91,Bloomberg,CAD
SEC00139,2026-04-23,34.5,ICE,GBP
SEC00139,2026-04-24,34.47,Refinitiv,GBP
SEC00139,2026-04-25,33.67,Refinitiv,GBP
SEC00139,2026-04-26,33.45,Refinitiv,GBP
SEC00139,2026-04-27,34.05,Bloomberg,JPY
SEC00139,2026-04-28,34.66,Bloomberg,CAD
SEC00139,2026-04-29,35.16,ICE,EUR
SEC00139,2026-04-30,35.79,Bloomberg,GBP
SEC00139,2026-05-01,36.43,Bloomberg,GBP
SEC00139,2026-05-02,36.03,ICE,EUR
SEC00139,2026-05-03,36.27,ICE,USD
SEC00139,2026-05-04,36.99,ICE,JPY
SEC00139,2026-05-05,36.09,Bloomberg,GBP
SEC00139,2026-05-06,35.21,Bloomberg,JPY
SEC00139,2026-05-07,34.32,ICE,JPY
SEC00139,2026-05-08,33.23,ICE,JPY
SEC00139,2026-05-09,32.62,ICE,JPY
SEC00139,2026-05-10,32.33,Refinitiv,USD
SEC00139,2026-05-11,33.22,ICE,CAD
SEC00139,2026-05-12,32.98,ICE,INR
SEC00139,2026-05-13,32.09,Refinitiv,INR
SEC00139,2026-05-14,32.21,Bloomberg,CAD
SEC00139,2026-05-15,32.11,Bloomberg,CAD
SEC00139,2026-05-16,31.68,ICE,CAD
SEC00139,2026-05-17,31.36,Bloomberg,JPY
SEC00139,2026-05-18,31.97,Bloomberg,INR
SEC00139,2026-05-19,31.18,Refinitiv,INR
SEC00140,2026-03-20,45.85,ICE,GBP
SEC00140,2026-03-21,45.58,Refinitiv,CAD
SEC00140,2026-03-22,46.0,ICE,GBP
SEC00140,2026-03-23,46.75,ICE,JPY
SEC00140,2026-03-24,48.15,Bloomberg,USD
SEC00140,2026-03-25,48.52,Bloomberg,EUR
SEC00140,2026-03-26,48.42,ICE,EUR
SEC00140,2026-03-27,49.22,ICE,GBP
SEC00140,2026-03-28,48.38,Refinitiv,EUR
SEC00140,2026-03-29,49.64,Refinitiv,JPY
SEC00140,2026-03-30,49.85,Bloomberg,INR
SEC00140,2026-03-31,49.67,ICE,INR
SEC00140,2026-04-01,48.83,Refinitiv,JPY
SEC00140,2026-04-02,49.41,Refinitiv,CAD
SEC00140,2026-04-03,49.18,Refinitiv,EUR
SEC00140,2026-04-04,49.12,Refinitiv,CAD
SEC00140,2026-04-05,47.67,ICE,GBP
SEC00140,2026-04-06,47.32,ICE,EUR
SEC00140,2026-04-07,46.86,Bloomberg,EUR
SEC00140,2026-04-08,47.24,Bloomberg,EUR
SEC00140,2026-04-09,47.03,Bloomberg,GBP
SEC00140,2026-04-10,44.82,Bloomberg,GBP
SEC00140,2026-04-11,44.5,Refinitiv,GBP
SEC00140,2026-04-12,43.36,Refinitiv,EUR
SEC00140,2026-04-13,42.57,Bloomberg,CAD
SEC00140,2026-04-14,43.36,ICE,GBP
SEC00140,2026-04-15,42.06,ICE,USD
SEC00140,2026-04-16,42.31,Bloomberg,JPY
SEC00140,2026-04-17,41.94,ICE,INR
SEC00140,2026-04-18,41.43,Refinitiv,CAD
SEC00140,2026-04-19,40.72,Refinitiv,EUR
SEC00140,2026-04-20,40.98,Refinitiv,EUR
SEC00140,2026-04-21,41.32,Bloomberg,USD
SEC00140,2026-04-22,40.06,Refinitiv,USD
SEC00140,2026-04-23,40.9,ICE,CAD
SEC00140,2026-04-24,40.05,ICE,INR
SEC00140,2026-04-25,40.35,Refinitiv,INR
SEC00140,2026-04-26,39.51,ICE,JPY
SEC00140,2026-04-27,39.21,ICE,EUR
SEC00140,2026-04-28,38.32,ICE,INR
SEC00140,2026-04-29,37.98,Bloomberg,EUR
SEC00140,2026-04-30,37.86,Bloomberg,EUR
SEC00140,2026-05-01,37.1,ICE,INR
SEC00140,2026-05-02,37.32,ICE,USD
SEC00140,2026-05-03,37.64,Refinitiv,INR
SEC00140,2026-05-04,39.5,ICE,USD
SEC00140,2026-05-05,40.18,Refinitiv,USD
SEC00140,2026-05-06,41.05,Bloomberg,CAD
SEC00140,2026-05-07,39.76,ICE,EUR
SEC00140,2026-05-08,38.38,ICE,CAD
SEC00140,2026-05-09,38.19,Refinitiv,EUR
SEC00140,2026-05-10,39.44,ICE,JPY
SEC00140,2026-05-11,41.22,Refinitiv,CAD
SEC00140,2026-05-12,40.73,Refinitiv,EUR
SEC00140,2026-05-13,40.32,Refinitiv,EUR
SEC00140,2026-05-14,40.73,Refinitiv,EUR
SEC00140,2026-05-15,40.61,Refinitiv,GBP
SEC00140,2026-05-16,40.5,Bloomberg,USD
SEC00140,2026-05-17,40.99,Bloomberg,USD
SEC00140,2026-05-18,43.01,Bloomberg,JPY
SEC00140,2026-05-19,44.04,Refinitiv,USD
SEC00141,2026-03-20,54.61,Refinitiv,CAD
SEC00141,2026-03-21,54.13,ICE,CAD
SEC00141,2026-03-22,54.68,Bloomberg,USD
SEC00141,2026-03-23,53.52,Refinitiv,JPY
SEC00141,2026-03-24,53.4,Bloomberg,CAD
SEC00141,2026-03-25,53.85,Refinitiv,INR
SEC00141,2026-03-26,53.55,Refinitiv,CAD
SEC00141,2026-03-27,53.58,ICE,JPY
SEC00141,2026-03-28,53.82,Refinitiv,CAD
SEC00141,2026-03-29,52.14,Refinitiv,CAD
SEC00141,2026-03-30,50.6,Bloomberg,USD
SEC00141,2026-03-31,50.75,Bloomberg,GBP
SEC00141,2026-04-01,50.22,Refinitiv,CAD
SEC00141,2026-04-02,49.75,ICE,USD
SEC00141,2026-04-03,50.28,ICE,EUR
SEC00141,2026-04-04,49.41,Refinitiv,CAD
SEC00141,2026-04-05,47.29,ICE,INR
SEC00141,2026-04-06,48.72,Bloomberg,USD
SEC00141,2026-04-07,49.81,ICE,EUR
SEC00141,2026-04-08,50.91,Bloomberg,JPY
SEC00141,2026-04-09,49.9,Bloomberg,JPY
SEC00141,2026-04-10,49.86,ICE,GBP
SEC00141,2026-04-11,48.75,Refinitiv,CAD
SEC00141,2026-04-12,48.72,ICE,USD
SEC00141,2026-04-13,48.44,ICE,USD
SEC00141,2026-04-14,47.52,Bloomberg,JPY
SEC00141,2026-04-15,47.98,Bloomberg,EUR
SEC00141,2026-04-16,47.78,Refinitiv,GBP
SEC00141,2026-04-17,49.28,Refinitiv,CAD
SEC00141,2026-04-18,49.38,Refinitiv,EUR
SEC00141,2026-04-19,47.14,Bloomberg,CAD
SEC00141,2026-04-20,45.63,Bloomberg,USD
SEC00141,2026-04-21,47.37,Refinitiv,INR
SEC00141,2026-04-22,47.09,Bloomberg,JPY
SEC00141,2026-04-23,47.32,Refinitiv,INR
SEC00141,2026-04-24,47.35,Bloomberg,CAD
SEC00141,2026-04-25,48.58,ICE,INR
SEC00141,2026-04-26,46.94,Refinitiv,INR
SEC00141,2026-04-27,48.08,Bloomberg,CAD
SEC00141,2026-04-28,49.2,ICE,INR
SEC00141,2026-04-29,49.23,Refinitiv,USD
SEC00141,2026-04-30,49.62,Refinitiv,JPY
SEC00141,2026-05-01,49.31,Bloomberg,CAD
SEC00141,2026-05-02,47.84,Refinitiv,CAD
SEC00141,2026-05-03,48.36,ICE,USD
SEC00141,2026-05-04,48.6,Bloomberg,GBP
SEC00141,2026-05-05,48.86,Refinitiv,USD
SEC00141,2026-05-06,49.31,Bloomberg,CAD
SEC00141,2026-05-07,48.8,Refinitiv,JPY
SEC00141,2026-05-08,50.13,Refinitiv,CAD
SEC00141,2026-05-09,50.17,Bloomberg,JPY
SEC00141,2026-05-10,50.68,Bloomberg,USD
SEC00141,2026-05-11,50.46,Refinitiv,CAD
SEC00141,2026-05-12,51.44,Refinitiv,INR
SEC00141,2026-05-13,51.56,ICE,USD
SEC00141,2026-05-14,51.51,ICE,CAD
SEC00141,2026-05-15,52.65,ICE,INR
SEC00141,2026-05-16,51.04,ICE,JPY
SEC00141,2026-05-17,50.81,Bloomberg,CAD
SEC00141,2026-05-18,50.28,ICE,EUR
SEC00141,2026-05-19,50.64,ICE,JPY
SEC00142,2026-03-20,51.0,Refinitiv,GBP
SEC00142,2026-03-21,50.27,Bloomberg,INR
SEC00142,2026-03-22,50.15,Bloomberg,USD
SEC00142,2026-03-23,50.53,Refinitiv,JPY
SEC00142,2026-03-24,51.93,Bloomberg,CAD
SEC00142,2026-03-25,51.51,ICE,CAD
SEC00142,2026-03-26,51.57,Refinitiv,GBP
SEC00142,2026-03-27,49.86,Refinitiv,CAD
SEC00142,2026-03-28,50.19,Refinitiv,GBP
SEC00142,2026-03-29,49.39,Refinitiv,USD
SEC00142,2026-03-30,49.14,ICE,INR
SEC00142,2026-03-31,49.59,Refinitiv,USD
SEC00142,2026-04-01,50.07,Bloomberg,JPY
SEC00142,2026-04-02,48.79,ICE,GBP
SEC00142,2026-04-03,49.52,ICE,JPY
SEC00142,2026-04-04,49.51,ICE,USD
SEC00142,2026-04-05,50.66,ICE,EUR
SEC00142,2026-04-06,52.02,Refinitiv,EUR
SEC00142,2026-04-07,53.55,Refinitiv,JPY
SEC00142,2026-04-08,52.2,Refinitiv,USD
SEC00142,2026-04-09,52.61,Refinitiv,GBP
SEC00142,2026-04-10,51.14,ICE,INR
SEC00142,2026-04-11,52.36,Refinitiv,USD
SEC00142,2026-04-12,53.75,Refinitiv,INR
SEC00142,2026-04-13,54.72,ICE,GBP
SEC00142,2026-04-14,54.33,Bloomberg,USD
SEC00142,2026-04-15,54.89,Refinitiv,EUR
SEC00142,2026-04-16,54.37,ICE,JPY
SEC00142,2026-04-17,54.41,Bloomberg,INR
SEC00142,2026-04-18,54.35,Bloomberg,CAD
SEC00142,2026-04-19,52.42,Bloomberg,GBP
SEC00142,2026-04-20,51.68,Bloomberg,JPY
SEC00142,2026-04-21,53.82,Refinitiv,JPY
SEC00142,2026-04-22,53.77,ICE,CAD
SEC00142,2026-04-23,53.95,Refinitiv,JPY
SEC00142,2026-04-24,53.97,Refinitiv,CAD
SEC00142,2026-04-25,53.59,Bloomberg,JPY
SEC00142,2026-04-26,53.66,ICE,EUR
SEC00142,2026-04-27,53.29,Refinitiv,GBP
SEC00142,2026-04-28,51.13,ICE,INR
SEC00142,2026-04-29,51.88,Bloomberg,EUR
SEC00142,2026-04-30,53.41,ICE,INR
SEC00142,2026-05-01,52.32,Refinitiv,GBP
SEC00142,2026-05-02,51.95,ICE,CAD
SEC00142,2026-05-03,53.38,Refinitiv,GBP
SEC00142,2026-05-04,52.67,ICE,GBP
SEC00142,2026-05-05,53.06,Refinitiv,CAD
SEC00142,2026-05-06,57.22,Bloomberg,INR
SEC00142,2026-05-07,57.9,ICE,GBP
SEC00142,2026-05-08,58.0,Bloomberg,CAD
SEC00142,2026-05-09,58.95,ICE,CAD
SEC00142,2026-05-10,59.8,Refinitiv,CAD
SEC00142,2026-05-11,59.12,ICE,EUR
SEC00142,2026-05-12,57.3,Refinitiv,EUR
SEC00142,2026-05-13,57.94,Refinitiv,EUR
SEC00142,2026-05-14,58.75,ICE,GBP
SEC00142,2026-05-15,58.46,Refinitiv,JPY
SEC00142,2026-05-16,60.22,Refinitiv,INR
SEC00142,2026-05-17,61.82,Refinitiv,JPY
SEC00142,2026-05-18,62.71,Refinitiv,JPY
SEC00142,2026-05-19,62.43,ICE,GBP
SEC00143,2026-03-20,36.76,Bloomberg,CAD
SEC00143,2026-03-21,36.54,ICE,INR
SEC00143,2026-03-22,36.86,Refinitiv,EUR
SEC00143,2026-03-23,36.15,Bloomberg,CAD
SEC00143,2026-03-24,35.56,ICE,INR
SEC00143,2026-03-25,35.16,ICE,EUR
SEC00143,2026-03-26,35.21,Refinitiv,EUR
SEC00143,2026-03-27,34.63,Refinitiv,CAD
SEC00143,2026-03-28,34.82,Bloomberg,GBP
SEC00143,2026-03-29,34.61,Refinitiv,GBP
SEC00143,2026-03-30,35.04,ICE,GBP
SEC00143,2026-03-31,35.09,Bloomberg,EUR
SEC00143,2026-04-01,36.22,Bloomberg,EUR
SEC00143,2026-04-02,36.31,ICE,JPY
SEC00143,2026-04-03,35.54,Refinitiv,USD
SEC00143,2026-04-04,35.42,ICE,USD
SEC00143,2026-04-05,35.45,Refinitiv,INR
SEC00143,2026-04-06,34.89,Bloomberg,EUR
SEC00143,2026-04-07,35.86,ICE,USD
SEC00143,2026-04-08,35.67,Bloomberg,USD
SEC00143,2026-04-09,35.28,ICE,USD
SEC00143,2026-04-10,35.41,Bloomberg,GBP
SEC00143,2026-04-11,34.85,ICE,CAD
SEC00143,2026-04-12,35.48,Bloomberg,JPY
SEC00143,2026-04-13,35.98,ICE,INR
SEC00143,2026-04-14,36.08,ICE,USD
SEC00143,2026-04-15,36.49,Bloomberg,INR
SEC00143,2026-04-16,36.18,Refinitiv,INR
SEC00143,2026-04-17,35.22,ICE,GBP
SEC00143,2026-04-18,35.03,ICE,CAD
SEC00143,2026-04-19,34.73,Refinitiv,USD
SEC00143,2026-04-20,33.47,ICE,CAD
SEC00143,2026-04-21,32.85,ICE,USD
SEC00143,2026-04-22,32.14,ICE,CAD
SEC00143,2026-04-23,31.55,Refinitiv,INR
SEC00143,2026-04-24,32.32,Refinitiv,GBP
SEC00143,2026-04-25,32.63,ICE,JPY
SEC00143,2026-04-26,33.22,ICE,EUR
SEC00143,2026-04-27,33.54,Bloomberg,JPY
SEC00143,2026-04-28,34.21,Refinitiv,GBP
SEC00143,2026-04-29,34.24,ICE,GBP
SEC00143,2026-04-30,35.19,Refinitiv,EUR
SEC00143,2026-05-01,34.43,Refinitiv,JPY
SEC00143,2026-05-02,34.41,Bloomberg,INR
SEC00143,2026-05-03,33.79,Bloomberg,INR
SEC00143,2026-05-04,34.56,Bloomberg,EUR
SEC00143,2026-05-05,34.84,Refinitiv,GBP
SEC00143,2026-05-06,35.6,Refinitiv,CAD
SEC00143,2026-05-07,34.72,ICE,JPY
SEC00143,2026-05-08,34.36,Bloomberg,CAD
SEC00143,2026-05-09,33.27,Bloomberg,JPY
SEC00143,2026-05-10,33.51,ICE,INR
SEC00143,2026-05-11,33.27,Bloomberg,EUR
SEC00143,2026-05-12,33.74,ICE,INR
SEC00143,2026-05-13,33.77,Refinitiv,GBP
SEC00143,2026-05-14,32.49,ICE,INR
SEC00143,2026-05-15,31.54,ICE,CAD
SEC00143,2026-05-16,31.6,ICE,CAD
SEC00143,2026-05-17,31.88,Refinitiv,EUR
SEC00143,2026-05-18,30.63,Bloomberg,USD
SEC00143,2026-05-19,30.6,ICE,GBP
SEC00144,2026-03-20,90.78,Bloomberg,CAD
SEC00144,2026-03-21,92.16,ICE,CAD
SEC00144,2026-03-22,92.11,ICE,JPY
SEC00144,2026-03-23,93.4,Refinitiv,JPY
SEC00144,2026-03-24,92.06,ICE,CAD
SEC00144,2026-03-25,92.47,Refinitiv,INR
SEC00144,2026-03-26,92.42,ICE,JPY
SEC00144,2026-03-27,92.91,ICE,EUR
SEC00144,2026-03-28,89.93,ICE,CAD
SEC00144,2026-03-29,93.0,Refinitiv,CAD
SEC00144,2026-03-30,95.75,ICE,EUR
SEC00144,2026-03-31,93.82,ICE,JPY
SEC00144,2026-04-01,94.84,Bloomberg,USD
SEC00144,2026-04-02,92.35,Refinitiv,JPY
SEC00144,2026-04-03,92.54,ICE,JPY
SEC00144,2026-04-04,88.92,Refinitiv,EUR
SEC00144,2026-04-05,88.5,Refinitiv,EUR
SEC00144,2026-04-06,87.77,ICE,USD
SEC00144,2026-04-07,89.64,ICE,EUR
SEC00144,2026-04-08,92.38,Bloomberg,CAD
SEC00144,2026-04-09,95.23,Refinitiv,INR
SEC00144,2026-04-10,97.27,Refinitiv,CAD
SEC00144,2026-04-11,97.46,Bloomberg,GBP
SEC00144,2026-04-12,98.19,Bloomberg,JPY
SEC00144,2026-04-13,98.92,ICE,GBP
SEC00144,2026-04-14,96.87,ICE,INR
SEC00144,2026-04-15,98.91,ICE,CAD
SEC00144,2026-04-16,100.19,ICE,GBP
SEC00144,2026-04-17,101.57,ICE,JPY
SEC00144,2026-04-18,97.45,Bloomberg,USD
SEC00144,2026-04-19,98.29,Refinitiv,JPY
SEC00144,2026-04-20,100.12,Bloomberg,JPY
SEC00144,2026-04-21,100.14,ICE,INR
SEC00144,2026-04-22,99.29,ICE,GBP
SEC00144,2026-04-23,96.9,Bloomberg,CAD
SEC00144,2026-04-24,94.45,Refinitiv,JPY
SEC00144,2026-04-25,94.76,Refinitiv,GBP
SEC00144,2026-04-26,94.41,Bloomberg,JPY
SEC00144,2026-04-27,94.03,ICE,USD
SEC00144,2026-04-28,96.67,Refinitiv,CAD
SEC00144,2026-04-29,94.53,Refinitiv,USD
SEC00144,2026-04-30,93.99,ICE,USD
SEC00144,2026-05-01,96.9,Bloomberg,GBP
SEC00144,2026-05-02,96.41,Refinitiv,GBP
SEC00144,2026-05-03,96.57,ICE,JPY
SEC00144,2026-05-04,96.31,Refinitiv,INR
SEC00144,2026-05-05,97.59,Refinitiv,JPY
SEC00144,2026-05-06,94.02,Refinitiv,JPY
SEC00144,2026-05-07,93.73,Bloomberg,GBP
SEC00144,2026-05-08,93.87,Bloomberg,USD
SEC00144,2026-05-09,92.23,ICE,INR
SEC00144,2026-05-10,92.84,Bloomberg,GBP
SEC00144,2026-05-11,94.2,ICE,JPY
SEC00144,2026-05-12,95.02,Bloomberg,JPY
SEC00144,2026-05-13,98.11,ICE,EUR
SEC00144,2026-05-14,97.39,ICE,INR
SEC00144,2026-05-15,98.31,Bloomberg,CAD
SEC00144,2026-05-16,99.21,Refinitiv,EUR
SEC00144,2026-05-17,98.83,ICE,INR
SEC00144,2026-05-18,100.9,Refinitiv,CAD
SEC00144,2026-05-19,101.47,ICE,EUR
SEC00145,2026-03-20,80.2,Bloomberg,EUR
SEC00145,2026-03-21,81.64,Bloomberg,USD
SEC00145,2026-03-22,82.26,Bloomberg,GBP
SEC00145,2026-03-23,83.26,Bloomberg,INR
SEC00145,2026-03-24,85.0,Refinitiv,GBP
SEC00145,2026-03-25,84.57,Bloomberg,JPY
SEC00145,2026-03-26,86.29,Bloomberg,INR
SEC00145,2026-03-27,86.09,Bloomberg,JPY
SEC00145,2026-03-28,83.97,ICE,INR
SEC00145,2026-03-29,83.51,Bloomberg,INR
SEC00145,2026-03-30,82.47,ICE,JPY
SEC00145,2026-03-31,83.07,Refinitiv,INR
SEC00145,2026-04-01,82.68,Refinitiv,USD
SEC00145,2026-04-02,82.91,ICE,EUR
SEC00145,2026-04-03,84.47,Refinitiv,JPY
SEC00145,2026-04-04,86.77,Bloomberg,GBP
SEC00145,2026-04-05,87.27,Refinitiv,INR
SEC00145,2026-04-06,89.02,Bloomberg,INR
SEC00145,2026-04-07,88.78,Bloomberg,CAD
SEC00145,2026-04-08,86.32,ICE,INR
SEC00145,2026-04-09,84.53,ICE,USD
SEC00145,2026-04-10,84.28,Refinitiv,USD
SEC00145,2026-04-11,85.53,Refinitiv,JPY
SEC00145,2026-04-12,85.27,Refinitiv,USD
SEC00145,2026-04-13,87.14,Bloomberg,CAD
SEC00145,2026-04-14,90.05,Bloomberg,GBP
SEC00145,2026-04-15,88.66,Refinitiv,USD
SEC00145,2026-04-16,92.09,Bloomberg,JPY
SEC00145,2026-04-17,89.43,Bloomberg,INR
SEC00145,2026-04-18,92.45,Refinitiv,CAD
SEC00145,2026-04-19,92.44,Refinitiv,INR
SEC00145,2026-04-20,92.1,Bloomberg,INR
SEC00145,2026-04-21,92.13,ICE,INR
SEC00145,2026-04-22,90.85,ICE,GBP
SEC00145,2026-04-23,93.35,Refinitiv,JPY
SEC00145,2026-04-24,92.24,Bloomberg,EUR
SEC00145,2026-04-25,91.35,Refinitiv,JPY
SEC00145,2026-04-26,89.12,ICE,JPY
SEC00145,2026-04-27,88.0,Refinitiv,JPY
SEC00145,2026-04-28,86.93,Refinitiv,GBP
SEC00145,2026-04-29,85.77,Bloomberg,INR
SEC00145,2026-04-30,85.55,Refinitiv,INR
SEC00145,2026-05-01,83.87,ICE,GBP
SEC00145,2026-05-02,86.32,Bloomberg,USD
SEC00145,2026-05-03,86.13,Refinitiv,CAD
SEC00145,2026-05-04,86.75,ICE,CAD
SEC00145,2026-05-05,88.14,Bloomberg,USD
SEC00145,2026-05-06,91.4,ICE,INR
SEC00145,2026-05-07,92.94,ICE,CAD
SEC00145,2026-05-08,92.57,ICE,GBP
SEC00145,2026-05-09,90.83,ICE,JPY
SEC00145,2026-05-10,91.43,ICE,CAD
SEC00145,2026-05-11,93.22,Bloomberg,CAD
SEC00145,2026-05-12,93.51,ICE,INR
SEC00145,2026-05-13,93.66,Refinitiv,GBP
SEC00145,2026-05-14,94.07,ICE,USD
SEC00145,2026-05-15,90.95,Refinitiv,CAD
SEC00146,2026-03-20,44.28,Refinitiv,EUR
SEC00146,2026-03-21,43.19,Refinitiv,CAD
SEC00146,2026-03-22,44.34,ICE,JPY
SEC00146,2026-03-23,43.19,Bloomberg,GBP
SEC00146,2026-03-24,42.87,Refinitiv,INR
SEC00146,2026-03-25,43.01,Bloomberg,JPY
SEC00146,2026-03-26,41.02,ICE,JPY
SEC00146,2026-03-27,40.11,ICE,EUR
SEC00146,2026-03-28,39.17,Refinitiv,GBP
SEC00146,2026-03-29,38.72,Refinitiv,GBP
SEC00146,2026-03-30,38.92,Refinitiv,JPY
SEC00146,2026-03-31,39.66,Refinitiv,CAD
SEC00146,2026-04-01,39.2,Refinitiv,JPY
SEC00146,2026-04-02,38.9,ICE,EUR
SEC00146,2026-04-03,38.83,Bloomberg,USD
SEC00146,2026-04-04,38.29,Bloomberg,USD
SEC00146,2026-04-05,38.6,Bloomberg,JPY
SEC00146,2026-04-06,38.93,ICE,JPY
SEC00146,2026-04-07,37.04,ICE,CAD
SEC00146,2026-04-08,37.48,Bloomberg,EUR
SEC00146,2026-04-09,37.59,Refinitiv,CAD
SEC00146,2026-04-10,37.78,ICE,EUR
SEC00146,2026-04-11,38.6,Bloomberg,INR
SEC00146,2026-04-12,37.38,ICE,CAD
SEC00146,2026-04-13,36.56,ICE,EUR
SEC00146,2026-04-14,36.53,ICE,INR
SEC00146,2026-04-15,35.02,Refinitiv,USD
SEC00146,2026-04-16,34.9,Refinitiv,GBP
SEC00146,2026-04-17,35.45,Bloomberg,USD
SEC00146,2026-04-18,35.72,Bloomberg,EUR
SEC00146,2026-04-19,35.79,Bloomberg,CAD
SEC00146,2026-04-20,35.66,Bloomberg,GBP
SEC00146,2026-04-21,35.4,ICE,USD
SEC00146,2026-04-22,35.11,Refinitiv,EUR
SEC00146,2026-04-23,35.27,Bloomberg,GBP
SEC00146,2026-04-24,34.31,Refinitiv,INR
SEC00146,2026-04-25,35.23,Refinitiv,USD
SEC00146,2026-04-26,34.78,Bloomberg,JPY
SEC00146,2026-04-27,35.14,Bloomberg,USD
SEC00146,2026-04-28,35.21,Refinitiv,EUR
SEC00146,2026-04-29,34.5,ICE,CAD
SEC00146,2026-04-30,35.32,Bloomberg,INR
SEC00146,2026-05-01,36.02,ICE,JPY
SEC00146,2026-05-02,35.02,Refinitiv,GBP
SEC00146,2026-05-03,34.99,Refinitiv,USD
SEC00146,2026-05-04,35.14,Bloomberg,INR
SEC00146,2026-05-05,33.85,Refinitiv,EUR
SEC00146,2026-05-06,32.57,Refinitiv,JPY
SEC00146,2026-05-07,32.1,Bloomberg,EUR
SEC00146,2026-05-08,31.36,ICE,GBP
SEC00146,2026-05-09,30.79,Refinitiv,USD
SEC00146,2026-05-10,30.07,Bloomberg,JPY
SEC00146,2026-05-11,30.02,Bloomberg,EUR
SEC00146,2026-05-12,29.56,Bloomberg,INR
SEC00146,2026-05-13,30.16,ICE,EUR
SEC00146,2026-05-14,30.28,Bloomberg,INR
SEC00146,2026-05-15,30.72,Refinitiv,INR
SEC00146,2026-05-16,29.81,ICE,INR
SEC00146,2026-05-17,29.48,Bloomberg,JPY
SEC00146,2026-05-18,29.57,Refinitiv,CAD
SEC00146,2026-05-19,29.83,Refinitiv,INR
SEC00147,2026-03-20,66.9,ICE,CAD
SEC00147,2026-03-21,67.57,Refinitiv,JPY
SEC00147,2026-03-22,65.46,Bloomberg,INR
SEC00147,2026-03-23,65.79,ICE,INR
SEC00147,2026-03-24,65.05,ICE,USD
SEC00147,2026-03-25,64.44,Refinitiv,JPY
SEC00147,2026-03-26,65.0,Bloomberg,INR
SEC00147,2026-03-27,67.02,Bloomberg,GBP
SEC00147,2026-03-28,66.78,Bloomberg,INR
SEC00147,2026-03-29,69.18,Bloomberg,JPY
SEC00147,2026-03-30,67.85,Refinitiv,USD
SEC00147,2026-03-31,69.39,ICE,USD
SEC00147,2026-04-01,69.96,Refinitiv,EUR
SEC00147,2026-04-02,70.26,Refinitiv,EUR
SEC00147,2026-04-03,72.04,ICE,JPY
SEC00147,2026-04-04,71.25,Refinitiv,CAD
SEC00147,2026-04-05,72.93,Refinitiv,INR
SEC00147,2026-04-06,72.69,ICE,EUR
SEC00147,2026-04-07,71.89,Bloomberg,INR
SEC00147,2026-04-08,70.21,ICE,USD
SEC00147,2026-04-09,72.24,Bloomberg,EUR
SEC00147,2026-04-10,73.76,Refinitiv,GBP
SEC00147,2026-04-11,73.17,Refinitiv,EUR
SEC00147,2026-04-12,73.92,Refinitiv,INR
SEC00147,2026-04-13,74.13,Refinitiv,GBP
SEC00147,2026-04-14,73.69,Bloomberg,GBP
SEC00147,2026-04-15,75.01,ICE,USD
SEC00147,2026-04-16,74.2,Refinitiv,EUR
SEC00147,2026-04-17,71.31,Refinitiv,INR
SEC00147,2026-04-18,71.68,ICE,GBP
SEC00147,2026-04-19,71.8,Refinitiv,INR
SEC00147,2026-04-20,71.07,ICE,JPY
SEC00147,2026-04-21,69.97,Bloomberg,GBP
SEC00147,2026-04-22,68.04,Bloomberg,INR
SEC00147,2026-04-23,67.63,Bloomberg,USD
SEC00147,2026-04-24,66.6,ICE,USD
SEC00147,2026-04-25,67.79,ICE,CAD
SEC00147,2026-04-26,68.45,ICE,GBP
SEC00147,2026-04-27,67.89,Refinitiv,INR
SEC00147,2026-04-28,68.56,Bloomberg,GBP
SEC00147,2026-04-29,68.46,Refinitiv,EUR
SEC00147,2026-04-30,68.16,Refinitiv,GBP
SEC00147,2026-05-01,68.13,Bloomberg,USD
SEC00147,2026-05-02,70.34,Refinitiv,JPY
SEC00147,2026-05-03,71.19,ICE,USD
SEC00147,2026-05-04,70.84,Bloomberg,GBP
SEC00147,2026-05-05,72.02,ICE,GBP
SEC00147,2026-05-06,73.16,Refinitiv,CAD
SEC00147,2026-05-07,73.54,Bloomberg,CAD
SEC00147,2026-05-08,73.14,Bloomberg,USD
SEC00147,2026-05-09,72.66,Refinitiv,EUR
SEC00147,2026-05-10,71.29,ICE,INR
SEC00147,2026-05-11,71.56,Refinitiv,INR
SEC00147,2026-05-12,70.81,Bloomberg,GBP
SEC00147,2026-05-13,70.29,Bloomberg,JPY
SEC00147,2026-05-14,71.11,ICE,INR
SEC00147,2026-05-15,73.31,Refinitiv,CAD
SEC00147,2026-05-16,73.84,Refinitiv,JPY
SEC00147,2026-05-17,73.73,Bloomberg,CAD
SEC00147,2026-05-18,73.75,ICE,CAD
SEC00147,2026-05-19,75.29,Refinitiv,JPY
SEC00148,2026-03-20,51.82,Bloomberg,CAD
SEC00148,2026-03-21,51.41,Refinitiv,INR
SEC00148,2026-03-22,52.36,Refinitiv,EUR
SEC00148,2026-03-23,51.65,ICE,GBP
SEC00148,2026-03-24,50.49,Bloomberg,USD
SEC00148,2026-03-25,49.81,ICE,USD
SEC00148,2026-03-26,49.29,Refinitiv,GBP
SEC00148,2026-03-27,49.99,ICE,INR
SEC00148,2026-03-28,50.36,Refinitiv,JPY
SEC00148,2026-03-29,50.9,ICE,INR
SEC00148,2026-03-30,50.95,ICE,INR
SEC00148,2026-03-31,50.41,Refinitiv,JPY
SEC00148,2026-04-01,49.73,ICE,EUR
SEC00148,2026-04-02,50.14,ICE,GBP
SEC00148,2026-04-03,51.6,ICE,JPY
SEC00148,2026-04-04,50.75,ICE,INR
SEC00148,2026-04-05,49.85,ICE,INR
SEC00148,2026-04-06,48.85,Bloomberg,GBP
SEC00148,2026-04-07,49.61,ICE,GBP
SEC00148,2026-04-08,49.6,Refinitiv,JPY
SEC00148,2026-04-09,50.12,Bloomberg,GBP
SEC00148,2026-04-10,49.68,Bloomberg,USD
SEC00148,2026-04-11,50.26,Bloomberg,EUR
SEC00148,2026-04-12,50.03,ICE,EUR
SEC00148,2026-04-13,48.66,ICE,EUR
SEC00148,2026-04-14,49.49,ICE,JPY
SEC00148,2026-04-15,49.49,Bloomberg,USD
SEC00148,2026-04-16,49.23,Bloomberg,GBP
SEC00148,2026-04-17,49.51,Bloomberg,USD
SEC00148,2026-04-18,48.25,ICE,CAD
SEC00148,2026-04-19,48.64,ICE,USD
SEC00148,2026-04-20,48.15,ICE,GBP
SEC00148,2026-04-21,48.04,Bloomberg,USD
SEC00148,2026-04-22,49.05,ICE,EUR
SEC00148,2026-04-23,49.64,Refinitiv,JPY
SEC00148,2026-04-24,49.5,ICE,INR
SEC00148,2026-04-25,49.44,ICE,GBP
SEC00148,2026-04-26,47.18,Refinitiv,USD
SEC00148,2026-04-27,46.51,ICE,INR
SEC00148,2026-04-28,46.67,Bloomberg,USD
SEC00148,2026-04-29,46.05,ICE,INR
SEC00148,2026-04-30,44.98,ICE,USD
SEC00148,2026-05-01,45.39,ICE,GBP
SEC00148,2026-05-02,46.48,Bloomberg,JPY
SEC00148,2026-05-03,45.9,ICE,INR
SEC00148,2026-05-04,46.65,Bloomberg,CAD
SEC00148,2026-05-05,47.28,ICE,CAD
SEC00148,2026-05-06,46.47,ICE,JPY
SEC00148,2026-05-07,45.88,Bloomberg,USD
SEC00148,2026-05-08,47.4,Refinitiv,USD
SEC00148,2026-05-09,46.47,Refinitiv,USD
SEC00148,2026-05-10,45.98,ICE,EUR
SEC00148,2026-05-11,47.63,Bloomberg,GBP
SEC00148,2026-05-12,47.17,ICE,JPY
SEC00148,2026-05-13,48.34,ICE,EUR
SEC00148,2026-05-14,47.47,ICE,EUR
SEC00148,2026-05-15,47.62,Refinitiv,GBP
SEC00148,2026-05-16,48.57,Refinitiv,INR
SEC00148,2026-05-17,48.19,Bloomberg,INR
SEC00148,2026-05-18,48.3,ICE,GBP
SEC00148,2026-05-19,48.97,Bloomberg,GBP
SEC00149,2026-03-20,63.54,Bloomberg,USD
SEC00149,2026-03-21,65.89,ICE,USD
SEC00149,2026-03-22,64.24,ICE,INR
SEC00149,2026-03-23,65.52,Bloomberg,USD
SEC00149,2026-03-24,67.37,Refinitiv,CAD
SEC00149,2026-03-25,67.93,Bloomberg,CAD
SEC00149,2026-03-26,70.3,Refinitiv,CAD
SEC00149,2026-03-27,72.58,Bloomberg,JPY
SEC00149,2026-03-28,72.17,Refinitiv,JPY
SEC00149,2026-03-29,71.87,Bloomberg,GBP
SEC00149,2026-03-30,72.59,ICE,CAD
SEC00149,2026-03-31,71.81,Bloomberg,USD
SEC00149,2026-04-01,75.35,Refinitiv,EUR
SEC00149,2026-04-02,76.46,Bloomberg,EUR
SEC00149,2026-04-03,76.56,Refinitiv,USD
SEC00149,2026-04-04,74.66,ICE,USD
SEC00149,2026-04-05,75.03,Bloomberg,JPY
SEC00149,2026-04-06,73.47,Bloomberg,JPY
SEC00149,2026-04-07,74.51,Bloomberg,CAD
SEC00149,2026-04-08,71.19,Refinitiv,EUR
SEC00149,2026-04-09,73.0,Refinitiv,JPY
SEC00149,2026-04-10,72.48,ICE,INR
SEC00149,2026-04-11,70.31,ICE,CAD
SEC00149,2026-04-12,70.32,Bloomberg,INR
SEC00149,2026-04-13,70.38,ICE,EUR
SEC00149,2026-04-14,70.33,ICE,JPY
SEC00149,2026-04-15,72.12,Refinitiv,INR
SEC00149,2026-04-16,72.65,Refinitiv,CAD
SEC00149,2026-04-17,73.72,ICE,GBP
SEC00149,2026-04-18,73.43,Refinitiv,CAD
SEC00149,2026-04-19,74.03,Refinitiv,CAD
SEC00149,2026-04-20,72.33,Bloomberg,INR
SEC00149,2026-04-21,72.7,Refinitiv,INR
SEC00149,2026-04-22,71.74,Refinitiv,GBP
SEC00149,2026-04-23,73.48,Bloomberg,EUR
SEC00149,2026-04-24,73.62,ICE,GBP
SEC00149,2026-04-25,74.53,Bloomberg,USD
SEC00149,2026-04-26,74.92,Bloomberg,INR
SEC00149,2026-04-27,77.4,Refinitiv,GBP
SEC00149,2026-04-28,75.26,ICE,JPY
SEC00149,2026-04-29,75.14,Bloomberg,GBP
SEC00149,2026-04-30,73.88,ICE,INR
SEC00149,2026-05-01,71.2,Refinitiv,EUR
SEC00149,2026-05-02,69.92,Bloomberg,USD
SEC00149,2026-05-03,71.43,Bloomberg,CAD
SEC00149,2026-05-04,71.42,Refinitiv,EUR
SEC00149,2026-05-05,71.18,Refinitiv,JPY
SEC00149,2026-05-06,72.2,Bloomberg,CAD
SEC00149,2026-05-07,72.39,Refinitiv,JPY
SEC00149,2026-05-08,73.23,Refinitiv,CAD
SEC00149,2026-05-09,73.69,ICE,USD
SEC00149,2026-05-10,74.44,ICE,USD
SEC00149,2026-05-11,73.88,Bloomberg,JPY
SEC00149,2026-05-12,75.31,Refinitiv,GBP
SEC00149,2026-05-13,73.7,Bloomberg,JPY
SEC00149,2026-05-14,73.63,Refinitiv,USD
SEC00149,2026-05-15,75.12,Refinitiv,USD
SEC00149,2026-05-16,74.95,ICE,INR
SEC00149,2026-05-17,74.4,Refinitiv,USD
SEC00149,2026-05-18,77.5,ICE,GBP
SEC00149,2026-05-19,79.52,Refinitiv,INR
SEC00150,2026-03-20,26.16,Bloomberg,CAD
SEC00150,2026-03-21,26.44,ICE,EUR
SEC00150,2026-03-22,26.41,Refinitiv,INR
SEC00150,2026-03-23,25.99,Bloomberg,JPY
SEC00150,2026-03-24,25.86,Refinitiv,CAD
SEC00150,2026-03-25,26.68,Refinitiv,INR
SEC00150,2026-03-26,27.31,Refinitiv,EUR
SEC00150,2026-03-27,27.27,Refinitiv,CAD
SEC00150,2026-03-28,27.68,ICE,EUR
SEC00150,2026-03-29,27.76,Refinitiv,USD
SEC00150,2026-03-30,26.88,Refinitiv,CAD
SEC00150,2026-03-31,25.95,ICE,GBP
SEC00150,2026-04-01,25.54,ICE,JPY
SEC00150,2026-04-02,24.83,Refinitiv,USD
SEC00150,2026-04-03,24.96,Bloomberg,JPY
SEC00150,2026-04-04,24.73,Bloomberg,USD
SEC00150,2026-04-05,24.93,Bloomberg,JPY
SEC00150,2026-04-06,25.14,ICE,CAD
SEC00150,2026-04-07,25.46,Refinitiv,CAD
SEC00150,2026-04-08,25.05,Bloomberg,JPY
SEC00150,2026-04-09,25.3,Bloomberg,USD
SEC00150,2026-04-10,24.87,Refinitiv,EUR
SEC00150,2026-04-11,25.2,Refinitiv,CAD
SEC00150,2026-04-12,25.77,ICE,GBP
SEC00150,2026-04-13,26.12,ICE,CAD
SEC00150,2026-04-14,26.05,Bloomberg,JPY
SEC00150,2026-04-15,26.33,ICE,JPY
SEC00150,2026-04-16,25.61,Refinitiv,GBP
SEC00150,2026-04-17,24.82,Refinitiv,GBP
SEC00150,2026-04-18,25.04,Refinitiv,CAD
SEC00150,2026-04-19,25.64,ICE,JPY
SEC00150,2026-04-20,25.08,Bloomberg,JPY
SEC00150,2026-04-21,25.1,Bloomberg,USD
SEC00150,2026-04-22,18.23,Bloomberg,USD
SEC00150,2026-04-23,25.05,ICE,JPY
SEC00150,2026-04-24,24.91,ICE,CAD
SEC00150,2026-04-25,25.19,Bloomberg,EUR
SEC00150,2026-04-26,25.26,Bloomberg,USD
SEC00150,2026-04-27,25.32,Bloomberg,JPY
SEC00150,2026-04-28,24.88,ICE,EUR
SEC00150,2026-04-29,24.88,Refinitiv,EUR
SEC00150,2026-04-30,24.72,ICE,INR
SEC00150,2026-05-01,24.58,ICE,JPY
SEC00150,2026-05-02,24.35,ICE,USD
SEC00150,2026-05-03,24.35,Refinitiv,USD
SEC00150,2026-05-04,23.98,ICE,USD
SEC00150,2026-05-05,24.0,Refinitiv,EUR
SEC00150,2026-05-06,23.85,ICE,GBP
SEC00150,2026-05-07,23.46,Refinitiv,CAD
SEC00150,2026-05-08,22.65,ICE,GBP
SEC00150,2026-05-09,23.05,Refinitiv,EUR
SEC00150,2026-05-10,23.37,ICE,CAD
SEC00150,2026-05-11,23.04,Refinitiv,JPY
SEC00150,2026-05-12,23.34,ICE,EUR
SEC00150,2026-05-13,22.92,Bloomberg,USD
SEC00150,2026-05-14,22.8,Refinitiv,CAD
SEC00150,2026-05-15,22.6,Bloomberg,INR
SEC00151,2026-03-20,61.14,Refinitiv,JPY
SEC00151,2026-03-21,60.65,Bloomberg,CAD
SEC00151,2026-03-22,60.51,Refinitiv,GBP
SEC00151,2026-03-23,60.64,Refinitiv,JPY
SEC00151,2026-03-24,61.33,ICE,USD
SEC00151,2026-03-25,62.0,Refinitiv,JPY
SEC00151,2026-03-26,60.36,ICE,GBP
SEC00151,2026-03-27,61.92,Refinitiv,INR
SEC00151,2026-03-28,62.02,ICE,INR
SEC00151,2026-03-29,61.68,ICE,USD
SEC00151,2026-03-30,60.7,Refinitiv,INR
SEC00151,2026-03-31,62.91,Bloomberg,GBP
SEC00151,2026-04-01,65.61,ICE,USD
SEC00151,2026-04-02,67.85,ICE,EUR
SEC00151,2026-04-03,68.03,ICE,JPY
SEC00151,2026-04-04,68.49,Bloomberg,USD
SEC00151,2026-04-05,70.36,ICE,INR
SEC00151,2026-04-06,70.09,Bloomberg,JPY
SEC00151,2026-04-07,70.81,Refinitiv,USD
SEC00151,2026-04-08,71.13,ICE,USD
SEC00151,2026-04-09,73.62,Refinitiv,USD
SEC00151,2026-04-10,75.56,Bloomberg,CAD
SEC00151,2026-04-11,75.41,Refinitiv,INR
SEC00151,2026-04-12,77.52,Bloomberg,USD
SEC00151,2026-04-13,77.56,Refinitiv,EUR
SEC00151,2026-04-14,76.83,Bloomberg,GBP
SEC00151,2026-04-15,76.48,Refinitiv,USD
SEC00151,2026-04-16,76.72,Refinitiv,GBP
SEC00151,2026-04-17,75.67,ICE,USD
SEC00151,2026-04-18,75.0,Refinitiv,INR
SEC00151,2026-04-19,73.09,Refinitiv,EUR
SEC00151,2026-04-20,72.05,ICE,EUR
SEC00151,2026-04-21,72.39,ICE,CAD
SEC00151,2026-04-22,73.78,ICE,INR
SEC00151,2026-04-23,75.03,Refinitiv,INR
SEC00151,2026-04-24,75.65,Bloomberg,USD
SEC00151,2026-04-25,73.61,Refinitiv,INR
SEC00151,2026-04-26,72.5,ICE,INR
SEC00151,2026-04-27,72.28,ICE,JPY
SEC00151,2026-04-28,73.57,Bloomberg,EUR
SEC00151,2026-04-29,72.87,Bloomberg,CAD
SEC00151,2026-04-30,71.31,ICE,INR
SEC00151,2026-05-01,73.2,ICE,GBP
SEC00151,2026-05-02,72.27,ICE,EUR
SEC00151,2026-05-03,70.84,Bloomberg,JPY
SEC00151,2026-05-04,71.16,ICE,JPY
SEC00151,2026-05-05,51.22,Refinitiv,JPY
SEC00151,2026-05-06,70.53,Refinitiv,EUR
SEC00151,2026-05-07,70.57,Bloomberg,GBP
SEC00151,2026-05-08,69.42,Bloomberg,USD
SEC00151,2026-05-09,68.82,Refinitiv,GBP
SEC00151,2026-05-10,68.81,Bloomberg,CAD
SEC00151,2026-05-11,66.32,Refinitiv,USD
SEC00151,2026-05-12,67.5,Bloomberg,USD
SEC00151,2026-05-13,65.86,Refinitiv,EUR
SEC00151,2026-05-14,64.78,ICE,GBP
SEC00151,2026-05-15,65.98,ICE,EUR
SEC00151,2026-05-16,66.69,Bloomberg,GBP
SEC00151,2026-05-17,66.83,ICE,INR
SEC00151,2026-05-18,64.81,Bloomberg,EUR
SEC00151,2026-05-19,64.13,Refinitiv,GBP
SEC00152,2026-03-20,52.27,Bloomberg,EUR
SEC00152,2026-03-21,53.2,Bloomberg,EUR
SEC00152,2026-03-22,52.44,ICE,EUR
SEC00152,2026-03-23,52.44,Refinitiv,USD
SEC00152,2026-03-24,52.75,Bloomberg,CAD
SEC00152,2026-03-25,52.49,Bloomberg,CAD
SEC00152,2026-03-26,53.2,ICE,CAD
SEC00152,2026-03-27,53.54,Refinitiv,INR
SEC00152,2026-03-28,53.01,ICE,INR
SEC00152,2026-03-29,54.24,Refinitiv,GBP
SEC00152,2026-03-30,54.81,ICE,EUR
SEC00152,2026-03-31,54.01,Refinitiv,USD
SEC00152,2026-04-01,53.21,Refinitiv,USD
SEC00152,2026-04-02,53.02,Bloomberg,EUR
SEC00152,2026-04-03,53.48,ICE,INR
SEC00152,2026-04-04,51.37,Refinitiv,JPY
SEC00152,2026-04-05,50.66,Bloomberg,USD
SEC00152,2026-04-06,50.16,Bloomberg,USD
SEC00152,2026-04-07,48.89,Refinitiv,INR
SEC00152,2026-04-08,48.01,Bloomberg,GBP
SEC00152,2026-04-09,48.15,Refinitiv,USD
SEC00152,2026-04-10,47.75,Refinitiv,GBP
SEC00152,2026-04-11,47.42,ICE,GBP
SEC00152,2026-04-12,46.27,Refinitiv,CAD
SEC00152,2026-04-13,46.12,ICE,JPY
SEC00152,2026-04-14,44.89,Refinitiv,GBP
SEC00152,2026-04-15,46.09,ICE,EUR
SEC00152,2026-04-16,47.56,Bloomberg,INR
SEC00152,2026-04-17,47.18,Refinitiv,JPY
SEC00152,2026-04-18,46.25,Bloomberg,GBP
SEC00152,2026-04-19,46.99,Refinitiv,JPY
SEC00152,2026-04-20,47.51,Bloomberg,USD
SEC00152,2026-04-21,49.14,Refinitiv,GBP
SEC00152,2026-04-22,51.06,ICE,USD
SEC00152,2026-04-23,49.22,ICE,GBP
SEC00152,2026-04-24,50.27,Bloomberg,INR
SEC00152,2026-04-25,50.09,Refinitiv,USD
SEC00152,2026-04-26,50.61,Refinitiv,EUR
SEC00152,2026-04-27,51.35,ICE,EUR
SEC00152,2026-04-28,52.05,ICE,EUR
SEC00152,2026-04-29,53.02,Bloomberg,USD
SEC00152,2026-04-30,52.51,ICE,JPY
SEC00152,2026-05-01,51.63,Bloomberg,USD
SEC00152,2026-05-02,52.76,Bloomberg,GBP
SEC00152,2026-05-03,51.96,Bloomberg,GBP
SEC00152,2026-05-04,53.73,Bloomberg,CAD
SEC00152,2026-05-05,53.02,Refinitiv,USD
SEC00152,2026-05-06,52.68,Bloomberg,INR
SEC00152,2026-05-07,52.53,Bloomberg,USD
SEC00152,2026-05-08,51.09,Bloomberg,USD
SEC00152,2026-05-09,49.71,ICE,CAD
SEC00152,2026-05-10,50.55,ICE,USD
SEC00152,2026-05-11,49.01,ICE,INR
SEC00152,2026-05-12,51.25,ICE,INR
SEC00152,2026-05-13,51.19,ICE,GBP
SEC00152,2026-05-14,50.27,Bloomberg,INR
SEC00152,2026-05-15,50.67,ICE,JPY
SEC00152,2026-05-16,48.45,Refinitiv,CAD
SEC00152,2026-05-17,48.19,Refinitiv,GBP
SEC00152,2026-05-18,48.03,ICE,CAD
SEC00152,2026-05-19,46.96,Bloomberg,EUR
SEC00153,2026-03-20,85.9,Bloomberg,USD
SEC00153,2026-03-21,86.74,ICE,CAD
SEC00153,2026-03-22,84.35,ICE,CAD
SEC00153,2026-03-23,84.67,ICE,JPY
SEC00153,2026-03-24,84.89,ICE,GBP
SEC00153,2026-03-25,87.72,Bloomberg,USD
SEC00153,2026-03-26,90.22,Bloomberg,INR
SEC00153,2026-03-27,89.85,Refinitiv,INR
SEC00153,2026-03-28,88.57,Bloomberg,INR
SEC00153,2026-03-29,87.36,ICE,EUR
SEC00153,2026-03-30,86.94,Refinitiv,JPY
SEC00153,2026-03-31,89.02,ICE,GBP
SEC00153,2026-04-01,89.73,Refinitiv,INR
SEC00153,2026-04-02,90.61,ICE,USD
SEC00153,2026-04-03,91.98,Bloomberg,CAD
SEC00153,2026-04-04,90.38,Refinitiv,JPY
SEC00153,2026-04-05,89.27,ICE,GBP
SEC00153,2026-04-06,90.15,Refinitiv,CAD
SEC00153,2026-04-07,88.93,ICE,INR
SEC00153,2026-04-08,86.53,Refinitiv,INR
SEC00153,2026-04-09,84.89,ICE,CAD
SEC00153,2026-04-10,86.54,Refinitiv,CAD
SEC00153,2026-04-11,86.0,ICE,INR
SEC00153,2026-04-12,86.4,Refinitiv,GBP
SEC00153,2026-04-13,84.83,Refinitiv,CAD
SEC00153,2026-04-14,85.46,Refinitiv,INR
SEC00153,2026-04-15,85.08,Refinitiv,JPY
SEC00153,2026-04-16,85.81,ICE,USD
SEC00153,2026-04-17,85.11,Bloomberg,USD
SEC00153,2026-04-18,85.93,ICE,CAD
SEC00153,2026-04-19,85.16,Refinitiv,USD
SEC00153,2026-04-20,85.08,Bloomberg,GBP
SEC00153,2026-04-21,84.7,Refinitiv,EUR
SEC00153,2026-04-22,84.79,Refinitiv,USD
SEC00153,2026-04-23,85.25,ICE,EUR
SEC00153,2026-04-24,84.54,ICE,INR
SEC00153,2026-04-25,84.4,Refinitiv,CAD
SEC00153,2026-04-26,84.72,ICE,EUR
SEC00153,2026-04-27,85.54,Refinitiv,JPY
SEC00153,2026-04-28,85.46,Refinitiv,CAD
SEC00153,2026-04-29,84.14,ICE,INR
SEC00153,2026-04-30,84.32,Bloomberg,CAD
SEC00153,2026-05-01,85.38,ICE,CAD
SEC00153,2026-05-02,83.37,Refinitiv,CAD
SEC00153,2026-05-03,81.43,Bloomberg,EUR
SEC00153,2026-05-04,80.5,Refinitiv,INR
SEC00153,2026-05-05,80.26,Bloomberg,EUR
SEC00153,2026-05-06,77.13,Bloomberg,USD
SEC00153,2026-05-07,77.96,Bloomberg,CAD
SEC00153,2026-05-08,77.74,ICE,JPY
SEC00153,2026-05-09,74.49,Bloomberg,INR
SEC00153,2026-05-10,73.04,Refinitiv,INR
SEC00153,2026-05-11,72.68,Refinitiv,USD
SEC00153,2026-05-12,70.4,ICE,CAD
SEC00153,2026-05-13,71.66,ICE,JPY
SEC00153,2026-05-14,71.94,ICE,USD
SEC00153,2026-05-15,72.85,Refinitiv,EUR
SEC00154,2026-03-20,66.75,ICE,EUR
SEC00154,2026-03-21,68.18,ICE,INR
SEC00154,2026-03-22,67.73,ICE,INR
SEC00154,2026-03-23,65.18,Bloomberg,EUR
SEC00154,2026-03-24,65.61,Refinitiv,GBP
SEC00154,2026-03-25,64.37,ICE,CAD
SEC00154,2026-03-26,64.55,ICE,CAD
SEC00154,2026-03-27,61.93,Bloomberg,INR
SEC00154,2026-03-28,61.65,ICE,CAD
SEC00154,2026-03-29,62.46,ICE,INR
SEC00154,2026-03-30,63.15,ICE,USD
SEC00154,2026-03-31,62.89,Refinitiv,CAD
SEC00154,2026-04-01,62.87,Refinitiv,EUR
SEC00154,2026-04-02,62.34,ICE,USD
SEC00154,2026-04-03,62.03,Refinitiv,INR
SEC00154,2026-04-04,62.76,ICE,JPY
SEC00154,2026-04-05,61.95,Bloomberg,GBP
SEC00154,2026-04-06,61.25,Bloomberg,CAD
SEC00154,2026-04-07,59.54,ICE,INR
SEC00154,2026-04-08,60.26,Refinitiv,USD
SEC00154,2026-04-09,59.95,Bloomberg,GBP
SEC00154,2026-04-10,58.61,ICE,GBP
SEC00154,2026-04-11,59.51,ICE,EUR
SEC00154,2026-04-12,59.43,ICE,USD
SEC00154,2026-04-13,58.61,Refinitiv,USD
SEC00154,2026-04-14,59.52,Refinitiv,EUR
SEC00154,2026-04-15,59.13,Bloomberg,EUR
SEC00154,2026-04-16,57.43,Bloomberg,GBP
SEC00154,2026-04-17,58.39,Bloomberg,CAD
SEC00154,2026-04-18,57.48,Refinitiv,GBP
SEC00154,2026-04-19,60.58,Refinitiv,USD
SEC00154,2026-04-20,60.06,Bloomberg,USD
SEC00154,2026-04-21,57.86,ICE,INR
SEC00154,2026-04-22,59.66,ICE,INR
SEC00154,2026-04-23,59.57,Bloomberg,USD
SEC00154,2026-04-24,59.81,ICE,JPY
SEC00154,2026-04-25,60.19,Refinitiv,EUR
SEC00154,2026-04-26,58.69,Refinitiv,CAD
SEC00154,2026-04-27,56.37,Refinitiv,INR
SEC00154,2026-04-28,58.33,ICE,CAD
SEC00154,2026-04-29,56.66,Bloomberg,CAD
SEC00154,2026-04-30,58.3,Refinitiv,INR
SEC00154,2026-05-01,58.83,Bloomberg,USD
SEC00154,2026-05-02,58.99,Bloomberg,GBP
SEC00154,2026-05-03,58.46,Refinitiv,EUR
SEC00154,2026-05-04,60.86,Bloomberg,INR
SEC00154,2026-05-05,60.07,ICE,JPY
SEC00154,2026-05-06,59.33,Refinitiv,CAD
SEC00154,2026-05-07,60.02,Bloomberg,CAD
SEC00154,2026-05-08,59.26,ICE,GBP
SEC00154,2026-05-09,58.16,Refinitiv,EUR
SEC00154,2026-05-10,58.07,ICE,EUR
SEC00154,2026-05-11,58.76,Bloomberg,INR
SEC00154,2026-05-12,60.72,Bloomberg,USD
SEC00154,2026-05-13,62.97,ICE,USD
SEC00154,2026-05-14,60.91,ICE,INR
SEC00154,2026-05-15,62.03,Refinitiv,JPY
SEC00155,2026-03-20,55.4,Bloomberg,INR
SEC00155,2026-03-21,56.05,ICE,CAD
SEC00155,2026-03-22,56.97,Refinitiv,USD
SEC00155,2026-03-23,56.79,Refinitiv,EUR
SEC00155,2026-03-24,57.73,Bloomberg,CAD
SEC00155,2026-03-25,58.97,Refinitiv,CAD
SEC00155,2026-03-26,59.56,Bloomberg,CAD
SEC00155,2026-03-27,57.27,Refinitiv,JPY
SEC00155,2026-03-28,56.11,Bloomberg,JPY
SEC00155,2026-03-29,57.84,Refinitiv,INR
SEC00155,2026-03-30,57.96,Bloomberg,JPY
SEC00155,2026-03-31,58.08,Bloomberg,USD
SEC00155,2026-04-01,57.24,Refinitiv,USD
SEC00155,2026-04-02,56.61,ICE,GBP
SEC00155,2026-04-03,57.85,Bloomberg,EUR
SEC00155,2026-04-04,59.44,Refinitiv,JPY
SEC00155,2026-04-05,60.32,ICE,JPY
SEC00155,2026-04-06,60.95,Refinitiv,JPY
SEC00155,2026-04-07,61.67,Refinitiv,GBP
SEC00155,2026-04-08,61.62,Bloomberg,JPY
SEC00155,2026-04-09,60.32,Bloomberg,EUR
SEC00155,2026-04-10,58.81,Bloomberg,GBP
SEC00155,2026-04-11,60.23,ICE,CAD
SEC00155,2026-04-12,60.22,Bloomberg,INR
SEC00155,2026-04-13,60.77,Bloomberg,CAD
SEC00155,2026-04-14,61.03,Bloomberg,USD
SEC00155,2026-04-15,61.35,ICE,INR
SEC00155,2026-04-16,61.76,Refinitiv,JPY
SEC00155,2026-04-17,62.57,ICE,CAD
SEC00155,2026-04-18,61.73,Refinitiv,INR
SEC00155,2026-04-19,63.08,ICE,INR
SEC00155,2026-04-20,62.27,ICE,CAD
SEC00155,2026-04-21,62.57,Refinitiv,EUR
SEC00155,2026-04-22,61.27,ICE,GBP
SEC00155,2026-04-23,61.12,ICE,CAD
SEC00155,2026-04-24,60.42,Bloomberg,USD
SEC00155,2026-04-25,60.48,Refinitiv,USD
SEC00155,2026-04-26,61.31,Refinitiv,USD
SEC00155,2026-04-27,61.42,ICE,GBP
SEC00155,2026-04-28,63.62,ICE,GBP
SEC00155,2026-04-29,64.57,ICE,INR
SEC00155,2026-04-30,64.33,Bloomberg,INR
SEC00155,2026-05-01,64.27,ICE,EUR
SEC00155,2026-05-02,64.74,Bloomberg,GBP
SEC00155,2026-05-03,65.59,Refinitiv,INR
SEC00155,2026-05-04,64.16,Bloomberg,GBP
SEC00155,2026-05-05,64.93,ICE,JPY
SEC00155,2026-05-06,63.55,ICE,INR
SEC00155,2026-05-07,64.2,Bloomberg,EUR
SEC00155,2026-05-08,65.5,ICE,INR
SEC00155,2026-05-09,65.89,ICE,EUR
SEC00155,2026-05-10,63.17,Bloomberg,EUR
SEC00155,2026-05-11,61.17,Refinitiv,USD
SEC00155,2026-05-12,61.82,Bloomberg,USD
SEC00155,2026-05-13,59.12,Bloomberg,GBP
SEC00155,2026-05-14,59.8,ICE,GBP
SEC00155,2026-05-15,60.89,Bloomberg,JPY
SEC00155,2026-05-16,62.16,Refinitiv,GBP
SEC00155,2026-05-17,61.93,Bloomberg,EUR
SEC00155,2026-05-18,62.45,Bloomberg,USD
SEC00155,2026-05-19,62.71,Refinitiv,EUR
SEC00156,2026-03-20,56.82,ICE,INR
SEC00156,2026-03-21,58.15,ICE,JPY
SEC00156,2026-03-22,58.9,Bloomberg,GBP
SEC00156,2026-03-23,59.76,Refinitiv,JPY
SEC00156,2026-03-24,59.15,Bloomberg,CAD
SEC00156,2026-03-25,61.12,ICE,USD
SEC00156,2026-03-26,60.89,Refinitiv,USD
SEC00156,2026-03-27,61.53,Bloomberg,CAD
SEC00156,2026-03-28,62.31,ICE,GBP
SEC00156,2026-03-29,60.8,Bloomberg,CAD
SEC00156,2026-03-30,60.78,Bloomberg,JPY
SEC00156,2026-03-31,61.03,Bloomberg,INR
SEC00156,2026-04-01,60.94,Refinitiv,INR
SEC00156,2026-04-02,60.92,Bloomberg,JPY
SEC00156,2026-04-03,62.59,ICE,GBP
SEC00156,2026-04-04,61.69,Refinitiv,INR
SEC00156,2026-04-05,60.31,ICE,INR
SEC00156,2026-04-06,59.71,Bloomberg,EUR
SEC00156,2026-04-07,60.53,ICE,CAD
SEC00156,2026-04-08,61.48,Refinitiv,USD
SEC00156,2026-04-09,62.18,ICE,CAD
SEC00156,2026-04-10,63.24,ICE,INR
SEC00156,2026-04-11,63.56,Refinitiv,CAD
SEC00156,2026-04-12,63.0,Refinitiv,JPY
SEC00156,2026-04-13,61.96,ICE,USD
SEC00156,2026-04-14,60.58,Bloomberg,CAD
SEC00156,2026-04-15,60.36,Bloomberg,CAD
SEC00156,2026-04-16,61.25,ICE,EUR
SEC00156,2026-04-17,61.54,ICE,JPY
SEC00156,2026-04-18,61.6,Refinitiv,CAD
SEC00156,2026-04-19,60.46,ICE,CAD
SEC00156,2026-04-20,63.3,ICE,INR
SEC00156,2026-04-21,44.92,Refinitiv,EUR
SEC00156,2026-04-22,62.55,Bloomberg,EUR
SEC00156,2026-04-23,63.71,Refinitiv,USD
SEC00156,2026-04-24,63.79,Refinitiv,INR
SEC00156,2026-04-25,62.9,Bloomberg,EUR
SEC00156,2026-04-26,63.85,ICE,EUR
SEC00156,2026-04-27,62.34,ICE,JPY
SEC00156,2026-04-28,64.33,ICE,INR
SEC00156,2026-04-29,64.68,Refinitiv,CAD
SEC00156,2026-04-30,64.42,Bloomberg,EUR
SEC00156,2026-05-01,62.81,Refinitiv,INR
SEC00156,2026-05-02,61.54,ICE,CAD
SEC00156,2026-05-03,61.51,Refinitiv,INR
SEC00156,2026-05-04,63.64,Bloomberg,USD
SEC00156,2026-05-05,63.94,ICE,GBP
SEC00156,2026-05-06,64.37,Bloomberg,INR
SEC00156,2026-05-07,64.85,Refinitiv,USD
SEC00156,2026-05-08,67.64,Refinitiv,USD
SEC00156,2026-05-09,67.14,ICE,EUR
SEC00156,2026-05-10,69.06,Bloomberg,CAD
SEC00156,2026-05-11,68.6,Bloomberg,INR
SEC00156,2026-05-12,67.77,ICE,USD
SEC00156,2026-05-13,67.7,ICE,JPY
SEC00156,2026-05-14,67.64,Bloomberg,CAD
SEC00156,2026-05-15,68.35,ICE,CAD
SEC00156,2026-05-16,65.53,ICE,JPY
SEC00156,2026-05-17,65.74,Bloomberg,INR
SEC00156,2026-05-18,65.06,ICE,INR
SEC00156,2026-05-19,64.24,Bloomberg,INR
SEC00157,2026-03-20,47.18,ICE,JPY
SEC00157,2026-03-21,46.35,ICE,USD
SEC00157,2026-03-22,45.96,Refinitiv,CAD
SEC00157,2026-03-23,46.09,ICE,INR
SEC00157,2026-03-24,47.38,Bloomberg,EUR
SEC00157,2026-03-25,46.38,ICE,GBP
SEC00157,2026-03-26,45.81,Refinitiv,EUR
SEC00157,2026-03-27,46.33,ICE,GBP
SEC00157,2026-03-28,46.97,Refinitiv,CAD
SEC00157,2026-03-29,47.17,Refinitiv,GBP
SEC00157,2026-03-30,47.1,Refinitiv,JPY
SEC00157,2026-03-31,47.23,Refinitiv,EUR
SEC00157,2026-04-01,45.97,Refinitiv,EUR
SEC00157,2026-04-02,46.08,ICE,JPY
SEC00157,2026-04-03,47.33,Bloomberg,USD
SEC00157,2026-04-04,46.23,ICE,CAD
SEC00157,2026-04-05,45.6,ICE,INR
SEC00157,2026-04-06,45.3,ICE,JPY
SEC00157,2026-04-07,45.05,ICE,CAD
SEC00157,2026-04-08,46.57,Refinitiv,EUR
SEC00157,2026-04-09,45.81,ICE,INR
SEC00157,2026-04-10,44.9,Refinitiv,CAD
SEC00157,2026-04-11,45.54,Bloomberg,INR
SEC00157,2026-04-12,45.04,Bloomberg,USD
SEC00157,2026-04-13,45.7,Bloomberg,USD
SEC00157,2026-04-14,45.56,Bloomberg,GBP
SEC00157,2026-04-15,45.96,Refinitiv,GBP
SEC00157,2026-04-16,44.68,ICE,JPY
SEC00157,2026-04-17,45.07,Bloomberg,USD
SEC00157,2026-04-18,45.27,ICE,EUR
SEC00157,2026-04-19,45.09,ICE,INR
SEC00157,2026-04-20,44.11,ICE,USD
SEC00157,2026-04-21,44.3,ICE,INR
SEC00157,2026-04-22,44.9,ICE,INR
SEC00157,2026-04-23,44.49,Bloomberg,GBP
SEC00157,2026-04-24,44.11,Refinitiv,GBP
SEC00157,2026-04-25,44.76,Refinitiv,INR
SEC00157,2026-04-26,46.16,Bloomberg,GBP
SEC00157,2026-04-27,46.96,Refinitiv,JPY
SEC00157,2026-04-28,47.18,Refinitiv,CAD
SEC00157,2026-04-29,47.0,ICE,GBP
SEC00157,2026-04-30,47.0,Bloomberg,INR
SEC00157,2026-05-01,45.9,ICE,CAD
SEC00157,2026-05-02,45.8,Bloomberg,USD
SEC00157,2026-05-03,46.74,Refinitiv,EUR
SEC00157,2026-05-04,46.8,Bloomberg,USD
SEC00157,2026-05-05,46.3,ICE,USD
SEC00157,2026-05-06,45.72,Refinitiv,CAD
SEC00157,2026-05-07,45.72,Bloomberg,JPY
SEC00157,2026-05-08,44.72,ICE,GBP
SEC00157,2026-05-09,44.01,Bloomberg,INR
SEC00157,2026-05-10,45.25,ICE,JPY
SEC00157,2026-05-11,44.43,Bloomberg,INR
SEC00157,2026-05-12,43.81,Bloomberg,CAD
SEC00157,2026-05-13,44.06,Bloomberg,JPY
SEC00157,2026-05-14,43.73,ICE,GBP
SEC00157,2026-05-15,43.83,ICE,CAD
SEC00157,2026-05-16,44.53,Refinitiv,INR
SEC00157,2026-05-17,43.31,Bloomberg,EUR
SEC00157,2026-05-18,43.92,Refinitiv,USD
SEC00157,2026-05-19,43.48,Refinitiv,USD
SEC00158,2026-03-20,45.63,ICE,EUR
SEC00158,2026-03-21,46.67,Bloomberg,JPY
SEC00158,2026-03-22,46.77,Bloomberg,USD
SEC00158,2026-03-23,47.61,Bloomberg,GBP
SEC00158,2026-03-24,47.41,Refinitiv,USD
SEC00158,2026-03-25,46.75,Bloomberg,INR
SEC00158,2026-03-26,47.15,Refinitiv,JPY
SEC00158,2026-03-27,47.62,ICE,CAD
SEC00158,2026-03-28,47.41,Bloomberg,GBP
SEC00158,2026-03-29,48.55,Bloomberg,INR
SEC00158,2026-03-30,49.4,Refinitiv,USD
SEC00158,2026-03-31,49.93,ICE,JPY
SEC00158,2026-04-01,48.96,Bloomberg,EUR
SEC00158,2026-04-02,47.88,ICE,GBP
SEC00158,2026-04-03,48.94,ICE,USD
SEC00158,2026-04-04,47.03,Bloomberg,INR
SEC00158,2026-04-05,46.98,Bloomberg,CAD
SEC00158,2026-04-06,47.13,ICE,USD
SEC00158,2026-04-07,46.74,ICE,CAD
SEC00158,2026-04-08,46.73,Bloomberg,JPY
SEC00158,2026-04-09,47.11,Refinitiv,USD
SEC00158,2026-04-10,46.63,ICE,CAD
SEC00158,2026-04-11,47.4,Refinitiv,CAD
SEC00158,2026-04-12,47.92,ICE,INR
SEC00158,2026-04-13,47.79,Refinitiv,INR
SEC00158,2026-04-14,47.1,ICE,JPY
SEC00158,2026-04-15,47.05,Refinitiv,EUR
SEC00158,2026-04-16,48.86,Refinitiv,CAD
SEC00158,2026-04-17,48.21,ICE,INR
SEC00158,2026-04-18,49.57,Bloomberg,CAD
SEC00158,2026-04-19,48.03,Refinitiv,GBP
SEC00158,2026-04-20,65.28,Bloomberg,CAD
SEC00158,2026-04-21,46.87,Refinitiv,EUR
SEC00158,2026-04-22,47.69,Refinitiv,CAD
SEC00158,2026-04-23,47.76,ICE,EUR
SEC00158,2026-04-24,48.91,ICE,USD
SEC00158,2026-04-25,48.64,Refinitiv,JPY
SEC00158,2026-04-26,48.62,Refinitiv,USD
SEC00158,2026-04-27,48.36,Bloomberg,EUR
SEC00158,2026-04-28,50.15,Refinitiv,INR
SEC00158,2026-04-29,49.16,Bloomberg,INR
SEC00158,2026-04-30,48.74,Bloomberg,JPY
SEC00158,2026-05-01,47.9,ICE,CAD
SEC00158,2026-05-02,48.42,ICE,GBP
SEC00158,2026-05-03,47.45,Refinitiv,CAD
SEC00158,2026-05-04,49.03,Bloomberg,CAD
SEC00158,2026-05-05,49.13,Bloomberg,USD
SEC00158,2026-05-06,49.51,Bloomberg,EUR
SEC00158,2026-05-07,49.95,ICE,EUR
SEC00158,2026-05-08,49.96,Refinitiv,INR
SEC00158,2026-05-09,50.09,ICE,GBP
SEC00158,2026-05-10,50.19,Refinitiv,GBP
SEC00158,2026-05-11,50.69,Refinitiv,EUR
SEC00158,2026-05-12,49.96,ICE,INR
SEC00158,2026-05-13,49.1,Bloomberg,INR
SEC00158,2026-05-14,49.85,ICE,USD
SEC00158,2026-05-15,49.87,ICE,GBP
SEC00158,2026-05-16,48.09,Bloomberg,USD
SEC00158,2026-05-17,47.71,Bloomberg,GBP
SEC00158,2026-05-18,49.04,Refinitiv,EUR
SEC00158,2026-05-19,48.93,ICE,USD
SEC00159,2026-03-20,90.06,ICE,JPY
SEC00159,2026-03-21,89.48,Refinitiv,CAD
SEC00159,2026-03-22,89.56,ICE,JPY
SEC00159,2026-03-23,88.13,Refinitiv,JPY
SEC00159,2026-03-24,85.59,Bloomberg,GBP
SEC00159,2026-03-25,84.28,ICE,INR
SEC00159,2026-03-26,81.44,Bloomberg,USD
SEC00159,2026-03-27,79.5,ICE,INR
SEC00159,2026-03-28,77.22,Refinitiv,CAD
SEC00159,2026-03-29,78.96,Bloomberg,INR
SEC00159,2026-03-30,77.17,ICE,GBP
SEC00159,2026-03-31,77.15,Refinitiv,EUR
SEC00159,2026-04-01,78.74,ICE,INR
SEC00159,2026-04-02,79.99,Refinitiv,EUR
SEC00159,2026-04-03,79.6,Refinitiv,GBP
SEC00159,2026-04-04,79.23,Refinitiv,CAD
SEC00159,2026-04-05,79.52,Refinitiv,USD
SEC00159,2026-04-06,82.59,ICE,INR
SEC00159,2026-04-07,83.24,Bloomberg,INR
SEC00159,2026-04-08,84.28,Refinitiv,INR
SEC00159,2026-04-09,87.76,Bloomberg,EUR
SEC00159,2026-04-10,88.25,Refinitiv,USD
SEC00159,2026-04-11,90.11,Bloomberg,USD
SEC00159,2026-04-12,90.93,Refinitiv,CAD
SEC00159,2026-04-13,91.74,Refinitiv,INR
SEC00159,2026-04-14,90.19,ICE,USD
SEC00159,2026-04-15,88.4,ICE,USD
SEC00159,2026-04-16,87.63,Bloomberg,JPY
SEC00159,2026-04-17,89.07,Refinitiv,EUR
SEC00159,2026-04-18,90.45,Refinitiv,GBP
SEC00159,2026-04-19,92.67,Refinitiv,INR
SEC00159,2026-04-20,92.69,Refinitiv,GBP
SEC00159,2026-04-21,93.64,Bloomberg,CAD
SEC00159,2026-04-22,94.6,Refinitiv,EUR
SEC00159,2026-04-23,94.46,Bloomberg,CAD
SEC00159,2026-04-24,93.96,Bloomberg,EUR
SEC00159,2026-04-25,91.5,ICE,GBP
SEC00159,2026-04-26,91.29,ICE,JPY
SEC00159,2026-04-27,91.17,Refinitiv,CAD
SEC00159,2026-04-28,93.08,Bloomberg,GBP
SEC00159,2026-04-29,95.19,Refinitiv,INR
SEC00159,2026-04-30,95.48,Refinitiv,CAD
SEC00159,2026-05-01,99.08,ICE,CAD
SEC00159,2026-05-02,99.47,ICE,INR
SEC00159,2026-05-03,101.37,Refinitiv,INR
SEC00159,2026-05-04,101.23,Refinitiv,GBP
SEC00159,2026-05-05,99.21,Bloomberg,CAD
SEC00159,2026-05-06,98.5,ICE,USD
SEC00159,2026-05-07,101.16,Refinitiv,JPY
SEC00159,2026-05-08,100.73,ICE,EUR
SEC00159,2026-05-09,99.93,ICE,EUR
SEC00159,2026-05-10,99.98,Bloomberg,USD
SEC00159,2026-05-11,99.33,ICE,JPY
SEC00159,2026-05-12,101.51,ICE,JPY
SEC00159,2026-05-13,105.01,Refinitiv,EUR
SEC00159,2026-05-14,105.07,Bloomberg,INR
SEC00159,2026-05-15,106.14,Bloomberg,CAD
SEC00159,2026-05-16,108.05,Bloomberg,CAD
SEC00159,2026-05-17,108.32,Refinitiv,EUR
SEC00159,2026-05-18,106.66,Bloomberg,INR
SEC00159,2026-05-19,105.93,ICE,GBP
SEC00160,2026-03-20,91.46,Refinitiv,CAD
SEC00160,2026-03-21,89.96,Refinitiv,CAD
SEC00160,2026-03-22,89.95,ICE,USD
SEC00160,2026-03-23,88.89,Refinitiv,GBP
SEC00160,2026-03-24,85.74,Bloomberg,EUR
SEC00160,2026-03-25,87.35,ICE,EUR
SEC00160,2026-03-26,87.44,Refinitiv,GBP
SEC00160,2026-03-27,86.38,Refinitiv,JPY
SEC00160,2026-03-28,87.01,Bloomberg,GBP
SEC00160,2026-03-29,87.13,Refinitiv,USD
SEC00160,2026-03-30,89.38,ICE,JPY
SEC00160,2026-03-31,90.13,ICE,CAD
SEC00160,2026-04-01,89.92,ICE,EUR
SEC00160,2026-04-02,91.08,ICE,USD
SEC00160,2026-04-03,91.07,Refinitiv,CAD
SEC00160,2026-04-04,91.42,Refinitiv,EUR
SEC00160,2026-04-05,93.48,Bloomberg,GBP
SEC00160,2026-04-06,91.56,ICE,CAD
SEC00160,2026-04-07,90.18,ICE,GBP
SEC00160,2026-04-08,89.55,ICE,INR
SEC00160,2026-04-09,89.15,Refinitiv,EUR
SEC00160,2026-04-10,91.05,Bloomberg,INR
SEC00160,2026-04-11,88.78,ICE,EUR
SEC00160,2026-04-12,88.78,ICE,USD
SEC00160,2026-04-13,87.94,Refinitiv,GBP
SEC00160,2026-04-14,90.68,Bloomberg,INR
SEC00160,2026-04-15,92.17,ICE,EUR
SEC00160,2026-04-16,92.61,ICE,CAD
SEC00160,2026-04-17,94.27,ICE,GBP
SEC00160,2026-04-18,92.08,ICE,GBP
SEC00160,2026-04-19,95.48,ICE,INR
SEC00160,2026-04-20,94.08,Refinitiv,EUR
SEC00160,2026-04-21,96.26,ICE,EUR
SEC00160,2026-04-22,97.26,Refinitiv,JPY
SEC00160,2026-04-23,97.78,Bloomberg,INR
SEC00160,2026-04-24,99.96,Bloomberg,USD
SEC00160,2026-04-25,101.81,ICE,CAD
SEC00160,2026-04-26,102.05,Bloomberg,JPY
SEC00160,2026-04-27,101.33,ICE,GBP
SEC00160,2026-04-28,101.61,Refinitiv,INR
SEC00160,2026-04-29,101.47,Refinitiv,USD
SEC00160,2026-04-30,102.17,Bloomberg,GBP
SEC00160,2026-05-01,104.09,Refinitiv,JPY
SEC00160,2026-05-02,105.02,Refinitiv,USD
SEC00160,2026-05-03,105.43,ICE,GBP
SEC00160,2026-05-04,104.24,Bloomberg,JPY
SEC00160,2026-05-05,104.9,Refinitiv,JPY
SEC00160,2026-05-06,101.75,ICE,EUR
SEC00160,2026-05-07,100.34,ICE,USD
SEC00160,2026-05-08,101.48,ICE,GBP
SEC00160,2026-05-09,103.15,ICE,USD
SEC00160,2026-05-10,103.16,Refinitiv,EUR
SEC00160,2026-05-11,103.59,Refinitiv,EUR
SEC00160,2026-05-12,104.33,Refinitiv,INR
SEC00160,2026-05-13,105.66,Bloomberg,JPY
SEC00160,2026-05-14,105.33,Bloomberg,GBP
SEC00160,2026-05-15,103.52,Refinitiv,USD
SEC00160,2026-05-16,104.3,ICE,INR
SEC00160,2026-05-17,108.02,Refinitiv,CAD
SEC00160,2026-05-18,106.28,Refinitiv,USD
SEC00160,2026-05-19,106.09,ICE,JPY
SEC00161,2026-03-20,51.04,Refinitiv,EUR
SEC00161,2026-03-21,51.63,Bloomberg,USD
SEC00161,2026-03-22,53.46,Refinitiv,EUR
SEC00161,2026-03-23,54.25,ICE,GBP
SEC00161,2026-03-24,52.6,ICE,EUR
SEC00161,2026-03-25,53.44,Refinitiv,INR
SEC00161,2026-03-26,54.47,Bloomberg,GBP
SEC00161,2026-03-27,56.65,Refinitiv,EUR
SEC00161,2026-03-28,56.43,Refinitiv,JPY
SEC00161,2026-03-29,56.6,Refinitiv,USD
SEC00161,2026-03-30,57.08,ICE,CAD
SEC00161,2026-03-31,56.33,Bloomberg,USD
SEC00161,2026-04-01,55.49,Refinitiv,EUR
SEC00161,2026-04-02,55.92,Bloomberg,JPY
SEC00161,2026-04-03,54.39,Bloomberg,GBP
SEC00161,2026-04-04,53.13,Bloomberg,INR
SEC00161,2026-04-05,53.94,ICE,CAD
SEC00161,2026-04-06,54.45,Bloomberg,INR
SEC00161,2026-04-07,55.7,Bloomberg,CAD
SEC00161,2026-04-08,56.19,Refinitiv,CAD
SEC00161,2026-04-09,56.23,Refinitiv,EUR
SEC00161,2026-04-10,57.56,ICE,GBP
SEC00161,2026-04-11,57.15,ICE,USD
SEC00161,2026-04-12,56.84,ICE,CAD
SEC00161,2026-04-13,56.8,Bloomberg,CAD
SEC00161,2026-04-14,57.29,Bloomberg,USD
SEC00161,2026-04-15,57.25,Bloomberg,EUR
SEC00161,2026-04-16,55.75,Refinitiv,CAD
SEC00161,2026-04-17,55.51,Bloomberg,INR
SEC00161,2026-04-18,55.5,ICE,JPY
SEC00161,2026-04-19,55.65,ICE,USD
SEC00161,2026-04-20,55.22,ICE,GBP
SEC00161,2026-04-21,55.75,Refinitiv,JPY
SEC00161,2026-04-22,54.17,ICE,GBP
SEC00161,2026-04-23,54.6,Bloomberg,EUR
SEC00161,2026-04-24,56.39,ICE,GBP
SEC00161,2026-04-25,55.8,Refinitiv,JPY
SEC00161,2026-04-26,55.89,ICE,USD
SEC00161,2026-04-27,55.66,Bloomberg,JPY
SEC00161,2026-04-28,55.46,Refinitiv,GBP
SEC00161,2026-04-29,54.46,Bloomberg,INR
SEC00161,2026-04-30,56.44,Bloomberg,JPY
SEC00161,2026-05-01,56.86,Refinitiv,GBP
SEC00161,2026-05-02,56.2,Bloomberg,INR
SEC00161,2026-05-03,55.44,Bloomberg,JPY
SEC00161,2026-05-04,55.53,ICE,INR
SEC00161,2026-05-05,53.39,Bloomberg,CAD
SEC00161,2026-05-06,54.43,Refinitiv,INR
SEC00161,2026-05-07,53.95,Bloomberg,CAD
SEC00161,2026-05-08,54.36,ICE,CAD
SEC00161,2026-05-09,54.81,ICE,CAD
SEC00161,2026-05-10,55.79,Refinitiv,CAD
SEC00161,2026-05-11,56.31,ICE,CAD
SEC00161,2026-05-12,57.09,Refinitiv,CAD
SEC00161,2026-05-13,58.17,Refinitiv,GBP
SEC00161,2026-05-14,57.85,Bloomberg,GBP
SEC00161,2026-05-15,60.12,ICE,USD
SEC00161,2026-05-16,60.53,ICE,JPY
SEC00161,2026-05-17,60.53,Bloomberg,EUR
SEC00161,2026-05-18,59.65,Bloomberg,INR
SEC00161,2026-05-19,59.45,Refinitiv,EUR
SEC00162,2026-03-20,41.2,Bloomberg,INR
SEC00162,2026-03-21,42.48,ICE,EUR
SEC00162,2026-03-22,41.76,ICE,GBP
SEC00162,2026-03-23,41.53,Bloomberg,USD
SEC00162,2026-03-24,42.14,Bloomberg,USD
SEC00162,2026-03-25,41.33,Bloomberg,JPY
SEC00162,2026-03-26,41.54,ICE,USD
SEC00162,2026-03-27,40.14,Refinitiv,EUR
SEC00162,2026-03-28,40.3,Refinitiv,JPY
SEC00162,2026-03-29,40.36,Bloomberg,GBP
SEC00162,2026-03-30,40.5,Bloomberg,GBP
SEC00162,2026-03-31,39.89,ICE,EUR
SEC00162,2026-04-01,40.07,Refinitiv,INR
SEC00162,2026-04-02,40.06,Refinitiv,INR
SEC00162,2026-04-03,41.02,Refinitiv,GBP
SEC00162,2026-04-04,41.51,Bloomberg,INR
SEC00162,2026-04-05,40.45,ICE,JPY
SEC00162,2026-04-06,39.86,ICE,JPY
SEC00162,2026-04-07,39.44,Bloomberg,EUR
SEC00162,2026-04-08,39.59,Refinitiv,USD
SEC00162,2026-04-09,39.49,ICE,GBP
SEC00162,2026-04-10,39.38,Refinitiv,JPY
SEC00162,2026-04-11,41.4,ICE,GBP
SEC00162,2026-04-12,41.04,ICE,EUR
SEC00162,2026-04-13,42.09,Bloomberg,USD
SEC00162,2026-04-14,42.0,Bloomberg,USD
SEC00162,2026-04-15,40.37,Refinitiv,USD
SEC00162,2026-04-16,40.53,Bloomberg,GBP
SEC00162,2026-04-17,41.37,ICE,USD
SEC00162,2026-04-18,41.86,ICE,JPY
SEC00162,2026-04-19,42.07,Bloomberg,USD
SEC00162,2026-04-20,42.11,ICE,GBP
SEC00162,2026-04-21,41.76,ICE,JPY
SEC00162,2026-04-22,42.45,Bloomberg,INR
SEC00162,2026-04-23,42.14,Refinitiv,GBP
SEC00162,2026-04-24,41.68,Bloomberg,GBP
SEC00162,2026-04-25,42.01,ICE,EUR
SEC00162,2026-04-26,41.8,Refinitiv,USD
SEC00162,2026-04-27,42.79,ICE,CAD
SEC00162,2026-04-28,43.17,ICE,INR
SEC00162,2026-04-29,42.58,ICE,JPY
SEC00162,2026-04-30,41.73,ICE,USD
SEC00162,2026-05-01,41.32,Bloomberg,USD
SEC00162,2026-05-02,43.08,Bloomberg,EUR
SEC00162,2026-05-03,42.91,Refinitiv,INR
SEC00162,2026-05-04,43.52,ICE,JPY
SEC00162,2026-05-05,42.52,Bloomberg,USD
SEC00162,2026-05-06,41.71,Refinitiv,JPY
SEC00162,2026-05-07,41.59,ICE,GBP
SEC00162,2026-05-08,42.89,Bloomberg,USD
SEC00162,2026-05-09,41.91,Refinitiv,CAD
SEC00162,2026-05-10,41.46,Bloomberg,USD
SEC00162,2026-05-11,42.15,Bloomberg,JPY
SEC00162,2026-05-12,43.38,Bloomberg,INR
SEC00162,2026-05-13,43.74,ICE,JPY
SEC00162,2026-05-14,44.3,Bloomberg,JPY
SEC00162,2026-05-15,43.6,Refinitiv,CAD
SEC00162,2026-05-16,42.59,ICE,CAD
SEC00162,2026-05-17,41.73,Refinitiv,EUR
SEC00162,2026-05-18,41.1,Refinitiv,INR
SEC00162,2026-05-19,41.28,Refinitiv,GBP
SEC00163,2026-03-20,56.36,ICE,GBP
SEC00163,2026-03-21,57.61,ICE,CAD
SEC00163,2026-03-22,57.82,ICE,EUR
SEC00163,2026-03-23,56.26,Bloomberg,INR
SEC00163,2026-03-24,55.04,Refinitiv,INR
SEC00163,2026-03-25,55.14,Refinitiv,USD
SEC00163,2026-03-26,55.58,ICE,CAD
SEC00163,2026-03-27,54.39,ICE,USD
SEC00163,2026-03-28,55.06,ICE,CAD
SEC00163,2026-03-29,53.35,Refinitiv,JPY
SEC00163,2026-03-30,50.82,Bloomberg,JPY
SEC00163,2026-03-31,50.05,ICE,EUR
SEC00163,2026-04-01,51.31,Refinitiv,EUR
SEC00163,2026-04-02,52.74,Bloomberg,USD
SEC00163,2026-04-03,51.25,ICE,EUR
SEC00163,2026-04-04,49.88,Bloomberg,CAD
SEC00163,2026-04-05,50.58,ICE,EUR
SEC00163,2026-04-06,50.21,ICE,GBP
SEC00163,2026-04-07,51.47,Bloomberg,EUR
SEC00163,2026-04-08,52.18,ICE,INR
SEC00163,2026-04-09,53.07,Refinitiv,CAD
SEC00163,2026-04-10,52.31,Refinitiv,USD
SEC00163,2026-04-11,52.76,ICE,USD
SEC00163,2026-04-12,54.7,ICE,USD
SEC00163,2026-04-13,54.87,Refinitiv,USD
SEC00163,2026-04-14,54.85,ICE,EUR
SEC00163,2026-04-15,54.45,Refinitiv,EUR
SEC00163,2026-04-16,52.9,ICE,GBP
SEC00163,2026-04-17,51.88,Bloomberg,USD
SEC00163,2026-04-18,51.08,Refinitiv,INR
SEC00163,2026-04-19,49.59,Bloomberg,JPY
SEC00163,2026-04-20,48.24,ICE,CAD
SEC00163,2026-04-21,46.14,ICE,CAD
SEC00163,2026-04-22,45.51,Bloomberg,USD
SEC00163,2026-04-23,46.08,Refinitiv,INR
SEC00163,2026-04-24,45.85,Refinitiv,EUR
SEC00163,2026-04-25,45.61,Bloomberg,JPY
SEC00163,2026-04-26,46.26,Bloomberg,INR
SEC00163,2026-04-27,47.69,ICE,INR
SEC00163,2026-04-28,49.67,Bloomberg,USD
SEC00163,2026-04-29,49.82,Refinitiv,INR
SEC00163,2026-04-30,49.59,ICE,USD
SEC00163,2026-05-01,49.25,Bloomberg,USD
SEC00163,2026-05-02,49.8,Refinitiv,USD
SEC00163,2026-05-03,49.68,ICE,GBP
SEC00163,2026-05-04,49.57,ICE,EUR
SEC00163,2026-05-05,49.52,Bloomberg,USD
SEC00163,2026-05-06,48.7,Bloomberg,INR
SEC00163,2026-05-07,46.68,ICE,INR
SEC00163,2026-05-08,46.15,Bloomberg,EUR
SEC00163,2026-05-09,47.38,Refinitiv,CAD
SEC00163,2026-05-10,48.61,Bloomberg,EUR
SEC00163,2026-05-11,49.45,ICE,GBP
SEC00163,2026-05-12,49.04,Refinitiv,GBP
SEC00163,2026-05-13,48.36,Refinitiv,GBP
SEC00163,2026-05-14,49.8,ICE,INR
SEC00163,2026-05-15,67.42,Bloomberg,USD
SEC00163,2026-05-16,48.92,Refinitiv,CAD
SEC00163,2026-05-17,50.43,ICE,CAD
SEC00163,2026-05-18,50.57,Refinitiv,EUR
SEC00163,2026-05-19,50.32,Bloomberg,INR
SEC00164,2026-03-20,54.96,ICE,CAD
SEC00164,2026-03-21,53.95,Refinitiv,JPY
SEC00164,2026-03-22,55.0,Refinitiv,EUR
SEC00164,2026-03-23,55.18,ICE,CAD
SEC00164,2026-03-24,55.33,Bloomberg,JPY
SEC00164,2026-03-25,55.88,ICE,JPY
SEC00164,2026-03-26,55.74,Refinitiv,CAD
SEC00164,2026-03-27,55.71,Refinitiv,CAD
SEC00164,2026-03-28,56.2,Bloomberg,JPY
SEC00164,2026-03-29,57.04,Bloomberg,EUR
SEC00164,2026-03-30,57.58,ICE,CAD
SEC00164,2026-03-31,59.13,ICE,INR
SEC00164,2026-04-01,59.18,Refinitiv,GBP
SEC00164,2026-04-02,57.78,Bloomberg,INR
SEC00164,2026-04-03,58.94,ICE,USD
SEC00164,2026-04-04,58.71,ICE,EUR
SEC00164,2026-04-05,57.92,ICE,USD
SEC00164,2026-04-06,58.7,Bloomberg,JPY
SEC00164,2026-04-07,59.12,Refinitiv,USD
SEC00164,2026-04-08,57.79,ICE,CAD
SEC00164,2026-04-09,58.51,Bloomberg,JPY
SEC00164,2026-04-10,60.52,Bloomberg,INR
SEC00164,2026-04-11,60.9,ICE,INR
SEC00164,2026-04-12,60.65,Refinitiv,USD
SEC00164,2026-04-13,58.86,Bloomberg,CAD
SEC00164,2026-04-14,61.06,Refinitiv,GBP
SEC00164,2026-04-15,60.52,ICE,GBP
SEC00164,2026-04-16,59.02,ICE,INR
SEC00164,2026-04-17,59.16,Bloomberg,CAD
SEC00164,2026-04-18,60.27,ICE,CAD
SEC00164,2026-04-19,61.64,Refinitiv,INR
SEC00164,2026-04-20,60.92,Bloomberg,USD
SEC00164,2026-04-21,60.85,Bloomberg,EUR
SEC00164,2026-04-22,60.88,ICE,EUR
SEC00164,2026-04-23,61.98,Bloomberg,INR
SEC00164,2026-04-24,62.67,Bloomberg,JPY
SEC00164,2026-04-25,63.01,ICE,JPY
SEC00164,2026-04-26,64.08,ICE,USD
SEC00164,2026-04-27,62.54,Bloomberg,GBP
SEC00164,2026-04-28,63.04,ICE,JPY
SEC00164,2026-04-29,63.32,ICE,INR
SEC00164,2026-04-30,63.3,ICE,JPY
SEC00164,2026-05-01,63.05,ICE,INR
SEC00164,2026-05-02,63.23,Bloomberg,EUR
SEC00164,2026-05-03,62.61,ICE,USD
SEC00164,2026-05-04,65.72,Refinitiv,INR
SEC00164,2026-05-05,67.36,Refinitiv,EUR
SEC00164,2026-05-06,68.72,Bloomberg,JPY
SEC00164,2026-05-07,68.1,Refinitiv,INR
SEC00164,2026-05-08,66.96,Bloomberg,GBP
SEC00164,2026-05-09,66.74,Refinitiv,CAD
SEC00164,2026-05-10,66.91,Bloomberg,INR
SEC00164,2026-05-11,65.19,ICE,JPY
SEC00164,2026-05-12,65.79,Bloomberg,USD
SEC00164,2026-05-13,67.11,Refinitiv,JPY
SEC00164,2026-05-14,64.44,Refinitiv,INR
SEC00164,2026-05-15,63.43,Refinitiv,EUR
SEC00164,2026-05-16,64.86,ICE,INR
SEC00164,2026-05-17,65.33,Refinitiv,JPY
SEC00164,2026-05-18,64.34,ICE,EUR
SEC00164,2026-05-19,65.23,Refinitiv,USD
SEC00165,2026-03-20,67.26,ICE,EUR
SEC00165,2026-03-21,65.06,Bloomberg,CAD
SEC00165,2026-03-22,65.83,Bloomberg,GBP
SEC00165,2026-03-23,63.79,Refinitiv,EUR
SEC00165,2026-03-24,63.64,Bloomberg,JPY
SEC00165,2026-03-25,63.51,Bloomberg,CAD
SEC00165,2026-03-26,63.53,Refinitiv,INR
SEC00165,2026-03-27,63.62,ICE,INR
SEC00165,2026-03-28,63.69,Refinitiv,USD
SEC00165,2026-03-29,64.14,Bloomberg,GBP
SEC00165,2026-03-30,64.04,Bloomberg,CAD
SEC00165,2026-03-31,67.09,Refinitiv,CAD
SEC00165,2026-04-01,66.71,Bloomberg,CAD
SEC00165,2026-04-02,65.28,Refinitiv,CAD
SEC00165,2026-04-03,63.65,Refinitiv,USD
SEC00165,2026-04-04,64.44,ICE,EUR
SEC00165,2026-04-05,62.63,ICE,INR
SEC00165,2026-04-06,61.29,Bloomberg,JPY
SEC00165,2026-04-07,59.83,ICE,CAD
SEC00165,2026-04-08,60.35,Refinitiv,GBP
SEC00165,2026-04-09,61.83,ICE,GBP
SEC00165,2026-04-10,60.81,Refinitiv,USD
SEC00165,2026-04-11,61.3,ICE,GBP
SEC00165,2026-04-12,58.42,Refinitiv,CAD
SEC00165,2026-04-13,57.67,ICE,JPY
SEC00165,2026-04-14,58.32,Refinitiv,CAD
SEC00165,2026-04-15,58.02,Refinitiv,EUR
SEC00165,2026-04-16,59.09,Refinitiv,JPY
SEC00165,2026-04-17,56.74,Bloomberg,USD
SEC00165,2026-04-18,56.02,Refinitiv,JPY
SEC00165,2026-04-19,56.51,Bloomberg,GBP
SEC00165,2026-04-20,56.98,Bloomberg,INR
SEC00165,2026-04-21,57.54,Refinitiv,USD
SEC00165,2026-04-22,57.79,Refinitiv,CAD
SEC00165,2026-04-23,56.62,Bloomberg,GBP
SEC00165,2026-04-24,55.86,Bloomberg,CAD
SEC00165,2026-04-25,58.22,Refinitiv,JPY
SEC00165,2026-04-26,56.92,ICE,USD
SEC00165,2026-04-27,55.5,Refinitiv,USD
SEC00165,2026-04-28,56.21,ICE,JPY
SEC00165,2026-04-29,55.17,Refinitiv,EUR
SEC00165,2026-04-30,56.97,Bloomberg,CAD
SEC00165,2026-05-01,59.81,Bloomberg,USD
SEC00165,2026-05-02,59.58,Refinitiv,GBP
SEC00165,2026-05-03,59.94,ICE,EUR
SEC00165,2026-05-04,58.0,Bloomberg,EUR
SEC00165,2026-05-05,59.11,Refinitiv,EUR
SEC00165,2026-05-06,56.75,ICE,INR
SEC00165,2026-05-07,55.41,ICE,INR
SEC00165,2026-05-08,55.56,Refinitiv,INR
SEC00165,2026-05-09,56.13,Refinitiv,CAD
SEC00165,2026-05-10,54.66,ICE,USD
SEC00165,2026-05-11,54.16,Refinitiv,INR
SEC00165,2026-05-12,52.56,Bloomberg,JPY
SEC00165,2026-05-13,52.29,ICE,CAD
SEC00165,2026-05-14,51.56,ICE,JPY
SEC00165,2026-05-15,51.0,ICE,JPY
SEC00165,2026-05-16,51.62,Refinitiv,EUR
SEC00165,2026-05-17,51.91,ICE,EUR
SEC00165,2026-05-18,52.46,Bloomberg,INR
SEC00165,2026-05-19,52.36,ICE,CAD
SEC00166,2026-03-20,49.69,ICE,USD
SEC00166,2026-03-21,49.54,Bloomberg,CAD
SEC00166,2026-03-22,49.7,Bloomberg,JPY
SEC00166,2026-03-23,48.25,ICE,JPY
SEC00166,2026-03-24,47.72,ICE,CAD
SEC00166,2026-03-25,47.27,Bloomberg,JPY
SEC00166,2026-03-26,47.71,ICE,INR
SEC00166,2026-03-27,47.07,Refinitiv,GBP
SEC00166,2026-03-28,47.13,Bloomberg,GBP
SEC00166,2026-03-29,46.64,Bloomberg,CAD
SEC00166,2026-03-30,45.74,ICE,EUR
SEC00166,2026-03-31,44.82,Bloomberg,JPY
SEC00166,2026-04-01,44.71,ICE,CAD
SEC00166,2026-04-02,44.81,Bloomberg,GBP
SEC00166,2026-04-03,44.68,Refinitiv,JPY
SEC00166,2026-04-04,44.03,Bloomberg,INR
SEC00166,2026-04-05,43.94,ICE,INR
SEC00166,2026-04-06,43.71,Bloomberg,INR
SEC00166,2026-04-07,42.91,Refinitiv,INR
SEC00166,2026-04-08,43.0,Refinitiv,JPY
SEC00166,2026-04-09,44.42,Refinitiv,EUR
SEC00166,2026-04-10,44.32,Refinitiv,CAD
SEC00166,2026-04-11,43.18,Bloomberg,EUR
SEC00166,2026-04-12,44.34,Bloomberg,GBP
SEC00166,2026-04-13,45.37,Bloomberg,JPY
SEC00166,2026-04-14,46.56,Bloomberg,USD
SEC00166,2026-04-15,46.55,Bloomberg,JPY
SEC00166,2026-04-16,45.91,Bloomberg,JPY
SEC00166,2026-04-17,45.2,Refinitiv,EUR
SEC00166,2026-04-18,46.15,Bloomberg,INR
SEC00166,2026-04-19,47.51,Refinitiv,JPY
SEC00166,2026-04-20,46.74,ICE,USD
SEC00166,2026-04-21,44.65,ICE,USD
SEC00166,2026-04-22,44.66,Refinitiv,USD
SEC00166,2026-04-23,43.95,Bloomberg,GBP
SEC00166,2026-04-24,43.41,Refinitiv,EUR
SEC00166,2026-04-25,43.25,Bloomberg,EUR
SEC00166,2026-04-26,43.59,Refinitiv,GBP
SEC00166,2026-04-27,43.0,ICE,GBP
SEC00166,2026-04-28,43.13,Refinitiv,CAD
SEC00166,2026-04-29,43.05,ICE,GBP
SEC00166,2026-04-30,41.28,Bloomberg,GBP
SEC00166,2026-05-01,41.71,Bloomberg,GBP
SEC00166,2026-05-02,41.39,Bloomberg,GBP
SEC00166,2026-05-03,40.47,Bloomberg,CAD
SEC00166,2026-05-04,39.96,Bloomberg,CAD
SEC00166,2026-05-05,40.13,ICE,CAD
SEC00166,2026-05-06,40.18,Refinitiv,INR
SEC00166,2026-05-07,40.67,ICE,CAD
SEC00166,2026-05-08,41.01,ICE,GBP
SEC00166,2026-05-09,40.16,ICE,EUR
SEC00166,2026-05-10,38.05,ICE,GBP
SEC00166,2026-05-11,38.15,Bloomberg,EUR
SEC00166,2026-05-12,38.6,ICE,EUR
SEC00166,2026-05-13,38.48,ICE,EUR
SEC00166,2026-05-14,38.96,Refinitiv,JPY
SEC00166,2026-05-15,38.27,Refinitiv,EUR
SEC00167,2026-03-20,84.09,Bloomberg,CAD
SEC00167,2026-03-21,84.75,Refinitiv,USD
SEC00167,2026-03-22,84.04,ICE,INR
SEC00167,2026-03-23,83.44,Bloomberg,INR
SEC00167,2026-03-24,81.02,Bloomberg,CAD
SEC00167,2026-03-25,80.98,Refinitiv,EUR
SEC00167,2026-03-26,80.9,ICE,JPY
SEC00167,2026-03-27,78.93,ICE,USD
SEC00167,2026-03-28,82.33,Bloomberg,GBP
SEC00167,2026-03-29,83.2,Bloomberg,JPY
SEC00167,2026-03-30,81.98,Refinitiv,CAD
SEC00167,2026-03-31,85.05,Bloomberg,EUR
SEC00167,2026-04-01,84.34,ICE,INR
SEC00167,2026-04-02,85.64,Bloomberg,CAD
SEC00167,2026-04-03,85.82,Bloomberg,INR
SEC00167,2026-04-04,85.15,Bloomberg,EUR
SEC00167,2026-04-05,84.67,ICE,USD
SEC00167,2026-04-06,86.9,Refinitiv,GBP
SEC00167,2026-04-07,88.32,Bloomberg,USD
SEC00167,2026-04-08,88.17,Refinitiv,GBP
SEC00167,2026-04-09,84.96,Bloomberg,INR
SEC00167,2026-04-10,85.47,Bloomberg,GBP
SEC00167,2026-04-11,83.59,ICE,GBP
SEC00167,2026-04-12,84.44,ICE,GBP
SEC00167,2026-04-13,83.4,Refinitiv,INR
SEC00167,2026-04-14,82.53,Refinitiv,JPY
SEC00167,2026-04-15,81.62,Refinitiv,EUR
SEC00167,2026-04-16,83.16,ICE,GBP
SEC00167,2026-04-17,80.56,Bloomberg,EUR
SEC00167,2026-04-18,81.67,ICE,JPY
SEC00167,2026-04-19,82.21,Refinitiv,GBP
SEC00167,2026-04-20,82.15,Bloomberg,USD
SEC00167,2026-04-21,81.52,Bloomberg,CAD
SEC00167,2026-04-22,82.28,ICE,USD
SEC00167,2026-04-23,81.67,ICE,INR
SEC00167,2026-04-24,81.05,Bloomberg,GBP
SEC00167,2026-04-25,81.18,Bloomberg,INR
SEC00167,2026-04-26,83.74,ICE,EUR
SEC00167,2026-04-27,81.5,ICE,EUR
SEC00167,2026-04-28,82.27,Refinitiv,USD
SEC00167,2026-04-29,82.1,ICE,EUR
SEC00167,2026-04-30,81.82,ICE,CAD
SEC00167,2026-05-01,79.61,Bloomberg,USD
SEC00167,2026-05-02,77.13,Bloomberg,CAD
SEC00167,2026-05-03,77.64,Bloomberg,JPY
SEC00167,2026-05-04,75.91,ICE,EUR
SEC00167,2026-05-05,77.34,Refinitiv,USD
SEC00167,2026-05-06,75.96,ICE,JPY
SEC00167,2026-05-07,76.75,ICE,EUR
SEC00167,2026-05-08,75.99,ICE,JPY
SEC00167,2026-05-09,75.18,Bloomberg,JPY
SEC00167,2026-05-10,73.98,Bloomberg,INR
SEC00167,2026-05-11,74.6,ICE,CAD
SEC00167,2026-05-12,75.6,Refinitiv,CAD
SEC00167,2026-05-13,75.2,ICE,GBP
SEC00167,2026-05-14,76.04,Bloomberg,EUR
SEC00167,2026-05-15,76.1,Refinitiv,GBP
SEC00167,2026-05-16,74.31,Refinitiv,CAD
SEC00167,2026-05-17,74.85,Bloomberg,EUR
SEC00167,2026-05-18,74.48,Refinitiv,INR
SEC00167,2026-05-19,71.02,ICE,CAD
SEC00168,2026-03-20,105.9,Refinitiv,GBP
SEC00168,2026-03-21,106.64,Bloomberg,EUR
SEC00168,2026-03-22,109.57,Refinitiv,CAD
SEC00168,2026-03-23,110.75,Refinitiv,GBP
SEC00168,2026-03-24,109.27,ICE,EUR
SEC00168,2026-03-25,110.78,Bloomberg,INR
SEC00168,2026-03-26,107.36,Refinitiv,JPY
SEC00168,2026-03-27,106.66,ICE,INR
SEC00168,2026-03-28,106.16,Refinitiv,USD
SEC00168,2026-03-29,107.47,ICE,USD
SEC00168,2026-03-30,110.95,Bloomberg,EUR
SEC00168,2026-03-31,111.44,Bloomberg,INR
SEC00168,2026-04-01,110.77,Refinitiv,CAD
SEC00168,2026-04-02,109.43,Bloomberg,CAD
SEC00168,2026-04-03,111.13,Refinitiv,JPY
SEC00168,2026-04-04,110.8,Bloomberg,INR
SEC00168,2026-04-05,109.85,Refinitiv,INR
SEC00168,2026-04-06,111.79,ICE,EUR
SEC00168,2026-04-07,114.19,ICE,GBP
SEC00168,2026-04-08,112.28,Bloomberg,INR
SEC00168,2026-04-09,109.31,Bloomberg,INR
SEC00168,2026-04-10,109.17,ICE,EUR
SEC00168,2026-04-11,106.99,Refinitiv,INR
SEC00168,2026-04-12,104.58,Refinitiv,CAD
SEC00168,2026-04-13,102.67,ICE,EUR
SEC00168,2026-04-14,104.66,Refinitiv,INR
SEC00168,2026-04-15,105.94,Refinitiv,GBP
SEC00168,2026-04-16,110.68,ICE,USD
SEC00168,2026-04-17,109.45,Refinitiv,GBP
SEC00168,2026-04-18,112.13,ICE,CAD
SEC00168,2026-04-19,113.18,ICE,GBP
SEC00168,2026-04-20,112.1,Refinitiv,USD
SEC00168,2026-04-21,111.86,ICE,EUR
SEC00168,2026-04-22,110.79,Bloomberg,GBP
SEC00168,2026-04-23,111.36,ICE,CAD
SEC00168,2026-04-24,113.39,Bloomberg,JPY
SEC00168,2026-04-25,112.7,Bloomberg,GBP
SEC00168,2026-04-26,114.48,ICE,JPY
SEC00168,2026-04-27,117.15,ICE,JPY
SEC00168,2026-04-28,120.36,ICE,GBP
SEC00168,2026-04-29,117.88,ICE,INR
SEC00168,2026-04-30,117.83,ICE,GBP
SEC00168,2026-05-01,119.4,Refinitiv,INR
SEC00168,2026-05-02,117.12,ICE,USD
SEC00168,2026-05-03,114.42,Bloomberg,USD
SEC00168,2026-05-04,114.42,Bloomberg,EUR
SEC00168,2026-05-05,113.63,Bloomberg,USD
SEC00168,2026-05-06,113.33,ICE,INR
SEC00168,2026-05-07,112.43,Bloomberg,GBP
SEC00168,2026-05-08,116.86,Refinitiv,CAD
SEC00168,2026-05-09,115.94,Bloomberg,CAD
SEC00168,2026-05-10,117.22,Bloomberg,JPY
SEC00168,2026-05-11,118.38,Refinitiv,EUR
SEC00168,2026-05-12,114.84,Bloomberg,GBP
SEC00168,2026-05-13,117.93,ICE,JPY
SEC00168,2026-05-14,119.31,ICE,GBP
SEC00168,2026-05-15,119.71,Refinitiv,CAD
SEC00168,2026-05-16,122.05,Refinitiv,CAD
SEC00168,2026-05-17,122.0,ICE,JPY
SEC00168,2026-05-18,124.0,Refinitiv,EUR
SEC00168,2026-05-19,119.88,Bloomberg,CAD
SEC00169,2026-03-20,81.59,Refinitiv,INR
SEC00169,2026-03-21,81.24,Refinitiv,CAD
SEC00169,2026-03-22,80.42,Bloomberg,GBP
SEC00169,2026-03-23,80.47,Refinitiv,GBP
SEC00169,2026-03-24,80.45,ICE,USD
SEC00169,2026-03-25,81.4,ICE,CAD
SEC00169,2026-03-26,78.01,Bloomberg,JPY
SEC00169,2026-03-27,77.02,Bloomberg,JPY
SEC00169,2026-03-28,75.65,Refinitiv,INR
SEC00169,2026-03-29,72.26,Bloomberg,GBP
SEC00169,2026-03-30,71.65,Bloomberg,INR
SEC00169,2026-03-31,69.75,Bloomberg,INR
SEC00169,2026-04-01,69.3,Refinitiv,CAD
SEC00169,2026-04-02,68.73,Bloomberg,JPY
SEC00169,2026-04-03,69.32,Bloomberg,USD
SEC00169,2026-04-04,69.05,ICE,CAD
SEC00169,2026-04-05,66.98,ICE,EUR
SEC00169,2026-04-06,67.43,ICE,GBP
SEC00169,2026-04-07,70.4,Bloomberg,GBP
SEC00169,2026-04-08,71.8,Bloomberg,JPY
SEC00169,2026-04-09,72.71,Refinitiv,EUR
SEC00169,2026-04-10,72.49,ICE,JPY
SEC00169,2026-04-11,71.89,Refinitiv,USD
SEC00169,2026-04-12,71.2,ICE,GBP
SEC00169,2026-04-13,71.54,Refinitiv,USD
SEC00169,2026-04-14,70.12,ICE,JPY
SEC00169,2026-04-15,70.43,ICE,JPY
SEC00169,2026-04-16,69.62,Bloomberg,INR
SEC00169,2026-04-17,67.51,Refinitiv,JPY
SEC00169,2026-04-18,66.72,Refinitiv,INR
SEC00169,2026-04-19,68.25,Bloomberg,CAD
SEC00169,2026-04-20,68.46,Refinitiv,INR
SEC00169,2026-04-21,64.12,Refinitiv,JPY
SEC00169,2026-04-22,63.37,Refinitiv,JPY
SEC00169,2026-04-23,64.43,ICE,EUR
SEC00169,2026-04-24,64.12,Bloomberg,CAD
SEC00169,2026-04-25,64.75,ICE,GBP
SEC00169,2026-04-26,64.33,Bloomberg,INR
SEC00169,2026-04-27,64.57,ICE,CAD
SEC00169,2026-04-28,64.65,Bloomberg,EUR
SEC00169,2026-04-29,63.93,Refinitiv,EUR
SEC00169,2026-04-30,64.62,ICE,GBP
SEC00169,2026-05-01,66.43,Bloomberg,CAD
SEC00169,2026-05-02,66.92,ICE,CAD
SEC00169,2026-05-03,67.08,Refinitiv,INR
SEC00169,2026-05-04,66.1,Refinitiv,USD
SEC00169,2026-05-05,67.25,Refinitiv,USD
SEC00169,2026-05-06,66.66,Bloomberg,EUR
SEC00169,2026-05-07,67.37,Refinitiv,INR
SEC00169,2026-05-08,68.32,Bloomberg,INR
SEC00169,2026-05-09,69.57,ICE,JPY
SEC00169,2026-05-10,70.87,Refinitiv,GBP
SEC00169,2026-05-11,72.14,Bloomberg,USD
SEC00169,2026-05-12,70.54,Bloomberg,GBP
SEC00169,2026-05-13,69.49,Refinitiv,USD
SEC00169,2026-05-14,67.81,Bloomberg,INR
SEC00169,2026-05-15,66.08,Refinitiv,CAD
SEC00169,2026-05-16,67.93,ICE,CAD
SEC00169,2026-05-17,66.76,Bloomberg,GBP
SEC00169,2026-05-18,65.44,Refinitiv,INR
SEC00169,2026-05-19,65.41,ICE,INR
SEC00170,2026-03-20,52.29,Refinitiv,CAD
SEC00170,2026-03-21,54.56,Bloomberg,INR
SEC00170,2026-03-22,53.06,ICE,INR
SEC00170,2026-03-23,52.28,Refinitiv,USD
SEC00170,2026-03-24,52.52,ICE,EUR
SEC00170,2026-03-25,51.86,Refinitiv,EUR
SEC00170,2026-03-26,52.67,Bloomberg,GBP
SEC00170,2026-03-27,52.53,Refinitiv,CAD
SEC00170,2026-03-28,53.4,Refinitiv,CAD
SEC00170,2026-03-29,53.19,ICE,JPY
SEC00170,2026-03-30,53.73,ICE,CAD
SEC00170,2026-03-31,52.83,Refinitiv,GBP
SEC00170,2026-04-01,54.7,Refinitiv,EUR
SEC00170,2026-04-02,53.06,Bloomberg,EUR
SEC00170,2026-04-03,52.41,Refinitiv,CAD
SEC00170,2026-04-04,51.09,ICE,EUR
SEC00170,2026-04-05,51.86,ICE,JPY
SEC00170,2026-04-06,52.39,ICE,JPY
SEC00170,2026-04-07,51.26,ICE,INR
SEC00170,2026-04-08,52.21,Refinitiv,INR
SEC00170,2026-04-09,51.58,ICE,EUR
SEC00170,2026-04-10,51.96,ICE,CAD
SEC00170,2026-04-11,52.57,Refinitiv,GBP
SEC00170,2026-04-12,52.37,Bloomberg,INR
SEC00170,2026-04-13,53.25,ICE,JPY
SEC00170,2026-04-14,53.14,ICE,USD
SEC00170,2026-04-15,53.49,Refinitiv,INR
SEC00170,2026-04-16,53.25,Refinitiv,CAD
SEC00170,2026-04-17,51.49,Bloomberg,CAD
SEC00170,2026-04-18,51.4,Bloomberg,USD
SEC00170,2026-04-19,50.62,ICE,CAD
SEC00170,2026-04-20,51.91,Refinitiv,EUR
SEC00170,2026-04-21,50.66,Refinitiv,EUR
SEC00170,2026-04-22,51.8,Bloomberg,USD
SEC00170,2026-04-23,51.66,Refinitiv,USD
SEC00170,2026-04-24,52.07,ICE,EUR
SEC00170,2026-04-25,50.8,ICE,INR
SEC00170,2026-04-26,50.54,Refinitiv,GBP
SEC00170,2026-04-27,49.96,Bloomberg,USD
SEC00170,2026-04-28,51.88,Bloomberg,JPY
SEC00170,2026-04-29,51.26,ICE,INR
SEC00170,2026-04-30,52.35,ICE,INR
SEC00170,2026-05-01,53.48,Refinitiv,CAD
SEC00170,2026-05-02,54.6,Bloomberg,EUR
SEC00170,2026-05-03,54.04,ICE,USD
SEC00170,2026-05-04,55.83,ICE,EUR
SEC00170,2026-05-05,57.88,ICE,INR
SEC00170,2026-05-06,58.29,Bloomberg,EUR
SEC00170,2026-05-07,57.83,ICE,CAD
SEC00170,2026-05-08,56.96,Refinitiv,GBP
SEC00170,2026-05-09,57.48,Refinitiv,INR
SEC00170,2026-05-10,57.57,Bloomberg,EUR
SEC00170,2026-05-11,57.79,Bloomberg,JPY
SEC00170,2026-05-12,56.42,Bloomberg,CAD
SEC00170,2026-05-13,56.48,Refinitiv,CAD
SEC00170,2026-05-14,57.67,ICE,EUR
SEC00170,2026-05-15,58.54,ICE,USD
SEC00170,2026-05-16,58.14,ICE,INR
SEC00170,2026-05-17,80.11,ICE,JPY
SEC00170,2026-05-18,56.55,Bloomberg,EUR
SEC00170,2026-05-19,55.9,ICE,EUR
SEC00171,2026-03-20,58.41,Bloomberg,USD
SEC00171,2026-03-21,60.07,Refinitiv,GBP
SEC00171,2026-03-22,58.79,ICE,INR
SEC00171,2026-03-23,58.85,Bloomberg,JPY
SEC00171,2026-03-24,58.66,Bloomberg,CAD
SEC00171,2026-03-25,57.07,Bloomberg,EUR
SEC00171,2026-03-26,56.55,Refinitiv,INR
SEC00171,2026-03-27,58.17,Refinitiv,CAD
SEC00171,2026-03-28,57.54,Bloomberg,CAD
SEC00171,2026-03-29,56.74,Bloomberg,INR
SEC00171,2026-03-30,56.72,Bloomberg,INR
SEC00171,2026-03-31,57.68,Bloomberg,INR
SEC00171,2026-04-01,57.39,ICE,GBP
SEC00171,2026-04-02,57.55,ICE,JPY
SEC00171,2026-04-03,55.21,Bloomberg,JPY
SEC00171,2026-04-04,55.81,Refinitiv,GBP
SEC00171,2026-04-05,56.06,Bloomberg,GBP
SEC00171,2026-04-06,56.98,Bloomberg,JPY
SEC00171,2026-04-07,55.09,Refinitiv,JPY
SEC00171,2026-04-08,54.82,ICE,GBP
SEC00171,2026-04-09,55.8,Refinitiv,INR
SEC00171,2026-04-10,55.27,Bloomberg,USD
SEC00171,2026-04-11,55.35,Bloomberg,INR
SEC00171,2026-04-12,54.97,Refinitiv,EUR
SEC00171,2026-04-13,54.61,Refinitiv,EUR
SEC00171,2026-04-14,55.79,ICE,USD
SEC00171,2026-04-15,54.39,Bloomberg,INR
SEC00171,2026-04-16,54.36,ICE,EUR
SEC00171,2026-04-17,54.64,ICE,USD
SEC00171,2026-04-18,55.59,Bloomberg,EUR
SEC00171,2026-04-19,55.49,Refinitiv,JPY
SEC00171,2026-04-20,56.49,Refinitiv,EUR
SEC00171,2026-04-21,56.46,Refinitiv,GBP
SEC00171,2026-04-22,56.61,ICE,USD
SEC00171,2026-04-23,56.72,ICE,INR
SEC00171,2026-04-24,57.42,Refinitiv,INR
SEC00171,2026-04-25,58.01,ICE,CAD
SEC00171,2026-04-26,56.87,Refinitiv,USD
SEC00171,2026-04-27,57.12,ICE,USD
SEC00171,2026-04-28,57.71,ICE,INR
SEC00171,2026-04-29,59.26,ICE,GBP
SEC00171,2026-04-30,58.21,Bloomberg,GBP
SEC00171,2026-05-01,58.8,Bloomberg,CAD
SEC00171,2026-05-02,58.46,ICE,EUR
SEC00171,2026-05-03,42.26,Bloomberg,CAD
SEC00171,2026-05-04,57.59,Refinitiv,INR
SEC00171,2026-05-05,57.61,Refinitiv,EUR
SEC00171,2026-05-06,57.97,ICE,EUR
SEC00171,2026-05-07,56.98,ICE,CAD
SEC00171,2026-05-08,58.5,Bloomberg,INR
SEC00171,2026-05-09,56.9,ICE,INR
SEC00171,2026-05-10,57.48,ICE,CAD
SEC00171,2026-05-11,55.0,Bloomberg,EUR
SEC00171,2026-05-12,54.77,Refinitiv,CAD
SEC00171,2026-05-13,55.27,Refinitiv,JPY
SEC00171,2026-05-14,56.01,Refinitiv,USD
SEC00171,2026-05-15,55.93,Refinitiv,GBP
SEC00171,2026-05-16,55.71,Bloomberg,USD
SEC00171,2026-05-17,56.31,ICE,EUR
SEC00171,2026-05-18,57.3,Bloomberg,USD
SEC00171,2026-05-19,58.75,Refinitiv,USD
SEC00172,2026-03-20,80.61,Refinitiv,EUR
SEC00172,2026-03-21,80.83,Bloomberg,EUR
SEC00172,2026-03-22,83.58,Bloomberg,JPY
SEC00172,2026-03-23,80.91,Bloomberg,GBP
SEC00172,2026-03-24,82.53,Bloomberg,EUR
SEC00172,2026-03-25,83.14,ICE,GBP
SEC00172,2026-03-26,85.07,Refinitiv,GBP
SEC00172,2026-03-27,86.6,Refinitiv,EUR
SEC00172,2026-03-28,85.61,ICE,JPY
SEC00172,2026-03-29,85.65,Refinitiv,JPY
SEC00172,2026-03-30,83.44,ICE,JPY
SEC00172,2026-03-31,82.7,ICE,JPY
SEC00172,2026-04-01,82.78,ICE,GBP
SEC00172,2026-04-02,83.28,Refinitiv,JPY
SEC00172,2026-04-03,84.5,ICE,INR
SEC00172,2026-04-04,86.95,Bloomberg,GBP
SEC00172,2026-04-05,86.31,Refinitiv,CAD
SEC00172,2026-04-06,88.14,Bloomberg,JPY
SEC00172,2026-04-07,88.6,Bloomberg,USD
SEC00172,2026-04-08,86.56,Bloomberg,USD
SEC00172,2026-04-09,86.37,ICE,CAD
SEC00172,2026-04-10,86.6,Bloomberg,EUR
SEC00172,2026-04-11,85.33,Refinitiv,USD
SEC00172,2026-04-12,83.78,Refinitiv,CAD
SEC00172,2026-04-13,82.2,Refinitiv,JPY
SEC00172,2026-04-14,81.44,ICE,USD
SEC00172,2026-04-15,80.21,ICE,GBP
SEC00172,2026-04-16,82.03,Refinitiv,CAD
SEC00172,2026-04-17,78.45,ICE,EUR
SEC00172,2026-04-18,78.65,ICE,EUR
SEC00172,2026-04-19,79.43,Refinitiv,JPY
SEC00172,2026-04-20,78.1,Refinitiv,CAD
SEC00172,2026-04-21,77.81,Bloomberg,JPY
SEC00172,2026-04-22,77.37,Bloomberg,JPY
SEC00172,2026-04-23,77.3,ICE,CAD
SEC00172,2026-04-24,78.26,ICE,JPY
SEC00172,2026-04-25,79.11,Refinitiv,EUR
SEC00172,2026-04-26,78.29,Bloomberg,JPY
SEC00172,2026-04-27,76.21,ICE,CAD
SEC00172,2026-04-28,76.48,ICE,EUR
SEC00172,2026-04-29,75.61,ICE,EUR
SEC00172,2026-04-30,74.93,ICE,INR
SEC00172,2026-05-01,75.27,Refinitiv,GBP
SEC00172,2026-05-02,74.72,Bloomberg,JPY
SEC00172,2026-05-03,75.17,Bloomberg,JPY
SEC00172,2026-05-04,78.61,Bloomberg,EUR
SEC00172,2026-05-05,79.61,Refinitiv,EUR
SEC00172,2026-05-06,81.58,ICE,USD
SEC00172,2026-05-07,82.37,ICE,INR
SEC00172,2026-05-08,82.53,Bloomberg,JPY
SEC00172,2026-05-09,83.35,Refinitiv,EUR
SEC00172,2026-05-10,84.11,Bloomberg,GBP
SEC00172,2026-05-11,85.46,Refinitiv,JPY
SEC00172,2026-05-12,85.59,ICE,JPY
SEC00172,2026-05-13,83.62,ICE,CAD
SEC00172,2026-05-14,81.45,ICE,GBP
SEC00172,2026-05-15,82.17,Refinitiv,INR
SEC00172,2026-05-16,80.54,Refinitiv,USD
SEC00172,2026-05-17,81.58,ICE,INR
SEC00172,2026-05-18,83.58,ICE,CAD
SEC00172,2026-05-19,83.29,Bloomberg,CAD
SEC00173,2026-03-20,119.19,Bloomberg,USD
SEC00173,2026-03-21,121.67,Bloomberg,USD
SEC00173,2026-03-22,119.02,Refinitiv,GBP
SEC00173,2026-03-23,116.89,Bloomberg,INR
SEC00173,2026-03-24,114.76,Refinitiv,GBP
SEC00173,2026-03-25,112.53,Refinitiv,JPY
SEC00173,2026-03-26,114.45,Refinitiv,INR
SEC00173,2026-03-27,115.72,ICE,EUR
SEC00173,2026-03-28,115.3,ICE,GBP
SEC00173,2026-03-29,120.97,Bloomberg,CAD
SEC00173,2026-03-30,121.0,Refinitiv,USD
SEC00173,2026-03-31,121.19,Refinitiv,GBP
SEC00173,2026-04-01,119.75,Bloomberg,INR
SEC00173,2026-04-02,118.08,Refinitiv,JPY
SEC00173,2026-04-03,117.0,Bloomberg,GBP
SEC00173,2026-04-04,118.86,Bloomberg,EUR
SEC00173,2026-04-05,120.14,ICE,CAD
SEC00173,2026-04-06,122.99,Refinitiv,INR
SEC00173,2026-04-07,121.46,ICE,INR
SEC00173,2026-04-08,122.81,Bloomberg,EUR
SEC00173,2026-04-09,123.55,ICE,EUR
SEC00173,2026-04-10,124.58,Refinitiv,CAD
SEC00173,2026-04-11,122.7,ICE,GBP
SEC00173,2026-04-12,120.47,Bloomberg,EUR
SEC00173,2026-04-13,121.7,Refinitiv,INR
SEC00173,2026-04-14,123.67,ICE,CAD
SEC00173,2026-04-15,122.36,Bloomberg,USD
SEC00173,2026-04-16,123.76,Bloomberg,EUR
SEC00173,2026-04-17,126.49,Refinitiv,USD
SEC00173,2026-04-18,125.73,ICE,GBP
SEC00173,2026-04-19,122.54,Bloomberg,JPY
SEC00173,2026-04-20,119.7,Bloomberg,CAD
SEC00173,2026-04-21,118.3,ICE,CAD
SEC00173,2026-04-22,117.41,Refinitiv,JPY
SEC00173,2026-04-23,117.39,Bloomberg,USD
SEC00173,2026-04-24,117.42,Refinitiv,INR
SEC00173,2026-04-25,116.9,Bloomberg,CAD
SEC00173,2026-04-26,118.39,Refinitiv,JPY
SEC00173,2026-04-27,116.83,Bloomberg,CAD
SEC00173,2026-04-28,119.55,Refinitiv,GBP
SEC00173,2026-04-29,121.63,Refinitiv,INR
SEC00173,2026-04-30,123.59,Bloomberg,USD
SEC00173,2026-05-01,122.18,Refinitiv,INR
SEC00173,2026-05-02,121.99,ICE,USD
SEC00173,2026-05-03,123.64,Refinitiv,INR
SEC00173,2026-05-04,123.25,ICE,EUR
SEC00173,2026-05-05,121.76,ICE,INR
SEC00173,2026-05-06,120.2,Bloomberg,INR
SEC00173,2026-05-07,118.77,Refinitiv,CAD
SEC00173,2026-05-08,116.35,ICE,EUR
SEC00173,2026-05-09,122.42,ICE,GBP
SEC00173,2026-05-10,118.18,ICE,USD
SEC00173,2026-05-11,116.15,Bloomberg,EUR
SEC00173,2026-05-12,117.45,ICE,GBP
SEC00173,2026-05-13,116.07,Bloomberg,INR
SEC00173,2026-05-14,115.39,Refinitiv,JPY
SEC00173,2026-05-15,116.27,ICE,CAD
SEC00173,2026-05-16,118.49,Refinitiv,CAD
SEC00173,2026-05-17,117.97,Refinitiv,CAD
SEC00173,2026-05-18,119.98,ICE,USD
SEC00173,2026-05-19,116.38,ICE,JPY
SEC00174,2026-03-20,26.04,Refinitiv,USD
SEC00174,2026-03-21,25.84,ICE,GBP
SEC00174,2026-03-22,25.61,Bloomberg,USD
SEC00174,2026-03-23,25.11,ICE,GBP
SEC00174,2026-03-24,24.79,Refinitiv,EUR
SEC00174,2026-03-25,24.31,ICE,INR
SEC00174,2026-03-26,24.69,Refinitiv,CAD
SEC00174,2026-03-27,24.87,Refinitiv,CAD
SEC00174,2026-03-28,25.02,ICE,GBP
SEC00174,2026-03-29,24.16,Refinitiv,CAD
SEC00174,2026-03-30,25.02,Bloomberg,GBP
SEC00174,2026-03-31,24.85,ICE,EUR
SEC00174,2026-04-01,25.64,Refinitiv,CAD
SEC00174,2026-04-02,26.0,ICE,GBP
SEC00174,2026-04-03,25.91,Bloomberg,EUR
SEC00174,2026-04-04,26.87,ICE,JPY
SEC00174,2026-04-05,27.16,ICE,USD
SEC00174,2026-04-06,27.06,Refinitiv,USD
SEC00174,2026-04-07,26.88,Bloomberg,USD
SEC00174,2026-04-08,27.4,Refinitiv,EUR
SEC00174,2026-04-09,27.15,Bloomberg,CAD
SEC00174,2026-04-10,26.97,Refinitiv,JPY
SEC00174,2026-04-11,26.7,Refinitiv,GBP
SEC00174,2026-04-12,26.35,Bloomberg,GBP
SEC00174,2026-04-13,26.03,ICE,INR
SEC00174,2026-04-14,26.88,ICE,JPY
SEC00174,2026-04-15,27.38,Refinitiv,GBP
SEC00174,2026-04-16,27.51,Refinitiv,JPY
SEC00174,2026-04-17,27.25,ICE,USD
SEC00174,2026-04-18,26.99,Refinitiv,EUR
SEC00174,2026-04-19,26.83,ICE,USD
SEC00174,2026-04-20,27.71,Bloomberg,INR
SEC00174,2026-04-21,27.86,Bloomberg,EUR
SEC00174,2026-04-22,28.25,Refinitiv,CAD
SEC00174,2026-04-23,28.37,Bloomberg,JPY
SEC00174,2026-04-24,27.93,Refinitiv,EUR
SEC00174,2026-04-25,28.0,Refinitiv,CAD
SEC00174,2026-04-26,27.47,Bloomberg,EUR
SEC00174,2026-04-27,28.07,Bloomberg,JPY
SEC00174,2026-04-28,27.71,Bloomberg,JPY
SEC00174,2026-04-29,27.44,Bloomberg,INR
SEC00174,2026-04-30,27.85,Bloomberg,USD
SEC00174,2026-05-01,27.52,Bloomberg,INR
SEC00174,2026-05-02,27.42,ICE,GBP
SEC00174,2026-05-03,26.13,Bloomberg,INR
SEC00174,2026-05-04,25.99,Bloomberg,EUR
SEC00174,2026-05-05,26.29,ICE,GBP
SEC00174,2026-05-06,26.0,ICE,GBP
SEC00174,2026-05-07,26.28,Bloomberg,EUR
SEC00174,2026-05-08,26.28,ICE,GBP
SEC00174,2026-05-09,26.81,ICE,CAD
SEC00174,2026-05-10,26.47,ICE,EUR
SEC00174,2026-05-11,26.37,Refinitiv,GBP
SEC00174,2026-05-12,25.68,Refinitiv,INR
SEC00174,2026-05-13,25.65,ICE,INR
SEC00174,2026-05-14,25.47,Refinitiv,CAD
SEC00174,2026-05-15,25.92,ICE,EUR
SEC00174,2026-05-16,25.65,Bloomberg,GBP
SEC00174,2026-05-17,25.46,ICE,EUR
SEC00174,2026-05-18,25.17,ICE,CAD
SEC00174,2026-05-19,25.19,Bloomberg,GBP
SEC00175,2026-03-20,42.52,Bloomberg,INR
SEC00175,2026-03-21,44.08,ICE,INR
SEC00175,2026-03-22,42.94,Bloomberg,GBP
SEC00175,2026-03-23,44.07,Bloomberg,GBP
SEC00175,2026-03-24,43.63,ICE,EUR
SEC00175,2026-03-25,43.44,ICE,USD
SEC00175,2026-03-26,43.68,Refinitiv,GBP
SEC00175,2026-03-27,44.92,ICE,JPY
SEC00175,2026-03-28,45.17,ICE,CAD
SEC00175,2026-03-29,45.53,Refinitiv,INR
SEC00175,2026-03-30,46.25,ICE,JPY
SEC00175,2026-03-31,47.12,ICE,GBP
SEC00175,2026-04-01,47.58,ICE,GBP
SEC00175,2026-04-02,48.47,Refinitiv,GBP
SEC00175,2026-04-03,47.97,Bloomberg,INR
SEC00175,2026-04-04,46.5,Refinitiv,INR
SEC00175,2026-04-05,48.05,Bloomberg,INR
SEC00175,2026-04-06,47.18,Bloomberg,JPY
SEC00175,2026-04-07,46.75,Refinitiv,USD
SEC00175,2026-04-08,46.49,Bloomberg,USD
SEC00175,2026-04-09,46.09,Bloomberg,INR
SEC00175,2026-04-10,45.51,ICE,INR
SEC00175,2026-04-11,45.92,Bloomberg,JPY
SEC00175,2026-04-12,46.33,Refinitiv,GBP
SEC00175,2026-04-13,46.87,Refinitiv,EUR
SEC00175,2026-04-14,47.36,ICE,EUR
SEC00175,2026-04-15,64.91,Bloomberg,INR
SEC00175,2026-04-16,46.7,Bloomberg,CAD
SEC00175,2026-04-17,47.67,Refinitiv,CAD
SEC00175,2026-04-18,47.24,Refinitiv,CAD
SEC00175,2026-04-19,46.81,ICE,INR
SEC00175,2026-04-20,47.61,Bloomberg,INR
SEC00175,2026-04-21,47.62,Bloomberg,INR
SEC00175,2026-04-22,47.21,Bloomberg,USD
SEC00175,2026-04-23,46.81,ICE,USD
SEC00175,2026-04-24,47.78,Bloomberg,GBP
SEC00175,2026-04-25,48.31,Bloomberg,INR
SEC00175,2026-04-26,48.54,Refinitiv,JPY
SEC00175,2026-04-27,47.55,Bloomberg,USD
SEC00175,2026-04-28,47.78,Bloomberg,EUR
SEC00175,2026-04-29,47.62,Bloomberg,JPY
SEC00175,2026-04-30,46.86,ICE,EUR
SEC00175,2026-05-01,46.38,Refinitiv,CAD
SEC00175,2026-05-02,46.98,Refinitiv,EUR
SEC00175,2026-05-03,48.05,Refinitiv,USD
SEC00175,2026-05-04,47.16,ICE,CAD
SEC00175,2026-05-05,46.4,Bloomberg,EUR
SEC00175,2026-05-06,47.0,Bloomberg,CAD
SEC00175,2026-05-07,46.68,ICE,GBP
SEC00175,2026-05-08,47.16,Refinitiv,JPY
SEC00175,2026-05-09,46.83,ICE,INR
SEC00175,2026-05-10,47.34,ICE,GBP
SEC00175,2026-05-11,46.19,ICE,JPY
SEC00175,2026-05-12,46.67,Refinitiv,EUR
SEC00175,2026-05-13,44.93,Bloomberg,JPY
SEC00175,2026-05-14,45.7,ICE,CAD
SEC00175,2026-05-15,45.7,Refinitiv,CAD
SEC00175,2026-05-16,46.08,Bloomberg,INR
SEC00175,2026-05-17,46.3,Bloomberg,GBP
SEC00175,2026-05-18,44.9,Refinitiv,EUR
SEC00175,2026-05-19,46.03,Bloomberg,JPY
SEC00176,2026-03-20,65.94,Bloomberg,CAD
SEC00176,2026-03-21,65.25,ICE,EUR
SEC00176,2026-03-22,64.09,Refinitiv,JPY
SEC00176,2026-03-23,65.9,Refinitiv,CAD
SEC00176,2026-03-24,65.91,Bloomberg,CAD
SEC00176,2026-03-25,63.97,ICE,GBP
SEC00176,2026-03-26,63.97,Bloomberg,USD
SEC00176,2026-03-27,61.6,Bloomberg,EUR
SEC00176,2026-03-28,61.91,ICE,INR
SEC00176,2026-03-29,62.1,ICE,EUR
SEC00176,2026-03-30,61.53,Bloomberg,INR
SEC00176,2026-03-31,60.52,Refinitiv,USD
SEC00176,2026-04-01,61.16,ICE,USD
SEC00176,2026-04-02,61.1,Bloomberg,CAD
SEC00176,2026-04-03,58.99,ICE,INR
SEC00176,2026-04-04,60.3,Bloomberg,USD
SEC00176,2026-04-05,59.31,Refinitiv,JPY
SEC00176,2026-04-06,57.93,Bloomberg,JPY
SEC00176,2026-04-07,59.38,Bloomberg,GBP
SEC00176,2026-04-08,60.54,Bloomberg,USD
SEC00176,2026-04-09,60.11,Bloomberg,JPY
SEC00176,2026-04-10,58.79,ICE,USD
SEC00176,2026-04-11,57.85,Refinitiv,INR
SEC00176,2026-04-12,57.43,Bloomberg,INR
SEC00176,2026-04-13,58.71,Refinitiv,USD
SEC00176,2026-04-14,60.11,Bloomberg,GBP
SEC00176,2026-04-15,60.32,Refinitiv,USD
SEC00176,2026-04-16,61.06,Refinitiv,INR
SEC00176,2026-04-17,60.86,Refinitiv,EUR
SEC00176,2026-04-18,59.93,ICE,JPY
SEC00176,2026-04-19,58.34,Refinitiv,INR
SEC00176,2026-04-20,58.71,ICE,USD
SEC00176,2026-04-21,59.69,Refinitiv,JPY
SEC00176,2026-04-22,59.17,Bloomberg,EUR
SEC00176,2026-04-23,60.47,Bloomberg,EUR
SEC00176,2026-04-24,60.08,Bloomberg,INR
SEC00176,2026-04-25,60.2,ICE,GBP
SEC00176,2026-04-26,59.99,ICE,JPY
SEC00176,2026-04-27,61.36,ICE,GBP
SEC00176,2026-04-28,61.93,ICE,CAD
SEC00176,2026-04-29,61.9,ICE,GBP
SEC00176,2026-04-30,62.01,Refinitiv,USD
SEC00176,2026-05-01,60.72,Refinitiv,JPY
SEC00176,2026-05-02,58.31,Refinitiv,EUR
SEC00176,2026-05-03,57.78,ICE,CAD
SEC00176,2026-05-04,57.6,ICE,GBP
SEC00176,2026-05-05,58.18,ICE,INR
SEC00176,2026-05-06,58.04,ICE,GBP
SEC00176,2026-05-07,57.58,ICE,JPY
SEC00176,2026-05-08,54.56,Bloomberg,USD
SEC00176,2026-05-09,55.1,Refinitiv,CAD
SEC00176,2026-05-10,55.34,ICE,JPY
SEC00176,2026-05-11,56.18,Refinitiv,CAD
SEC00176,2026-05-12,56.23,Refinitiv,GBP
SEC00176,2026-05-13,57.42,Refinitiv,JPY
SEC00176,2026-05-14,56.88,Bloomberg,CAD
SEC00176,2026-05-15,56.87,ICE,GBP
SEC00176,2026-05-16,57.14,ICE,INR
SEC00176,2026-05-17,57.85,Refinitiv,USD
SEC00176,2026-05-18,58.31,Bloomberg,INR
SEC00176,2026-05-19,58.84,Bloomberg,INR
SEC00177,2026-03-20,54.52,Refinitiv,USD
SEC00177,2026-03-21,53.46,ICE,CAD
SEC00177,2026-03-22,52.25,Refinitiv,INR
SEC00177,2026-03-23,52.12,Bloomberg,CAD
SEC00177,2026-03-24,50.84,Refinitiv,EUR
SEC00177,2026-03-25,52.37,Bloomberg,INR
SEC00177,2026-03-26,52.49,ICE,INR
SEC00177,2026-03-27,54.49,ICE,INR
SEC00177,2026-03-28,54.09,Bloomberg,GBP
SEC00177,2026-03-29,53.55,ICE,JPY
SEC00177,2026-03-30,54.14,Bloomberg,USD
SEC00177,2026-03-31,53.92,ICE,CAD
SEC00177,2026-04-01,54.89,Refinitiv,INR
SEC00177,2026-04-02,56.34,ICE,INR
SEC00177,2026-04-03,57.48,ICE,CAD
SEC00177,2026-04-04,58.92,Bloomberg,CAD
SEC00177,2026-04-05,59.82,Refinitiv,GBP
SEC00177,2026-04-06,59.26,Bloomberg,INR
SEC00177,2026-04-07,60.5,ICE,EUR
SEC00177,2026-04-08,61.29,Refinitiv,CAD
SEC00177,2026-04-09,60.64,ICE,GBP
SEC00177,2026-04-10,60.13,ICE,CAD
SEC00177,2026-04-11,60.07,Bloomberg,GBP
SEC00177,2026-04-12,61.3,Bloomberg,USD
SEC00177,2026-04-13,61.46,Refinitiv,USD
SEC00177,2026-04-14,61.48,Bloomberg,EUR
SEC00177,2026-04-15,61.34,Bloomberg,EUR
SEC00177,2026-04-16,60.98,Refinitiv,INR
SEC00177,2026-04-17,59.73,Refinitiv,INR
SEC00177,2026-04-18,60.61,Refinitiv,INR
SEC00177,2026-04-19,59.53,Bloomberg,EUR
SEC00177,2026-04-20,59.64,Bloomberg,JPY
SEC00177,2026-04-21,59.23,Bloomberg,JPY
SEC00177,2026-04-22,60.07,ICE,CAD
SEC00177,2026-04-23,59.73,Refinitiv,CAD
SEC00177,2026-04-24,58.68,Refinitiv,INR
SEC00177,2026-04-25,59.76,ICE,JPY
SEC00177,2026-04-26,58.9,ICE,JPY
SEC00177,2026-04-27,59.09,Bloomberg,GBP
SEC00177,2026-04-28,60.48,ICE,JPY
SEC00177,2026-04-29,59.71,Bloomberg,EUR
SEC00177,2026-04-30,59.63,ICE,INR
SEC00177,2026-05-01,59.2,Bloomberg,GBP
SEC00177,2026-05-02,59.37,Bloomberg,EUR
SEC00177,2026-05-03,59.32,ICE,USD
SEC00177,2026-05-04,60.34,Refinitiv,GBP
SEC00177,2026-05-05,59.69,Refinitiv,CAD
SEC00177,2026-05-06,61.09,ICE,USD
SEC00177,2026-05-07,62.89,Bloomberg,EUR
SEC00177,2026-05-08,63.21,Bloomberg,JPY
SEC00177,2026-05-09,62.34,Refinitiv,GBP
SEC00177,2026-05-10,62.33,ICE,CAD
SEC00177,2026-05-11,62.22,Refinitiv,JPY
SEC00177,2026-05-12,64.23,Refinitiv,GBP
SEC00177,2026-05-13,64.15,Refinitiv,EUR
SEC00177,2026-05-14,65.77,Refinitiv,GBP
SEC00177,2026-05-15,65.94,Refinitiv,CAD
SEC00177,2026-05-16,66.03,Bloomberg,INR
SEC00177,2026-05-17,65.64,Bloomberg,GBP
SEC00177,2026-05-18,65.36,ICE,CAD
SEC00177,2026-05-19,66.44,ICE,INR
SEC00178,2026-03-20,25.54,Refinitiv,JPY
SEC00178,2026-03-21,25.38,ICE,JPY
SEC00178,2026-03-22,25.91,ICE,CAD
SEC00178,2026-03-23,26.52,ICE,EUR
SEC00178,2026-03-24,26.85,Bloomberg,INR
SEC00178,2026-03-25,26.86,Bloomberg,INR
SEC00178,2026-03-26,26.6,Bloomberg,GBP
SEC00178,2026-03-27,26.8,ICE,USD
SEC00178,2026-03-28,27.67,Bloomberg,INR
SEC00178,2026-03-29,27.75,ICE,INR
SEC00178,2026-03-30,27.54,Refinitiv,INR
SEC00178,2026-03-31,27.47,ICE,GBP
SEC00178,2026-04-01,27.35,ICE,EUR
SEC00178,2026-04-02,27.64,Refinitiv,INR
SEC00178,2026-04-03,27.27,Bloomberg,GBP
SEC00178,2026-04-04,27.49,Refinitiv,JPY
SEC00178,2026-04-05,27.78,ICE,JPY
SEC00178,2026-04-06,27.97,Bloomberg,CAD
SEC00178,2026-04-07,27.43,Bloomberg,JPY
SEC00178,2026-04-08,27.37,ICE,JPY
SEC00178,2026-04-09,27.13,Bloomberg,GBP
SEC00178,2026-04-10,27.11,Bloomberg,GBP
SEC00178,2026-04-11,26.79,ICE,EUR
SEC00178,2026-04-12,27.41,ICE,USD
SEC00178,2026-04-13,27.51,Bloomberg,JPY
SEC00178,2026-04-14,26.72,ICE,JPY
SEC00178,2026-04-15,26.1,ICE,INR
SEC00178,2026-04-16,26.68,Bloomberg,CAD
SEC00178,2026-04-17,26.6,Refinitiv,EUR
SEC00178,2026-04-18,26.43,ICE,GBP
SEC00178,2026-04-19,26.98,ICE,GBP
SEC00178,2026-04-20,26.92,Refinitiv,USD
SEC00178,2026-04-21,26.36,Refinitiv,GBP
SEC00178,2026-04-22,25.83,Bloomberg,CAD
SEC00178,2026-04-23,26.14,Refinitiv,CAD
SEC00178,2026-04-24,27.11,Bloomberg,GBP
SEC00178,2026-04-25,27.53,ICE,USD
SEC00178,2026-04-26,27.35,Bloomberg,CAD
SEC00178,2026-04-27,27.26,Bloomberg,GBP
SEC00178,2026-04-28,27.29,Bloomberg,GBP
SEC00178,2026-04-29,26.31,ICE,GBP
SEC00178,2026-04-30,26.34,Refinitiv,CAD
SEC00178,2026-05-01,26.63,Refinitiv,JPY
SEC00178,2026-05-02,27.49,Refinitiv,INR
SEC00178,2026-05-03,28.05,Refinitiv,INR
SEC00178,2026-05-04,29.03,ICE,CAD
SEC00178,2026-05-05,29.93,Refinitiv,EUR
SEC00178,2026-05-06,30.69,Bloomberg,INR
SEC00178,2026-05-07,30.72,ICE,EUR
SEC00178,2026-05-08,30.93,Refinitiv,USD
SEC00178,2026-05-09,30.01,Refinitiv,INR
SEC00178,2026-05-10,30.1,Bloomberg,CAD
SEC00178,2026-05-11,30.42,ICE,CAD
SEC00178,2026-05-12,30.28,ICE,USD
SEC00178,2026-05-13,29.46,Refinitiv,GBP
SEC00178,2026-05-14,30.31,Bloomberg,CAD
SEC00178,2026-05-15,30.55,Bloomberg,INR
SEC00178,2026-05-16,31.51,Bloomberg,JPY
SEC00178,2026-05-17,31.95,Refinitiv,EUR
SEC00178,2026-05-18,32.75,Refinitiv,INR
SEC00178,2026-05-19,33.45,Refinitiv,EUR
SEC00179,2026-03-20,36.88,Bloomberg,EUR
SEC00179,2026-03-21,36.37,Bloomberg,USD
SEC00179,2026-03-22,36.05,ICE,GBP
SEC00179,2026-03-23,35.44,Refinitiv,USD
SEC00179,2026-03-24,36.17,Refinitiv,INR
SEC00179,2026-03-25,37.12,Bloomberg,CAD
SEC00179,2026-03-26,38.03,Bloomberg,CAD
SEC00179,2026-03-27,38.95,ICE,CAD
SEC00179,2026-03-28,38.55,Bloomberg,JPY
SEC00179,2026-03-29,39.73,Bloomberg,GBP
SEC00179,2026-03-30,39.61,Bloomberg,USD
SEC00179,2026-03-31,38.53,ICE,INR
SEC00179,2026-04-01,38.26,Refinitiv,GBP
SEC00179,2026-04-02,38.5,Refinitiv,JPY
SEC00179,2026-04-03,38.07,Refinitiv,EUR
SEC00179,2026-04-04,38.19,Refinitiv,CAD
SEC00179,2026-04-05,38.58,Bloomberg,GBP
SEC00179,2026-04-06,38.89,Bloomberg,EUR
SEC00179,2026-04-07,39.36,Bloomberg,USD
SEC00179,2026-04-08,39.26,ICE,CAD
SEC00179,2026-04-09,38.76,ICE,CAD
SEC00179,2026-04-10,37.75,ICE,USD
SEC00179,2026-04-11,37.71,ICE,INR
SEC00179,2026-04-12,37.37,Bloomberg,CAD
SEC00179,2026-04-13,37.31,ICE,CAD
SEC00179,2026-04-14,35.94,Refinitiv,INR
SEC00179,2026-04-15,34.97,ICE,JPY
SEC00179,2026-04-16,35.31,ICE,USD
SEC00179,2026-04-17,34.29,Refinitiv,USD
SEC00179,2026-04-18,34.19,Refinitiv,USD
SEC00179,2026-04-19,33.69,Bloomberg,INR
SEC00179,2026-04-20,33.17,ICE,EUR
SEC00179,2026-04-21,33.24,Bloomberg,USD
SEC00179,2026-04-22,33.27,Refinitiv,INR
SEC00179,2026-04-23,33.61,ICE,GBP
SEC00179,2026-04-24,32.96,Bloomberg,EUR
SEC00179,2026-04-25,32.45,Refinitiv,JPY
SEC00179,2026-04-26,33.13,Refinitiv,INR
SEC00179,2026-04-27,33.01,Refinitiv,GBP
SEC00179,2026-04-28,33.24,Bloomberg,CAD
SEC00179,2026-04-29,32.96,Bloomberg,EUR
SEC00179,2026-04-30,33.25,Refinitiv,CAD
SEC00179,2026-05-01,31.78,Refinitiv,GBP
SEC00179,2026-05-02,32.45,ICE,GBP
SEC00179,2026-05-03,32.2,ICE,USD
SEC00179,2026-05-04,31.49,Refinitiv,INR
SEC00179,2026-05-05,30.91,Bloomberg,INR
SEC00179,2026-05-06,30.78,ICE,USD
SEC00179,2026-05-07,30.73,Bloomberg,USD
SEC00179,2026-05-08,30.82,ICE,EUR
SEC00179,2026-05-09,30.18,ICE,GBP
SEC00179,2026-05-10,30.67,ICE,JPY
SEC00179,2026-05-11,30.39,Bloomberg,JPY
SEC00179,2026-05-12,30.09,Bloomberg,EUR
SEC00179,2026-05-13,29.98,Refinitiv,INR
SEC00179,2026-05-14,30.36,Refinitiv,CAD
SEC00179,2026-05-15,30.35,Refinitiv,GBP
SEC00179,2026-05-16,30.07,Refinitiv,GBP
SEC00179,2026-05-17,29.91,ICE,CAD
SEC00179,2026-05-18,30.58,Bloomberg,GBP
SEC00179,2026-05-19,31.18,Refinitiv,JPY
