trade_id,trade_date,settlement_date,security_id,client_id,portfolio,quantity,trade_price,trade_currency,status,source_system
TRD0000000,2026-05-13,2026-05-19,SEC00121,CL946,PORT-050,13892.0,64.32,JPY,Matched,SimCorp
TRD0000001,2026-05-18,2026-04-19,SEC00236,CL883,PORT-043,16556.0,46.84,INR,Booked,Murex
TRD0000002,2026-04-11,2026-05-02,SEC00267,CL391,PORT-010,17318.0,34.88,USD,Booked,Bloomberg AIM
TRD0000003,2026-04-06,2026-05-08,SEC00269,CL158,PORT-057,11770.0,80.02,GBP,Booked,Bloomberg AIM
TRD0000004,2026-05-09,2026-05-04,SEC00068,CL832,PORT-005,2827.0,93.45,JPY,Booked,Bloomberg AIM
TRD0000005,2026-05-05,2026-04-07,SEC00216,CL435,PORT-079,13793.0,35.61,USD,Matched,SimCorp
TRD0000006,2026-04-27,2026-05-02,UNKNOWN,CL773,PORT-013,20699.0,75.88,GBP,Booked,Aladdin
TRD0000007,2026-04-26,2026-05-18,SEC00183,CL207,PORT-036,19022.0,97.43,INR,Matched,Aladdin
TRD0000008,2026-04-05,2026-05-09,SEC00182,CL700,PORT-066,26997.0,82.15,USD,Matched,SimCorp
TRD0000009,2026-05-01,2026-05-15,SEC00116,CL627,PORT-041,32666.0,57.64,GBP,Booked,Murex
TRD0000010,2026-05-19,2026-04-21,SEC00318,CL927,PORT-059,23695.0,47.93,USD,Booked,Bloomberg AIM
TRD0000011,2026-04-30,2026-04-15,SEC00282,CL191,PORT-056,28369.0,68.6,JPY,Matched,Bloomberg AIM
TRD0000012,2026-04-24,2026-04-14,SEC00012,CL466,PORT-075,23751.0,72.73,USD,Matched,SimCorp
TRD0000013,2026-04-26,2026-04-23,SEC00066,CL989,PORT-037,30824.0,68.96,EUR,Booked,SimCorp
TRD0000014,2026-04-26,2026-04-17,SEC00066,CL450,PORT-078,31881.0,62.61,JPY,Booked,SimCorp
TRD0000015,2026-04-08,2026-05-03,SEC00287,CL691,PORT-041,25134.0,45.65,EUR,Booked,Aladdin
TRD0000016,2026-04-13,2026-04-23,SEC00166,CL244,PORT-071,23298.0,77.32,EUR,Booked,Bloomberg AIM
TRD0000017,2026-05-08,2026-05-17,SEC00233,CL754,PORT-058,16461.0,78.63,CAD,Booked,SimCorp
TRD0000018,2026-05-04,2026-04-27,SEC00259,CL347,PORT-011,17690.0,71.54,INR,Cancelled,SimCorp
TRD0000019,2026-04-19,2026-04-26,SEC00245,CL614,PORT-051,15466.0,69.33,USD,Booked,Bloomberg AIM
TRD0000020,2026-05-01,2026-05-20,SEC00028,CL890,PORT-070,22659.0,120.03,CAD,Booked,Aladdin
TRD0000021,2026-04-30,2026-04-27,SEC00044,CL694,PORT-011,12597.0,53.6,GBP,Unmatched,Murex
TRD0000022,2026-05-12,2026-04-19,SEC00126,CL526,PORT-067,16567.0,104.43,USD,Matched,Aladdin
TRD0000023,2026-05-08,2026-05-05,SEC00108,CL270,PORT-009,336.0,51.58,CAD,Matched,Bloomberg AIM
TRD0000024,2026-04-16,2026-04-27,SEC00239,CL406,PORT-069,30923.0,98.31,GBP,Matched,Murex
TRD0000025,2026-04-12,2026-05-09,SEC00049,CL863,PORT-063,16346.0,102.69,EUR,Unmatched,Aladdin
TRD0000026,2026-04-14,2026-05-09,SEC00118,CL294,PORT-012,21417.0,60.19,USD,Booked,Aladdin
TRD0000027,2026-05-06,2026-05-16,SEC00075,CL690,PORT-058,28933.0,119.26,CAD,Booked,SimCorp
TRD0000028,2026-05-13,2026-05-07,SEC00060,CL535,PORT-010,20252.0,78.58,EUR,Unmatched,Murex
TRD0000029,2026-05-12,2026-04-15,SEC00055,CL388,PORT-045,28833.0,49.06,JPY,Matched,Bloomberg AIM
TRD0000030,2026-05-02,2026-04-09,SEC00062,CL744,PORT-073,8687.0,58.5,EUR,Cancelled,SimCorp
TRD0000031,2026-04-26,2026-04-23,SEC00180,CL425,PORT-017,35980.0,99.13,CAD,Booked,Murex
TRD0000032,2026-04-09,2026-04-23,SEC00131,CL357,PORT-014,26153.0,92.12,INR,Unmatched,SimCorp
TRD0000033,2026-04-09,2026-04-24,SEC00139,CL575,PORT-034,19569.0,46.05,JPY,Booked,Murex
TRD0000034,2026-05-19,2026-04-30,SEC00153,CL781,PORT-030,28688.0,63.51,GBP,Matched,Murex
TRD0000035,2026-04-18,2026-05-02,SEC00237,CL876,PORT-004,9235.0,71.61,JPY,Unmatched,Aladdin
TRD0000036,2026-05-06,2026-04-24,SEC00275,CL666,PORT-037,15835.0,55.83,GBP,Booked,SimCorp
TRD0000037,2026-05-11,2026-04-16,SEC00168,CL695,PORT-021,28832.0,152.21,CAD,Booked,Aladdin
TRD0000038,2026-04-25,2026-05-03,SEC00205,CL808,PORT-010,3997.0,72.37,INR,Matched,Aladdin
TRD0000039,2026-05-18,2026-04-26,SEC00236,CL342,PORT-022,22203.0,65.26,USD,Unmatched,Aladdin
TRD0000040,2026-05-04,2026-04-30,SEC00220,CL325,PORT-002,21991.0,101.17,INR,Booked,Aladdin
TRD0000041,2026-04-25,2026-05-09,SEC00042,CL535,PORT-073,32769.0,58.68,EUR,Unmatched,Aladdin
TRD0000042,2026-05-07,2026-05-08,SEC00314,CL667,PORT-079,6128.0,94.88,EUR,Booked,Bloomberg AIM
TRD0000043,2026-04-23,2026-05-18,SEC00052,CL680,PORT-030,30072.0,37.2,GBP,Booked,SimCorp
TRD0000044,2026-04-29,2026-05-02,SEC00131,CL238,PORT-070,13804.0,56.9,EUR,Booked,SimCorp
TRD0000045,2026-04-14,2026-04-19,SEC00208,CL801,PORT-037,14647.0,96.27,CAD,Unmatched,Murex
TRD0000046,2026-05-11,2026-04-21,SEC00129,CL427,PORT-073,8835.0,115.53,CAD,Booked,Murex
TRD0000047,2026-05-17,2026-04-07,SEC00077,CL888,PORT-014,9841.0,50.87,USD,Matched,Bloomberg AIM
TRD0000048,2026-04-26,2026-05-20,SEC00295,CL751,PORT-023,21026.0,48.84,EUR,Booked,SimCorp
TRD0000049,2026-05-08,2026-04-17,SEC00022,CL983,PORT-059,9658.0,81.34,GBP,Unmatched,Bloomberg AIM
TRD0000050,2026-04-18,2026-04-16,SEC00078,CL667,PORT-018,23552.0,53.62,INR,Matched,SimCorp
TRD0000051,2026-05-15,2026-05-02,SEC00317,CL574,PORT-066,13028.0,60.7,JPY,Booked,SimCorp
TRD0000052,2026-04-24,2026-05-09,SEC00233,CL268,PORT-034,-8902.0,90.63,INR,Booked,SimCorp
TRD0000053,2026-04-05,2026-05-05,SEC00027,CL458,PORT-032,14041.0,55.12,USD,Booked,Aladdin
TRD0000054,2026-05-15,2026-04-21,SEC00241,CL871,PORT-036,20525.0,33.52,JPY,Booked,Aladdin
TRD0000055,2026-05-06,2026-04-13,SEC00310,CL443,PORT-064,15920.0,42.29,EUR,Matched,Bloomberg AIM
TRD0000056,2026-04-12,2026-04-23,SEC00031,CL147,PORT-001,18257.0,66.92,EUR,Matched,Murex
TRD0000057,2026-04-25,2026-04-28,SEC00132,CL320,PORT-060,23222.0,34.74,INR,Matched,SimCorp
TRD0000058,2026-05-12,2026-04-22,SEC00149,CL635,PORT-062,26118.0,60.1,USD,Matched,Aladdin
TRD0000059,2026-05-10,2026-05-18,SEC00041,CL665,PORT-065,15674.0,40.97,USD,Matched,Bloomberg AIM
TRD0000060,2026-04-15,2026-04-24,SEC00064,CL984,PORT-079,10168.0,118.39,GBP,Booked,Murex
TRD0000061,2026-04-11,2026-05-20,SEC00055,CL939,PORT-062,18571.0,142.28,INR,Booked,Bloomberg AIM
TRD0000062,2026-05-03,2026-04-08,SEC00059,CL577,PORT-042,21530.0,46.05,JPY,Booked,Aladdin
TRD0000063,2026-04-28,2026-04-11,SEC00129,CL598,PORT-037,7045.0,72.96,USD,Matched,Aladdin
TRD0000064,2026-04-14,2026-04-29,SEC00148,CL819,PORT-031,11320.0,47.65,INR,Booked,Bloomberg AIM
TRD0000065,2026-05-12,2026-05-05,SEC00076,CL143,PORT-066,12606.0,59.84,GBP,Matched,Murex
TRD0000066,2026-05-10,2026-04-19,SEC00092,CL635,PORT-032,16441.0,125.36,INR,Booked,Aladdin
TRD0000067,2026-04-15,2026-04-23,SEC00061,CL526,PORT-046,12292.0,56.64,EUR,Matched,Murex
TRD0000068,2026-05-11,2026-04-20,SEC00254,CL803,PORT-008,23303.0,60.33,CAD,Booked,Murex
TRD0000069,2026-04-15,2026-04-28,SEC00067,CL819,PORT-026,-5962.0,47.95,EUR,Matched,Aladdin
TRD0000070,2026-04-27,2026-05-11,SEC00290,CL689,PORT-022,6152.0,99.6,CAD,Booked,Aladdin
TRD0000071,2026-04-05,2026-05-18,SEC00172,CL690,PORT-035,15496.0,21.28,GBP,Booked,Aladdin
TRD0000072,2026-05-18,2026-05-09,SEC00256,CL721,PORT-040,16683.0,57.11,INR,Booked,Bloomberg AIM
TRD0000073,2026-04-07,2026-04-28,SEC00203,CL621,PORT-057,7090.0,65.62,JPY,Matched,Aladdin
TRD0000074,2026-05-09,2026-05-02,SEC00085,CL304,PORT-035,13449.0,52.91,USD,Matched,Murex
TRD0000075,2026-05-18,2026-04-29,SEC00192,CL355,PORT-012,14992.0,90.22,USD,Booked,Aladdin
TRD0000076,2026-04-17,2026-05-09,SEC00087,CL766,PORT-044,15050.0,101.57,GBP,Matched,Bloomberg AIM
TRD0000077,2026-04-26,2026-04-09,SEC00037,CL655,PORT-005,19139.0,40.68,EUR,Matched,Murex
TRD0000078,2026-04-12,2026-05-05,SEC00081,CL313,PORT-068,13038.0,138.76,JPY,Matched,Aladdin
TRD0000079,2026-05-15,2026-04-13,SEC00088,CL889,PORT-061,29084.0,40.52,USD,Matched,SimCorp
TRD0000080,2026-05-16,2026-05-04,SEC00043,CL981,PORT-018,21662.0,104.69,JPY,Booked,Murex
TRD0000081,2026-04-24,2026-05-02,SEC00007,CL662,PORT-021,11947.0,70.28,EUR,Matched,Aladdin
TRD0000082,2026-04-10,2026-04-24,SEC00302,CL304,PORT-003,18709.0,55.91,EUR,Matched,SimCorp
TRD0000083,2026-05-01,2026-05-10,SEC00164,CL943,PORT-029,18930.0,57.78,GBP,Matched,SimCorp
TRD0000084,2026-04-14,2026-05-12,SEC00128,CL312,PORT-004,27110.0,65.91,JPY,Booked,Aladdin
TRD0000085,2026-04-09,2026-05-04,SEC00297,CL488,PORT-074,13497.0,71.73,GBP,Matched,SimCorp
TRD0000086,2026-04-10,2026-04-15,SEC00071,CL871,PORT-011,23755.0,48.32,GBP,Booked,SimCorp
TRD0000087,2026-04-27,2026-05-15,SEC00128,CL568,PORT-053,18314.0,61.44,GBP,Matched,SimCorp
TRD0000088,2026-04-18,2026-05-02,SEC00270,CL318,PORT-046,29187.0,50.92,GBP,Booked,Murex
TRD0000089,2026-04-26,2026-04-21,SEC00202,CL172,PORT-019,27682.0,43.59,GBP,Booked,Aladdin
TRD0000090,2026-04-19,2026-04-20,SEC00127,CL424,PORT-064,19477.0,50.1,CAD,Matched,SimCorp
TRD0000091,2026-04-24,2026-05-02,SEC00081,CL704,PORT-009,16033.0,44.59,JPY,Unmatched,Aladdin
TRD0000092,2026-04-26,2026-05-18,SEC00011,CL742,PORT-071,21800.0,57.57,GBP,Booked,Murex
TRD0000093,2026-04-30,2026-05-21,SEC00027,CL300,PORT-059,16647.0,77.58,INR,Matched,Bloomberg AIM
TRD0000094,2026-04-20,2026-04-30,SEC00051,CL242,PORT-051,30602.0,69.56,JPY,Matched,Bloomberg AIM
TRD0000095,2026-04-16,2026-04-15,SEC00251,CL730,PORT-070,18589.0,133.09,CAD,Unmatched,Aladdin
TRD0000096,2026-04-08,2026-05-20,SEC00204,CL243,PORT-032,14958.0,30.76,JPY,Matched,SimCorp
TRD0000097,2026-04-22,2026-04-12,SEC00138,CL157,PORT-023,14553.0,78.59,EUR,Booked,Aladdin
TRD0000098,2026-05-15,2026-04-21,SEC00250,CL537,PORT-013,8902.0,66.84,JPY,Booked,SimCorp
TRD0000099,2026-04-23,2026-05-21,SEC00051,CL613,PORT-074,22174.0,88.72,INR,Matched,Murex
TRD0000100,2026-05-05,2026-05-06,SEC00067,CL319,PORT-032,11850.0,85.69,EUR,Booked,Bloomberg AIM
TRD0000101,2026-05-18,2026-05-12,SEC00125,CL289,PORT-066,26236.0,62.94,EUR,Unmatched,Aladdin
TRD0000102,2026-05-16,2026-04-09,SEC00293,CL311,PORT-027,8303.0,70.84,JPY,Unmatched,SimCorp
TRD0000103,2026-04-23,2026-04-27,SEC00196,CL408,PORT-076,18954.0,51.4,CAD,Unmatched,Murex
TRD0000104,2026-04-07,2026-05-07,SEC00272,CL108,PORT-069,26627.0,82.66,GBP,Booked,Aladdin
TRD0000105,2026-04-27,2026-05-09,UNKNOWN,CL110,PORT-025,1858.0,34.55,JPY,Matched,Murex
TRD0000106,2026-04-29,2026-04-26,SEC00271,CL433,PORT-039,33137.0,87.52,JPY,Matched,SimCorp
TRD0000107,2026-05-16,2026-05-21,SEC00023,CL117,PORT-063,14810.0,66.15,JPY,Booked,SimCorp
TRD0000108,2026-04-19,2026-05-10,SEC00072,CL386,PORT-018,19058.0,56.23,USD,Booked,Murex
TRD0000109,2026-05-17,2026-05-14,SEC00167,CL622,PORT-002,22286.0,61.47,GBP,Booked,Bloomberg AIM
TRD0000110,2026-04-12,2026-04-24,SEC00016,CL128,PORT-023,23446.0,63.07,CAD,Booked,SimCorp
TRD0000111,2026-04-13,2026-04-21,SEC00274,CL655,PORT-047,20054.0,105.01,CAD,Unmatched,Aladdin
TRD0000112,2026-04-05,2026-04-30,SEC00277,CL658,PORT-011,25480.0,206.79,INR,Unmatched,Aladdin
TRD0000113,2026-05-07,2026-05-15,SEC00173,CL615,PORT-027,21893.0,102.2,USD,Booked,SimCorp
TRD0000114,2026-05-12,2026-05-05,SEC00097,CL663,PORT-073,31207.0,54.71,GBP,Matched,Aladdin
TRD0000115,2026-05-06,2026-04-14,SEC00031,CL827,PORT-006,21917.0,83.13,USD,Booked,Murex
TRD0000116,2026-04-14,2026-05-12,SEC00198,CL163,PORT-004,32735.0,84.41,EUR,Booked,Aladdin
TRD0000117,2026-05-10,2026-05-14,SEC00172,CL251,PORT-034,24758.0,48.24,CAD,Booked,Bloomberg AIM
TRD0000118,2026-04-10,2026-05-16,SEC00243,CL385,PORT-002,4457.0,42.89,GBP,Matched,Murex
TRD0000119,2026-05-13,2026-04-15,SEC00192,CL718,PORT-003,37583.0,65.23,EUR,Matched,SimCorp
TRD0000120,2026-05-17,2026-05-16,SEC00041,CL884,PORT-015,13692.0,88.47,INR,Matched,Bloomberg AIM
TRD0000121,2026-05-10,2026-04-25,SEC00038,CL925,PORT-009,29217.0,37.93,INR,Unmatched,Aladdin
TRD0000122,2026-04-16,2026-04-07,SEC00249,CL623,PORT-065,18201.0,51.82,JPY,Booked,Bloomberg AIM
TRD0000123,2026-04-22,2026-04-23,SEC00050,CL468,PORT-010,25958.0,81.49,INR,Matched,Murex
TRD0000124,2026-05-04,2026-05-03,SEC00300,CL470,PORT-042,12836.0,67.67,INR,Booked,Murex
TRD0000125,2026-04-20,2026-05-12,SEC00033,CL153,PORT-056,22693.0,109.47,JPY,Booked,Aladdin
TRD0000126,2026-04-20,2026-05-21,SEC00233,CL518,PORT-050,16101.0,40.69,CAD,Matched,SimCorp
TRD0000127,2026-04-25,2026-05-14,SEC00312,CL561,PORT-052,29843.0,151.91,EUR,Booked,Bloomberg AIM
TRD0000128,2026-04-26,2026-04-09,SEC00141,CL287,PORT-029,21290.0,38.93,GBP,Booked,Murex
TRD0000129,2026-05-15,2026-05-15,SEC00018,CL790,PORT-071,25020.0,32.78,JPY,Booked,SimCorp
TRD0000130,2026-05-08,2026-05-21,SEC00280,CL829,PORT-006,1769.0,65.33,INR,Booked,Murex
TRD0000131,2026-04-26,2026-04-15,SEC00059,CL371,PORT-009,17358.0,44.83,GBP,Unmatched,Aladdin
TRD0000132,2026-05-13,2026-05-03,SEC00168,CL921,PORT-068,21079.0,65.79,GBP,Booked,Bloomberg AIM
TRD0000133,2026-04-28,2026-05-05,SEC00315,CL196,PORT-006,19677.0,64.99,USD,Matched,SimCorp
TRD0000134,2026-05-14,2026-04-19,SEC00238,CL918,PORT-016,25209.0,62.27,JPY,Cancelled,Bloomberg AIM
TRD0000135,2026-04-14,2026-04-28,SEC00014,CL790,PORT-014,15256.0,49.66,USD,Matched,Bloomberg AIM
TRD0000136,2026-05-15,2026-04-10,SEC00262,CL301,PORT-003,18366.0,77.59,GBP,Booked,SimCorp
TRD0000137,2026-05-15,2026-04-30,SEC00051,CL684,PORT-010,26859.0,59.68,GBP,Unmatched,Murex
TRD0000138,2026-04-21,2026-04-19,SEC00239,CL379,PORT-046,910.0,98.13,INR,Booked,Murex
TRD0000139,2026-05-10,2026-04-12,SEC00198,CL818,PORT-053,22420.0,62.61,GBP,Booked,Murex
TRD0000140,2026-05-04,2026-05-01,SEC00092,CL244,PORT-007,15496.0,47.58,USD,Matched,Aladdin
TRD0000141,2026-05-05,2026-05-09,SEC00135,CL320,PORT-075,11158.0,36.94,JPY,Matched,SimCorp
TRD0000142,2026-05-10,2026-04-08,SEC00037,CL376,PORT-008,20524.0,62.79,EUR,Matched,Bloomberg AIM
TRD0000143,2026-04-15,2026-05-11,SEC00315,CL279,PORT-055,27206.0,42.77,GBP,Booked,Murex
TRD0000144,2026-04-18,2026-05-20,SEC00076,CL399,PORT-064,25794.0,41.58,EUR,Matched,SimCorp
TRD0000145,2026-05-09,2026-04-25,SEC00098,CL641,PORT-042,16987.0,80.21,USD,Matched,Bloomberg AIM
TRD0000146,2026-04-19,2026-04-07,SEC00160,CL669,PORT-039,24568.0,35.8,CAD,Cancelled,Bloomberg AIM
TRD0000147,2026-04-17,2026-05-18,SEC00215,CL597,PORT-009,24511.0,109.32,EUR,Booked,Aladdin
TRD0000148,2026-04-25,2026-04-13,SEC00161,CL270,PORT-020,17345.0,70.52,JPY,Booked,Murex
TRD0000149,2026-04-23,2026-04-14,SEC00161,CL281,PORT-068,12802.0,65.67,INR,Unmatched,SimCorp
TRD0000150,2026-04-07,2026-04-10,SEC00186,CL926,PORT-028,13236.0,46.42,GBP,Matched,Bloomberg AIM
TRD0000151,2026-04-29,2026-05-03,SEC00274,CL325,PORT-003,24284.0,87.14,CAD,Booked,SimCorp
TRD0000152,2026-05-02,2026-05-10,SEC00126,CL192,PORT-058,17684.0,66.62,GBP,Booked,Aladdin
TRD0000153,2026-04-25,2026-04-28,SEC00266,CL508,PORT-055,10154.0,52.45,CAD,Matched,SimCorp
TRD0000154,2026-04-12,2026-05-15,SEC00251,CL106,PORT-006,5364.0,71.52,GBP,Matched,Bloomberg AIM
TRD0000155,2026-04-18,2026-04-14,SEC00307,CL408,PORT-005,24239.0,37.0,USD,Matched,SimCorp
TRD0000156,2026-05-16,2026-04-22,SEC00292,CL868,PORT-010,13899.0,37.62,CAD,Unmatched,Murex
TRD0000157,2026-04-29,2026-04-30,SEC00255,CL340,PORT-005,20478.0,45.06,CAD,Booked,Murex
TRD0000158,2026-04-16,2026-04-28,SEC00078,CL732,PORT-049,27298.0,75.36,CAD,Booked,Bloomberg AIM
TRD0000159,2026-05-09,2026-04-19,SEC00247,CL540,PORT-011,8183.0,66.61,USD,Matched,Murex
TRD0000160,2026-04-05,2026-04-28,SEC00235,CL419,PORT-048,17661.0,96.27,CAD,Unmatched,Murex
TRD0000161,2026-04-13,2026-04-14,SEC00092,CL694,PORT-014,16720.0,48.33,GBP,Booked,Bloomberg AIM
TRD0000162,2026-04-11,2026-04-10,SEC00216,CL635,PORT-077,20848.0,81.54,CAD,Matched,Murex
TRD0000163,2026-05-16,2026-04-09,SEC00080,CL386,PORT-058,27294.0,64.08,CAD,Booked,Bloomberg AIM
TRD0000164,2026-04-23,2026-04-24,SEC00167,CL300,PORT-030,8029.0,47.94,EUR,Booked,Murex
TRD0000165,2026-04-26,2026-04-18,SEC00254,CL924,PORT-034,-22273.0,76.31,GBP,Unmatched,Aladdin
TRD0000166,2026-04-21,2026-05-08,SEC00060,CL251,PORT-006,-25736.0,65.16,EUR,Booked,SimCorp
TRD0000167,2026-04-11,2026-05-20,SEC00107,CL962,PORT-005,16602.0,53.51,EUR,Booked,Murex
TRD0000168,2026-05-04,2026-05-03,SEC00254,CL523,PORT-043,16969.0,67.67,JPY,Matched,SimCorp
TRD0000169,2026-04-25,2026-04-12,SEC00145,CL996,PORT-002,21138.0,63.73,GBP,Booked,Aladdin
TRD0000170,2026-04-19,2026-05-15,SEC00307,CL417,PORT-051,20586.0,63.19,JPY,Booked,Murex
TRD0000171,2026-04-16,2026-04-27,SEC00002,CL608,PORT-031,22368.0,57.72,INR,Matched,Bloomberg AIM
TRD0000172,2026-04-15,2026-05-13,SEC00230,CL653,PORT-012,22210.0,42.24,EUR,Booked,Murex
TRD0000173,2026-05-04,2026-05-02,SEC00260,CL404,PORT-043,10635.0,68.45,USD,Matched,Aladdin
TRD0000174,2026-04-05,2026-05-15,SEC00293,CL296,PORT-044,25427.0,50.35,INR,Booked,Aladdin
TRD0000175,2026-05-19,2026-04-18,SEC00050,CL567,PORT-059,26751.0,46.66,EUR,Booked,Bloomberg AIM
TRD0000176,2026-04-27,2026-04-15,SEC00314,CL695,PORT-016,19396.0,61.3,EUR,Matched,Aladdin
TRD0000177,2026-04-22,2026-04-17,SEC00125,CL335,PORT-044,6794.0,86.22,JPY,Booked,Bloomberg AIM
TRD0000178,2026-05-17,2026-04-20,SEC00112,CL789,PORT-067,17139.0,71.16,EUR,Unmatched,SimCorp
TRD0000179,2026-04-29,2026-05-11,SEC00113,CL674,PORT-022,19458.0,55.37,EUR,Unmatched,Aladdin
TRD0000180,2026-04-23,2026-04-28,SEC00204,CL249,PORT-066,9415.0,54.6,EUR,Unmatched,Murex
TRD0000181,2026-04-22,2026-05-17,SEC00210,CL943,PORT-058,15299.0,83.31,JPY,Booked,Aladdin
TRD0000182,2026-05-14,2026-05-05,SEC00151,CL139,PORT-034,7430.0,28.82,CAD,Booked,Murex
TRD0000183,2026-05-07,2026-04-29,SEC00022,CL687,PORT-070,22555.0,88.15,CAD,Unmatched,Aladdin
TRD0000184,2026-05-08,2026-04-21,SEC00315,CL495,PORT-077,19245.0,34.61,INR,Matched,Bloomberg AIM
TRD0000185,2026-04-21,2026-05-17,SEC00071,CL687,PORT-019,5657.0,40.63,CAD,Matched,Murex
TRD0000186,2026-05-05,2026-04-15,SEC00030,CL795,PORT-078,20636.0,55.7,JPY,Matched,Aladdin
TRD0000187,2026-04-24,2026-05-01,SEC00191,CL717,PORT-001,17576.0,142.53,GBP,Booked,Murex
TRD0000188,2026-04-17,2026-04-12,SEC00131,CL685,PORT-011,21873.0,119.95,INR,Booked,SimCorp
TRD0000189,2026-04-14,2026-04-28,SEC00196,CL855,PORT-004,15064.0,85.39,EUR,Matched,Bloomberg AIM
TRD0000190,2026-05-11,2026-04-27,SEC00280,CL730,PORT-030,11989.0,75.55,INR,Matched,Murex
TRD0000191,2026-04-09,2026-04-20,SEC00031,CL831,PORT-075,12219.0,34.75,CAD,Booked,Aladdin
TRD0000192,2026-05-12,2026-04-15,SEC00090,CL462,PORT-048,13964.0,70.45,GBP,Matched,SimCorp
TRD0000193,2026-05-19,2026-05-14,SEC00165,CL282,PORT-049,18141.0,55.02,JPY,Matched,Murex
TRD0000194,2026-05-17,2026-04-28,SEC00252,CL311,PORT-007,19110.0,50.11,INR,Booked,Aladdin
TRD0000195,2026-05-10,2026-05-20,SEC00192,CL650,PORT-041,16570.0,70.4,INR,Booked,Aladdin
TRD0000196,2026-04-10,2026-04-30,SEC00122,CL578,PORT-031,14825.0,56.55,EUR,Matched,SimCorp
TRD0000197,2026-05-10,2026-04-15,SEC00195,CL169,PORT-038,15364.0,90.4,CAD,Matched,Bloomberg AIM
TRD0000198,2026-04-18,2026-04-13,SEC00313,CL283,PORT-021,36808.0,33.87,JPY,Unmatched,Murex
TRD0000199,2026-05-01,2026-05-09,SEC00153,CL969,PORT-016,12220.0,68.46,USD,Booked,Bloomberg AIM
TRD0000200,2026-05-18,2026-05-04,SEC00282,CL752,PORT-076,13815.0,49.02,USD,Unmatched,SimCorp
TRD0000201,2026-04-30,2026-04-27,SEC00249,CL778,PORT-045,42704.0,57.78,INR,Matched,Murex
TRD0000202,2026-05-18,2026-05-04,SEC00096,CL277,PORT-033,21158.0,74.19,GBP,Matched,Aladdin
TRD0000203,2026-04-28,2026-05-13,SEC00079,CL157,PORT-006,7650.0,45.1,USD,Booked,Murex
TRD0000204,2026-04-24,2026-05-08,SEC00246,CL361,PORT-061,24320.0,70.63,JPY,Booked,SimCorp
TRD0000205,2026-04-26,2026-05-03,SEC00066,CL870,PORT-038,11175.0,61.91,JPY,Matched,SimCorp
TRD0000206,2026-05-07,2026-04-28,SEC00107,CL555,PORT-031,24818.0,52.92,USD,Booked,Murex
TRD0000207,2026-04-15,2026-04-10,SEC00075,CL805,PORT-053,16418.0,56.56,GBP,Booked,Bloomberg AIM
TRD0000208,2026-04-23,2026-04-27,SEC00194,CL537,PORT-011,14702.0,63.17,GBP,Unmatched,SimCorp
TRD0000209,2026-05-08,2026-05-04,SEC00094,CL540,PORT-043,30069.0,50.97,INR,Booked,SimCorp
TRD0000210,2026-04-30,2026-04-22,SEC00210,CL640,PORT-069,22248.0,66.85,JPY,Unmatched,SimCorp
TRD0000211,2026-05-15,2026-04-17,SEC00299,CL962,PORT-037,25297.0,60.5,USD,Matched,Murex
TRD0000212,2026-04-08,2026-05-02,SEC00265,CL493,PORT-001,21262.0,53.84,JPY,Matched,Aladdin
TRD0000213,2026-04-16,2026-04-29,SEC00303,CL635,PORT-019,14667.0,116.33,CAD,Booked,Aladdin
TRD0000214,2026-05-07,2026-05-12,SEC00007,CL926,PORT-005,22585.0,77.12,USD,Matched,SimCorp
TRD0000215,2026-04-19,2026-04-13,SEC00145,CL434,PORT-040,27069.0,58.33,CAD,Matched,SimCorp
TRD0000216,2026-04-19,2026-04-12,SEC00070,CL855,PORT-029,19011.0,70.18,USD,Unmatched,Murex
TRD0000217,2026-04-22,2026-05-14,SEC00293,CL581,PORT-011,31512.0,46.55,JPY,Booked,Aladdin
TRD0000218,2026-05-17,2026-05-06,SEC00227,CL890,PORT-055,24379.0,57.23,GBP,Booked,Murex
TRD0000219,2026-04-10,2026-05-09,SEC00102,CL520,PORT-014,19590.0,59.62,INR,Unmatched,Murex
TRD0000220,2026-04-06,2026-04-10,UNKNOWN,CL665,PORT-027,19886.0,43.1,CAD,Booked,SimCorp
TRD0000221,2026-04-06,2026-05-19,SEC00193,CL390,PORT-079,19029.0,76.37,CAD,Matched,Murex
TRD0000222,2026-04-05,2026-05-12,SEC00158,CL670,PORT-006,8616.0,55.87,CAD,Booked,Murex
TRD0000223,2026-04-08,2026-05-07,SEC00151,CL393,PORT-020,17324.0,58.89,INR,Booked,Murex
TRD0000224,2026-04-16,2026-04-26,SEC00017,CL647,PORT-026,19659.0,54.65,EUR,Matched,SimCorp
TRD0000225,2026-05-17,2026-05-10,SEC00144,CL809,PORT-041,14879.0,187.86,GBP,Matched,SimCorp
TRD0000226,2026-04-29,2026-04-27,SEC00111,CL490,PORT-020,20533.0,52.88,INR,Matched,Murex
TRD0000227,2026-05-08,2026-04-18,SEC00261,CL485,PORT-077,18160.0,32.33,EUR,Matched,SimCorp
TRD0000228,2026-05-10,2026-04-14,SEC00276,CL389,PORT-001,23803.0,38.09,JPY,Matched,Aladdin
TRD0000229,2026-04-12,2026-05-17,SEC00240,CL756,PORT-075,22973.0,86.99,JPY,Cancelled,Bloomberg AIM
TRD0000230,2026-04-13,2026-05-15,SEC00009,CL632,PORT-043,19254.0,106.46,CAD,Booked,SimCorp
TRD0000231,2026-04-26,2026-05-17,SEC00269,CL564,PORT-004,7746.0,52.53,USD,Booked,Murex
TRD0000232,2026-04-16,2026-04-11,SEC00126,CL122,PORT-010,31430.0,104.34,USD,Booked,Murex
TRD0000233,2026-05-14,2026-04-22,SEC00133,CL198,PORT-009,16936.0,86.45,USD,Matched,Aladdin
TRD0000234,2026-05-10,2026-04-28,SEC00302,CL106,PORT-023,17393.0,62.41,JPY,Booked,Murex
TRD0000235,2026-04-11,2026-04-16,SEC00277,CL864,PORT-027,15431.0,60.88,JPY,Matched,Murex
TRD0000236,2026-04-29,2026-04-25,SEC00016,CL865,PORT-051,14337.0,71.04,JPY,Matched,Murex
TRD0000237,2026-04-25,2026-05-11,SEC00115,CL161,PORT-025,29580.0,90.66,EUR,Matched,SimCorp
TRD0000238,2026-04-29,2026-04-29,SEC00239,CL141,PORT-058,28395.0,76.63,EUR,Matched,Bloomberg AIM
TRD0000239,2026-05-10,2026-04-20,SEC00172,CL802,PORT-024,21333.0,52.62,GBP,Matched,Murex
TRD0000240,2026-04-12,2026-05-20,SEC00082,CL571,PORT-021,17194.0,62.74,USD,Matched,Murex
TRD0000241,2026-04-15,2026-04-24,SEC00167,CL377,PORT-022,22643.0,133.41,INR,Booked,SimCorp
TRD0000242,2026-04-19,2026-04-29,SEC00277,CL652,PORT-027,18553.0,72.82,USD,Matched,Bloomberg AIM
TRD0000243,2026-05-04,2026-05-18,SEC00071,CL312,PORT-067,16573.0,90.4,INR,Booked,SimCorp
TRD0000244,2026-04-21,2026-05-10,SEC00238,CL278,PORT-020,20536.0,80.56,GBP,Unmatched,SimCorp
TRD0000245,2026-04-07,2026-05-01,SEC00235,CL430,PORT-022,14691.0,73.38,CAD,Booked,Bloomberg AIM
TRD0000246,2026-04-20,2026-05-06,SEC00283,CL905,PORT-076,19892.0,69.27,INR,Booked,SimCorp
TRD0000247,2026-04-27,2026-05-08,SEC00095,CL789,PORT-052,19532.0,91.29,GBP,Booked,Aladdin
TRD0000248,2026-05-07,2026-04-22,SEC00069,CL270,PORT-016,22522.0,85.76,INR,Matched,Bloomberg AIM
TRD0000249,2026-04-26,2026-05-03,SEC00175,CL604,PORT-069,13356.0,73.14,USD,Unmatched,SimCorp
TRD0000250,2026-05-03,2026-04-29,SEC00170,CL895,PORT-015,23326.0,52.31,EUR,Booked,Bloomberg AIM
TRD0000251,2026-04-22,2026-04-16,SEC00131,CL955,PORT-013,11203.0,76.32,GBP,Booked,SimCorp
TRD0000252,2026-05-17,2026-05-17,SEC00249,CL785,PORT-036,13706.0,65.14,CAD,Booked,Murex
TRD0000253,2026-05-11,2026-05-05,SEC00255,CL215,PORT-055,14033.0,59.87,INR,Unmatched,Murex
TRD0000254,2026-04-14,2026-05-18,SEC00078,CL316,PORT-015,9960.0,170.3,GBP,Unmatched,SimCorp
TRD0000255,2026-05-02,2026-04-10,SEC00254,CL296,PORT-060,25617.0,38.91,EUR,Booked,Bloomberg AIM
TRD0000256,2026-04-30,2026-05-13,SEC00073,CL235,PORT-013,10732.0,93.27,CAD,Matched,Aladdin
TRD0000257,2026-04-25,2026-04-15,SEC00130,CL257,PORT-062,12758.0,49.31,JPY,Matched,Murex
TRD0000258,2026-04-30,2026-05-13,SEC00008,CL384,PORT-008,27416.0,69.82,USD,Matched,Aladdin
TRD0000259,2026-04-15,2026-05-07,SEC00108,CL599,PORT-037,13721.0,163.86,EUR,Matched,Murex
TRD0000260,2026-05-08,2026-04-24,SEC00306,CL457,PORT-051,16589.0,47.62,CAD,Matched,Murex
TRD0000261,2026-04-15,2026-04-14,SEC00141,CL478,PORT-021,10410.0,51.76,CAD,Matched,Aladdin
TRD0000262,2026-05-10,2026-05-13,SEC00227,CL320,PORT-049,24247.0,66.28,CAD,Booked,Aladdin
TRD0000263,2026-05-03,2026-05-12,SEC00034,CL235,PORT-055,24351.0,49.57,USD,Booked,Bloomberg AIM
TRD0000264,2026-04-23,2026-04-12,SEC00203,CL998,PORT-052,23542.0,90.87,INR,Booked,Murex
TRD0000265,2026-04-10,2026-05-07,SEC00118,CL638,PORT-032,22031.0,55.31,USD,Booked,Bloomberg AIM
TRD0000266,2026-05-09,2026-05-12,SEC00238,CL306,PORT-062,18552.0,83.84,INR,Booked,Aladdin
TRD0000267,2026-04-23,2026-04-18,SEC00296,CL828,PORT-058,14067.0,41.88,CAD,Matched,Bloomberg AIM
TRD0000268,2026-05-17,2026-05-17,SEC00170,CL846,PORT-026,11888.0,35.43,GBP,Unmatched,SimCorp
TRD0000269,2026-05-16,2026-04-12,SEC00032,CL969,PORT-058,27674.0,61.55,EUR,Booked,Murex
TRD0000270,2026-04-15,2026-04-12,SEC00152,CL243,PORT-073,23736.0,38.51,INR,Booked,Murex
TRD0000271,2026-04-17,2026-04-13,SEC00039,CL675,PORT-065,12800.0,113.45,USD,Matched,Murex
TRD0000272,2026-05-03,2026-05-08,SEC00143,CL981,PORT-058,18299.0,39.04,JPY,Matched,SimCorp
TRD0000273,2026-04-21,2026-05-16,SEC00019,CL825,PORT-061,15749.0,46.38,EUR,Booked,SimCorp
TRD0000274,2026-05-02,2026-05-02,SEC00204,CL302,PORT-064,9538.0,77.07,GBP,Matched,Murex
TRD0000275,2026-05-07,2026-05-06,SEC00099,CL902,PORT-023,19332.0,54.31,INR,Booked,Aladdin
TRD0000276,2026-04-30,2026-04-08,SEC00064,CL479,PORT-057,14884.0,39.2,CAD,Booked,Aladdin
TRD0000277,2026-05-05,2026-04-23,SEC00005,CL539,PORT-016,10856.0,136.18,GBP,Matched,Aladdin
TRD0000278,2026-04-13,2026-04-09,SEC00284,CL602,PORT-029,6907.0,46.97,EUR,Matched,Bloomberg AIM
TRD0000279,2026-05-01,2026-04-18,SEC00267,CL793,PORT-074,6271.0,62.26,CAD,Booked,Aladdin
TRD0000280,2026-05-05,2026-04-19,SEC00259,CL208,PORT-023,15214.0,61.98,GBP,Matched,Bloomberg AIM
TRD0000281,2026-04-25,2026-05-16,SEC00018,CL584,PORT-067,17362.0,85.51,EUR,Unmatched,Aladdin
TRD0000282,2026-04-15,2026-05-18,SEC00111,CL834,PORT-034,11435.0,78.4,CAD,Booked,Murex
TRD0000283,2026-05-07,2026-05-19,SEC00310,CL593,PORT-017,22881.0,49.93,CAD,Matched,SimCorp
TRD0000284,2026-04-07,2026-04-25,SEC00185,CL346,PORT-008,17508.0,59.5,EUR,Booked,Aladdin
TRD0000285,2026-04-29,2026-05-12,SEC00041,CL150,PORT-044,22327.0,61.59,USD,Matched,Bloomberg AIM
TRD0000286,2026-04-20,2026-04-07,SEC00045,CL593,PORT-036,16628.0,86.67,USD,Matched,SimCorp
TRD0000287,2026-04-06,2026-05-16,SEC00084,CL732,PORT-041,12097.0,44.3,JPY,Booked,SimCorp
TRD0000288,2026-04-30,2026-04-09,SEC00311,CL594,PORT-004,18856.0,135.14,EUR,Booked,Bloomberg AIM
TRD0000289,2026-05-11,2026-04-21,SEC00054,CL980,PORT-022,8530.0,51.13,JPY,Matched,Murex
TRD0000290,2026-04-16,2026-05-17,SEC00288,CL641,PORT-001,22046.0,66.48,INR,Booked,Murex
TRD0000291,2026-05-19,2026-05-19,SEC00216,CL556,PORT-024,10971.0,44.43,USD,Unmatched,SimCorp
TRD0000292,2026-04-29,2026-05-04,SEC00295,CL149,PORT-074,24887.0,42.34,CAD,Booked,Murex
TRD0000293,2026-04-05,2026-05-06,SEC00264,CL602,PORT-013,15462.0,49.1,USD,Matched,Aladdin
TRD0000294,2026-05-01,2026-05-07,SEC00106,CL251,PORT-055,25969.0,47.48,USD,Matched,Murex
TRD0000295,2026-04-19,2026-04-28,SEC00264,CL751,PORT-001,9580.0,57.69,INR,Booked,Murex
TRD0000296,2026-04-26,2026-05-16,SEC00054,CL244,PORT-045,12917.0,47.34,JPY,Matched,Bloomberg AIM
TRD0000297,2026-05-10,2026-05-16,SEC00093,CL915,PORT-073,20857.0,85.07,CAD,Matched,Bloomberg AIM
TRD0000298,2026-05-05,2026-04-20,SEC00067,CL371,PORT-027,26779.0,50.7,JPY,Matched,Bloomberg AIM
TRD0000299,2026-04-26,2026-04-07,SEC00042,CL490,PORT-016,30500.0,48.77,GBP,Matched,Aladdin
TRD0000300,2026-05-15,2026-05-09,SEC00028,CL230,PORT-046,18310.0,58.12,INR,Matched,Murex
TRD0000301,2026-05-01,2026-04-10,SEC00059,CL289,PORT-023,31783.0,94.4,INR,Matched,Bloomberg AIM
TRD0000302,2026-05-01,2026-05-06,SEC00038,CL928,PORT-071,15828.0,71.89,INR,Matched,Murex
TRD0000303,2026-04-12,2026-05-06,SEC00121,CL355,PORT-068,26241.0,64.4,GBP,Matched,Aladdin
TRD0000304,2026-05-14,2026-05-17,SEC00022,CL561,PORT-052,10934.0,40.38,CAD,Booked,Murex
TRD0000305,2026-04-12,2026-05-02,SEC00019,CL982,PORT-051,21152.0,44.7,EUR,Matched,SimCorp
TRD0000306,2026-05-01,2026-04-29,SEC00316,CL660,PORT-048,437.0,42.63,GBP,Matched,Murex
TRD0000307,2026-04-20,2026-04-22,SEC00028,CL137,PORT-059,9588.0,105.36,EUR,Cancelled,Murex
TRD0000308,2026-04-24,2026-05-14,SEC00023,CL421,PORT-037,21500.0,80.29,EUR,Booked,Murex
TRD0000309,2026-05-06,2026-05-13,SEC00009,CL447,PORT-077,8157.0,49.33,EUR,Booked,Murex
TRD0000310,2026-04-08,2026-05-02,SEC00042,CL348,PORT-028,21202.0,54.73,JPY,Booked,Aladdin
TRD0000311,2026-05-09,2026-05-18,SEC00168,CL316,PORT-001,24798.0,49.96,INR,Matched,SimCorp
TRD0000312,2026-05-18,2026-05-15,SEC00264,CL552,PORT-056,14240.0,48.91,GBP,Matched,SimCorp
TRD0000313,2026-04-16,2026-04-23,SEC00235,CL438,PORT-053,10733.0,78.34,CAD,Booked,Bloomberg AIM
TRD0000314,2026-04-22,2026-04-09,SEC00185,CL364,PORT-078,14444.0,60.3,GBP,Booked,Murex
TRD0000315,2026-04-09,2026-04-26,SEC00027,CL471,PORT-032,10756.0,138.16,GBP,Unmatched,Bloomberg AIM
TRD0000316,2026-04-29,2026-05-15,SEC00247,CL408,PORT-034,17241.0,103.3,USD,Matched,Bloomberg AIM
TRD0000317,2026-05-19,2026-04-07,SEC00011,CL305,PORT-045,18766.0,105.46,CAD,Matched,Murex
TRD0000318,2026-05-19,2026-04-28,SEC00201,CL507,PORT-031,15705.0,84.35,USD,Booked,Aladdin
TRD0000319,2026-04-30,2026-04-19,SEC00130,CL947,PORT-063,30558.0,57.52,USD,Booked,Bloomberg AIM
TRD0000320,2026-05-08,2026-05-13,SEC00282,CL554,PORT-034,12604.0,82.21,CAD,Booked,Bloomberg AIM
TRD0000321,2026-04-08,2026-04-25,SEC00098,CL637,PORT-062,28436.0,59.02,JPY,Booked,Aladdin
TRD0000322,2026-05-14,2026-05-18,SEC00204,CL984,PORT-034,10191.0,117.99,USD,Matched,Bloomberg AIM
TRD0000323,2026-04-10,2026-04-23,SEC00140,CL651,PORT-018,18546.0,76.82,GBP,Booked,Murex
TRD0000324,2026-05-10,2026-05-12,SEC00167,CL300,PORT-079,26873.0,73.1,JPY,Booked,Murex
TRD0000325,2026-05-14,2026-04-11,SEC00300,CL458,PORT-042,26485.0,69.72,USD,Booked,Murex
TRD0000326,2026-05-07,2026-05-19,SEC00228,CL538,PORT-056,14848.0,122.62,INR,Booked,Murex
TRD0000327,2026-05-13,2026-04-22,SEC00132,CL526,PORT-047,22163.0,40.37,INR,Booked,SimCorp
TRD0000328,2026-05-01,2026-05-15,SEC00143,CL234,PORT-029,21159.0,126.9,USD,Booked,Aladdin
TRD0000329,2026-05-05,2026-04-21,SEC00225,CL195,PORT-077,13950.0,62.48,JPY,Booked,Murex
TRD0000330,2026-04-26,2026-04-29,SEC00110,CL414,PORT-030,22620.0,40.77,EUR,Matched,SimCorp
TRD0000331,2026-04-25,2026-04-08,SEC00053,CL921,PORT-079,31969.0,51.25,INR,Unmatched,Bloomberg AIM
TRD0000332,2026-05-19,2026-04-22,SEC00149,CL744,PORT-035,21538.0,37.42,GBP,Matched,Aladdin
TRD0000333,2026-05-14,2026-05-05,SEC00021,CL856,PORT-002,22248.0,83.83,EUR,Booked,Murex
TRD0000334,2026-05-12,2026-05-18,SEC00054,CL256,PORT-003,23041.0,46.37,JPY,Cancelled,Murex
TRD0000335,2026-05-11,2026-04-25,SEC00134,CL472,PORT-077,7043.0,70.74,GBP,Cancelled,Murex
TRD0000336,2026-05-15,2026-05-02,SEC00254,CL622,PORT-042,21452.0,99.18,GBP,Matched,Aladdin
TRD0000337,2026-05-05,2026-05-19,SEC00250,CL490,PORT-031,10374.0,52.71,CAD,Booked,Murex
TRD0000338,2026-04-25,2026-04-25,SEC00083,CL474,PORT-065,13576.0,60.71,JPY,Matched,Bloomberg AIM
TRD0000339,2026-05-06,2026-05-12,SEC00135,CL423,PORT-049,34215.0,42.26,GBP,Unmatched,Aladdin
TRD0000340,2026-05-05,2026-05-11,SEC00049,CL146,PORT-053,16101.0,58.21,EUR,Matched,Bloomberg AIM
TRD0000341,2026-04-28,2026-05-21,SEC00241,CL870,PORT-055,12449.0,164.17,JPY,Matched,SimCorp
TRD0000342,2026-04-25,2026-05-05,SEC00078,CL938,PORT-016,26644.0,87.56,USD,Matched,Bloomberg AIM
TRD0000343,2026-05-05,2026-05-12,SEC00255,CL172,PORT-007,10892.0,60.79,CAD,Cancelled,Aladdin
TRD0000344,2026-05-10,2026-05-18,SEC00269,CL471,PORT-058,14644.0,53.83,USD,Booked,Bloomberg AIM
TRD0000345,2026-05-01,2026-05-02,SEC00220,CL565,PORT-002,27368.0,65.7,INR,Booked,Bloomberg AIM
TRD0000346,2026-05-18,2026-05-12,SEC00105,CL804,PORT-057,18321.0,69.79,GBP,Matched,Bloomberg AIM
TRD0000347,2026-04-27,2026-05-15,SEC00304,CL987,PORT-011,6288.0,57.59,INR,Booked,Murex
TRD0000348,2026-04-07,2026-04-30,SEC00219,CL474,PORT-021,22080.0,80.28,GBP,Booked,Bloomberg AIM
TRD0000349,2026-05-02,2026-05-19,SEC00206,CL773,PORT-056,15027.0,47.77,USD,Booked,Bloomberg AIM
TRD0000350,2026-05-15,2026-04-07,SEC00274,CL942,PORT-050,29549.0,47.68,CAD,Booked,Aladdin
TRD0000351,2026-04-18,2026-04-30,SEC00282,CL846,PORT-062,13454.0,75.91,INR,Booked,Murex
TRD0000352,2026-05-14,2026-04-07,SEC00024,CL361,PORT-049,25884.0,44.3,USD,Matched,SimCorp
TRD0000353,2026-05-11,2026-04-12,SEC00282,CL834,PORT-004,31318.0,86.07,USD,Booked,Bloomberg AIM
TRD0000354,2026-05-13,2026-04-07,SEC00244,CL470,PORT-067,11618.0,66.35,JPY,Matched,Bloomberg AIM
TRD0000355,2026-04-10,2026-04-27,SEC00066,CL115,PORT-018,16551.0,35.17,CAD,Booked,Murex
TRD0000356,2026-04-05,2026-05-02,SEC00098,CL782,PORT-011,20915.0,69.29,JPY,Unmatched,SimCorp
TRD0000357,2026-04-24,2026-04-19,SEC00240,CL851,PORT-070,11570.0,36.97,USD,Matched,SimCorp
TRD0000358,2026-04-22,2026-05-18,SEC00069,CL408,PORT-016,20027.0,85.0,INR,Unmatched,Murex
TRD0000359,2026-04-20,2026-04-14,SEC00144,CL505,PORT-043,16313.0,61.13,GBP,Booked,Bloomberg AIM
TRD0000360,2026-04-22,2026-05-07,SEC00220,CL427,PORT-039,16162.0,127.47,JPY,Booked,SimCorp
TRD0000361,2026-04-25,2026-05-21,SEC00208,CL205,PORT-061,18367.0,97.02,GBP,Matched,SimCorp
TRD0000362,2026-04-05,2026-05-11,SEC00291,CL994,PORT-004,18534.0,46.01,USD,Matched,Murex
TRD0000363,2026-04-17,2026-05-11,SEC00035,CL120,PORT-009,19229.0,32.88,USD,Booked,Murex
TRD0000364,2026-05-16,2026-05-21,SEC00094,CL599,PORT-033,13509.0,51.2,JPY,Matched,Aladdin
TRD0000365,2026-05-02,2026-04-21,SEC00315,CL113,PORT-038,13836.0,43.49,JPY,Matched,SimCorp
TRD0000366,2026-04-06,2026-05-17,SEC00182,CL719,PORT-063,17111.0,126.34,EUR,Booked,Murex
TRD0000367,2026-05-01,2026-04-13,SEC00079,CL909,PORT-048,17664.0,66.45,USD,Matched,Aladdin
TRD0000368,2026-05-10,2026-05-01,SEC00092,CL678,PORT-012,14709.0,92.45,INR,Booked,Aladdin
TRD0000369,2026-04-10,2026-04-19,SEC00108,CL644,PORT-078,20430.0,60.35,USD,Booked,Aladdin
TRD0000370,2026-04-21,2026-05-06,SEC00177,CL844,PORT-037,4389.0,62.62,EUR,Unmatched,Bloomberg AIM
TRD0000371,2026-04-24,2026-05-16,SEC00091,CL975,PORT-077,12522.0,65.93,GBP,Matched,SimCorp
TRD0000372,2026-05-01,2026-05-13,SEC00198,CL874,PORT-079,15901.0,98.23,INR,Matched,SimCorp
TRD0000373,2026-05-14,2026-04-22,SEC00142,CL308,PORT-005,11579.0,74.37,CAD,Matched,Aladdin
TRD0000374,2026-05-02,2026-04-19,SEC00195,CL606,PORT-040,30219.0,46.06,JPY,Cancelled,Bloomberg AIM
TRD0000375,2026-04-30,2026-05-09,SEC00049,CL836,PORT-034,18141.0,117.67,CAD,Matched,Murex
TRD0000376,2026-04-08,2026-05-05,SEC00199,CL364,PORT-040,19326.0,60.19,JPY,Matched,Aladdin
TRD0000377,2026-05-06,2026-04-09,SEC00295,CL707,PORT-025,14376.0,56.86,CAD,Booked,Bloomberg AIM
TRD0000378,2026-05-13,2026-04-13,SEC00043,CL120,PORT-045,17882.0,24.77,EUR,Matched,Murex
TRD0000379,2026-04-30,2026-05-03,SEC00104,CL888,PORT-039,8886.0,83.27,USD,Matched,Bloomberg AIM
TRD0000380,2026-04-05,2026-05-11,SEC00221,CL652,PORT-015,16726.0,69.09,INR,Matched,Bloomberg AIM
TRD0000381,2026-04-28,2026-05-08,SEC00197,CL768,PORT-023,10972.0,69.06,CAD,Booked,Aladdin
TRD0000382,2026-05-02,2026-04-27,SEC00215,CL842,PORT-012,15919.0,57.92,INR,Booked,Murex
TRD0000383,2026-04-19,2026-04-26,SEC00179,CL296,PORT-067,-1199.0,54.53,GBP,Unmatched,Murex
TRD0000384,2026-04-20,2026-05-13,SEC00218,CL505,PORT-054,9540.0,58.59,GBP,Matched,Bloomberg AIM
TRD0000385,2026-05-06,2026-05-19,SEC00195,CL871,PORT-031,28979.0,78.42,USD,Booked,Murex
TRD0000386,2026-04-06,2026-04-29,SEC00023,CL248,PORT-032,24228.0,83.4,GBP,Matched,Bloomberg AIM
TRD0000387,2026-04-23,2026-04-16,SEC00240,CL839,PORT-007,27893.0,61.51,INR,Matched,Bloomberg AIM
TRD0000388,2026-05-17,2026-05-15,SEC00142,CL358,PORT-023,28408.0,92.96,USD,Matched,Murex
TRD0000389,2026-05-01,2026-05-03,SEC00016,CL617,PORT-074,23047.0,64.87,GBP,Booked,Aladdin
TRD0000390,2026-04-08,2026-05-14,SEC00130,CL558,PORT-003,14603.0,55.9,EUR,Matched,Aladdin
TRD0000391,2026-05-02,2026-05-11,SEC00139,CL717,PORT-012,10221.0,71.48,GBP,Booked,Aladdin
TRD0000392,2026-04-24,2026-04-24,SEC00027,CL852,PORT-067,26601.0,41.44,INR,Booked,Bloomberg AIM
TRD0000393,2026-04-22,2026-05-09,SEC00318,CL413,PORT-042,18484.0,72.35,CAD,Matched,Aladdin
TRD0000394,2026-04-18,2026-05-10,SEC00071,CL254,PORT-003,36705.0,38.87,GBP,Booked,SimCorp
TRD0000395,2026-04-10,2026-04-07,SEC00105,CL480,PORT-039,15262.0,46.54,INR,Booked,SimCorp
TRD0000396,2026-05-13,2026-05-14,SEC00141,CL650,PORT-060,32797.0,32.9,INR,Booked,Bloomberg AIM
TRD0000397,2026-04-26,2026-05-13,SEC00266,CL774,PORT-028,16824.0,62.72,CAD,Booked,Bloomberg AIM
TRD0000398,2026-04-25,2026-04-10,SEC00237,CL777,PORT-031,28020.0,117.14,INR,Matched,Aladdin
TRD0000399,2026-05-13,2026-04-27,SEC00246,CL405,PORT-050,30725.0,64.01,JPY,Booked,Bloomberg AIM
TRD0000400,2026-04-19,2026-05-20,SEC00075,CL941,PORT-048,10328.0,83.53,INR,Matched,SimCorp
TRD0000401,2026-05-14,2026-05-02,SEC00270,CL174,PORT-072,14363.0,151.91,EUR,Unmatched,Aladdin
TRD0000402,2026-04-29,2026-04-26,SEC00265,CL204,PORT-020,10253.0,76.82,INR,Booked,Bloomberg AIM
TRD0000403,2026-05-05,2026-05-10,SEC00148,CL122,PORT-022,8775.0,51.02,INR,Matched,SimCorp
TRD0000404,2026-05-13,2026-04-27,SEC00174,CL932,PORT-013,23003.0,53.54,JPY,Booked,SimCorp
TRD0000405,2026-04-12,2026-04-22,SEC00011,CL261,PORT-053,16525.0,66.7,USD,Booked,Murex
TRD0000406,2026-05-09,2026-05-10,SEC00243,CL640,PORT-043,18393.0,53.44,JPY,Booked,Aladdin
TRD0000407,2026-05-08,2026-04-15,SEC00307,CL830,PORT-028,22172.0,54.85,INR,Booked,Murex
TRD0000408,2026-04-11,2026-05-01,SEC00151,CL789,PORT-055,4070.0,94.15,EUR,Booked,SimCorp
TRD0000409,2026-04-10,2026-04-08,SEC00172,CL953,PORT-030,27651.0,95.5,INR,Booked,Murex
TRD0000410,2026-05-18,2026-05-18,SEC00159,CL148,PORT-016,15382.0,37.47,CAD,Matched,Murex
TRD0000411,2026-05-07,2026-05-07,SEC00026,CL465,PORT-043,21993.0,50.08,JPY,Matched,Murex
TRD0000412,2026-04-18,2026-04-19,SEC00198,CL555,PORT-035,22655.0,56.69,CAD,Unmatched,Aladdin
TRD0000413,2026-04-14,2026-04-11,SEC00230,CL725,PORT-033,28281.0,82.24,CAD,Matched,Murex
TRD0000414,2026-04-05,2026-05-12,SEC00296,CL659,PORT-036,17214.0,99.49,GBP,Matched,SimCorp
TRD0000415,2026-04-25,2026-04-07,SEC00297,CL603,PORT-073,2073.0,171.69,CAD,Booked,Murex
TRD0000416,2026-05-19,2026-05-13,SEC00157,CL375,PORT-018,18428.0,56.66,CAD,Matched,Murex
TRD0000417,2026-04-10,2026-05-03,SEC00306,CL195,PORT-022,19505.0,57.66,USD,Booked,Bloomberg AIM
TRD0000418,2026-05-12,2026-05-07,SEC00169,CL488,PORT-045,-10243.0,81.94,CAD,Unmatched,Murex
TRD0000419,2026-05-14,2026-05-02,SEC00205,CL333,PORT-004,19106.0,52.52,USD,Unmatched,Bloomberg AIM
TRD0000420,2026-04-19,2026-04-11,SEC00192,CL598,PORT-012,15292.0,63.48,GBP,Booked,Aladdin
TRD0000421,2026-04-22,2026-04-19,SEC00319,CL816,PORT-045,7929.0,57.67,CAD,Matched,Murex
TRD0000422,2026-05-17,2026-04-16,SEC00236,CL596,PORT-041,23036.0,26.64,INR,Matched,Bloomberg AIM
TRD0000423,2026-05-12,2026-05-10,SEC00038,CL624,PORT-052,13772.0,69.63,EUR,Matched,Aladdin
TRD0000424,2026-04-23,2026-04-09,SEC00022,CL137,PORT-009,14952.0,62.56,JPY,Booked,Aladdin
TRD0000425,2026-05-08,2026-05-02,SEC00131,CL679,PORT-068,14531.0,104.06,EUR,Matched,Bloomberg AIM
TRD0000426,2026-04-19,2026-04-22,SEC00165,CL495,PORT-039,27266.0,66.81,EUR,Matched,Murex
TRD0000427,2026-05-01,2026-04-20,SEC00213,CL211,PORT-013,17693.0,42.98,CAD,Booked,Bloomberg AIM
TRD0000428,2026-04-23,2026-04-22,SEC00154,CL292,PORT-025,18593.0,60.93,USD,Matched,SimCorp
TRD0000429,2026-04-28,2026-04-24,SEC00164,CL801,PORT-018,14695.0,32.08,CAD,Booked,SimCorp
TRD0000430,2026-05-03,2026-04-30,SEC00294,CL924,PORT-036,21472.0,43.65,GBP,Unmatched,SimCorp
TRD0000431,2026-05-04,2026-04-22,SEC00107,CL556,PORT-038,28120.0,83.3,USD,Booked,SimCorp
TRD0000432,2026-04-18,2026-04-11,SEC00157,CL977,PORT-035,22859.0,61.16,INR,Booked,SimCorp
TRD0000433,2026-04-26,2026-05-04,SEC00178,CL261,PORT-037,23152.0,92.1,USD,Booked,Aladdin
TRD0000434,2026-04-23,2026-04-29,UNKNOWN,CL369,PORT-072,22547.0,33.5,EUR,Matched,Bloomberg AIM
TRD0000435,2026-04-24,2026-05-13,SEC00309,CL936,PORT-076,7648.0,61.26,EUR,Matched,Aladdin
TRD0000436,2026-05-10,2026-05-06,SEC00307,CL257,PORT-039,11429.0,56.46,INR,Booked,Aladdin
TRD0000437,2026-04-08,2026-04-17,SEC00164,CL692,PORT-077,16463.0,93.18,GBP,Booked,SimCorp
TRD0000438,2026-04-24,2026-04-23,SEC00144,CL297,PORT-065,12556.0,84.39,JPY,Matched,Murex
TRD0000439,2026-04-17,2026-05-12,SEC00188,CL397,PORT-065,10016.0,83.5,USD,Booked,Bloomberg AIM
TRD0000440,2026-04-10,2026-04-27,SEC00057,CL529,PORT-018,3959.0,114.38,INR,Booked,SimCorp
TRD0000441,2026-04-08,2026-04-15,SEC00136,CL423,PORT-035,7901.0,58.63,INR,Unmatched,Bloomberg AIM
TRD0000442,2026-04-19,2026-05-16,SEC00069,CL886,PORT-028,16076.0,106.41,EUR,Booked,Bloomberg AIM
TRD0000443,2026-04-14,2026-05-19,SEC00046,CL974,PORT-008,17479.0,46.27,CAD,Matched,SimCorp
TRD0000444,2026-04-28,2026-05-04,SEC00030,CL549,PORT-006,12052.0,45.68,GBP,Booked,Murex
TRD0000445,2026-04-16,2026-04-22,SEC00187,CL572,PORT-050,18592.0,86.79,INR,Matched,Bloomberg AIM
TRD0000446,2026-05-05,2026-05-07,SEC00000,CL149,PORT-034,14746.0,39.38,EUR,Matched,Aladdin
TRD0000447,2026-04-17,2026-04-15,SEC00206,CL310,PORT-066,26179.0,81.49,CAD,Booked,Murex
TRD0000448,2026-05-16,2026-04-13,SEC00138,CL135,PORT-053,16788.0,69.09,EUR,Matched,Aladdin
TRD0000449,2026-04-08,2026-04-28,SEC00117,CL870,PORT-007,23222.0,97.04,JPY,Unmatched,Aladdin
TRD0000450,2026-05-08,2026-05-04,SEC00246,CL304,PORT-067,19524.0,65.31,USD,Matched,SimCorp
TRD0000451,2026-04-20,2026-05-20,SEC00172,CL406,PORT-040,7484.0,68.01,USD,Booked,SimCorp
TRD0000452,2026-05-19,2026-04-15,SEC00234,CL857,PORT-045,17320.0,79.7,USD,Matched,Murex
TRD0000453,2026-05-12,2026-04-11,SEC00227,CL741,PORT-077,8733.0,52.88,CAD,Unmatched,Bloomberg AIM
TRD0000454,2026-04-05,2026-05-02,SEC00010,CL658,PORT-051,17189.0,52.08,EUR,Booked,Aladdin
TRD0000455,2026-04-12,2026-04-28,SEC00068,CL134,PORT-002,12412.0,78.73,CAD,Booked,SimCorp
TRD0000456,2026-05-09,2026-04-18,SEC00182,CL606,PORT-015,20865.0,66.01,JPY,Booked,Murex
TRD0000457,2026-05-14,2026-04-20,SEC00312,CL604,PORT-034,7932.0,57.83,USD,Matched,Bloomberg AIM
TRD0000458,2026-04-13,2026-05-15,SEC00049,CL386,PORT-003,-18110.0,64.78,GBP,Booked,Bloomberg AIM
TRD0000459,2026-04-05,2026-04-21,SEC00033,CL769,PORT-014,22293.0,116.52,GBP,Booked,Bloomberg AIM
TRD0000460,2026-05-12,2026-04-10,UNKNOWN,CL935,PORT-063,24807.0,57.11,EUR,Matched,Bloomberg AIM
TRD0000461,2026-04-20,2026-04-18,SEC00309,CL332,PORT-012,12269.0,56.53,JPY,Booked,Aladdin
TRD0000462,2026-05-07,2026-04-30,SEC00053,CL397,PORT-014,18133.0,36.69,CAD,Booked,Bloomberg AIM
TRD0000463,2026-04-16,2026-04-28,SEC00128,CL389,PORT-040,19381.0,65.71,CAD,Matched,Bloomberg AIM
TRD0000464,2026-05-01,2026-05-10,SEC00200,CL850,PORT-008,29603.0,83.92,JPY,Booked,Aladdin
TRD0000465,2026-05-14,2026-04-22,SEC00062,CL169,PORT-021,6890.0,89.36,CAD,Cancelled,Bloomberg AIM
TRD0000466,2026-05-05,2026-05-11,SEC00104,CL905,PORT-075,11167.0,69.26,CAD,Booked,Aladdin
TRD0000467,2026-04-25,2026-05-06,SEC00126,CL796,PORT-050,39033.0,93.18,USD,Unmatched,Aladdin
TRD0000468,2026-04-14,2026-05-10,SEC00205,CL534,PORT-077,15952.0,86.14,JPY,Matched,Murex
TRD0000469,2026-05-19,2026-05-06,SEC00098,CL624,PORT-028,3818.0,98.45,INR,Booked,SimCorp
TRD0000470,2026-04-06,2026-05-05,SEC00131,CL903,PORT-049,13631.0,94.11,USD,Booked,SimCorp
TRD0000471,2026-04-20,2026-05-18,SEC00092,CL792,PORT-019,-2767.0,115.53,JPY,Matched,Bloomberg AIM
TRD0000472,2026-04-10,2026-04-19,SEC00243,CL348,PORT-030,19807.0,62.84,CAD,Booked,Bloomberg AIM
TRD0000473,2026-04-08,2026-05-02,SEC00048,CL145,PORT-014,24073.0,41.91,EUR,Booked,Bloomberg AIM
TRD0000474,2026-05-13,2026-04-09,SEC00073,CL691,PORT-066,11163.0,84.12,CAD,Unmatched,Murex
TRD0000475,2026-05-15,2026-05-13,SEC00079,CL231,PORT-015,14470.0,87.64,CAD,Matched,Bloomberg AIM
TRD0000476,2026-04-15,2026-04-21,SEC00289,CL179,PORT-017,24927.0,115.53,JPY,Unmatched,Aladdin
TRD0000477,2026-05-11,2026-05-13,SEC00302,CL983,PORT-037,4873.0,104.42,JPY,Booked,Aladdin
TRD0000478,2026-05-13,2026-04-27,SEC00160,CL526,PORT-034,8088.0,131.75,JPY,Booked,SimCorp
TRD0000479,2026-04-28,2026-04-29,SEC00050,CL685,PORT-025,16289.0,82.84,GBP,Matched,SimCorp
TRD0000480,2026-04-08,2026-05-01,SEC00241,CL295,PORT-029,12357.0,72.25,GBP,Booked,SimCorp
TRD0000481,2026-04-14,2026-04-22,SEC00157,CL191,PORT-024,15796.0,41.07,JPY,Booked,Aladdin
TRD0000482,2026-04-26,2026-04-14,SEC00271,CL156,PORT-073,8522.0,74.28,GBP,Booked,Aladdin
TRD0000483,2026-05-11,2026-05-07,SEC00115,CL418,PORT-046,19607.0,54.96,INR,Booked,Aladdin
TRD0000484,2026-05-04,2026-04-13,SEC00319,CL103,PORT-073,16881.0,71.81,INR,Matched,Murex
TRD0000485,2026-04-19,2026-05-13,SEC00258,CL477,PORT-078,22119.0,67.97,GBP,Booked,SimCorp
TRD0000486,2026-05-12,2026-05-08,SEC00071,CL391,PORT-052,19503.0,78.66,JPY,Cancelled,Murex
TRD0000487,2026-04-26,2026-05-08,SEC00232,CL573,PORT-066,19550.0,64.45,EUR,Booked,SimCorp
TRD0000488,2026-05-19,2026-04-09,SEC00091,CL629,PORT-009,7153.0,92.5,EUR,Booked,SimCorp
TRD0000489,2026-05-05,2026-05-16,SEC00111,CL377,PORT-076,21694.0,25.71,GBP,Booked,SimCorp
TRD0000490,2026-05-08,2026-05-04,SEC00080,CL509,PORT-039,15519.0,71.27,USD,Matched,Murex
TRD0000491,2026-04-19,2026-05-02,SEC00218,CL170,PORT-057,16751.0,101.58,CAD,Unmatched,Bloomberg AIM
TRD0000492,2026-04-08,2026-04-15,SEC00084,CL371,PORT-020,25862.0,128.32,USD,Matched,Aladdin
TRD0000493,2026-05-13,2026-04-30,SEC00204,CL979,PORT-008,12604.0,86.16,EUR,Booked,SimCorp
TRD0000494,2026-04-14,2026-04-08,SEC00186,CL991,PORT-070,28134.0,120.27,EUR,Booked,Murex
TRD0000495,2026-04-20,2026-04-18,SEC00240,CL536,PORT-036,28834.0,70.75,EUR,Matched,Aladdin
TRD0000496,2026-04-06,2026-04-20,SEC00317,CL944,PORT-011,23646.0,66.75,GBP,Booked,Murex
TRD0000497,2026-04-08,2026-04-18,UNKNOWN,CL550,PORT-053,10645.0,80.26,INR,Matched,Murex
TRD0000498,2026-05-15,2026-05-14,SEC00316,CL212,PORT-005,1603.0,66.61,CAD,Booked,Aladdin
TRD0000499,2026-04-16,2026-05-01,SEC00034,CL880,PORT-036,26091.0,50.71,EUR,Booked,Bloomberg AIM
TRD0000500,2026-04-23,2026-04-25,SEC00168,CL473,PORT-056,18835.0,55.68,EUR,Matched,Bloomberg AIM
TRD0000501,2026-05-14,2026-05-12,SEC00109,CL650,PORT-057,12411.0,45.18,GBP,Booked,Murex
TRD0000502,2026-05-08,2026-05-16,SEC00204,CL683,PORT-036,26802.0,80.23,EUR,Unmatched,Murex
TRD0000503,2026-04-08,2026-05-15,SEC00230,CL376,PORT-030,11538.0,66.95,INR,Matched,Aladdin
TRD0000504,2026-04-25,2026-04-16,SEC00275,CL759,PORT-067,14819.0,58.79,EUR,Unmatched,SimCorp
TRD0000505,2026-05-04,2026-04-22,SEC00128,CL550,PORT-015,21937.0,54.69,GBP,Matched,Murex
TRD0000506,2026-05-05,2026-05-09,SEC00298,CL429,PORT-006,9648.0,79.58,JPY,Booked,SimCorp
TRD0000507,2026-04-12,2026-04-18,SEC00103,CL367,PORT-013,17179.0,87.63,GBP,Matched,Aladdin
TRD0000508,2026-05-07,2026-04-20,SEC00065,CL770,PORT-064,26169.0,44.89,JPY,Booked,Bloomberg AIM
TRD0000509,2026-05-12,2026-04-15,SEC00121,CL324,PORT-038,-19583.0,42.49,INR,Matched,Aladdin
TRD0000510,2026-04-24,2026-04-11,SEC00169,CL211,PORT-003,27356.0,93.14,JPY,Booked,Aladdin
TRD0000511,2026-04-05,2026-04-12,SEC00213,CL892,PORT-014,26502.0,41.21,GBP,Unmatched,Murex
TRD0000512,2026-05-11,2026-05-13,SEC00266,CL398,PORT-003,18058.0,80.77,CAD,Matched,Aladdin
TRD0000513,2026-05-08,2026-04-17,SEC00071,CL676,PORT-065,474.0,117.44,CAD,Matched,Murex
TRD0000514,2026-04-28,2026-05-04,SEC00097,CL744,PORT-037,9707.0,117.53,CAD,Matched,Aladdin
TRD0000515,2026-05-11,2026-05-03,SEC00300,CL853,PORT-006,23725.0,86.34,USD,Matched,Aladdin
TRD0000516,2026-04-20,2026-04-22,SEC00140,CL662,PORT-018,6373.0,85.46,CAD,Matched,Bloomberg AIM
TRD0000517,2026-05-08,2026-04-24,SEC00077,CL736,PORT-049,15550.0,146.67,CAD,Matched,Aladdin
TRD0000518,2026-05-14,2026-05-03,SEC00315,CL852,PORT-047,20539.0,29.46,INR,Booked,SimCorp
TRD0000519,2026-05-08,2026-04-07,SEC00143,CL948,PORT-065,29022.0,56.68,INR,Matched,SimCorp
TRD0000520,2026-04-08,2026-05-14,SEC00315,CL142,PORT-003,13687.0,89.74,GBP,Booked,Bloomberg AIM
TRD0000521,2026-04-07,2026-05-17,SEC00294,CL768,PORT-006,13174.0,59.26,INR,Matched,SimCorp
TRD0000522,2026-04-27,2026-05-20,SEC00289,CL256,PORT-003,17607.0,102.92,JPY,Matched,Aladdin
TRD0000523,2026-05-01,2026-04-15,SEC00186,CL901,PORT-032,20632.0,65.77,INR,Booked,Aladdin
TRD0000524,2026-04-13,2026-05-03,SEC00255,CL143,PORT-058,16843.0,69.83,GBP,Matched,Aladdin
TRD0000525,2026-05-11,2026-05-02,SEC00307,CL321,PORT-053,25870.0,60.57,INR,Matched,Aladdin
TRD0000526,2026-04-20,2026-04-22,SEC00086,CL272,PORT-017,12006.0,55.54,INR,Matched,Bloomberg AIM
TRD0000527,2026-04-19,2026-05-02,SEC00012,CL642,PORT-052,18901.0,55.06,CAD,Matched,SimCorp
TRD0000528,2026-04-18,2026-04-26,SEC00102,CL103,PORT-052,21339.0,73.33,EUR,Matched,Aladdin
TRD0000529,2026-05-10,2026-05-19,SEC00203,CL115,PORT-016,14998.0,50.85,CAD,Matched,SimCorp
TRD0000530,2026-04-17,2026-05-14,SEC00175,CL553,PORT-060,24298.0,93.1,EUR,Booked,Bloomberg AIM
TRD0000531,2026-04-22,2026-04-10,SEC00025,CL973,PORT-034,19117.0,83.82,CAD,Booked,SimCorp
TRD0000532,2026-04-10,2026-05-01,UNKNOWN,CL574,PORT-005,23916.0,97.98,USD,Matched,SimCorp
TRD0000533,2026-05-12,2026-05-14,SEC00055,CL500,PORT-031,19456.0,44.92,EUR,Booked,Bloomberg AIM
TRD0000534,2026-04-22,2026-05-05,SEC00161,CL691,PORT-061,20823.0,36.79,JPY,Booked,Bloomberg AIM
TRD0000535,2026-04-12,2026-05-06,SEC00184,CL596,PORT-056,13257.0,66.59,JPY,Booked,Bloomberg AIM
TRD0000536,2026-05-07,2026-05-09,SEC00203,CL446,PORT-022,13269.0,183.93,INR,Booked,SimCorp
TRD0000537,2026-04-16,2026-05-08,SEC00132,CL629,PORT-060,27183.0,103.87,GBP,Cancelled,SimCorp
TRD0000538,2026-05-15,2026-04-19,SEC00130,CL102,PORT-031,22766.0,54.92,USD,Booked,Murex
TRD0000539,2026-04-17,2026-05-17,SEC00217,CL319,PORT-037,10328.0,77.37,JPY,Booked,Murex
TRD0000540,2026-04-22,2026-05-08,SEC00239,CL705,PORT-007,19356.0,86.03,JPY,Unmatched,Aladdin
TRD0000541,2026-05-11,2026-04-30,SEC00258,CL407,PORT-079,197.0,41.31,JPY,Unmatched,Murex
TRD0000542,2026-05-17,2026-04-27,SEC00106,CL148,PORT-067,13695.0,107.7,GBP,Booked,Murex
TRD0000543,2026-04-16,2026-04-12,SEC00135,CL211,PORT-016,25208.0,62.89,CAD,Unmatched,Murex
TRD0000544,2026-05-09,2026-04-10,SEC00105,CL878,PORT-045,17061.0,64.6,INR,Booked,SimCorp
TRD0000545,2026-04-27,2026-05-08,SEC00168,CL396,PORT-062,18884.0,67.24,EUR,Matched,Bloomberg AIM
TRD0000546,2026-05-17,2026-04-27,SEC00040,CL120,PORT-040,-4623.0,99.54,USD,Booked,Aladdin
TRD0000547,2026-04-06,2026-05-20,SEC00137,CL755,PORT-017,15058.0,51.2,EUR,Booked,Aladdin
TRD0000548,2026-04-25,2026-04-24,SEC00060,CL576,PORT-077,20537.0,36.69,USD,Booked,Bloomberg AIM
TRD0000549,2026-04-08,2026-05-15,SEC00170,CL505,PORT-022,21490.0,74.67,INR,Matched,Aladdin
TRD0000550,2026-05-12,2026-05-18,SEC00272,CL904,PORT-027,25218.0,32.61,JPY,Booked,Aladdin
TRD0000551,2026-05-10,2026-04-21,SEC00315,CL382,PORT-030,16423.0,60.02,GBP,Matched,SimCorp
TRD0000552,2026-04-22,2026-05-13,SEC00142,CL614,PORT-071,16758.0,101.03,JPY,Matched,SimCorp
TRD0000553,2026-04-22,2026-04-30,SEC00018,CL769,PORT-040,8009.0,81.67,INR,Booked,Aladdin
TRD0000554,2026-04-14,2026-05-17,SEC00072,CL646,PORT-057,16466.0,96.05,INR,Unmatched,Murex
TRD0000555,2026-04-08,2026-04-18,SEC00033,CL286,PORT-072,8538.0,82.86,GBP,Booked,Bloomberg AIM
TRD0000556,2026-04-13,2026-04-17,SEC00242,CL712,PORT-074,4141.0,155.03,JPY,Booked,Murex
TRD0000557,2026-05-13,2026-04-26,SEC00315,CL768,PORT-068,9861.0,54.28,JPY,Booked,Murex
TRD0000558,2026-05-06,2026-04-14,SEC00177,CL210,PORT-072,29315.0,76.66,CAD,Booked,Bloomberg AIM
TRD0000559,2026-04-08,2026-05-02,SEC00056,CL248,PORT-075,15971.0,57.21,INR,Booked,SimCorp
TRD0000560,2026-04-25,2026-05-13,SEC00006,CL706,PORT-079,19649.0,93.21,EUR,Matched,Murex
TRD0000561,2026-04-10,2026-05-15,SEC00312,CL206,PORT-051,14149.0,65.26,CAD,Matched,Bloomberg AIM
TRD0000562,2026-04-24,2026-05-12,SEC00101,CL891,PORT-011,4571.0,121.7,GBP,Matched,SimCorp
TRD0000563,2026-05-17,2026-05-12,SEC00035,CL198,PORT-009,25021.0,55.38,INR,Matched,SimCorp
TRD0000564,2026-04-28,2026-05-07,SEC00056,CL975,PORT-063,1709.0,109.13,CAD,Matched,Aladdin
TRD0000565,2026-04-12,2026-05-12,SEC00081,CL703,PORT-025,13839.0,82.07,INR,Booked,Murex
TRD0000566,2026-04-20,2026-04-25,SEC00209,CL498,PORT-064,17590.0,65.93,USD,Matched,Murex
TRD0000567,2026-05-14,2026-05-15,SEC00285,CL341,PORT-074,19729.0,80.63,EUR,Unmatched,Bloomberg AIM
TRD0000568,2026-05-10,2026-04-24,SEC00088,CL409,PORT-051,12551.0,73.07,INR,Booked,Aladdin
TRD0000569,2026-04-11,2026-05-06,SEC00219,CL772,PORT-061,4215.0,75.53,USD,Matched,Murex
TRD0000570,2026-04-05,2026-04-21,SEC00020,CL777,PORT-023,11992.0,62.03,USD,Unmatched,Aladdin
TRD0000571,2026-04-16,2026-04-28,SEC00003,CL287,PORT-035,12384.0,52.17,EUR,Matched,Aladdin
TRD0000572,2026-05-15,2026-04-11,SEC00017,CL588,PORT-077,12202.0,59.31,GBP,Cancelled,Aladdin
TRD0000573,2026-04-22,2026-05-02,SEC00295,CL992,PORT-065,25275.0,37.0,USD,Booked,SimCorp
TRD0000574,2026-04-12,2026-05-08,SEC00186,CL331,PORT-017,8898.0,89.54,USD,Matched,SimCorp
TRD0000575,2026-04-21,2026-04-25,SEC00257,CL723,PORT-074,20257.0,43.28,GBP,Booked,Murex
TRD0000576,2026-04-23,2026-04-22,SEC00006,CL254,PORT-040,19187.0,61.8,JPY,Booked,SimCorp
TRD0000577,2026-04-28,2026-05-02,SEC00007,CL849,PORT-067,25203.0,83.66,JPY,Cancelled,Murex
TRD0000578,2026-05-08,2026-04-26,SEC00271,CL253,PORT-042,17002.0,89.46,INR,Booked,SimCorp
TRD0000579,2026-05-07,2026-04-30,SEC00032,CL367,PORT-048,23933.0,35.83,CAD,Cancelled,Bloomberg AIM
TRD0000580,2026-04-16,2026-05-08,SEC00049,CL512,PORT-013,16708.0,64.58,USD,Matched,Bloomberg AIM
TRD0000581,2026-05-16,2026-05-07,SEC00166,CL433,PORT-027,21258.0,78.33,INR,Unmatched,Murex
TRD0000582,2026-05-16,2026-04-11,SEC00194,CL252,PORT-058,6728.0,67.91,USD,Unmatched,Murex
TRD0000583,2026-05-02,2026-04-21,SEC00073,CL676,PORT-067,-1787.0,106.74,GBP,Matched,Murex
TRD0000584,2026-04-15,2026-05-17,SEC00142,CL117,PORT-008,20832.0,50.02,GBP,Cancelled,Murex
TRD0000585,2026-04-20,2026-04-08,SEC00215,CL984,PORT-007,21234.0,32.55,INR,Matched,Aladdin
TRD0000586,2026-04-23,2026-04-19,SEC00141,CL146,PORT-055,21566.0,88.55,EUR,Matched,Aladdin
TRD0000587,2026-04-25,2026-05-19,SEC00122,CL400,PORT-036,14063.0,55.26,CAD,Matched,SimCorp
TRD0000588,2026-05-15,2026-04-19,SEC00022,CL935,PORT-068,29173.0,36.04,GBP,Booked,Aladdin
TRD0000589,2026-05-05,2026-04-25,SEC00144,CL239,PORT-006,14551.0,63.09,INR,Booked,SimCorp
TRD0000590,2026-05-16,2026-04-10,SEC00256,CL165,PORT-028,21157.0,102.59,CAD,Booked,Bloomberg AIM
TRD0000591,2026-04-15,2026-04-29,SEC00200,CL768,PORT-003,22460.0,42.86,JPY,Matched,SimCorp
TRD0000592,2026-04-16,2026-04-28,SEC00285,CL165,PORT-057,30891.0,151.05,USD,Booked,Aladdin
TRD0000593,2026-05-08,2026-05-07,SEC00040,CL908,PORT-068,15622.0,49.74,INR,Matched,Murex
TRD0000594,2026-05-06,2026-05-07,SEC00003,CL505,PORT-013,13101.0,68.75,GBP,Matched,SimCorp
TRD0000595,2026-05-05,2026-04-24,SEC00175,CL881,PORT-026,-6764.0,43.52,GBP,Matched,Murex
TRD0000596,2026-04-09,2026-04-14,SEC00057,CL320,PORT-067,29643.0,67.66,GBP,Unmatched,Bloomberg AIM
TRD0000597,2026-04-28,2026-04-11,SEC00190,CL226,PORT-004,21161.0,63.64,EUR,Unmatched,Bloomberg AIM
TRD0000598,2026-04-15,2026-04-17,SEC00289,CL965,PORT-076,21398.0,39.59,EUR,Unmatched,Murex
TRD0000599,2026-04-29,2026-04-24,SEC00107,CL785,PORT-071,41375.0,179.3,CAD,Matched,SimCorp
TRD0000600,2026-04-18,2026-04-29,SEC00175,CL918,PORT-013,20438.0,56.07,EUR,Booked,Aladdin
TRD0000601,2026-04-26,2026-05-06,SEC00218,CL387,PORT-011,8233.0,56.09,GBP,Unmatched,Murex
TRD0000602,2026-05-07,2026-04-17,SEC00048,CL463,PORT-055,16531.0,93.61,INR,Booked,Bloomberg AIM
TRD0000603,2026-04-10,2026-05-07,SEC00287,CL618,PORT-001,10689.0,125.84,EUR,Booked,SimCorp
TRD0000604,2026-04-18,2026-05-09,SEC00064,CL503,PORT-040,15031.0,98.91,JPY,Booked,Bloomberg AIM
TRD0000605,2026-04-15,2026-04-12,SEC00258,CL318,PORT-006,14981.0,43.8,CAD,Matched,SimCorp
TRD0000606,2026-04-07,2026-04-25,SEC00211,CL437,PORT-042,13597.0,71.87,INR,Matched,Murex
TRD0000607,2026-05-08,2026-05-06,SEC00045,CL647,PORT-028,7550.0,34.52,USD,Booked,Bloomberg AIM
TRD0000608,2026-05-15,2026-04-13,SEC00231,CL134,PORT-056,29944.0,91.43,GBP,Matched,SimCorp
TRD0000609,2026-04-23,2026-04-08,SEC00062,CL402,PORT-070,20241.0,37.63,USD,Booked,Bloomberg AIM
TRD0000610,2026-05-05,2026-05-07,SEC00191,CL363,PORT-039,16309.0,50.34,JPY,Booked,Murex
TRD0000611,2026-04-30,2026-04-28,SEC00307,CL163,PORT-051,23682.0,66.61,EUR,Booked,SimCorp
TRD0000612,2026-05-09,2026-04-30,SEC00305,CL210,PORT-048,21533.0,77.93,CAD,Booked,Murex
TRD0000613,2026-05-02,2026-04-20,SEC00278,CL545,PORT-078,20068.0,60.87,EUR,Matched,Aladdin
TRD0000614,2026-05-02,2026-04-09,SEC00158,CL192,PORT-019,23137.0,113.49,CAD,Booked,Aladdin
TRD0000615,2026-05-04,2026-04-27,SEC00179,CL410,PORT-019,19005.0,85.9,GBP,Booked,Murex
TRD0000616,2026-04-16,2026-04-16,SEC00096,CL604,PORT-030,23027.0,83.57,CAD,Booked,Bloomberg AIM
TRD0000617,2026-04-23,2026-04-25,SEC00294,CL885,PORT-059,23648.0,43.37,EUR,Matched,Aladdin
TRD0000618,2026-04-28,2026-04-12,SEC00152,CL188,PORT-069,19220.0,120.88,EUR,Cancelled,Bloomberg AIM
TRD0000619,2026-05-14,2026-05-03,SEC00246,CL490,PORT-022,16347.0,50.35,GBP,Matched,SimCorp
TRD0000620,2026-04-24,2026-05-04,SEC00115,CL192,PORT-009,29478.0,122.5,CAD,Matched,SimCorp
TRD0000621,2026-05-12,2026-05-02,SEC00236,CL485,PORT-049,14416.0,135.34,INR,Unmatched,SimCorp
TRD0000622,2026-05-05,2026-04-07,SEC00071,CL531,PORT-048,20935.0,79.79,INR,Booked,SimCorp
TRD0000623,2026-05-01,2026-04-24,SEC00234,CL818,PORT-030,21104.0,95.7,JPY,Booked,Murex
TRD0000624,2026-05-13,2026-05-15,SEC00014,CL497,PORT-015,13428.0,22.67,INR,Matched,SimCorp
TRD0000625,2026-05-02,2026-05-20,SEC00033,CL941,PORT-068,11941.0,62.29,JPY,Booked,SimCorp
TRD0000626,2026-05-07,2026-04-28,SEC00112,CL223,PORT-067,15346.0,98.08,INR,Matched,Murex
TRD0000627,2026-04-11,2026-04-15,SEC00154,CL147,PORT-060,14308.0,92.16,CAD,Matched,Bloomberg AIM
TRD0000628,2026-04-11,2026-04-30,SEC00227,CL103,PORT-046,7064.0,43.51,CAD,Booked,Aladdin
TRD0000629,2026-05-19,2026-04-26,SEC00114,CL420,PORT-021,13114.0,60.17,JPY,Matched,Bloomberg AIM
TRD0000630,2026-04-22,2026-04-16,SEC00005,CL273,PORT-032,19997.0,27.45,GBP,Booked,Bloomberg AIM
TRD0000631,2026-04-21,2026-04-28,SEC00104,CL182,PORT-006,27495.0,77.06,JPY,Booked,Bloomberg AIM
TRD0000632,2026-05-02,2026-04-11,SEC00140,CL312,PORT-020,22158.0,34.5,INR,Unmatched,Aladdin
TRD0000633,2026-04-28,2026-04-23,SEC00173,CL976,PORT-036,-1497.0,99.05,CAD,Matched,SimCorp
TRD0000634,2026-04-14,2026-04-19,SEC00206,CL819,PORT-035,22810.0,100.88,INR,Booked,Bloomberg AIM
TRD0000635,2026-05-02,2026-04-16,SEC00079,CL116,PORT-007,13814.0,56.48,CAD,Booked,Bloomberg AIM
TRD0000636,2026-05-17,2026-04-23,SEC00195,CL922,PORT-076,21398.0,80.03,INR,Booked,Bloomberg AIM
TRD0000637,2026-05-03,2026-05-19,SEC00202,CL284,PORT-022,17894.0,61.81,CAD,Booked,Murex
TRD0000638,2026-05-08,2026-05-02,SEC00248,CL464,PORT-041,16555.0,72.58,INR,Booked,Bloomberg AIM
TRD0000639,2026-05-02,2026-05-15,SEC00167,CL394,PORT-037,17233.0,44.63,CAD,Booked,SimCorp
TRD0000640,2026-05-09,2026-04-29,SEC00259,CL464,PORT-038,17832.0,82.92,EUR,Unmatched,Bloomberg AIM
TRD0000641,2026-05-13,2026-05-15,SEC00070,CL783,PORT-067,28083.0,37.55,CAD,Matched,SimCorp
TRD0000642,2026-04-05,2026-04-29,SEC00227,CL740,PORT-059,17853.0,35.15,GBP,Matched,SimCorp
TRD0000643,2026-05-14,2026-05-06,SEC00014,CL634,PORT-069,26142.0,63.9,INR,Matched,Bloomberg AIM
TRD0000644,2026-04-18,2026-05-21,SEC00032,CL663,PORT-030,25049.0,61.93,GBP,Matched,SimCorp
TRD0000645,2026-04-17,2026-05-16,SEC00276,CL754,PORT-021,23003.0,73.35,GBP,Matched,Bloomberg AIM
TRD0000646,2026-04-22,2026-04-29,SEC00152,CL265,PORT-034,-4600.0,53.13,INR,Unmatched,Bloomberg AIM
TRD0000647,2026-04-08,2026-05-18,SEC00198,CL455,PORT-045,26375.0,129.02,JPY,Matched,Murex
TRD0000648,2026-05-19,2026-04-13,SEC00193,CL196,PORT-027,14566.0,70.54,INR,Matched,Aladdin
TRD0000649,2026-05-06,2026-04-17,SEC00222,CL733,PORT-037,23368.0,72.35,USD,Matched,SimCorp
TRD0000650,2026-05-11,2026-04-20,SEC00078,CL493,PORT-012,10706.0,71.45,CAD,Matched,Murex
TRD0000651,2026-04-24,2026-05-14,SEC00057,CL672,PORT-047,9112.0,94.73,GBP,Booked,SimCorp
TRD0000652,2026-04-21,2026-04-16,SEC00013,CL607,PORT-057,32823.0,81.58,INR,Booked,Bloomberg AIM
TRD0000653,2026-04-09,2026-04-23,SEC00276,CL345,PORT-042,10823.0,77.84,EUR,Booked,Bloomberg AIM
TRD0000654,2026-05-02,2026-05-04,SEC00071,CL224,PORT-069,26596.0,86.28,JPY,Booked,Murex
TRD0000655,2026-05-09,2026-05-21,SEC00184,CL974,PORT-079,18888.0,35.21,JPY,Booked,Aladdin
TRD0000656,2026-04-08,2026-04-28,SEC00145,CL363,PORT-072,14849.0,35.68,USD,Booked,SimCorp
TRD0000657,2026-04-19,2026-04-16,SEC00051,CL198,PORT-008,17664.0,64.93,GBP,Booked,SimCorp
TRD0000658,2026-04-15,2026-05-20,SEC00132,CL375,PORT-070,8242.0,62.23,JPY,Unmatched,Bloomberg AIM
TRD0000659,2026-04-29,2026-05-19,SEC00026,CL911,PORT-027,17897.0,81.69,CAD,Booked,Murex
TRD0000660,2026-04-29,2026-05-04,SEC00056,CL334,PORT-036,9879.0,67.16,CAD,Booked,Aladdin
TRD0000661,2026-05-02,2026-04-28,SEC00044,CL987,PORT-033,15034.0,81.75,GBP,Booked,Aladdin
TRD0000662,2026-04-16,2026-04-30,SEC00263,CL514,PORT-023,24940.0,43.12,JPY,Booked,Murex
TRD0000663,2026-05-10,2026-05-02,SEC00181,CL874,PORT-070,19906.0,66.44,EUR,Matched,Bloomberg AIM
TRD0000664,2026-04-06,2026-05-10,SEC00296,CL687,PORT-051,-6884.0,41.71,CAD,Matched,Bloomberg AIM
TRD0000665,2026-05-12,2026-05-19,SEC00139,CL139,PORT-077,24386.0,76.36,CAD,Booked,Aladdin
TRD0000666,2026-04-29,2026-05-20,SEC00064,CL557,PORT-076,17947.0,34.56,CAD,Matched,Bloomberg AIM
TRD0000667,2026-05-05,2026-05-17,SEC00194,CL474,PORT-034,13934.0,75.33,GBP,Booked,SimCorp
TRD0000668,2026-04-21,2026-04-20,SEC00297,CL281,PORT-058,23600.0,39.88,GBP,Matched,Bloomberg AIM
TRD0000669,2026-04-19,2026-04-16,SEC00170,CL594,PORT-040,16746.0,58.31,INR,Unmatched,Aladdin
TRD0000670,2026-04-08,2026-05-02,SEC00005,CL192,PORT-040,9258.0,91.22,INR,Unmatched,SimCorp
TRD0000671,2026-04-14,2026-05-18,SEC00097,CL727,PORT-059,31859.0,72.21,EUR,Booked,Bloomberg AIM
TRD0000672,2026-05-08,2026-05-03,SEC00295,CL838,PORT-055,17870.0,37.49,JPY,Matched,Bloomberg AIM
TRD0000673,2026-05-10,2026-04-07,SEC00165,CL183,PORT-073,17390.0,52.7,JPY,Matched,Murex
TRD0000674,2026-04-10,2026-05-10,SEC00304,CL530,PORT-062,14962.0,39.43,GBP,Unmatched,Murex
TRD0000675,2026-04-28,2026-04-29,SEC00162,CL688,PORT-050,26850.0,36.85,GBP,Booked,Aladdin
TRD0000676,2026-05-15,2026-04-27,SEC00003,CL155,PORT-073,14063.0,69.49,EUR,Matched,Aladdin
TRD0000677,2026-04-12,2026-05-07,SEC00279,CL450,PORT-009,6413.0,81.13,GBP,Booked,SimCorp
TRD0000678,2026-04-20,2026-05-02,SEC00244,CL332,PORT-061,12910.0,77.81,EUR,Booked,Murex
TRD0000679,2026-05-18,2026-04-30,SEC00228,CL135,PORT-031,27951.0,82.35,EUR,Matched,SimCorp
TRD0000680,2026-04-14,2026-04-30,SEC00310,CL822,PORT-035,24241.0,66.41,EUR,Matched,Murex
TRD0000681,2026-04-22,2026-04-19,SEC00062,CL499,PORT-062,16087.0,60.6,GBP,Booked,Aladdin
TRD0000682,2026-04-22,2026-04-25,SEC00289,CL775,PORT-022,28299.0,45.81,JPY,Unmatched,Murex
TRD0000683,2026-04-11,2026-05-19,SEC00074,CL627,PORT-070,23610.0,57.17,GBP,Matched,Aladdin
TRD0000684,2026-04-27,2026-05-21,SEC00310,CL887,PORT-040,16001.0,41.99,USD,Cancelled,Murex
TRD0000685,2026-04-29,2026-05-03,SEC00061,CL996,PORT-028,16756.0,49.61,INR,Matched,Murex
TRD0000686,2026-04-22,2026-04-11,SEC00176,CL641,PORT-026,20470.0,68.79,GBP,Unmatched,SimCorp
TRD0000687,2026-05-11,2026-05-20,SEC00252,CL416,PORT-034,11761.0,63.99,JPY,Matched,SimCorp
TRD0000688,2026-05-13,2026-05-18,SEC00025,CL480,PORT-075,18034.0,194.93,JPY,Booked,Bloomberg AIM
TRD0000689,2026-04-12,2026-04-21,SEC00021,CL842,PORT-009,20314.0,41.64,JPY,Booked,Bloomberg AIM
TRD0000690,2026-05-10,2026-05-01,SEC00271,CL483,PORT-041,5348.0,63.83,GBP,Unmatched,Aladdin
TRD0000691,2026-04-27,2026-05-11,SEC00019,CL567,PORT-066,16580.0,40.52,INR,Booked,Aladdin
TRD0000692,2026-05-07,2026-05-12,SEC00196,CL274,PORT-038,15727.0,58.22,CAD,Booked,Murex
TRD0000693,2026-05-09,2026-04-22,SEC00300,CL990,PORT-045,25711.0,59.06,CAD,Matched,Murex
TRD0000694,2026-04-23,2026-04-28,SEC00196,CL685,PORT-028,4166.0,89.63,GBP,Booked,Aladdin
TRD0000695,2026-04-13,2026-04-23,SEC00153,CL396,PORT-011,15139.0,56.98,GBP,Booked,Murex
TRD0000696,2026-04-30,2026-05-09,SEC00133,CL625,PORT-051,14387.0,62.37,USD,Matched,Murex
TRD0000697,2026-05-13,2026-04-28,SEC00204,CL460,PORT-073,25201.0,57.36,GBP,Booked,Murex
TRD0000698,2026-05-08,2026-04-13,SEC00182,CL239,PORT-042,17673.0,40.84,CAD,Matched,Aladdin
TRD0000699,2026-05-12,2026-05-07,SEC00160,CL886,PORT-035,31471.0,53.08,EUR,Booked,Bloomberg AIM
TRD0000700,2026-04-10,2026-05-04,SEC00049,CL896,PORT-011,22967.0,58.34,CAD,Matched,Aladdin
TRD0000701,2026-05-05,2026-05-14,SEC00212,CL850,PORT-075,14923.0,68.43,INR,Booked,Aladdin
TRD0000702,2026-05-03,2026-04-23,SEC00236,CL431,PORT-069,19797.0,81.1,JPY,Matched,Aladdin
TRD0000703,2026-05-16,2026-05-20,SEC00226,CL330,PORT-072,15344.0,61.43,JPY,Booked,SimCorp
TRD0000704,2026-04-29,2026-05-10,SEC00024,CL144,PORT-029,24445.0,61.05,INR,Booked,Bloomberg AIM
TRD0000705,2026-04-08,2026-04-19,SEC00224,CL757,PORT-050,8009.0,36.51,USD,Matched,Aladdin
TRD0000706,2026-05-01,2026-05-21,SEC00233,CL394,PORT-035,11822.0,80.55,USD,Booked,Aladdin
TRD0000707,2026-04-20,2026-04-07,SEC00058,CL902,PORT-019,21418.0,52.27,EUR,Matched,SimCorp
TRD0000708,2026-05-11,2026-05-03,SEC00271,CL882,PORT-017,27193.0,86.62,INR,Booked,Aladdin
TRD0000709,2026-05-13,2026-05-04,SEC00167,CL215,PORT-031,1485.0,105.72,GBP,Booked,Murex
TRD0000710,2026-04-17,2026-04-27,SEC00151,CL924,PORT-044,28309.0,62.44,EUR,Booked,Aladdin
TRD0000711,2026-05-17,2026-04-23,SEC00231,CL226,PORT-010,16949.0,46.61,USD,Unmatched,SimCorp
TRD0000712,2026-04-29,2026-05-01,SEC00163,CL540,PORT-056,3871.0,66.3,GBP,Booked,SimCorp
TRD0000713,2026-05-05,2026-04-12,SEC00174,CL526,PORT-037,-4513.0,75.34,GBP,Booked,Aladdin
TRD0000714,2026-05-19,2026-04-08,SEC00099,CL959,PORT-070,6530.0,59.71,EUR,Matched,Murex
TRD0000715,2026-04-26,2026-05-12,SEC00296,CL690,PORT-023,17852.0,54.74,USD,Booked,Aladdin
TRD0000716,2026-04-06,2026-04-20,SEC00310,CL886,PORT-005,17506.0,81.23,INR,Matched,SimCorp
TRD0000717,2026-05-16,2026-05-08,SEC00041,CL635,PORT-025,22749.0,79.37,INR,Cancelled,Bloomberg AIM
TRD0000718,2026-04-13,2026-04-07,SEC00234,CL841,PORT-077,13879.0,59.07,EUR,Matched,SimCorp
TRD0000719,2026-04-25,2026-05-10,SEC00007,CL866,PORT-026,9690.0,37.38,GBP,Matched,SimCorp
TRD0000720,2026-04-17,2026-05-08,SEC00118,CL872,PORT-056,14902.0,78.24,EUR,Booked,Aladdin
TRD0000721,2026-05-15,2026-04-19,SEC00310,CL470,PORT-067,18252.0,50.98,GBP,Cancelled,SimCorp
TRD0000722,2026-04-10,2026-04-16,SEC00055,CL443,PORT-023,19731.0,71.88,USD,Matched,Aladdin
TRD0000723,2026-05-19,2026-05-16,SEC00120,CL985,PORT-051,12081.0,70.31,CAD,Booked,SimCorp
TRD0000724,2026-04-09,2026-04-26,SEC00070,CL780,PORT-017,24761.0,34.43,INR,Unmatched,SimCorp
TRD0000725,2026-04-20,2026-05-06,SEC00233,CL924,PORT-029,13340.0,68.61,CAD,Unmatched,SimCorp
TRD0000726,2026-05-04,2026-04-24,SEC00148,CL619,PORT-024,11477.0,79.84,EUR,Matched,Aladdin
TRD0000727,2026-05-19,2026-04-26,SEC00189,CL935,PORT-054,13932.0,83.35,CAD,Booked,Murex
TRD0000728,2026-04-22,2026-04-07,SEC00301,CL746,PORT-070,26061.0,69.48,JPY,Matched,Aladdin
TRD0000729,2026-05-16,2026-04-09,SEC00166,CL767,PORT-020,17004.0,33.38,EUR,Matched,Aladdin
TRD0000730,2026-04-22,2026-04-22,SEC00234,CL259,PORT-024,12791.0,104.27,EUR,Matched,Aladdin
TRD0000731,2026-04-15,2026-04-21,SEC00031,CL609,PORT-065,24946.0,77.0,INR,Booked,Murex
TRD0000732,2026-05-07,2026-04-11,SEC00068,CL757,PORT-037,34071.0,43.77,INR,Booked,SimCorp
TRD0000733,2026-05-09,2026-05-13,SEC00302,CL784,PORT-041,19573.0,50.62,INR,Booked,SimCorp
TRD0000734,2026-05-10,2026-04-19,SEC00275,CL960,PORT-056,27254.0,72.31,EUR,Booked,Murex
TRD0000735,2026-05-09,2026-04-17,SEC00210,CL393,PORT-011,25771.0,84.6,JPY,Matched,Aladdin
TRD0000736,2026-05-14,2026-05-16,SEC00121,CL372,PORT-069,13458.0,56.22,CAD,Booked,Aladdin
TRD0000737,2026-05-08,2026-04-12,SEC00063,CL971,PORT-029,18200.0,89.03,USD,Booked,Aladdin
TRD0000738,2026-04-20,2026-04-20,SEC00272,CL986,PORT-053,8381.0,35.61,EUR,Matched,Bloomberg AIM
TRD0000739,2026-05-06,2026-05-06,SEC00251,CL261,PORT-035,16463.0,46.3,USD,Booked,Murex
TRD0000740,2026-04-14,2026-04-30,SEC00077,CL440,PORT-060,13304.0,32.38,USD,Booked,Bloomberg AIM
TRD0000741,2026-04-13,2026-04-29,SEC00188,CL952,PORT-049,14978.0,48.71,CAD,Unmatched,Murex
TRD0000742,2026-04-15,2026-04-10,SEC00197,CL279,PORT-014,12376.0,113.05,EUR,Booked,Murex
TRD0000743,2026-04-25,2026-04-08,SEC00152,CL804,PORT-015,15847.0,137.03,EUR,Unmatched,SimCorp
TRD0000744,2026-05-05,2026-04-15,SEC00296,CL200,PORT-070,21992.0,72.39,USD,Booked,Aladdin
TRD0000745,2026-04-08,2026-04-22,SEC00039,CL260,PORT-042,17104.0,53.33,CAD,Booked,Aladdin
TRD0000746,2026-05-10,2026-05-17,SEC00082,CL805,PORT-022,4017.0,61.71,GBP,Matched,Murex
TRD0000747,2026-04-29,2026-04-10,SEC00030,CL646,PORT-012,12404.0,78.7,INR,Booked,Bloomberg AIM
TRD0000748,2026-04-29,2026-05-15,SEC00221,CL598,PORT-011,6605.0,38.59,EUR,Matched,Murex
TRD0000749,2026-04-16,2026-05-14,SEC00206,CL870,PORT-073,19830.0,54.58,JPY,Booked,Bloomberg AIM
TRD0000750,2026-04-25,2026-05-18,SEC00315,CL376,PORT-078,21775.0,110.19,CAD,Matched,Murex
TRD0000751,2026-04-14,2026-04-09,SEC00173,CL552,PORT-032,19924.0,46.25,INR,Booked,Murex
TRD0000752,2026-04-08,2026-04-29,SEC00048,CL646,PORT-016,12094.0,51.31,JPY,Matched,Murex
TRD0000753,2026-05-02,2026-05-11,SEC00144,CL765,PORT-034,19851.0,66.99,EUR,Matched,Murex
TRD0000754,2026-04-10,2026-05-18,SEC00028,CL398,PORT-011,14474.0,73.63,EUR,Matched,Aladdin
TRD0000755,2026-05-12,2026-05-03,SEC00214,CL669,PORT-044,9463.0,53.58,JPY,Booked,Bloomberg AIM
TRD0000756,2026-04-08,2026-04-19,SEC00215,CL503,PORT-050,23564.0,68.51,GBP,Matched,Murex
TRD0000757,2026-05-11,2026-04-07,SEC00274,CL587,PORT-078,24135.0,82.5,USD,Matched,SimCorp
TRD0000758,2026-04-11,2026-04-27,SEC00108,CL875,PORT-026,25117.0,132.49,EUR,Booked,Murex
TRD0000759,2026-05-02,2026-04-24,SEC00099,CL453,PORT-016,13437.0,63.8,GBP,Matched,SimCorp
TRD0000760,2026-04-06,2026-04-14,SEC00022,CL700,PORT-011,26845.0,65.73,EUR,Booked,Aladdin
TRD0000761,2026-05-14,2026-04-11,SEC00132,CL946,PORT-030,14298.0,113.82,JPY,Booked,Bloomberg AIM
TRD0000762,2026-04-29,2026-05-09,SEC00152,CL785,PORT-048,22901.0,55.03,EUR,Matched,Aladdin
TRD0000763,2026-04-09,2026-04-07,SEC00241,CL988,PORT-006,14168.0,41.95,EUR,Booked,SimCorp
TRD0000764,2026-05-17,2026-04-28,SEC00241,CL624,PORT-060,16320.0,72.79,USD,Booked,Murex
TRD0000765,2026-05-08,2026-04-10,SEC00044,CL353,PORT-037,-159.0,97.19,JPY,Matched,Aladdin
TRD0000766,2026-05-16,2026-05-16,SEC00091,CL991,PORT-063,15736.0,75.67,EUR,Matched,Aladdin
TRD0000767,2026-05-05,2026-05-17,SEC00163,CL679,PORT-037,18683.0,64.46,JPY,Booked,Murex
TRD0000768,2026-05-02,2026-04-12,UNKNOWN,CL317,PORT-013,14925.0,40.17,CAD,Booked,Murex
TRD0000769,2026-04-22,2026-04-21,SEC00008,CL385,PORT-002,31171.0,65.34,CAD,Matched,SimCorp
TRD0000770,2026-05-08,2026-05-14,SEC00270,CL335,PORT-044,9282.0,102.68,INR,Matched,SimCorp
TRD0000771,2026-05-12,2026-04-11,SEC00234,CL849,PORT-043,13773.0,43.3,INR,Matched,Murex
TRD0000772,2026-05-12,2026-05-17,SEC00166,CL183,PORT-065,11213.0,61.21,CAD,Matched,Bloomberg AIM
TRD0000773,2026-04-07,2026-04-21,SEC00101,CL765,PORT-070,13772.0,58.23,INR,Matched,Murex
TRD0000774,2026-04-07,2026-05-12,SEC00269,CL598,PORT-013,25736.0,52.24,EUR,Unmatched,Aladdin
TRD0000775,2026-05-10,2026-05-18,SEC00011,CL166,PORT-025,29085.0,72.73,JPY,Booked,Bloomberg AIM
TRD0000776,2026-05-11,2026-04-15,SEC00142,CL651,PORT-017,12744.0,77.88,CAD,Booked,Bloomberg AIM
TRD0000777,2026-05-17,2026-04-13,SEC00256,CL777,PORT-009,12577.0,77.59,INR,Booked,Aladdin
TRD0000778,2026-04-06,2026-05-17,SEC00304,CL752,PORT-001,9322.0,47.38,GBP,Booked,Bloomberg AIM
TRD0000779,2026-04-18,2026-05-17,SEC00080,CL575,PORT-007,27797.0,37.48,EUR,Booked,Aladdin
TRD0000780,2026-04-15,2026-04-24,SEC00208,CL401,PORT-042,26408.0,73.1,USD,Unmatched,Murex
TRD0000781,2026-05-06,2026-05-20,SEC00060,CL247,PORT-012,17205.0,55.86,GBP,Booked,Bloomberg AIM
TRD0000782,2026-04-21,2026-04-18,SEC00037,CL111,PORT-016,7529.0,126.9,INR,Booked,Aladdin
TRD0000783,2026-05-17,2026-04-10,SEC00112,CL423,PORT-010,8200.0,128.97,JPY,Matched,Bloomberg AIM
TRD0000784,2026-04-19,2026-04-18,SEC00283,CL668,PORT-058,19280.0,133.85,USD,Cancelled,Aladdin
TRD0000785,2026-04-23,2026-05-11,SEC00220,CL133,PORT-051,22120.0,47.99,CAD,Booked,Murex
TRD0000786,2026-05-05,2026-05-13,SEC00156,CL997,PORT-077,2504.0,81.39,GBP,Matched,Aladdin
TRD0000787,2026-04-18,2026-04-21,SEC00090,CL626,PORT-009,15590.0,90.45,GBP,Matched,Bloomberg AIM
TRD0000788,2026-04-20,2026-05-19,UNKNOWN,CL364,PORT-017,30137.0,86.96,INR,Booked,Aladdin
TRD0000789,2026-04-30,2026-04-27,SEC00086,CL964,PORT-037,16369.0,58.91,GBP,Matched,Aladdin
TRD0000790,2026-05-11,2026-05-01,SEC00048,CL265,PORT-052,29172.0,104.35,JPY,Matched,Murex
TRD0000791,2026-05-18,2026-04-18,SEC00059,CL960,PORT-011,22868.0,66.7,CAD,Booked,SimCorp
TRD0000792,2026-04-07,2026-05-12,SEC00220,CL353,PORT-017,9868.0,69.74,JPY,Matched,Aladdin
TRD0000793,2026-05-07,2026-04-17,SEC00042,CL441,PORT-034,15805.0,38.93,JPY,Booked,Bloomberg AIM
TRD0000794,2026-05-06,2026-04-20,SEC00015,CL482,PORT-002,17035.0,83.57,GBP,Matched,Aladdin
TRD0000795,2026-04-19,2026-05-11,SEC00173,CL994,PORT-032,10856.0,60.88,CAD,Matched,Bloomberg AIM
TRD0000796,2026-05-08,2026-05-05,SEC00091,CL325,PORT-060,10726.0,78.47,USD,Booked,Murex
TRD0000797,2026-05-03,2026-05-19,SEC00145,CL974,PORT-042,29301.0,72.41,EUR,Matched,Bloomberg AIM
TRD0000798,2026-04-17,2026-05-01,SEC00044,CL411,PORT-035,10670.0,71.05,CAD,Booked,Aladdin
TRD0000799,2026-04-23,2026-05-10,SEC00067,CL356,PORT-039,26088.0,65.63,GBP,Booked,Aladdin
TRD0000800,2026-04-20,2026-05-16,SEC00141,CL673,PORT-075,14726.0,87.82,EUR,Matched,Aladdin
TRD0000801,2026-05-19,2026-04-26,SEC00220,CL723,PORT-042,17808.0,62.2,GBP,Booked,Bloomberg AIM
TRD0000802,2026-04-29,2026-04-26,SEC00132,CL410,PORT-043,22214.0,40.07,EUR,Matched,Bloomberg AIM
TRD0000803,2026-04-28,2026-05-18,SEC00173,CL220,PORT-074,13511.0,81.38,JPY,Booked,Bloomberg AIM
TRD0000804,2026-04-21,2026-05-13,SEC00167,CL456,PORT-013,22259.0,50.24,EUR,Matched,SimCorp
TRD0000805,2026-05-13,2026-05-18,SEC00086,CL585,PORT-008,2652.0,41.95,GBP,Booked,Aladdin
TRD0000806,2026-05-12,2026-04-21,SEC00089,CL135,PORT-036,21298.0,46.63,CAD,Booked,Murex
TRD0000807,2026-04-15,2026-05-06,SEC00136,CL170,PORT-026,-514.0,73.64,USD,Matched,Bloomberg AIM
TRD0000808,2026-04-19,2026-05-18,SEC00010,CL925,PORT-017,16299.0,64.47,INR,Matched,Bloomberg AIM
TRD0000809,2026-04-13,2026-05-13,SEC00219,CL132,PORT-010,24407.0,31.61,USD,Booked,Aladdin
TRD0000810,2026-05-07,2026-04-08,SEC00196,CL465,PORT-070,22667.0,58.31,GBP,Unmatched,SimCorp
TRD0000811,2026-04-05,2026-05-10,SEC00097,CL786,PORT-049,8262.0,100.41,INR,Booked,SimCorp
TRD0000812,2026-05-07,2026-04-21,SEC00119,CL395,PORT-055,9228.0,56.94,CAD,Booked,Bloomberg AIM
TRD0000813,2026-04-20,2026-04-30,SEC00105,CL544,PORT-010,12835.0,62.93,EUR,Booked,Murex
TRD0000814,2026-05-12,2026-05-13,SEC00208,CL177,PORT-027,19397.0,96.07,USD,Matched,Murex
TRD0000815,2026-04-08,2026-05-08,SEC00243,CL814,PORT-050,2761.0,88.1,INR,Matched,Bloomberg AIM
TRD0000816,2026-05-05,2026-05-21,SEC00034,CL670,PORT-042,17901.0,95.36,CAD,Matched,SimCorp
TRD0000817,2026-04-13,2026-04-18,SEC00132,CL865,PORT-055,20336.0,25.27,JPY,Matched,SimCorp
TRD0000818,2026-05-05,2026-05-06,SEC00004,CL876,PORT-053,15877.0,122.33,USD,Booked,Bloomberg AIM
TRD0000819,2026-04-14,2026-04-29,SEC00144,CL415,PORT-033,21940.0,83.32,JPY,Booked,SimCorp
TRD0000820,2026-04-29,2026-05-15,SEC00079,CL136,PORT-062,19678.0,157.83,GBP,Booked,SimCorp
TRD0000821,2026-05-17,2026-04-14,SEC00107,CL411,PORT-021,13938.0,50.71,GBP,Matched,Murex
TRD0000822,2026-05-11,2026-05-12,SEC00146,CL230,PORT-007,3479.0,35.97,USD,Booked,Bloomberg AIM
TRD0000823,2026-04-19,2026-04-26,SEC00103,CL579,PORT-073,19001.0,66.86,EUR,Matched,SimCorp
TRD0000824,2026-05-11,2026-04-12,SEC00126,CL231,PORT-002,10852.0,60.56,CAD,Matched,Bloomberg AIM
TRD0000825,2026-05-07,2026-04-19,SEC00244,CL928,PORT-023,13662.0,83.83,USD,Matched,SimCorp
TRD0000826,2026-04-25,2026-04-24,SEC00259,CL641,PORT-010,21593.0,97.15,CAD,Booked,Aladdin
TRD0000827,2026-05-08,2026-04-12,SEC00001,CL327,PORT-019,28630.0,64.68,JPY,Booked,Murex
TRD0000828,2026-05-14,2026-05-14,SEC00120,CL928,PORT-032,17715.0,61.3,JPY,Unmatched,SimCorp
TRD0000829,2026-04-21,2026-04-08,SEC00271,CL791,PORT-011,22155.0,80.07,CAD,Matched,SimCorp
TRD0000830,2026-04-18,2026-04-26,SEC00169,CL493,PORT-037,7166.0,60.96,EUR,Matched,Aladdin
TRD0000831,2026-04-17,2026-05-03,SEC00065,CL231,PORT-074,19841.0,59.21,CAD,Matched,Murex
TRD0000832,2026-04-07,2026-05-10,SEC00189,CL409,PORT-011,17551.0,95.87,EUR,Unmatched,Bloomberg AIM
TRD0000833,2026-05-14,2026-04-18,SEC00046,CL625,PORT-074,27219.0,103.64,GBP,Booked,SimCorp
TRD0000834,2026-04-30,2026-04-08,SEC00006,CL788,PORT-033,13947.0,97.45,GBP,Unmatched,Bloomberg AIM
TRD0000835,2026-05-09,2026-04-20,SEC00202,CL335,PORT-047,16188.0,62.87,JPY,Booked,SimCorp
TRD0000836,2026-04-09,2026-05-20,SEC00164,CL767,PORT-035,25941.0,31.53,EUR,Cancelled,SimCorp
TRD0000837,2026-04-25,2026-04-30,SEC00242,CL354,PORT-026,17310.0,63.32,INR,Booked,SimCorp
TRD0000838,2026-05-15,2026-04-19,SEC00110,CL321,PORT-009,9684.0,51.15,USD,Booked,Aladdin
TRD0000839,2026-04-18,2026-05-04,SEC00273,CL501,PORT-047,37137.0,63.73,JPY,Booked,Murex
TRD0000840,2026-05-18,2026-04-17,SEC00134,CL244,PORT-073,9911.0,52.73,JPY,Matched,Murex
TRD0000841,2026-05-07,2026-04-20,SEC00236,CL463,PORT-042,17515.0,66.2,JPY,Cancelled,Murex
TRD0000842,2026-04-17,2026-05-18,SEC00032,CL421,PORT-048,20600.0,46.35,JPY,Booked,SimCorp
TRD0000843,2026-04-27,2026-04-26,SEC00031,CL351,PORT-051,20007.0,42.6,INR,Booked,Murex
TRD0000844,2026-04-15,2026-05-14,SEC00250,CL797,PORT-031,16577.0,102.3,CAD,Booked,SimCorp
TRD0000845,2026-04-24,2026-04-30,SEC00266,CL398,PORT-010,16614.0,47.49,EUR,Booked,Murex
TRD0000846,2026-04-12,2026-05-04,SEC00301,CL724,PORT-041,16238.0,66.69,GBP,Matched,Aladdin
TRD0000847,2026-04-24,2026-04-15,SEC00103,CL747,PORT-069,9630.0,93.14,JPY,Booked,SimCorp
TRD0000848,2026-05-17,2026-04-12,SEC00007,CL698,PORT-025,34127.0,91.84,GBP,Unmatched,Bloomberg AIM
TRD0000849,2026-05-16,2026-05-01,SEC00313,CL342,PORT-069,16350.0,88.08,CAD,Unmatched,Murex
TRD0000850,2026-04-15,2026-04-27,SEC00192,CL845,PORT-068,22477.0,74.14,JPY,Booked,SimCorp
TRD0000851,2026-05-18,2026-04-23,SEC00079,CL312,PORT-020,15490.0,85.92,JPY,Matched,SimCorp
TRD0000852,2026-05-03,2026-04-22,SEC00244,CL349,PORT-046,15339.0,107.83,EUR,Cancelled,Murex
TRD0000853,2026-05-19,2026-04-23,SEC00289,CL886,PORT-060,14584.0,77.38,GBP,Unmatched,SimCorp
TRD0000854,2026-05-06,2026-04-16,SEC00091,CL405,PORT-040,6376.0,35.06,JPY,Matched,Bloomberg AIM
TRD0000855,2026-04-23,2026-04-07,SEC00246,CL726,PORT-056,16795.0,55.42,GBP,Booked,SimCorp
TRD0000856,2026-05-12,2026-04-14,SEC00252,CL138,PORT-072,14947.0,85.09,INR,Booked,Aladdin
TRD0000857,2026-04-29,2026-05-15,SEC00160,CL652,PORT-050,26786.0,53.54,USD,Matched,SimCorp
TRD0000858,2026-04-05,2026-04-30,SEC00202,CL881,PORT-067,9025.0,117.57,USD,Booked,Bloomberg AIM
TRD0000859,2026-05-16,2026-05-01,SEC00086,CL737,PORT-064,13671.0,65.23,GBP,Matched,Aladdin
TRD0000860,2026-05-17,2026-04-29,SEC00297,CL623,PORT-065,11262.0,68.71,EUR,Matched,Aladdin
TRD0000861,2026-05-07,2026-04-28,SEC00314,CL863,PORT-068,28819.0,98.86,INR,Matched,Murex
TRD0000862,2026-04-12,2026-04-19,SEC00313,CL368,PORT-018,11479.0,62.55,CAD,Booked,Aladdin
TRD0000863,2026-05-01,2026-05-03,SEC00235,CL438,PORT-002,22217.0,70.93,GBP,Booked,Aladdin
TRD0000864,2026-04-21,2026-05-10,SEC00013,CL162,PORT-013,25276.0,91.35,JPY,Unmatched,Bloomberg AIM
TRD0000865,2026-05-18,2026-05-01,SEC00117,CL727,PORT-020,16904.0,39.83,EUR,Booked,Bloomberg AIM
TRD0000866,2026-04-16,2026-04-13,SEC00142,CL750,PORT-055,7674.0,60.35,JPY,Booked,Aladdin
TRD0000867,2026-05-16,2026-05-07,SEC00307,CL775,PORT-041,7769.0,89.14,INR,Unmatched,Aladdin
TRD0000868,2026-04-17,2026-05-21,SEC00175,CL773,PORT-038,24448.0,68.24,INR,Matched,Murex
TRD0000869,2026-05-13,2026-04-08,SEC00171,CL214,PORT-001,8546.0,111.45,CAD,Matched,Bloomberg AIM
TRD0000870,2026-04-11,2026-05-13,SEC00046,CL698,PORT-055,20940.0,38.41,JPY,Matched,Bloomberg AIM
TRD0000871,2026-05-06,2026-04-24,SEC00253,CL786,PORT-029,18858.0,36.91,GBP,Booked,Aladdin
TRD0000872,2026-05-11,2026-04-15,SEC00107,CL283,PORT-061,20828.0,87.3,USD,Cancelled,Aladdin
TRD0000873,2026-05-04,2026-05-09,SEC00029,CL528,PORT-009,21537.0,90.29,INR,Unmatched,Aladdin
TRD0000874,2026-05-19,2026-05-06,SEC00316,CL920,PORT-024,10997.0,62.32,INR,Booked,Murex
TRD0000875,2026-05-12,2026-05-09,SEC00060,CL472,PORT-005,10684.0,76.72,JPY,Booked,Murex
TRD0000876,2026-04-23,2026-05-15,SEC00005,CL777,PORT-023,23362.0,86.56,CAD,Booked,Bloomberg AIM
TRD0000877,2026-05-06,2026-05-15,SEC00024,CL576,PORT-073,13280.0,50.16,EUR,Matched,Bloomberg AIM
TRD0000878,2026-05-04,2026-05-13,SEC00144,CL691,PORT-039,-2626.0,52.07,USD,Matched,Aladdin
TRD0000879,2026-04-13,2026-05-01,SEC00032,CL663,PORT-035,22866.0,71.26,JPY,Matched,Murex
TRD0000880,2026-05-14,2026-04-28,SEC00269,CL685,PORT-022,10228.0,91.51,USD,Unmatched,Bloomberg AIM
TRD0000881,2026-05-02,2026-05-21,SEC00163,CL800,PORT-021,21504.0,44.34,USD,Matched,Bloomberg AIM
TRD0000882,2026-05-11,2026-04-13,SEC00103,CL913,PORT-053,28446.0,62.22,INR,Matched,Murex
TRD0000883,2026-04-28,2026-04-21,SEC00001,CL365,PORT-078,18126.0,61.22,GBP,Matched,Aladdin
TRD0000884,2026-05-05,2026-05-18,SEC00153,CL934,PORT-059,25468.0,77.19,JPY,Matched,SimCorp
TRD0000885,2026-05-17,2026-04-14,SEC00048,CL664,PORT-059,19153.0,66.48,INR,Booked,Aladdin
TRD0000886,2026-05-16,2026-05-20,SEC00312,CL635,PORT-038,29906.0,55.09,GBP,Matched,SimCorp
TRD0000887,2026-04-11,2026-04-26,SEC00093,CL394,PORT-008,10034.0,103.23,JPY,Matched,SimCorp
TRD0000888,2026-05-17,2026-05-01,SEC00151,CL474,PORT-058,17938.0,55.22,JPY,Booked,SimCorp
TRD0000889,2026-04-14,2026-04-29,SEC00005,CL685,PORT-064,23049.0,60.21,JPY,Matched,Bloomberg AIM
TRD0000890,2026-04-08,2026-04-08,SEC00041,CL426,PORT-041,16572.0,38.21,INR,Matched,SimCorp
TRD0000891,2026-04-29,2026-04-10,SEC00066,CL358,PORT-008,26642.0,51.95,GBP,Booked,Aladdin
TRD0000892,2026-05-05,2026-05-09,SEC00016,CL836,PORT-057,14760.0,79.89,JPY,Matched,Aladdin
TRD0000893,2026-04-15,2026-04-25,SEC00232,CL473,PORT-073,33520.0,74.61,JPY,Booked,Bloomberg AIM
TRD0000894,2026-04-05,2026-04-08,SEC00302,CL679,PORT-018,33916.0,82.26,USD,Matched,Bloomberg AIM
TRD0000895,2026-05-14,2026-04-19,SEC00315,CL128,PORT-013,20116.0,80.87,EUR,Matched,Murex
TRD0000896,2026-04-06,2026-04-12,SEC00085,CL169,PORT-059,22145.0,138.48,USD,Booked,Murex
TRD0000897,2026-04-07,2026-05-02,SEC00252,CL862,PORT-027,26938.0,51.33,EUR,Matched,Aladdin
TRD0000898,2026-05-13,2026-05-09,SEC00161,CL227,PORT-057,9096.0,37.83,GBP,Booked,Bloomberg AIM
TRD0000899,2026-05-17,2026-04-29,SEC00014,CL815,PORT-056,8160.0,46.17,CAD,Booked,Aladdin
TRD0000900,2026-04-17,2026-04-15,SEC00029,CL909,PORT-022,27423.0,52.13,CAD,Matched,Aladdin
TRD0000901,2026-05-16,2026-04-10,SEC00175,CL532,PORT-004,20055.0,47.42,INR,Booked,Murex
TRD0000902,2026-04-22,2026-04-21,SEC00135,CL895,PORT-044,16301.0,68.91,JPY,Unmatched,SimCorp
TRD0000903,2026-05-17,2026-04-20,SEC00002,CL484,PORT-033,18083.0,103.38,EUR,Booked,Murex
TRD0000904,2026-04-18,2026-04-28,SEC00297,CL955,PORT-068,105.0,114.31,GBP,Booked,Aladdin
TRD0000905,2026-05-09,2026-05-07,SEC00233,CL313,PORT-029,16571.0,79.56,INR,Unmatched,Bloomberg AIM
TRD0000906,2026-05-15,2026-05-02,SEC00160,CL484,PORT-020,12352.0,141.1,CAD,Matched,SimCorp
TRD0000907,2026-05-17,2026-04-29,SEC00315,CL449,PORT-068,24886.0,58.87,CAD,Matched,Murex
TRD0000908,2026-05-11,2026-04-15,SEC00310,CL804,PORT-059,25463.0,37.66,GBP,Matched,Bloomberg AIM
TRD0000909,2026-04-25,2026-04-27,SEC00311,CL139,PORT-049,22325.0,96.41,GBP,Unmatched,Murex
TRD0000910,2026-05-16,2026-04-16,SEC00082,CL844,PORT-076,20966.0,35.04,JPY,Booked,SimCorp
TRD0000911,2026-04-13,2026-05-20,SEC00281,CL121,PORT-062,6770.0,51.2,USD,Booked,Murex
TRD0000912,2026-04-22,2026-04-17,SEC00161,CL383,PORT-069,22430.0,80.0,USD,Cancelled,Murex
TRD0000913,2026-05-06,2026-04-29,SEC00232,CL635,PORT-064,22720.0,64.34,USD,Booked,Murex
TRD0000914,2026-04-05,2026-04-07,SEC00275,CL230,PORT-032,27339.0,62.38,INR,Matched,SimCorp
TRD0000915,2026-04-20,2026-04-30,SEC00052,CL540,PORT-005,33887.0,44.11,EUR,Matched,Murex
TRD0000916,2026-04-19,2026-04-30,SEC00143,CL996,PORT-048,5306.0,66.43,INR,Matched,Bloomberg AIM
TRD0000917,2026-05-12,2026-05-16,SEC00041,CL840,PORT-061,15086.0,94.75,GBP,Matched,Aladdin
TRD0000918,2026-04-18,2026-04-15,SEC00089,CL127,PORT-079,12433.0,67.15,INR,Cancelled,Murex
TRD0000919,2026-04-24,2026-04-20,SEC00132,CL631,PORT-054,19294.0,49.87,USD,Booked,Aladdin
TRD0000920,2026-04-05,2026-04-13,SEC00273,CL637,PORT-045,18101.0,43.09,EUR,Matched,Bloomberg AIM
TRD0000921,2026-04-28,2026-05-17,SEC00276,CL161,PORT-046,16244.0,50.23,EUR,Matched,Aladdin
TRD0000922,2026-04-19,2026-05-12,SEC00124,CL684,PORT-010,25707.0,76.5,GBP,Booked,Murex
TRD0000923,2026-05-04,2026-04-12,SEC00105,CL568,PORT-001,9739.0,75.21,JPY,Unmatched,Bloomberg AIM
TRD0000924,2026-05-18,2026-05-20,SEC00169,CL712,PORT-004,10192.0,50.39,EUR,Matched,Murex
TRD0000925,2026-05-14,2026-04-29,SEC00291,CL367,PORT-072,10318.0,30.76,INR,Booked,Bloomberg AIM
TRD0000926,2026-04-10,2026-05-03,SEC00312,CL329,PORT-063,15298.0,77.25,CAD,Unmatched,Bloomberg AIM
TRD0000927,2026-04-16,2026-04-09,SEC00072,CL761,PORT-021,8786.0,48.71,USD,Unmatched,Murex
TRD0000928,2026-05-03,2026-04-13,SEC00059,CL748,PORT-034,17636.0,84.87,USD,Booked,SimCorp
TRD0000929,2026-04-18,2026-04-11,SEC00226,CL245,PORT-039,16759.0,51.18,CAD,Matched,Bloomberg AIM
TRD0000930,2026-05-19,2026-05-08,SEC00096,CL294,PORT-020,12101.0,47.19,JPY,Booked,SimCorp
TRD0000931,2026-05-18,2026-04-25,UNKNOWN,CL627,PORT-034,24553.0,70.36,CAD,Booked,Aladdin
TRD0000932,2026-04-27,2026-04-20,SEC00009,CL845,PORT-028,17554.0,152.2,INR,Booked,Murex
TRD0000933,2026-04-21,2026-04-08,SEC00129,CL281,PORT-055,25970.0,86.67,INR,Unmatched,SimCorp
TRD0000934,2026-04-07,2026-05-21,SEC00125,CL296,PORT-060,16537.0,69.94,USD,Booked,Aladdin
TRD0000935,2026-04-15,2026-04-08,SEC00180,CL826,PORT-008,17819.0,75.61,JPY,Booked,Murex
TRD0000936,2026-05-08,2026-05-06,SEC00064,CL726,PORT-037,13779.0,36.13,GBP,Matched,Murex
TRD0000937,2026-04-13,2026-05-16,SEC00228,CL911,PORT-079,17947.0,45.02,CAD,Booked,Bloomberg AIM
TRD0000938,2026-04-27,2026-04-24,SEC00217,CL804,PORT-069,23342.0,27.69,USD,Booked,SimCorp
TRD0000939,2026-04-12,2026-04-16,SEC00147,CL956,PORT-063,14915.0,122.18,USD,Booked,Murex
TRD0000940,2026-05-12,2026-05-16,SEC00058,CL269,PORT-059,21888.0,113.82,JPY,Matched,Bloomberg AIM
TRD0000941,2026-05-18,2026-05-20,SEC00162,CL344,PORT-001,11904.0,76.51,CAD,Matched,SimCorp
TRD0000942,2026-05-17,2026-04-11,SEC00215,CL313,PORT-077,23693.0,69.92,CAD,Matched,SimCorp
TRD0000943,2026-04-05,2026-04-09,SEC00119,CL149,PORT-059,13651.0,38.74,JPY,Booked,Murex
TRD0000944,2026-05-16,2026-05-14,SEC00084,CL800,PORT-071,24388.0,61.76,GBP,Matched,Murex
TRD0000945,2026-04-07,2026-04-11,SEC00162,CL694,PORT-072,18457.0,124.88,EUR,Matched,Bloomberg AIM
TRD0000946,2026-04-17,2026-04-11,SEC00113,CL177,PORT-021,29407.0,69.83,CAD,Booked,Aladdin
TRD0000947,2026-05-13,2026-04-07,SEC00128,CL278,PORT-002,9344.0,54.73,EUR,Booked,Aladdin
TRD0000948,2026-04-11,2026-05-12,SEC00111,CL271,PORT-053,6929.0,36.04,USD,Booked,SimCorp
TRD0000949,2026-05-13,2026-04-25,SEC00097,CL462,PORT-037,13378.0,108.11,JPY,Booked,Bloomberg AIM
TRD0000950,2026-05-13,2026-04-07,SEC00229,CL509,PORT-002,7615.0,65.07,GBP,Booked,Murex
TRD0000951,2026-04-24,2026-04-11,SEC00147,CL359,PORT-022,7629.0,36.06,GBP,Unmatched,Murex
TRD0000952,2026-05-07,2026-04-24,SEC00149,CL936,PORT-079,22662.0,48.26,CAD,Matched,SimCorp
TRD0000953,2026-05-06,2026-05-13,SEC00208,CL291,PORT-029,17969.0,42.64,EUR,Matched,Aladdin
TRD0000954,2026-05-11,2026-05-18,SEC00115,CL605,PORT-021,14402.0,63.68,CAD,Booked,SimCorp
TRD0000955,2026-04-22,2026-05-10,SEC00032,CL493,PORT-052,15098.0,71.71,EUR,Matched,Aladdin
TRD0000956,2026-05-18,2026-05-19,SEC00272,CL448,PORT-053,13521.0,55.92,EUR,Matched,Murex
TRD0000957,2026-05-08,2026-05-13,SEC00017,CL842,PORT-027,30378.0,87.53,USD,Unmatched,Aladdin
TRD0000958,2026-04-25,2026-05-18,SEC00183,CL979,PORT-068,12484.0,68.55,INR,Booked,Murex
TRD0000959,2026-04-28,2026-04-17,SEC00085,CL105,PORT-046,8084.0,96.72,CAD,Matched,Bloomberg AIM
TRD0000960,2026-04-18,2026-04-25,UNKNOWN,CL516,PORT-013,23970.0,58.85,CAD,Booked,Aladdin
TRD0000961,2026-05-10,2026-04-28,SEC00013,CL207,PORT-026,16382.0,193.61,EUR,Matched,Bloomberg AIM
TRD0000962,2026-04-20,2026-04-15,SEC00288,CL489,PORT-067,33291.0,54.73,INR,Unmatched,Bloomberg AIM
TRD0000963,2026-04-15,2026-05-03,SEC00137,CL654,PORT-008,14053.0,48.61,USD,Matched,Aladdin
TRD0000964,2026-05-02,2026-05-03,SEC00109,CL470,PORT-001,24345.0,46.56,JPY,Matched,Aladdin
TRD0000965,2026-05-08,2026-05-12,SEC00237,CL377,PORT-052,26116.0,61.94,INR,Unmatched,SimCorp
TRD0000966,2026-04-25,2026-05-01,SEC00012,CL380,PORT-035,14090.0,36.53,USD,Unmatched,Aladdin
TRD0000967,2026-04-23,2026-05-14,SEC00180,CL369,PORT-020,12428.0,73.93,USD,Booked,Bloomberg AIM
TRD0000968,2026-05-15,2026-04-25,SEC00158,CL392,PORT-038,23560.0,34.23,USD,Booked,Bloomberg AIM
TRD0000969,2026-04-24,2026-04-07,SEC00177,CL436,PORT-015,22312.0,70.57,INR,Matched,Aladdin
TRD0000970,2026-05-13,2026-04-28,SEC00039,CL718,PORT-030,7420.0,41.56,JPY,Cancelled,Aladdin
TRD0000971,2026-04-24,2026-05-08,SEC00304,CL186,PORT-019,9537.0,58.36,USD,Matched,Bloomberg AIM
TRD0000972,2026-04-08,2026-04-21,SEC00076,CL136,PORT-047,-1023.0,82.4,JPY,Booked,SimCorp
TRD0000973,2026-04-25,2026-04-15,SEC00217,CL564,PORT-054,22465.0,149.37,INR,Matched,SimCorp
TRD0000974,2026-04-15,2026-04-30,SEC00239,CL712,PORT-073,16036.0,45.73,EUR,Booked,SimCorp
TRD0000975,2026-05-06,2026-05-10,SEC00110,CL332,PORT-006,16784.0,63.27,JPY,Booked,Aladdin
TRD0000976,2026-04-08,2026-04-19,SEC00041,CL280,PORT-026,5314.0,51.76,EUR,Booked,Murex
TRD0000977,2026-04-13,2026-05-13,SEC00094,CL661,PORT-021,9764.0,49.18,EUR,Booked,Murex
TRD0000978,2026-04-08,2026-04-07,SEC00258,CL445,PORT-046,14415.0,51.92,GBP,Matched,Bloomberg AIM
TRD0000979,2026-04-16,2026-05-07,SEC00290,CL761,PORT-043,12958.0,88.98,GBP,Booked,SimCorp
TRD0000980,2026-04-20,2026-05-06,SEC00299,CL231,PORT-070,18884.0,56.21,GBP,Booked,Aladdin
TRD0000981,2026-04-26,2026-04-19,SEC00072,CL208,PORT-073,22376.0,146.53,EUR,Matched,SimCorp
TRD0000982,2026-04-08,2026-05-21,SEC00194,CL596,PORT-062,35022.0,77.14,GBP,Booked,Murex
TRD0000983,2026-04-11,2026-05-12,SEC00048,CL452,PORT-016,17850.0,46.83,JPY,Booked,Aladdin
TRD0000984,2026-05-01,2026-05-16,SEC00227,CL755,PORT-004,26366.0,58.65,GBP,Booked,Murex
TRD0000985,2026-05-16,2026-05-04,SEC00133,CL555,PORT-072,11775.0,50.37,JPY,Booked,SimCorp
TRD0000986,2026-05-19,2026-04-27,SEC00228,CL418,PORT-075,5438.0,88.24,USD,Matched,SimCorp
TRD0000987,2026-05-09,2026-05-13,SEC00219,CL243,PORT-020,15358.0,37.58,USD,Booked,Murex
TRD0000988,2026-05-17,2026-05-06,SEC00317,CL246,PORT-004,6017.0,41.71,CAD,Booked,Murex
TRD0000989,2026-05-10,2026-04-17,SEC00156,CL779,PORT-054,18110.0,54.22,GBP,Booked,Murex
TRD0000990,2026-05-15,2026-04-09,SEC00109,CL303,PORT-047,12147.0,84.69,JPY,Booked,SimCorp
TRD0000991,2026-04-05,2026-05-21,SEC00168,CL551,PORT-071,3343.0,102.68,INR,Booked,Bloomberg AIM
TRD0000992,2026-05-15,2026-04-23,SEC00052,CL835,PORT-046,31020.0,108.11,USD,Booked,SimCorp
TRD0000993,2026-04-21,2026-05-20,SEC00035,CL907,PORT-061,13968.0,80.27,CAD,Booked,Aladdin
TRD0000994,2026-05-04,2026-04-28,SEC00166,CL340,PORT-063,5718.0,64.78,GBP,Booked,SimCorp
TRD0000995,2026-05-12,2026-04-12,SEC00264,CL198,PORT-001,24736.0,88.07,CAD,Unmatched,Aladdin
TRD0000996,2026-04-18,2026-04-16,SEC00170,CL796,PORT-012,12535.0,44.68,GBP,Booked,Aladdin
TRD0000997,2026-04-06,2026-05-11,SEC00250,CL717,PORT-062,26176.0,34.97,GBP,Booked,Bloomberg AIM
TRD0000998,2026-04-14,2026-05-10,SEC00056,CL397,PORT-015,12500.0,77.7,JPY,Matched,Bloomberg AIM
TRD0000999,2026-04-06,2026-04-16,SEC00143,CL633,PORT-017,13943.0,46.9,EUR,Booked,SimCorp
TRD0001000,2026-04-23,2026-04-15,SEC00196,CL269,PORT-060,20586.0,65.18,JPY,Matched,Bloomberg AIM
TRD0001001,2026-04-19,2026-05-09,SEC00111,CL729,PORT-017,22449.0,69.54,CAD,Booked,Murex
TRD0001002,2026-05-13,2026-05-21,SEC00004,CL753,PORT-012,23764.0,72.74,JPY,Matched,Murex
TRD0001003,2026-04-11,2026-05-01,SEC00023,CL369,PORT-002,17327.0,92.59,USD,Unmatched,Bloomberg AIM
TRD0001004,2026-04-16,2026-04-24,SEC00296,CL521,PORT-038,21965.0,89.23,INR,Booked,Aladdin
TRD0001005,2026-05-08,2026-05-02,SEC00193,CL400,PORT-051,23592.0,71.4,USD,Booked,Bloomberg AIM
TRD0001006,2026-05-04,2026-04-09,SEC00084,CL128,PORT-058,19504.0,57.13,USD,Matched,Aladdin
TRD0001007,2026-04-22,2026-04-15,SEC00082,CL214,PORT-072,16930.0,69.25,EUR,Cancelled,Aladdin
TRD0001008,2026-05-19,2026-04-16,SEC00012,CL962,PORT-052,7160.0,54.13,EUR,Booked,SimCorp
TRD0001009,2026-04-13,2026-05-21,SEC00302,CL509,PORT-060,22494.0,62.26,USD,Matched,SimCorp
TRD0001010,2026-05-07,2026-04-13,SEC00034,CL232,PORT-017,18316.0,166.73,USD,Booked,Aladdin
TRD0001011,2026-05-16,2026-04-18,SEC00243,CL139,PORT-027,14898.0,71.08,INR,Matched,Aladdin
TRD0001012,2026-05-05,2026-05-04,SEC00076,CL417,PORT-025,27583.0,78.07,GBP,Booked,Murex
TRD0001013,2026-04-12,2026-04-25,SEC00107,CL983,PORT-006,7291.0,52.1,EUR,Matched,Bloomberg AIM
TRD0001014,2026-05-07,2026-04-14,SEC00087,CL445,PORT-077,30330.0,95.3,GBP,Booked,Bloomberg AIM
TRD0001015,2026-04-25,2026-04-11,SEC00263,CL998,PORT-020,17833.0,87.02,INR,Matched,Aladdin
TRD0001016,2026-04-13,2026-04-27,SEC00010,CL539,PORT-036,20381.0,87.23,INR,Booked,Murex
TRD0001017,2026-05-18,2026-05-20,SEC00112,CL786,PORT-029,15037.0,71.9,EUR,Matched,SimCorp
TRD0001018,2026-04-15,2026-04-24,SEC00089,CL806,PORT-004,5497.0,95.77,EUR,Matched,Bloomberg AIM
TRD0001019,2026-05-07,2026-04-21,SEC00087,CL125,PORT-072,16953.0,104.07,CAD,Unmatched,SimCorp
TRD0001020,2026-04-18,2026-05-19,SEC00061,CL105,PORT-018,20511.0,73.63,JPY,Cancelled,Aladdin
TRD0001021,2026-05-11,2026-04-15,SEC00291,CL929,PORT-008,23072.0,64.06,CAD,Matched,SimCorp
TRD0001022,2026-05-13,2026-05-12,SEC00121,CL938,PORT-028,16515.0,91.2,EUR,Matched,Aladdin
TRD0001023,2026-04-14,2026-04-11,SEC00133,CL219,PORT-012,1556.0,48.6,USD,Booked,Murex
TRD0001024,2026-04-13,2026-04-27,SEC00123,CL680,PORT-079,6438.0,51.87,GBP,Unmatched,SimCorp
TRD0001025,2026-04-05,2026-05-07,SEC00313,CL930,PORT-015,33390.0,65.45,EUR,Matched,Murex
TRD0001026,2026-04-19,2026-05-19,SEC00108,CL954,PORT-024,9806.0,36.25,INR,Matched,Murex
TRD0001027,2026-04-29,2026-05-21,SEC00109,CL366,PORT-022,28703.0,89.09,INR,Matched,Aladdin
TRD0001028,2026-05-11,2026-04-18,SEC00104,CL834,PORT-003,10994.0,47.61,USD,Matched,SimCorp
TRD0001029,2026-05-06,2026-05-05,SEC00104,CL681,PORT-002,16632.0,56.54,JPY,Matched,Aladdin
TRD0001030,2026-04-20,2026-04-14,SEC00028,CL934,PORT-041,22689.0,61.89,GBP,Matched,Aladdin
TRD0001031,2026-05-04,2026-05-11,SEC00193,CL231,PORT-019,11849.0,67.61,JPY,Matched,Murex
TRD0001032,2026-04-28,2026-04-10,SEC00008,CL640,PORT-007,29942.0,59.13,GBP,Booked,Bloomberg AIM
TRD0001033,2026-05-12,2026-04-09,SEC00072,CL122,PORT-024,18568.0,65.13,JPY,Unmatched,SimCorp
TRD0001034,2026-04-30,2026-05-17,SEC00064,CL421,PORT-022,21456.0,65.31,INR,Matched,Aladdin
TRD0001035,2026-05-09,2026-04-22,SEC00093,CL110,PORT-034,15993.0,57.03,EUR,Matched,Bloomberg AIM
TRD0001036,2026-05-14,2026-04-09,SEC00242,CL498,PORT-079,22940.0,50.88,EUR,Matched,Bloomberg AIM
TRD0001037,2026-05-14,2026-05-07,SEC00191,CL829,PORT-025,29841.0,97.37,INR,Matched,Aladdin
TRD0001038,2026-04-26,2026-05-18,SEC00317,CL691,PORT-056,17015.0,31.93,CAD,Matched,Aladdin
TRD0001039,2026-05-03,2026-04-12,UNKNOWN,CL384,PORT-061,30973.0,62.05,GBP,Matched,SimCorp
TRD0001040,2026-05-15,2026-04-30,SEC00297,CL483,PORT-005,13413.0,56.59,CAD,Unmatched,Bloomberg AIM
TRD0001041,2026-04-26,2026-05-20,SEC00014,CL430,PORT-040,23731.0,77.21,EUR,Unmatched,Murex
TRD0001042,2026-05-12,2026-04-14,SEC00161,CL757,PORT-036,21668.0,40.08,INR,Matched,SimCorp
TRD0001043,2026-05-19,2026-04-21,SEC00255,CL339,PORT-041,9986.0,55.98,CAD,Booked,Aladdin
TRD0001044,2026-05-14,2026-05-18,SEC00170,CL182,PORT-014,19604.0,64.34,EUR,Matched,Murex
TRD0001045,2026-04-29,2026-05-10,SEC00298,CL555,PORT-037,18055.0,96.98,USD,Matched,SimCorp
TRD0001046,2026-04-07,2026-05-21,SEC00100,CL846,PORT-010,11601.0,74.91,JPY,Matched,Bloomberg AIM
TRD0001047,2026-05-09,2026-04-09,SEC00010,CL528,PORT-075,20685.0,44.07,CAD,Unmatched,Aladdin
TRD0001048,2026-05-07,2026-05-20,SEC00247,CL283,PORT-047,19097.0,56.23,USD,Booked,Aladdin
TRD0001049,2026-05-09,2026-04-16,SEC00021,CL141,PORT-003,17456.0,90.93,JPY,Booked,Aladdin
TRD0001050,2026-05-04,2026-04-28,SEC00244,CL948,PORT-040,17486.0,43.8,CAD,Unmatched,Murex
TRD0001051,2026-04-17,2026-04-25,SEC00234,CL783,PORT-074,17325.0,64.88,USD,Unmatched,Aladdin
TRD0001052,2026-05-05,2026-04-15,SEC00270,CL239,PORT-059,15242.0,66.47,JPY,Matched,Murex
TRD0001053,2026-04-20,2026-04-11,SEC00153,CL166,PORT-022,19049.0,58.26,USD,Booked,Murex
TRD0001054,2026-04-09,2026-05-16,SEC00286,CL216,PORT-071,13171.0,171.32,EUR,Matched,Bloomberg AIM
TRD0001055,2026-04-07,2026-05-21,SEC00054,CL438,PORT-015,37926.0,57.72,GBP,Matched,Murex
TRD0001056,2026-04-24,2026-05-16,SEC00138,CL829,PORT-020,7430.0,78.06,EUR,Matched,Murex
TRD0001057,2026-04-17,2026-04-21,SEC00038,CL243,PORT-013,13614.0,51.0,USD,Booked,Bloomberg AIM
TRD0001058,2026-04-08,2026-04-26,SEC00245,CL836,PORT-073,14207.0,80.22,INR,Booked,Murex
TRD0001059,2026-04-14,2026-05-18,SEC00228,CL101,PORT-057,33304.0,90.45,EUR,Matched,Bloomberg AIM
TRD0001060,2026-05-06,2026-05-11,SEC00258,CL764,PORT-041,8099.0,54.28,CAD,Matched,Aladdin
TRD0001061,2026-05-14,2026-04-27,SEC00244,CL353,PORT-053,21194.0,65.42,EUR,Matched,Aladdin
TRD0001062,2026-05-14,2026-04-19,SEC00098,CL963,PORT-021,19863.0,48.75,JPY,Booked,SimCorp
TRD0001063,2026-04-10,2026-05-06,SEC00021,CL527,PORT-006,20502.0,44.68,INR,Booked,SimCorp
TRD0001064,2026-04-24,2026-04-09,SEC00297,CL343,PORT-067,27273.0,95.86,GBP,Booked,SimCorp
TRD0001065,2026-05-06,2026-04-07,SEC00157,CL318,PORT-077,27119.0,54.93,GBP,Unmatched,Aladdin
TRD0001066,2026-05-04,2026-04-17,SEC00030,CL843,PORT-003,14618.0,28.65,INR,Booked,Bloomberg AIM
TRD0001067,2026-05-07,2026-05-01,SEC00296,CL462,PORT-005,19455.0,123.7,USD,Matched,SimCorp
TRD0001068,2026-04-13,2026-04-12,SEC00318,CL416,PORT-045,4019.0,50.36,INR,Matched,Murex
TRD0001069,2026-04-22,2026-04-19,SEC00142,CL761,PORT-004,18743.0,61.18,INR,Unmatched,Murex
TRD0001070,2026-04-10,2026-04-28,SEC00246,CL583,PORT-058,12045.0,118.43,INR,Booked,Bloomberg AIM
TRD0001071,2026-05-06,2026-05-02,SEC00011,CL696,PORT-075,16602.0,63.46,GBP,Matched,Murex
TRD0001072,2026-04-28,2026-04-14,SEC00029,CL500,PORT-023,5360.0,62.98,GBP,Unmatched,SimCorp
TRD0001073,2026-05-14,2026-04-26,SEC00088,CL157,PORT-024,21037.0,43.39,JPY,Booked,Murex
TRD0001074,2026-04-06,2026-05-13,SEC00209,CL105,PORT-069,5276.0,37.63,JPY,Matched,Murex
TRD0001075,2026-04-26,2026-04-07,SEC00042,CL135,PORT-029,19112.0,62.91,CAD,Booked,Aladdin
TRD0001076,2026-04-25,2026-05-18,SEC00010,CL616,PORT-019,8801.0,75.72,CAD,Cancelled,Bloomberg AIM
TRD0001077,2026-05-01,2026-04-20,SEC00214,CL561,PORT-007,-11628.0,74.21,USD,Matched,SimCorp
TRD0001078,2026-05-07,2026-04-22,SEC00246,CL772,PORT-067,26660.0,56.35,USD,Booked,SimCorp
TRD0001079,2026-04-07,2026-04-25,SEC00236,CL904,PORT-074,22409.0,67.16,CAD,Matched,SimCorp
TRD0001080,2026-04-27,2026-05-19,SEC00255,CL256,PORT-007,26619.0,35.06,GBP,Matched,Murex
TRD0001081,2026-04-19,2026-04-29,SEC00256,CL960,PORT-064,29698.0,78.34,JPY,Matched,Murex
TRD0001082,2026-05-18,2026-04-11,SEC00192,CL937,PORT-013,12204.0,70.56,USD,Booked,SimCorp
TRD0001083,2026-05-07,2026-05-11,SEC00166,CL653,PORT-011,29242.0,133.06,USD,Booked,SimCorp
TRD0001084,2026-04-13,2026-04-20,SEC00274,CL576,PORT-031,7009.0,66.86,GBP,Matched,Bloomberg AIM
TRD0001085,2026-05-16,2026-04-13,SEC00111,CL258,PORT-035,23596.0,47.95,INR,Matched,Bloomberg AIM
TRD0001086,2026-05-15,2026-04-09,SEC00031,CL260,PORT-068,14300.0,65.51,INR,Unmatched,SimCorp
TRD0001087,2026-04-13,2026-04-28,SEC00240,CL116,PORT-056,11023.0,59.46,CAD,Booked,SimCorp
TRD0001088,2026-05-06,2026-05-07,SEC00088,CL680,PORT-012,22609.0,77.65,EUR,Matched,Murex
TRD0001089,2026-05-07,2026-04-20,SEC00313,CL489,PORT-047,25087.0,67.32,EUR,Booked,SimCorp
TRD0001090,2026-04-24,2026-04-30,SEC00132,CL272,PORT-070,24865.0,42.91,JPY,Matched,SimCorp
TRD0001091,2026-05-11,2026-04-23,SEC00272,CL220,PORT-053,19611.0,37.62,JPY,Booked,SimCorp
TRD0001092,2026-05-18,2026-04-18,SEC00013,CL157,PORT-019,18990.0,73.11,USD,Booked,SimCorp
TRD0001093,2026-05-19,2026-04-20,SEC00210,CL676,PORT-011,21951.0,108.21,GBP,Booked,Bloomberg AIM
TRD0001094,2026-05-16,2026-05-11,SEC00143,CL716,PORT-036,20278.0,68.56,CAD,Matched,Bloomberg AIM
TRD0001095,2026-05-12,2026-04-17,SEC00148,CL667,PORT-038,22060.0,88.65,USD,Booked,Aladdin
TRD0001096,2026-04-18,2026-04-27,SEC00084,CL199,PORT-028,19530.0,95.06,INR,Matched,Murex
TRD0001097,2026-05-06,2026-04-10,SEC00310,CL137,PORT-009,24321.0,73.21,GBP,Booked,SimCorp
TRD0001098,2026-05-16,2026-04-22,SEC00125,CL195,PORT-010,5796.0,50.15,JPY,Matched,Aladdin
TRD0001099,2026-05-19,2026-04-11,SEC00272,CL775,PORT-042,17015.0,71.4,JPY,Matched,Bloomberg AIM
TRD0001100,2026-04-28,2026-04-07,SEC00136,CL765,PORT-075,7621.0,101.75,INR,Booked,Aladdin
TRD0001101,2026-04-12,2026-04-07,SEC00015,CL365,PORT-048,20075.0,80.28,JPY,Booked,Murex
TRD0001102,2026-05-04,2026-04-18,SEC00281,CL149,PORT-035,30314.0,86.65,USD,Booked,Murex
TRD0001103,2026-05-17,2026-04-25,SEC00059,CL387,PORT-074,14444.0,56.72,EUR,Matched,Bloomberg AIM
TRD0001104,2026-05-09,2026-05-16,SEC00086,CL827,PORT-055,18954.0,62.13,CAD,Unmatched,Murex
TRD0001105,2026-04-27,2026-05-04,SEC00275,CL228,PORT-057,23674.0,63.97,USD,Booked,SimCorp
TRD0001106,2026-05-11,2026-04-30,SEC00285,CL815,PORT-046,-2492.0,65.5,INR,Matched,SimCorp
TRD0001107,2026-04-05,2026-04-16,SEC00293,CL516,PORT-061,14084.0,100.36,JPY,Matched,Bloomberg AIM
TRD0001108,2026-04-15,2026-04-25,SEC00136,CL227,PORT-040,20734.0,29.33,USD,Matched,SimCorp
TRD0001109,2026-05-04,2026-05-02,SEC00242,CL939,PORT-050,-3727.0,67.4,USD,Matched,Murex
TRD0001110,2026-04-07,2026-05-15,SEC00104,CL566,PORT-049,10674.0,64.86,CAD,Unmatched,SimCorp
TRD0001111,2026-05-05,2026-04-19,SEC00236,CL703,PORT-060,26256.0,41.26,USD,Matched,SimCorp
TRD0001112,2026-05-13,2026-05-02,SEC00160,CL186,PORT-071,25522.0,84.36,USD,Matched,Bloomberg AIM
TRD0001113,2026-04-07,2026-05-20,SEC00016,CL434,PORT-024,20807.0,51.75,USD,Booked,Aladdin
TRD0001114,2026-04-06,2026-05-09,SEC00133,CL668,PORT-056,24616.0,58.85,JPY,Matched,Bloomberg AIM
TRD0001115,2026-05-05,2026-04-12,SEC00149,CL680,PORT-003,19613.0,127.37,CAD,Cancelled,Murex
TRD0001116,2026-04-23,2026-05-16,SEC00082,CL156,PORT-043,22165.0,94.96,EUR,Unmatched,Murex
TRD0001117,2026-05-12,2026-05-03,SEC00119,CL643,PORT-071,15633.0,81.54,INR,Booked,Aladdin
TRD0001118,2026-04-21,2026-04-28,SEC00160,CL949,PORT-051,18869.0,76.19,INR,Unmatched,Aladdin
TRD0001119,2026-04-18,2026-05-18,SEC00015,CL806,PORT-022,13257.0,62.95,EUR,Booked,Aladdin
TRD0001120,2026-04-18,2026-05-14,SEC00048,CL286,PORT-048,27476.0,134.26,USD,Matched,Murex
TRD0001121,2026-04-24,2026-04-09,SEC00245,CL920,PORT-029,29412.0,88.3,GBP,Booked,SimCorp
TRD0001122,2026-04-18,2026-04-25,SEC00112,CL713,PORT-035,28349.0,51.3,USD,Matched,Aladdin
TRD0001123,2026-04-25,2026-05-12,SEC00194,CL151,PORT-019,14939.0,40.85,USD,Booked,Bloomberg AIM
TRD0001124,2026-04-13,2026-05-14,SEC00181,CL215,PORT-050,10847.0,81.32,GBP,Booked,Murex
TRD0001125,2026-05-11,2026-05-02,SEC00176,CL928,PORT-016,27577.0,65.4,INR,Booked,Aladdin
TRD0001126,2026-04-28,2026-04-19,SEC00132,CL288,PORT-036,22079.0,40.44,CAD,Booked,Aladdin
TRD0001127,2026-05-01,2026-04-19,SEC00154,CL186,PORT-075,20464.0,77.48,JPY,Matched,Aladdin
TRD0001128,2026-04-25,2026-05-13,SEC00263,CL505,PORT-060,13248.0,60.69,EUR,Unmatched,Aladdin
TRD0001129,2026-05-13,2026-04-19,SEC00308,CL572,PORT-033,21192.0,80.3,EUR,Matched,Aladdin
TRD0001130,2026-05-05,2026-04-11,SEC00082,CL615,PORT-077,9860.0,77.84,JPY,Matched,Aladdin
TRD0001131,2026-04-07,2026-05-11,SEC00214,CL692,PORT-002,22755.0,53.9,EUR,Matched,Bloomberg AIM
TRD0001132,2026-05-15,2026-05-20,SEC00310,CL997,PORT-076,28342.0,83.22,JPY,Booked,Aladdin
TRD0001133,2026-04-21,2026-04-08,SEC00002,CL782,PORT-028,30233.0,56.02,INR,Matched,Bloomberg AIM
TRD0001134,2026-04-20,2026-04-28,SEC00251,CL123,PORT-065,23314.0,57.31,CAD,Matched,SimCorp
TRD0001135,2026-04-28,2026-04-17,SEC00158,CL179,PORT-075,-7635.0,55.35,USD,Booked,Bloomberg AIM
TRD0001136,2026-05-18,2026-05-07,SEC00309,CL100,PORT-048,19480.0,99.07,EUR,Matched,Bloomberg AIM
TRD0001137,2026-05-18,2026-05-08,SEC00185,CL455,PORT-049,34048.0,60.45,EUR,Matched,Bloomberg AIM
TRD0001138,2026-05-07,2026-05-11,SEC00268,CL414,PORT-060,11485.0,107.81,JPY,Matched,Murex
TRD0001139,2026-05-15,2026-05-12,SEC00053,CL939,PORT-019,17556.0,124.49,EUR,Matched,Aladdin
TRD0001140,2026-05-15,2026-04-30,SEC00045,CL429,PORT-015,28601.0,51.49,CAD,Booked,Bloomberg AIM
TRD0001141,2026-05-12,2026-05-17,SEC00296,CL127,PORT-028,22629.0,23.99,CAD,Matched,SimCorp
TRD0001142,2026-05-11,2026-04-14,SEC00168,CL894,PORT-038,36601.0,96.12,EUR,Booked,Bloomberg AIM
TRD0001143,2026-04-12,2026-04-28,SEC00178,CL333,PORT-059,12503.0,59.16,GBP,Unmatched,Aladdin
TRD0001144,2026-04-21,2026-04-10,SEC00054,CL920,PORT-021,10577.0,49.25,GBP,Booked,SimCorp
TRD0001145,2026-05-18,2026-04-29,SEC00072,CL796,PORT-045,27181.0,54.27,USD,Matched,Murex
TRD0001146,2026-04-21,2026-05-08,SEC00261,CL891,PORT-001,9031.0,57.67,CAD,Matched,Murex
TRD0001147,2026-05-13,2026-04-28,SEC00097,CL836,PORT-003,16524.0,105.01,INR,Booked,SimCorp
TRD0001148,2026-05-01,2026-05-15,SEC00186,CL228,PORT-077,17508.0,70.53,EUR,Booked,Aladdin
TRD0001149,2026-05-18,2026-04-14,SEC00101,CL662,PORT-068,25770.0,104.51,JPY,Booked,Bloomberg AIM
TRD0001150,2026-05-15,2026-04-19,SEC00084,CL470,PORT-069,22607.0,79.28,GBP,Matched,SimCorp
TRD0001151,2026-05-14,2026-05-15,UNKNOWN,CL665,PORT-026,21428.0,59.85,EUR,Unmatched,SimCorp
TRD0001152,2026-04-30,2026-04-25,UNKNOWN,CL770,PORT-041,14982.0,58.17,EUR,Booked,Aladdin
TRD0001153,2026-04-29,2026-04-27,SEC00300,CL550,PORT-054,27113.0,81.17,USD,Matched,SimCorp
TRD0001154,2026-05-04,2026-05-12,SEC00036,CL381,PORT-021,48194.0,88.87,INR,Unmatched,Aladdin
TRD0001155,2026-04-22,2026-05-16,SEC00113,CL923,PORT-059,23185.0,94.53,JPY,Matched,Aladdin
TRD0001156,2026-04-17,2026-04-17,SEC00180,CL696,PORT-055,18748.0,60.85,CAD,Matched,Bloomberg AIM
TRD0001157,2026-04-17,2026-05-10,SEC00122,CL896,PORT-033,8266.0,70.9,USD,Matched,Murex
TRD0001158,2026-04-23,2026-04-28,SEC00230,CL313,PORT-035,13219.0,81.81,JPY,Matched,Aladdin
TRD0001159,2026-04-25,2026-05-10,SEC00083,CL853,PORT-025,16397.0,58.3,JPY,Booked,Aladdin
TRD0001160,2026-04-27,2026-04-22,SEC00018,CL390,PORT-064,13990.0,44.83,JPY,Booked,Aladdin
TRD0001161,2026-05-09,2026-05-19,SEC00107,CL513,PORT-078,17879.0,50.29,CAD,Matched,Bloomberg AIM
TRD0001162,2026-04-28,2026-05-05,SEC00191,CL873,PORT-079,31335.0,61.29,GBP,Matched,Murex
TRD0001163,2026-05-19,2026-04-27,SEC00057,CL418,PORT-061,27354.0,84.08,USD,Booked,SimCorp
TRD0001164,2026-04-06,2026-05-02,SEC00261,CL325,PORT-028,16809.0,103.61,USD,Unmatched,Aladdin
TRD0001165,2026-05-03,2026-04-24,SEC00003,CL923,PORT-062,8938.0,41.49,GBP,Booked,Aladdin
TRD0001166,2026-04-15,2026-05-13,SEC00021,CL966,PORT-020,28030.0,54.11,EUR,Matched,Bloomberg AIM
TRD0001167,2026-04-06,2026-05-02,SEC00162,CL379,PORT-071,17632.0,58.84,USD,Unmatched,SimCorp
TRD0001168,2026-04-27,2026-04-17,SEC00163,CL375,PORT-022,5051.0,88.07,USD,Unmatched,SimCorp
TRD0001169,2026-04-11,2026-05-06,SEC00094,CL304,PORT-032,23343.0,55.43,EUR,Matched,Aladdin
TRD0001170,2026-04-28,2026-05-14,SEC00082,CL121,PORT-008,25693.0,57.37,USD,Booked,Murex
TRD0001171,2026-05-14,2026-04-13,SEC00022,CL597,PORT-007,-194.0,40.68,GBP,Booked,SimCorp
TRD0001172,2026-05-18,2026-04-16,SEC00212,CL329,PORT-032,11816.0,78.98,JPY,Booked,Bloomberg AIM
TRD0001173,2026-05-13,2026-04-21,SEC00121,CL863,PORT-044,17172.0,63.02,EUR,Matched,Bloomberg AIM
TRD0001174,2026-04-07,2026-04-16,SEC00037,CL253,PORT-002,23509.0,53.04,USD,Booked,Aladdin
TRD0001175,2026-04-28,2026-04-16,SEC00127,CL671,PORT-067,14132.0,60.9,JPY,Matched,Aladdin
TRD0001176,2026-05-05,2026-04-18,SEC00299,CL555,PORT-010,11759.0,98.93,USD,Booked,Murex
TRD0001177,2026-04-29,2026-04-29,SEC00083,CL650,PORT-079,23454.0,46.91,INR,Matched,Murex
TRD0001178,2026-05-08,2026-05-21,SEC00286,CL201,PORT-022,14488.0,49.67,GBP,Booked,SimCorp
TRD0001179,2026-04-10,2026-04-25,SEC00082,CL519,PORT-030,22065.0,103.37,GBP,Matched,Aladdin
TRD0001180,2026-04-05,2026-05-09,SEC00059,CL662,PORT-013,9664.0,68.48,EUR,Matched,SimCorp
TRD0001181,2026-05-16,2026-04-17,SEC00083,CL406,PORT-066,7858.0,84.3,EUR,Cancelled,Murex
TRD0001182,2026-04-17,2026-04-30,SEC00103,CL886,PORT-058,23665.0,76.75,USD,Unmatched,Bloomberg AIM
TRD0001183,2026-05-04,2026-04-11,SEC00038,CL576,PORT-007,19894.0,65.87,JPY,Matched,Aladdin
TRD0001184,2026-05-17,2026-04-25,SEC00188,CL425,PORT-009,24918.0,59.03,USD,Booked,Bloomberg AIM
TRD0001185,2026-04-08,2026-04-27,SEC00106,CL127,PORT-049,14006.0,89.21,INR,Unmatched,Aladdin
TRD0001186,2026-05-17,2026-04-10,SEC00229,CL251,PORT-069,12037.0,100.16,EUR,Unmatched,SimCorp
TRD0001187,2026-05-10,2026-04-30,SEC00157,CL528,PORT-009,28205.0,97.46,JPY,Unmatched,SimCorp
TRD0001188,2026-05-18,2026-05-05,SEC00141,CL459,PORT-018,6578.0,44.04,JPY,Matched,SimCorp
TRD0001189,2026-04-28,2026-05-05,SEC00150,CL883,PORT-044,27386.0,105.29,JPY,Booked,Bloomberg AIM
TRD0001190,2026-04-23,2026-04-12,SEC00050,CL806,PORT-009,27904.0,58.83,INR,Matched,Aladdin
TRD0001191,2026-05-05,2026-04-17,SEC00228,CL242,PORT-025,24451.0,51.2,JPY,Booked,Murex
TRD0001192,2026-05-16,2026-05-14,SEC00033,CL631,PORT-001,12841.0,62.85,CAD,Booked,Bloomberg AIM
TRD0001193,2026-05-14,2026-04-29,SEC00230,CL508,PORT-040,11876.0,89.2,EUR,Booked,SimCorp
TRD0001194,2026-04-07,2026-05-05,SEC00319,CL190,PORT-057,16425.0,80.57,INR,Matched,Murex
TRD0001195,2026-04-13,2026-04-22,SEC00244,CL698,PORT-033,8287.0,60.98,GBP,Booked,SimCorp
TRD0001196,2026-04-07,2026-05-19,SEC00145,CL582,PORT-021,10787.0,89.41,JPY,Matched,SimCorp
TRD0001197,2026-04-26,2026-04-19,SEC00100,CL178,PORT-034,22836.0,70.03,GBP,Matched,Aladdin
TRD0001198,2026-04-25,2026-04-18,SEC00279,CL520,PORT-041,22870.0,54.57,CAD,Matched,Murex
TRD0001199,2026-04-14,2026-05-11,SEC00082,CL757,PORT-014,10128.0,52.05,EUR,Booked,Murex
TRD0001200,2026-04-22,2026-05-15,SEC00154,CL394,PORT-009,23071.0,76.98,JPY,Unmatched,Aladdin
TRD0001201,2026-04-30,2026-04-23,SEC00246,CL420,PORT-015,21407.0,64.79,USD,Booked,Murex
TRD0001202,2026-05-06,2026-05-10,SEC00295,CL199,PORT-078,29324.0,41.21,JPY,Matched,Murex
TRD0001203,2026-04-28,2026-04-09,SEC00294,CL283,PORT-058,22269.0,89.7,USD,Matched,SimCorp
TRD0001204,2026-05-17,2026-04-17,SEC00028,CL982,PORT-010,25939.0,56.37,GBP,Booked,Murex
TRD0001205,2026-05-11,2026-04-09,SEC00287,CL658,PORT-024,21578.0,116.42,USD,Matched,Bloomberg AIM
TRD0001206,2026-04-16,2026-04-27,SEC00036,CL258,PORT-033,25349.0,40.81,EUR,Booked,Bloomberg AIM
TRD0001207,2026-04-10,2026-04-09,SEC00187,CL533,PORT-015,8347.0,62.6,GBP,Unmatched,Aladdin
TRD0001208,2026-05-15,2026-05-21,SEC00297,CL273,PORT-068,17087.0,52.2,EUR,Booked,Aladdin
TRD0001209,2026-05-15,2026-05-08,SEC00209,CL498,PORT-075,17708.0,47.4,GBP,Cancelled,Bloomberg AIM
TRD0001210,2026-05-16,2026-05-21,SEC00303,CL230,PORT-020,16172.0,56.24,USD,Matched,SimCorp
TRD0001211,2026-04-14,2026-04-21,SEC00110,CL656,PORT-002,21329.0,123.93,INR,Booked,Murex
TRD0001212,2026-05-05,2026-04-29,SEC00100,CL612,PORT-022,22758.0,70.12,INR,Matched,Aladdin
TRD0001213,2026-05-05,2026-05-09,SEC00104,CL669,PORT-047,20942.0,50.55,GBP,Booked,Murex
TRD0001214,2026-05-19,2026-05-08,SEC00113,CL498,PORT-064,16673.0,35.16,USD,Unmatched,Bloomberg AIM
TRD0001215,2026-04-06,2026-04-23,SEC00218,CL357,PORT-027,12482.0,36.51,USD,Matched,Murex
TRD0001216,2026-04-30,2026-05-13,SEC00144,CL324,PORT-022,26229.0,55.27,INR,Matched,Murex
TRD0001217,2026-04-14,2026-04-28,SEC00235,CL293,PORT-020,20623.0,53.42,CAD,Matched,Murex
TRD0001218,2026-04-18,2026-04-24,SEC00133,CL486,PORT-001,10360.0,61.66,CAD,Cancelled,SimCorp
TRD0001219,2026-05-13,2026-05-11,SEC00098,CL505,PORT-002,16547.0,30.11,GBP,Matched,Bloomberg AIM
TRD0001220,2026-04-13,2026-05-11,SEC00060,CL705,PORT-034,4925.0,64.58,GBP,Matched,Aladdin
TRD0001221,2026-04-25,2026-05-06,SEC00176,CL147,PORT-049,18265.0,95.56,USD,Booked,SimCorp
TRD0001222,2026-04-22,2026-04-25,SEC00287,CL353,PORT-001,16512.0,117.68,USD,Booked,SimCorp
TRD0001223,2026-05-10,2026-05-10,SEC00274,CL866,PORT-016,13691.0,34.36,INR,Matched,SimCorp
TRD0001224,2026-04-11,2026-05-04,SEC00081,CL922,PORT-072,29885.0,50.38,GBP,Matched,Bloomberg AIM
TRD0001225,2026-04-08,2026-04-27,SEC00152,CL936,PORT-079,9329.0,49.45,GBP,Unmatched,Aladdin
TRD0001226,2026-05-01,2026-05-13,SEC00225,CL375,PORT-051,23298.0,70.18,GBP,Matched,Bloomberg AIM
TRD0001227,2026-05-15,2026-04-26,SEC00195,CL223,PORT-042,34400.0,43.51,EUR,Matched,SimCorp
TRD0001228,2026-04-11,2026-05-15,SEC00021,CL278,PORT-047,26080.0,120.16,CAD,Matched,Aladdin
TRD0001229,2026-04-10,2026-05-15,SEC00189,CL218,PORT-030,17763.0,67.71,INR,Matched,Bloomberg AIM
TRD0001230,2026-04-27,2026-05-11,SEC00012,CL958,PORT-016,9494.0,63.87,INR,Booked,Murex
TRD0001231,2026-04-23,2026-05-09,SEC00037,CL894,PORT-030,7785.0,116.45,GBP,Unmatched,Bloomberg AIM
TRD0001232,2026-05-09,2026-05-20,SEC00209,CL828,PORT-056,14913.0,66.31,INR,Booked,Aladdin
TRD0001233,2026-05-16,2026-04-08,SEC00032,CL756,PORT-053,12847.0,76.72,GBP,Matched,Bloomberg AIM
TRD0001234,2026-04-07,2026-05-08,SEC00108,CL408,PORT-054,12603.0,51.28,JPY,Unmatched,Bloomberg AIM
TRD0001235,2026-04-28,2026-04-15,SEC00188,CL527,PORT-049,15553.0,41.28,USD,Matched,Bloomberg AIM
TRD0001236,2026-05-07,2026-04-11,SEC00209,CL856,PORT-005,17233.0,53.86,INR,Booked,SimCorp
TRD0001237,2026-04-18,2026-04-15,SEC00142,CL832,PORT-050,21639.0,143.37,USD,Matched,Aladdin
TRD0001238,2026-05-18,2026-04-14,SEC00030,CL566,PORT-070,8717.0,83.23,INR,Booked,Aladdin
TRD0001239,2026-05-16,2026-05-17,SEC00255,CL852,PORT-052,12883.0,73.41,JPY,Booked,SimCorp
TRD0001240,2026-05-09,2026-05-05,SEC00303,CL411,PORT-046,16802.0,47.38,USD,Matched,Bloomberg AIM
TRD0001241,2026-04-29,2026-04-18,SEC00284,CL471,PORT-018,16534.0,91.74,JPY,Matched,Bloomberg AIM
TRD0001242,2026-05-03,2026-04-26,SEC00239,CL854,PORT-063,31773.0,41.46,EUR,Booked,Bloomberg AIM
TRD0001243,2026-05-11,2026-05-21,SEC00128,CL438,PORT-036,19742.0,38.53,GBP,Unmatched,SimCorp
TRD0001244,2026-05-04,2026-04-26,SEC00280,CL776,PORT-021,5898.0,54.84,USD,Matched,SimCorp
TRD0001245,2026-05-04,2026-04-15,SEC00156,CL507,PORT-039,21136.0,132.17,INR,Unmatched,Aladdin
TRD0001246,2026-04-26,2026-04-14,SEC00043,CL367,PORT-010,22092.0,129.58,JPY,Matched,Murex
TRD0001247,2026-04-24,2026-05-04,SEC00272,CL296,PORT-074,17062.0,56.94,GBP,Unmatched,SimCorp
TRD0001248,2026-04-10,2026-05-11,SEC00102,CL645,PORT-056,8900.0,52.67,CAD,Matched,Bloomberg AIM
TRD0001249,2026-04-13,2026-05-08,SEC00300,CL531,PORT-026,31185.0,37.56,JPY,Cancelled,SimCorp
TRD0001250,2026-05-06,2026-05-08,SEC00117,CL432,PORT-063,9976.0,68.53,JPY,Matched,SimCorp
TRD0001251,2026-04-09,2026-05-06,SEC00278,CL768,PORT-005,22956.0,70.58,USD,Booked,Aladdin
TRD0001252,2026-04-26,2026-05-08,SEC00171,CL100,PORT-031,19500.0,87.91,JPY,Booked,Murex
TRD0001253,2026-05-11,2026-05-01,SEC00149,CL182,PORT-052,22506.0,91.72,INR,Matched,Aladdin
TRD0001254,2026-05-04,2026-05-20,SEC00094,CL964,PORT-002,30801.0,62.23,CAD,Booked,Murex
TRD0001255,2026-04-16,2026-05-09,SEC00267,CL696,PORT-056,22212.0,81.01,JPY,Unmatched,Aladdin
TRD0001256,2026-04-13,2026-05-07,SEC00019,CL594,PORT-065,13810.0,52.18,EUR,Booked,Aladdin
TRD0001257,2026-05-03,2026-05-15,SEC00150,CL113,PORT-047,26295.0,80.48,INR,Unmatched,Murex
TRD0001258,2026-05-12,2026-04-12,SEC00118,CL637,PORT-017,13267.0,55.84,USD,Matched,Murex
TRD0001259,2026-05-11,2026-04-21,SEC00173,CL490,PORT-060,19227.0,78.32,EUR,Unmatched,Murex
TRD0001260,2026-05-15,2026-04-10,SEC00081,CL639,PORT-027,8302.0,76.13,CAD,Unmatched,Murex
TRD0001261,2026-04-18,2026-04-26,SEC00212,CL136,PORT-059,10250.0,68.31,INR,Matched,SimCorp
TRD0001262,2026-04-27,2026-05-17,SEC00123,CL595,PORT-050,18385.0,88.07,CAD,Matched,Aladdin
TRD0001263,2026-04-29,2026-04-11,SEC00060,CL619,PORT-008,20761.0,38.49,GBP,Booked,Bloomberg AIM
TRD0001264,2026-04-19,2026-05-01,SEC00063,CL360,PORT-008,5232.0,45.94,INR,Matched,Bloomberg AIM
TRD0001265,2026-04-12,2026-04-21,SEC00222,CL149,PORT-002,21730.0,60.67,INR,Matched,Bloomberg AIM
TRD0001266,2026-04-14,2026-05-04,SEC00083,CL973,PORT-006,11854.0,40.24,EUR,Booked,Aladdin
TRD0001267,2026-05-13,2026-04-29,SEC00098,CL737,PORT-024,27598.0,57.84,CAD,Booked,Aladdin
TRD0001268,2026-04-23,2026-04-29,SEC00200,CL658,PORT-003,15360.0,58.49,CAD,Matched,Bloomberg AIM
TRD0001269,2026-04-10,2026-05-09,SEC00105,CL789,PORT-075,9573.0,105.47,USD,Booked,Murex
TRD0001270,2026-04-15,2026-04-27,SEC00124,CL703,PORT-073,18569.0,70.1,INR,Matched,Murex
TRD0001271,2026-05-05,2026-04-18,SEC00078,CL220,PORT-014,11128.0,95.61,GBP,Booked,Bloomberg AIM
TRD0001272,2026-05-02,2026-05-21,SEC00110,CL508,PORT-025,27517.0,74.11,INR,Unmatched,SimCorp
TRD0001273,2026-04-09,2026-05-16,SEC00221,CL898,PORT-059,18004.0,55.29,JPY,Cancelled,SimCorp
TRD0001274,2026-05-18,2026-04-14,SEC00170,CL358,PORT-053,16862.0,69.88,EUR,Unmatched,Bloomberg AIM
TRD0001275,2026-04-26,2026-04-26,SEC00319,CL974,PORT-046,22439.0,86.08,USD,Matched,Bloomberg AIM
TRD0001276,2026-05-14,2026-04-08,SEC00246,CL157,PORT-079,10463.0,101.26,JPY,Booked,Aladdin
TRD0001277,2026-04-09,2026-04-24,SEC00005,CL397,PORT-050,8331.0,63.67,CAD,Matched,SimCorp
TRD0001278,2026-05-18,2026-04-22,SEC00121,CL414,PORT-053,21063.0,37.46,INR,Matched,Bloomberg AIM
TRD0001279,2026-05-18,2026-04-11,SEC00092,CL655,PORT-040,9752.0,36.55,EUR,Cancelled,Murex
TRD0001280,2026-05-05,2026-04-22,SEC00188,CL258,PORT-042,9750.0,59.49,CAD,Booked,Murex
TRD0001281,2026-05-10,2026-05-07,SEC00085,CL305,PORT-023,24276.0,29.42,GBP,Booked,Murex
TRD0001282,2026-04-27,2026-04-28,SEC00309,CL695,PORT-042,21938.0,125.0,JPY,Cancelled,Aladdin
TRD0001283,2026-05-06,2026-05-11,SEC00095,CL355,PORT-073,8596.0,82.18,EUR,Matched,SimCorp
TRD0001284,2026-05-03,2026-05-06,SEC00167,CL890,PORT-030,13356.0,53.38,JPY,Booked,Bloomberg AIM
TRD0001285,2026-04-24,2026-04-21,SEC00039,CL882,PORT-011,11222.0,45.22,JPY,Matched,Murex
TRD0001286,2026-04-24,2026-05-15,SEC00291,CL372,PORT-048,31322.0,95.57,INR,Booked,SimCorp
TRD0001287,2026-04-07,2026-04-21,SEC00291,CL603,PORT-063,24795.0,45.16,GBP,Matched,Murex
TRD0001288,2026-04-28,2026-04-25,SEC00253,CL399,PORT-076,14844.0,46.69,JPY,Booked,Bloomberg AIM
TRD0001289,2026-04-24,2026-05-08,SEC00112,CL410,PORT-043,22321.0,51.0,JPY,Booked,Bloomberg AIM
TRD0001290,2026-04-19,2026-05-19,SEC00018,CL702,PORT-063,7829.0,69.4,GBP,Booked,Bloomberg AIM
TRD0001291,2026-05-12,2026-04-20,SEC00227,CL363,PORT-020,12955.0,82.87,JPY,Booked,Murex
TRD0001292,2026-04-19,2026-04-14,SEC00137,CL234,PORT-034,18786.0,101.23,USD,Matched,Bloomberg AIM
TRD0001293,2026-04-11,2026-04-19,SEC00316,CL332,PORT-034,21392.0,96.13,CAD,Booked,Bloomberg AIM
TRD0001294,2026-05-05,2026-05-03,SEC00223,CL935,PORT-027,17269.0,66.7,USD,Matched,SimCorp
TRD0001295,2026-05-11,2026-04-22,SEC00172,CL333,PORT-057,19860.0,95.31,CAD,Matched,SimCorp
TRD0001296,2026-05-04,2026-05-03,SEC00315,CL427,PORT-070,18588.0,52.73,INR,Matched,Bloomberg AIM
TRD0001297,2026-05-07,2026-05-05,SEC00256,CL665,PORT-026,16773.0,35.26,CAD,Matched,Murex
TRD0001298,2026-04-23,2026-05-07,SEC00146,CL190,PORT-011,15779.0,52.73,USD,Booked,Bloomberg AIM
TRD0001299,2026-04-11,2026-05-12,SEC00006,CL341,PORT-066,14803.0,50.29,EUR,Booked,Murex
TRD0001300,2026-04-23,2026-04-08,SEC00029,CL257,PORT-068,19740.0,53.45,USD,Matched,Bloomberg AIM
TRD0001301,2026-05-14,2026-04-22,SEC00141,CL931,PORT-074,21081.0,47.67,GBP,Unmatched,SimCorp
TRD0001302,2026-05-05,2026-05-14,SEC00179,CL938,PORT-021,19488.0,56.75,CAD,Cancelled,Bloomberg AIM
TRD0001303,2026-04-18,2026-04-13,SEC00009,CL779,PORT-057,9161.0,82.85,INR,Unmatched,Bloomberg AIM
TRD0001304,2026-05-05,2026-05-15,SEC00040,CL322,PORT-057,10508.0,121.55,INR,Matched,Murex
TRD0001305,2026-04-23,2026-04-25,SEC00225,CL654,PORT-063,20992.0,36.46,CAD,Unmatched,SimCorp
TRD0001306,2026-04-18,2026-05-14,SEC00240,CL695,PORT-064,29038.0,42.49,USD,Matched,Aladdin
TRD0001307,2026-05-05,2026-05-05,SEC00009,CL881,PORT-076,19143.0,50.55,INR,Matched,Aladdin
TRD0001308,2026-04-20,2026-04-22,SEC00162,CL240,PORT-038,14912.0,87.18,EUR,Unmatched,Aladdin
TRD0001309,2026-05-02,2026-04-07,SEC00025,CL761,PORT-006,19683.0,62.07,INR,Matched,Bloomberg AIM
TRD0001310,2026-05-13,2026-04-07,SEC00231,CL274,PORT-016,9474.0,51.76,INR,Booked,Murex
TRD0001311,2026-05-03,2026-04-11,SEC00266,CL611,PORT-071,27817.0,85.7,INR,Booked,Bloomberg AIM
TRD0001312,2026-04-30,2026-05-11,SEC00278,CL890,PORT-067,19399.0,93.2,GBP,Booked,Aladdin
TRD0001313,2026-05-19,2026-05-17,SEC00191,CL155,PORT-001,12979.0,66.25,JPY,Booked,SimCorp
TRD0001314,2026-04-09,2026-04-11,SEC00201,CL233,PORT-030,16749.0,50.12,GBP,Matched,Murex
TRD0001315,2026-04-26,2026-04-10,UNKNOWN,CL831,PORT-020,14047.0,73.3,JPY,Matched,Aladdin
TRD0001316,2026-05-18,2026-05-09,SEC00195,CL116,PORT-026,27838.0,61.46,GBP,Booked,Bloomberg AIM
TRD0001317,2026-04-10,2026-05-21,SEC00142,CL715,PORT-051,16483.0,61.29,GBP,Matched,SimCorp
TRD0001318,2026-04-11,2026-04-22,SEC00241,CL550,PORT-041,19165.0,55.74,EUR,Booked,Murex
TRD0001319,2026-05-19,2026-05-18,SEC00189,CL411,PORT-038,22303.0,92.18,GBP,Matched,Bloomberg AIM
TRD0001320,2026-05-12,2026-05-20,SEC00269,CL875,PORT-035,12444.0,72.78,INR,Booked,Bloomberg AIM
TRD0001321,2026-05-03,2026-04-09,SEC00167,CL863,PORT-051,19453.0,95.82,CAD,Matched,Bloomberg AIM
TRD0001322,2026-04-27,2026-04-29,SEC00278,CL393,PORT-054,20058.0,106.45,USD,Matched,Murex
TRD0001323,2026-04-17,2026-05-16,SEC00014,CL103,PORT-004,6344.0,78.31,EUR,Matched,Bloomberg AIM
TRD0001324,2026-04-30,2026-04-22,SEC00011,CL215,PORT-011,19895.0,55.85,JPY,Matched,Bloomberg AIM
TRD0001325,2026-04-22,2026-05-05,SEC00031,CL196,PORT-027,17657.0,95.98,INR,Booked,Murex
TRD0001326,2026-05-19,2026-04-27,SEC00177,CL983,PORT-035,18975.0,78.49,EUR,Matched,Bloomberg AIM
TRD0001327,2026-04-20,2026-04-11,SEC00226,CL636,PORT-079,18267.0,165.87,EUR,Booked,Bloomberg AIM
TRD0001328,2026-04-08,2026-05-11,SEC00069,CL708,PORT-071,19944.0,74.33,USD,Matched,SimCorp
TRD0001329,2026-04-26,2026-04-22,SEC00049,CL307,PORT-052,28030.0,85.13,USD,Matched,SimCorp
TRD0001330,2026-04-29,2026-04-14,SEC00275,CL864,PORT-003,9154.0,73.82,USD,Matched,Aladdin
TRD0001331,2026-05-06,2026-05-02,SEC00240,CL749,PORT-008,15434.0,64.41,INR,Unmatched,Bloomberg AIM
TRD0001332,2026-04-07,2026-04-08,SEC00207,CL776,PORT-037,23000.0,60.91,CAD,Booked,SimCorp
TRD0001333,2026-05-18,2026-05-01,SEC00156,CL520,PORT-047,21607.0,73.92,GBP,Unmatched,Murex
TRD0001334,2026-05-07,2026-05-01,SEC00134,CL727,PORT-053,21446.0,80.03,EUR,Booked,Murex
TRD0001335,2026-05-13,2026-04-12,SEC00006,CL589,PORT-012,38652.0,99.89,CAD,Matched,Murex
TRD0001336,2026-04-11,2026-04-23,SEC00060,CL445,PORT-071,22606.0,74.3,EUR,Matched,SimCorp
TRD0001337,2026-04-28,2026-04-12,SEC00287,CL634,PORT-039,26482.0,56.71,USD,Matched,Bloomberg AIM
TRD0001338,2026-04-08,2026-04-16,SEC00108,CL391,PORT-047,15697.0,59.48,USD,Unmatched,Murex
TRD0001339,2026-04-20,2026-04-19,SEC00225,CL956,PORT-004,10553.0,41.97,GBP,Matched,Bloomberg AIM
TRD0001340,2026-04-24,2026-05-11,SEC00225,CL744,PORT-066,15643.0,119.27,INR,Booked,Bloomberg AIM
TRD0001341,2026-04-26,2026-05-04,SEC00099,CL764,PORT-043,23340.0,55.18,GBP,Cancelled,SimCorp
TRD0001342,2026-05-10,2026-04-13,SEC00065,CL744,PORT-018,21051.0,93.56,GBP,Unmatched,SimCorp
TRD0001343,2026-04-24,2026-04-24,SEC00221,CL503,PORT-026,21024.0,73.46,GBP,Matched,Bloomberg AIM
TRD0001344,2026-04-19,2026-05-09,SEC00029,CL954,PORT-028,16392.0,74.17,CAD,Booked,Murex
TRD0001345,2026-04-06,2026-05-07,SEC00158,CL286,PORT-003,15196.0,64.0,INR,Booked,Aladdin
TRD0001346,2026-04-25,2026-04-17,SEC00284,CL611,PORT-075,16651.0,50.62,JPY,Matched,Aladdin
TRD0001347,2026-04-07,2026-05-13,SEC00227,CL162,PORT-064,23434.0,47.51,GBP,Unmatched,Aladdin
TRD0001348,2026-04-07,2026-05-16,SEC00244,CL364,PORT-070,24305.0,122.11,JPY,Matched,Bloomberg AIM
TRD0001349,2026-04-26,2026-04-17,SEC00026,CL616,PORT-028,10453.0,69.4,CAD,Booked,SimCorp
TRD0001350,2026-04-30,2026-05-09,SEC00063,CL540,PORT-045,23718.0,98.87,JPY,Booked,SimCorp
TRD0001351,2026-05-13,2026-04-17,SEC00088,CL946,PORT-037,13120.0,108.28,INR,Matched,Murex
TRD0001352,2026-05-07,2026-04-27,SEC00093,CL651,PORT-038,21517.0,57.75,USD,Booked,Aladdin
TRD0001353,2026-04-10,2026-04-07,SEC00062,CL469,PORT-047,16560.0,77.34,CAD,Booked,Aladdin
TRD0001354,2026-05-13,2026-04-28,SEC00311,CL483,PORT-036,29743.0,67.75,CAD,Booked,Aladdin
TRD0001355,2026-05-02,2026-04-12,SEC00052,CL649,PORT-062,14864.0,44.48,INR,Booked,SimCorp
TRD0001356,2026-04-18,2026-04-13,SEC00226,CL811,PORT-005,19340.0,62.49,CAD,Booked,Bloomberg AIM
TRD0001357,2026-05-09,2026-05-12,SEC00187,CL348,PORT-016,22549.0,81.91,JPY,Matched,Aladdin
TRD0001358,2026-04-06,2026-04-07,SEC00195,CL625,PORT-071,11445.0,56.0,EUR,Booked,Aladdin
TRD0001359,2026-04-20,2026-04-18,SEC00068,CL616,PORT-070,17454.0,59.52,JPY,Matched,Aladdin
TRD0001360,2026-05-18,2026-05-17,SEC00098,CL108,PORT-065,16001.0,62.76,JPY,Matched,Murex
TRD0001361,2026-05-08,2026-05-21,SEC00194,CL920,PORT-030,14146.0,139.64,USD,Unmatched,Aladdin
TRD0001362,2026-04-16,2026-05-09,SEC00095,CL612,PORT-037,14702.0,35.1,EUR,Matched,Bloomberg AIM
TRD0001363,2026-04-11,2026-05-21,SEC00222,CL317,PORT-002,26340.0,79.49,EUR,Matched,Bloomberg AIM
TRD0001364,2026-04-08,2026-05-05,SEC00012,CL669,PORT-023,13511.0,61.03,JPY,Matched,Aladdin
TRD0001365,2026-04-11,2026-04-07,SEC00023,CL709,PORT-058,22248.0,53.29,USD,Matched,Bloomberg AIM
TRD0001366,2026-05-16,2026-04-30,SEC00233,CL922,PORT-028,20359.0,60.51,INR,Matched,SimCorp
TRD0001367,2026-04-17,2026-05-20,SEC00197,CL130,PORT-038,7523.0,84.23,USD,Matched,Bloomberg AIM
TRD0001368,2026-05-15,2026-04-29,SEC00013,CL471,PORT-010,21894.0,85.93,CAD,Matched,Aladdin
TRD0001369,2026-05-16,2026-05-12,SEC00287,CL261,PORT-040,7399.0,71.17,INR,Matched,Bloomberg AIM
TRD0001370,2026-04-18,2026-04-13,SEC00001,CL616,PORT-058,22711.0,97.75,GBP,Booked,Murex
TRD0001371,2026-04-28,2026-05-17,SEC00305,CL550,PORT-046,14196.0,103.97,GBP,Booked,Aladdin
TRD0001372,2026-04-20,2026-04-17,SEC00233,CL527,PORT-044,18063.0,88.74,INR,Booked,Bloomberg AIM
TRD0001373,2026-04-11,2026-05-01,SEC00316,CL982,PORT-073,8293.0,55.08,USD,Matched,Bloomberg AIM
TRD0001374,2026-05-16,2026-05-21,SEC00303,CL577,PORT-019,18918.0,79.29,INR,Matched,Aladdin
TRD0001375,2026-04-26,2026-04-21,SEC00100,CL469,PORT-024,24952.0,79.42,JPY,Matched,Bloomberg AIM
TRD0001376,2026-04-12,2026-05-01,SEC00242,CL160,PORT-050,11948.0,50.13,EUR,Booked,Bloomberg AIM
TRD0001377,2026-04-30,2026-04-17,SEC00067,CL360,PORT-038,13446.0,38.5,CAD,Booked,SimCorp
TRD0001378,2026-04-26,2026-04-24,SEC00150,CL906,PORT-078,21410.0,32.85,JPY,Booked,SimCorp
TRD0001379,2026-04-27,2026-04-16,SEC00076,CL506,PORT-005,21597.0,68.34,USD,Matched,Bloomberg AIM
TRD0001380,2026-04-09,2026-05-01,SEC00155,CL918,PORT-010,-256.0,74.02,JPY,Booked,Bloomberg AIM
TRD0001381,2026-05-17,2026-05-21,SEC00279,CL578,PORT-028,33116.0,44.1,GBP,Booked,Murex
TRD0001382,2026-04-10,2026-05-16,SEC00139,CL592,PORT-037,21964.0,96.17,INR,Booked,Aladdin
TRD0001383,2026-04-13,2026-05-01,SEC00029,CL486,PORT-071,23227.0,70.34,GBP,Matched,Murex
TRD0001384,2026-04-13,2026-05-04,SEC00103,CL600,PORT-040,16923.0,106.94,CAD,Booked,Aladdin
TRD0001385,2026-05-01,2026-04-16,SEC00251,CL159,PORT-035,4085.0,75.92,CAD,Matched,Bloomberg AIM
TRD0001386,2026-04-26,2026-05-03,SEC00166,CL151,PORT-014,23060.0,45.91,USD,Matched,SimCorp
TRD0001387,2026-05-03,2026-04-13,SEC00179,CL527,PORT-035,13761.0,78.29,GBP,Unmatched,Aladdin
TRD0001388,2026-05-08,2026-05-13,SEC00137,CL637,PORT-042,22079.0,84.31,EUR,Matched,Bloomberg AIM
TRD0001389,2026-04-10,2026-05-04,SEC00093,CL595,PORT-047,16359.0,55.05,GBP,Booked,Bloomberg AIM
TRD0001390,2026-04-27,2026-04-17,SEC00191,CL485,PORT-048,19785.0,40.26,USD,Booked,Bloomberg AIM
TRD0001391,2026-04-17,2026-05-16,SEC00202,CL364,PORT-034,12188.0,69.07,JPY,Matched,SimCorp
TRD0001392,2026-05-15,2026-05-07,SEC00287,CL737,PORT-013,24483.0,46.98,USD,Booked,SimCorp
TRD0001393,2026-04-14,2026-04-18,SEC00197,CL643,PORT-013,9087.0,98.72,JPY,Unmatched,Bloomberg AIM
TRD0001394,2026-04-20,2026-04-25,SEC00318,CL142,PORT-013,34842.0,57.83,GBP,Matched,Aladdin
TRD0001395,2026-04-05,2026-04-16,SEC00264,CL506,PORT-049,34785.0,121.95,CAD,Booked,Murex
TRD0001396,2026-05-13,2026-04-28,SEC00025,CL739,PORT-068,30245.0,31.71,CAD,Booked,Bloomberg AIM
TRD0001397,2026-04-25,2026-04-13,SEC00125,CL804,PORT-070,27566.0,69.91,JPY,Unmatched,Murex
TRD0001398,2026-04-26,2026-04-12,SEC00123,CL357,PORT-025,17366.0,109.98,GBP,Cancelled,Aladdin
TRD0001399,2026-04-25,2026-04-08,SEC00000,CL931,PORT-007,26749.0,48.83,INR,Unmatched,Bloomberg AIM
TRD0001400,2026-05-17,2026-05-16,SEC00057,CL685,PORT-050,17279.0,63.07,INR,Booked,Bloomberg AIM
TRD0001401,2026-04-28,2026-04-25,SEC00243,CL493,PORT-004,6349.0,57.91,USD,Matched,Murex
TRD0001402,2026-05-06,2026-05-16,SEC00112,CL663,PORT-050,29274.0,52.49,GBP,Booked,SimCorp
TRD0001403,2026-04-22,2026-05-11,SEC00047,CL883,PORT-031,26466.0,72.65,CAD,Booked,Murex
TRD0001404,2026-05-09,2026-05-08,SEC00091,CL303,PORT-067,17765.0,42.38,EUR,Matched,Aladdin
TRD0001405,2026-04-30,2026-04-22,SEC00087,CL235,PORT-050,8811.0,64.15,USD,Unmatched,Murex
TRD0001406,2026-04-22,2026-05-02,SEC00055,CL495,PORT-059,13603.0,79.89,CAD,Matched,Bloomberg AIM
TRD0001407,2026-05-17,2026-04-13,SEC00032,CL175,PORT-033,4341.0,61.85,CAD,Matched,Murex
TRD0001408,2026-04-14,2026-05-08,SEC00244,CL851,PORT-067,25088.0,46.99,JPY,Booked,Aladdin
TRD0001409,2026-04-17,2026-04-24,SEC00263,CL972,PORT-042,5975.0,95.64,JPY,Booked,SimCorp
TRD0001410,2026-05-17,2026-04-17,SEC00158,CL644,PORT-050,20151.0,86.11,GBP,Booked,Bloomberg AIM
TRD0001411,2026-05-17,2026-04-07,SEC00196,CL980,PORT-029,11672.0,46.32,GBP,Unmatched,Bloomberg AIM
TRD0001412,2026-04-11,2026-05-10,SEC00294,CL161,PORT-036,7300.0,42.4,CAD,Booked,Aladdin
TRD0001413,2026-05-07,2026-04-18,SEC00269,CL668,PORT-067,19788.0,47.79,CAD,Matched,Bloomberg AIM
TRD0001414,2026-04-11,2026-05-18,SEC00010,CL498,PORT-032,15497.0,80.71,GBP,Booked,SimCorp
TRD0001415,2026-04-27,2026-04-27,SEC00304,CL349,PORT-002,24286.0,73.44,EUR,Matched,Aladdin
TRD0001416,2026-05-04,2026-05-03,SEC00021,CL380,PORT-030,8493.0,87.93,EUR,Booked,Bloomberg AIM
TRD0001417,2026-05-07,2026-04-08,SEC00008,CL590,PORT-031,12320.0,59.49,USD,Booked,Bloomberg AIM
TRD0001418,2026-04-20,2026-04-17,SEC00129,CL676,PORT-034,93.0,48.25,GBP,Matched,Aladdin
TRD0001419,2026-05-15,2026-04-10,SEC00238,CL247,PORT-006,1617.0,91.98,JPY,Matched,Murex
TRD0001420,2026-05-01,2026-04-13,SEC00025,CL652,PORT-011,31486.0,54.94,INR,Unmatched,Bloomberg AIM
TRD0001421,2026-05-04,2026-05-03,SEC00093,CL932,PORT-026,33627.0,71.19,INR,Booked,SimCorp
TRD0001422,2026-05-13,2026-04-18,SEC00084,CL109,PORT-034,18695.0,38.77,GBP,Matched,Murex
TRD0001423,2026-05-04,2026-05-20,SEC00127,CL889,PORT-003,11821.0,54.63,EUR,Unmatched,Murex
TRD0001424,2026-04-26,2026-04-26,SEC00315,CL646,PORT-031,15762.0,94.94,CAD,Booked,Murex
TRD0001425,2026-04-19,2026-05-19,SEC00106,CL407,PORT-026,24552.0,51.9,INR,Unmatched,Murex
TRD0001426,2026-05-16,2026-04-19,SEC00066,CL760,PORT-003,14142.0,88.68,JPY,Unmatched,Aladdin
TRD0001427,2026-04-10,2026-04-08,SEC00039,CL655,PORT-020,19782.0,29.49,USD,Unmatched,Aladdin
TRD0001428,2026-04-10,2026-04-21,SEC00063,CL791,PORT-022,17904.0,54.83,GBP,Matched,Aladdin
TRD0001429,2026-04-18,2026-04-14,SEC00042,CL173,PORT-012,13734.0,62.8,JPY,Matched,Murex
TRD0001430,2026-04-08,2026-05-11,SEC00183,CL153,PORT-060,14054.0,122.72,CAD,Matched,SimCorp
TRD0001431,2026-04-30,2026-04-07,SEC00134,CL677,PORT-006,20200.0,44.29,JPY,Matched,SimCorp
TRD0001432,2026-04-13,2026-04-27,SEC00159,CL372,PORT-046,10673.0,84.34,GBP,Cancelled,Murex
TRD0001433,2026-04-17,2026-04-21,SEC00266,CL314,PORT-053,21388.0,96.54,GBP,Booked,Aladdin
TRD0001434,2026-04-24,2026-04-17,SEC00185,CL478,PORT-064,14463.0,51.8,GBP,Matched,SimCorp
TRD0001435,2026-05-11,2026-04-23,SEC00049,CL751,PORT-044,18955.0,58.51,USD,Matched,SimCorp
TRD0001436,2026-04-24,2026-05-07,SEC00120,CL261,PORT-043,28380.0,70.08,USD,Booked,SimCorp
TRD0001437,2026-04-09,2026-04-24,SEC00100,CL974,PORT-061,16739.0,39.71,INR,Matched,Bloomberg AIM
TRD0001438,2026-04-05,2026-04-22,SEC00264,CL478,PORT-068,24899.0,56.87,GBP,Matched,Bloomberg AIM
TRD0001439,2026-04-29,2026-04-13,SEC00098,CL235,PORT-017,4560.0,104.23,CAD,Matched,SimCorp
TRD0001440,2026-05-08,2026-04-30,SEC00044,CL163,PORT-063,14472.0,80.07,GBP,Matched,Aladdin
TRD0001441,2026-04-16,2026-04-29,SEC00235,CL870,PORT-037,18208.0,63.13,CAD,Booked,Bloomberg AIM
TRD0001442,2026-05-16,2026-04-29,SEC00137,CL201,PORT-008,32425.0,69.38,EUR,Unmatched,Bloomberg AIM
TRD0001443,2026-05-13,2026-05-16,SEC00030,CL476,PORT-049,3300.0,81.72,EUR,Matched,Bloomberg AIM
TRD0001444,2026-04-24,2026-05-17,SEC00220,CL701,PORT-078,17278.0,87.39,JPY,Matched,SimCorp
TRD0001445,2026-04-05,2026-05-21,SEC00067,CL561,PORT-012,28925.0,54.89,INR,Booked,Murex
TRD0001446,2026-05-05,2026-04-22,SEC00277,CL336,PORT-002,12112.0,114.11,USD,Matched,Bloomberg AIM
TRD0001447,2026-04-30,2026-05-03,SEC00266,CL197,PORT-073,16404.0,105.71,JPY,Unmatched,Murex
TRD0001448,2026-05-05,2026-04-13,SEC00118,CL739,PORT-048,20488.0,84.52,EUR,Booked,Bloomberg AIM
TRD0001449,2026-04-30,2026-04-20,SEC00177,CL540,PORT-018,19384.0,49.65,INR,Booked,SimCorp
TRD0001450,2026-05-19,2026-05-15,SEC00181,CL143,PORT-063,29743.0,46.66,JPY,Matched,SimCorp
TRD0001451,2026-04-23,2026-05-17,SEC00209,CL262,PORT-032,21364.0,59.48,JPY,Matched,Bloomberg AIM
TRD0001452,2026-04-23,2026-05-05,SEC00022,CL605,PORT-027,27958.0,68.12,EUR,Unmatched,Bloomberg AIM
TRD0001453,2026-05-05,2026-04-10,SEC00103,CL251,PORT-023,15300.0,35.91,EUR,Matched,Bloomberg AIM
TRD0001454,2026-05-08,2026-05-19,SEC00054,CL451,PORT-048,12446.0,79.29,JPY,Unmatched,Bloomberg AIM
TRD0001455,2026-04-15,2026-05-13,SEC00223,CL211,PORT-011,16307.0,104.65,GBP,Matched,SimCorp
TRD0001456,2026-05-11,2026-05-20,SEC00022,CL816,PORT-029,9307.0,81.59,INR,Matched,Aladdin
TRD0001457,2026-05-17,2026-05-03,SEC00165,CL666,PORT-025,21626.0,52.64,USD,Unmatched,SimCorp
TRD0001458,2026-05-18,2026-04-07,SEC00232,CL804,PORT-005,15106.0,50.5,EUR,Matched,Murex
TRD0001459,2026-04-10,2026-04-21,SEC00303,CL147,PORT-061,12962.0,74.07,USD,Booked,Bloomberg AIM
TRD0001460,2026-05-03,2026-04-29,SEC00092,CL437,PORT-001,21740.0,63.2,USD,Booked,Murex
TRD0001461,2026-05-15,2026-05-15,SEC00002,CL340,PORT-076,9422.0,77.87,EUR,Matched,Bloomberg AIM
TRD0001462,2026-04-10,2026-05-06,SEC00231,CL659,PORT-008,23779.0,82.32,GBP,Matched,Murex
TRD0001463,2026-05-13,2026-04-28,SEC00000,CL838,PORT-029,14412.0,97.73,USD,Matched,Aladdin
TRD0001464,2026-05-04,2026-05-09,UNKNOWN,CL304,PORT-008,26693.0,44.87,USD,Matched,Bloomberg AIM
TRD0001465,2026-05-19,2026-04-20,SEC00316,CL791,PORT-029,15054.0,72.06,CAD,Matched,Aladdin
TRD0001466,2026-04-19,2026-04-07,SEC00276,CL621,PORT-049,22739.0,58.72,JPY,Booked,Aladdin
TRD0001467,2026-04-18,2026-05-12,SEC00226,CL840,PORT-007,19347.0,64.42,INR,Matched,Aladdin
TRD0001468,2026-04-15,2026-05-10,SEC00267,CL173,PORT-042,23579.0,90.25,INR,Matched,SimCorp
TRD0001469,2026-05-08,2026-05-16,SEC00024,CL990,PORT-061,18825.0,93.75,USD,Booked,Aladdin
TRD0001470,2026-05-05,2026-04-19,SEC00028,CL490,PORT-036,5525.0,108.79,JPY,Matched,SimCorp
TRD0001471,2026-04-07,2026-05-01,SEC00096,CL351,PORT-009,25566.0,77.4,CAD,Matched,Aladdin
TRD0001472,2026-04-13,2026-05-09,SEC00007,CL264,PORT-055,17342.0,64.17,GBP,Matched,Aladdin
TRD0001473,2026-05-18,2026-05-12,SEC00284,CL985,PORT-015,23921.0,61.04,CAD,Matched,SimCorp
TRD0001474,2026-04-18,2026-05-18,SEC00018,CL894,PORT-002,23177.0,36.34,CAD,Booked,SimCorp
TRD0001475,2026-04-13,2026-04-30,SEC00174,CL217,PORT-035,12200.0,106.58,JPY,Matched,SimCorp
TRD0001476,2026-04-24,2026-04-21,SEC00273,CL499,PORT-022,11139.0,59.58,USD,Matched,SimCorp
TRD0001477,2026-04-21,2026-05-11,SEC00235,CL759,PORT-003,22915.0,79.6,JPY,Matched,SimCorp
TRD0001478,2026-05-19,2026-05-21,SEC00075,CL631,PORT-062,15726.0,84.58,CAD,Booked,Aladdin
TRD0001479,2026-05-18,2026-04-30,SEC00150,CL269,PORT-048,25023.0,43.13,JPY,Unmatched,SimCorp
TRD0001480,2026-05-18,2026-04-21,SEC00175,CL423,PORT-072,16663.0,48.27,INR,Booked,Murex
TRD0001481,2026-05-12,2026-05-06,SEC00245,CL430,PORT-038,25676.0,114.6,JPY,Booked,Aladdin
TRD0001482,2026-04-05,2026-05-10,SEC00136,CL359,PORT-035,21175.0,73.82,GBP,Matched,Aladdin
TRD0001483,2026-04-21,2026-05-15,SEC00091,CL963,PORT-067,20160.0,54.42,CAD,Matched,Murex
TRD0001484,2026-04-14,2026-04-18,SEC00254,CL282,PORT-007,15195.0,63.8,USD,Matched,Bloomberg AIM
TRD0001485,2026-05-06,2026-04-13,SEC00283,CL735,PORT-029,19743.0,97.53,GBP,Booked,SimCorp
TRD0001486,2026-04-07,2026-04-17,SEC00156,CL919,PORT-064,26946.0,92.48,USD,Matched,Murex
TRD0001487,2026-05-11,2026-04-28,SEC00008,CL814,PORT-024,17593.0,39.92,JPY,Matched,SimCorp
TRD0001488,2026-04-09,2026-04-19,SEC00160,CL818,PORT-070,21984.0,118.16,CAD,Unmatched,Bloomberg AIM
TRD0001489,2026-05-18,2026-05-04,SEC00284,CL242,PORT-023,18348.0,93.52,CAD,Unmatched,Bloomberg AIM
TRD0001490,2026-05-19,2026-05-20,SEC00316,CL219,PORT-033,18935.0,63.22,EUR,Matched,Aladdin
TRD0001491,2026-05-16,2026-05-05,SEC00128,CL803,PORT-071,30926.0,43.94,INR,Booked,Murex
TRD0001492,2026-04-14,2026-04-20,SEC00048,CL771,PORT-020,27013.0,96.44,CAD,Booked,Bloomberg AIM
TRD0001493,2026-05-08,2026-04-22,SEC00183,CL766,PORT-077,18596.0,78.79,CAD,Unmatched,Aladdin
TRD0001494,2026-04-29,2026-04-07,SEC00265,CL476,PORT-004,19608.0,40.04,JPY,Matched,Murex
TRD0001495,2026-04-28,2026-04-07,SEC00302,CL570,PORT-021,12736.0,61.48,EUR,Matched,Bloomberg AIM
TRD0001496,2026-04-14,2026-05-11,SEC00016,CL113,PORT-047,16703.0,199.17,GBP,Unmatched,Murex
TRD0001497,2026-05-04,2026-05-21,SEC00092,CL361,PORT-047,20320.0,67.07,INR,Unmatched,Murex
TRD0001498,2026-05-19,2026-05-09,SEC00152,CL575,PORT-072,24380.0,51.43,JPY,Matched,SimCorp
TRD0001499,2026-05-02,2026-04-12,SEC00031,CL213,PORT-076,23619.0,46.85,GBP,Unmatched,Murex
TRD0001500,2026-05-07,2026-04-15,UNKNOWN,CL216,PORT-054,9681.0,123.99,EUR,Booked,Aladdin
TRD0001501,2026-04-17,2026-05-17,SEC00035,CL140,PORT-053,25327.0,89.72,JPY,Matched,SimCorp
TRD0001502,2026-04-16,2026-05-14,SEC00212,CL288,PORT-026,17334.0,109.14,GBP,Unmatched,Bloomberg AIM
TRD0001503,2026-05-15,2026-04-26,SEC00293,CL992,PORT-064,10598.0,72.74,GBP,Booked,Bloomberg AIM
TRD0001504,2026-04-14,2026-04-22,SEC00219,CL725,PORT-051,28023.0,103.43,CAD,Booked,Aladdin
TRD0001505,2026-05-16,2026-04-07,SEC00244,CL952,PORT-002,28975.0,49.56,USD,Matched,Aladdin
TRD0001506,2026-04-22,2026-04-18,SEC00084,CL331,PORT-066,19978.0,70.59,EUR,Matched,Murex
TRD0001507,2026-05-02,2026-05-12,SEC00264,CL638,PORT-029,23316.0,73.73,CAD,Booked,Murex
TRD0001508,2026-05-06,2026-05-20,SEC00133,CL901,PORT-038,23756.0,108.19,CAD,Booked,Bloomberg AIM
TRD0001509,2026-04-28,2026-04-23,SEC00019,CL416,PORT-039,-28468.0,74.56,EUR,Booked,Bloomberg AIM
TRD0001510,2026-05-06,2026-04-27,SEC00117,CL690,PORT-065,23461.0,53.57,CAD,Booked,Murex
TRD0001511,2026-04-14,2026-04-10,SEC00111,CL722,PORT-022,8042.0,68.2,EUR,Unmatched,Aladdin
TRD0001512,2026-04-06,2026-04-26,SEC00166,CL848,PORT-031,33074.0,37.09,USD,Matched,Murex
TRD0001513,2026-04-13,2026-04-29,SEC00084,CL971,PORT-004,25992.0,29.6,EUR,Matched,Aladdin
TRD0001514,2026-04-30,2026-05-08,SEC00147,CL653,PORT-028,14179.0,89.21,JPY,Booked,Bloomberg AIM
TRD0001515,2026-04-27,2026-05-18,UNKNOWN,CL623,PORT-007,10278.0,58.49,USD,Matched,SimCorp
TRD0001516,2026-04-29,2026-04-12,SEC00104,CL881,PORT-047,21786.0,60.86,EUR,Booked,Murex
TRD0001517,2026-04-14,2026-04-14,SEC00222,CL715,PORT-071,15913.0,89.2,INR,Unmatched,Aladdin
TRD0001518,2026-04-25,2026-05-14,SEC00097,CL425,PORT-037,20475.0,108.74,JPY,Unmatched,Bloomberg AIM
TRD0001519,2026-04-28,2026-04-20,SEC00245,CL666,PORT-073,23576.0,80.4,JPY,Matched,Aladdin
TRD0001520,2026-05-01,2026-05-05,SEC00080,CL593,PORT-078,13752.0,130.95,CAD,Cancelled,Aladdin
TRD0001521,2026-05-03,2026-05-02,SEC00276,CL305,PORT-005,9629.0,79.51,EUR,Booked,SimCorp
TRD0001522,2026-04-25,2026-04-13,SEC00116,CL563,PORT-041,20894.0,74.13,CAD,Booked,Murex
TRD0001523,2026-04-18,2026-04-14,SEC00013,CL660,PORT-042,14000.0,72.54,GBP,Matched,SimCorp
TRD0001524,2026-04-30,2026-05-13,SEC00047,CL912,PORT-031,19096.0,42.52,CAD,Booked,Bloomberg AIM
TRD0001525,2026-04-13,2026-05-08,SEC00258,CL621,PORT-066,7925.0,93.19,INR,Unmatched,Bloomberg AIM
TRD0001526,2026-04-12,2026-04-15,SEC00279,CL248,PORT-032,16109.0,28.33,EUR,Booked,Murex
TRD0001527,2026-04-30,2026-04-10,SEC00067,CL987,PORT-005,23362.0,54.32,EUR,Matched,SimCorp
TRD0001528,2026-04-09,2026-05-18,UNKNOWN,CL619,PORT-044,22544.0,67.22,JPY,Booked,Aladdin
TRD0001529,2026-05-12,2026-04-14,SEC00183,CL358,PORT-016,12087.0,50.58,JPY,Booked,Murex
TRD0001530,2026-04-08,2026-04-29,SEC00042,CL778,PORT-029,9238.0,56.93,EUR,Matched,SimCorp
TRD0001531,2026-05-06,2026-04-25,SEC00144,CL445,PORT-040,18118.0,126.95,EUR,Unmatched,Aladdin
TRD0001532,2026-04-24,2026-05-18,SEC00222,CL432,PORT-058,22208.0,98.14,CAD,Matched,Murex
TRD0001533,2026-05-07,2026-04-21,SEC00309,CL854,PORT-022,21039.0,52.46,INR,Matched,Murex
TRD0001534,2026-04-30,2026-04-21,SEC00271,CL879,PORT-031,14159.0,56.58,EUR,Booked,Aladdin
TRD0001535,2026-05-04,2026-04-22,SEC00031,CL571,PORT-006,20234.0,42.65,INR,Booked,Murex
TRD0001536,2026-04-18,2026-04-16,SEC00076,CL435,PORT-031,29268.0,85.35,USD,Booked,Bloomberg AIM
TRD0001537,2026-05-16,2026-04-09,SEC00139,CL876,PORT-046,19539.0,61.1,GBP,Matched,SimCorp
TRD0001538,2026-04-12,2026-04-13,SEC00048,CL255,PORT-049,5751.0,33.51,USD,Booked,Bloomberg AIM
TRD0001539,2026-04-09,2026-04-18,SEC00182,CL771,PORT-024,19524.0,69.08,JPY,Booked,Aladdin
TRD0001540,2026-04-24,2026-04-07,SEC00002,CL625,PORT-005,33330.0,77.76,EUR,Matched,Aladdin
TRD0001541,2026-04-25,2026-04-21,SEC00036,CL867,PORT-046,8345.0,93.42,EUR,Matched,Aladdin
TRD0001542,2026-04-18,2026-04-21,SEC00015,CL478,PORT-052,18223.0,65.0,EUR,Booked,Aladdin
TRD0001543,2026-05-11,2026-04-27,SEC00094,CL847,PORT-007,16302.0,58.53,EUR,Booked,Bloomberg AIM
TRD0001544,2026-04-16,2026-04-17,SEC00243,CL113,PORT-040,18719.0,133.65,USD,Matched,Murex
TRD0001545,2026-05-10,2026-05-18,SEC00056,CL781,PORT-008,19457.0,66.84,JPY,Matched,SimCorp
TRD0001546,2026-04-19,2026-04-29,SEC00315,CL162,PORT-036,26550.0,85.79,CAD,Booked,Aladdin
TRD0001547,2026-05-06,2026-05-02,SEC00086,CL677,PORT-051,18636.0,55.21,EUR,Matched,SimCorp
TRD0001548,2026-04-16,2026-04-10,SEC00014,CL275,PORT-057,27579.0,84.9,INR,Booked,Bloomberg AIM
TRD0001549,2026-04-14,2026-05-18,SEC00107,CL966,PORT-057,17118.0,40.07,JPY,Unmatched,Murex
TRD0001550,2026-05-10,2026-04-23,SEC00239,CL791,PORT-060,15374.0,56.73,EUR,Unmatched,Bloomberg AIM
TRD0001551,2026-04-22,2026-05-13,SEC00034,CL194,PORT-020,12981.0,43.69,USD,Booked,SimCorp
TRD0001552,2026-04-27,2026-04-12,SEC00022,CL901,PORT-067,4372.0,53.96,INR,Matched,Bloomberg AIM
TRD0001553,2026-05-06,2026-04-13,UNKNOWN,CL326,PORT-028,20068.0,103.3,USD,Booked,Aladdin
TRD0001554,2026-04-23,2026-05-11,SEC00189,CL590,PORT-030,33405.0,53.82,GBP,Unmatched,SimCorp
TRD0001555,2026-04-05,2026-04-12,SEC00109,CL176,PORT-063,21437.0,85.75,USD,Matched,Bloomberg AIM
TRD0001556,2026-05-19,2026-04-29,UNKNOWN,CL194,PORT-026,23151.0,113.41,INR,Matched,Aladdin
TRD0001557,2026-04-06,2026-04-08,SEC00270,CL316,PORT-006,14902.0,66.05,CAD,Booked,Aladdin
TRD0001558,2026-04-11,2026-04-19,SEC00114,CL580,PORT-057,16167.0,94.43,EUR,Booked,Murex
TRD0001559,2026-04-26,2026-05-20,SEC00179,CL588,PORT-053,25385.0,80.31,EUR,Matched,Aladdin
TRD0001560,2026-04-22,2026-05-12,UNKNOWN,CL869,PORT-046,33065.0,69.46,JPY,Matched,Aladdin
TRD0001561,2026-05-03,2026-05-03,SEC00097,CL248,PORT-012,29160.0,86.71,JPY,Matched,Bloomberg AIM
TRD0001562,2026-05-14,2026-05-12,SEC00190,CL773,PORT-050,24039.0,126.97,GBP,Unmatched,SimCorp
TRD0001563,2026-04-24,2026-05-16,SEC00063,CL105,PORT-016,18264.0,53.35,GBP,Matched,Murex
TRD0001564,2026-04-13,2026-04-07,SEC00317,CL361,PORT-044,19573.0,47.67,EUR,Matched,Murex
TRD0001565,2026-05-09,2026-04-12,SEC00310,CL257,PORT-041,12349.0,46.7,EUR,Unmatched,Murex
TRD0001566,2026-04-17,2026-05-02,SEC00082,CL211,PORT-062,7139.0,94.45,JPY,Matched,SimCorp
TRD0001567,2026-04-16,2026-05-12,SEC00126,CL625,PORT-078,9549.0,99.02,INR,Unmatched,Murex
TRD0001568,2026-04-15,2026-05-13,SEC00060,CL909,PORT-016,18374.0,55.26,INR,Cancelled,SimCorp
TRD0001569,2026-05-04,2026-04-10,UNKNOWN,CL699,PORT-010,15810.0,31.58,JPY,Booked,Aladdin
TRD0001570,2026-05-02,2026-05-07,SEC00039,CL867,PORT-044,6979.0,52.66,INR,Matched,Murex
TRD0001571,2026-05-01,2026-05-21,SEC00125,CL631,PORT-076,17720.0,80.78,JPY,Matched,Bloomberg AIM
TRD0001572,2026-04-11,2026-05-04,SEC00177,CL148,PORT-013,15612.0,65.15,GBP,Booked,Aladdin
TRD0001573,2026-04-09,2026-05-01,SEC00195,CL411,PORT-039,9204.0,71.03,GBP,Matched,Murex
TRD0001574,2026-05-01,2026-04-23,SEC00190,CL840,PORT-033,15224.0,55.52,JPY,Matched,Aladdin
TRD0001575,2026-04-06,2026-05-06,SEC00070,CL139,PORT-026,15593.0,95.1,EUR,Matched,Bloomberg AIM
TRD0001576,2026-04-24,2026-04-10,SEC00253,CL187,PORT-053,13375.0,75.2,INR,Booked,SimCorp
TRD0001577,2026-05-02,2026-04-23,SEC00221,CL849,PORT-024,24950.0,81.88,EUR,Matched,Aladdin
TRD0001578,2026-05-19,2026-04-07,SEC00240,CL156,PORT-039,3728.0,70.5,USD,Matched,Murex
TRD0001579,2026-04-22,2026-05-05,SEC00149,CL962,PORT-067,3107.0,80.12,GBP,Matched,Bloomberg AIM
TRD0001580,2026-04-20,2026-04-22,SEC00285,CL781,PORT-030,18025.0,78.3,USD,Booked,Murex
TRD0001581,2026-04-06,2026-05-05,SEC00124,CL697,PORT-002,18721.0,48.19,EUR,Matched,Bloomberg AIM
TRD0001582,2026-04-17,2026-04-20,SEC00257,CL582,PORT-070,21032.0,75.99,GBP,Booked,Murex
TRD0001583,2026-05-18,2026-04-18,SEC00065,CL180,PORT-022,13958.0,87.97,USD,Booked,Murex
TRD0001584,2026-04-24,2026-05-07,SEC00079,CL472,PORT-062,11116.0,99.91,EUR,Booked,Murex
TRD0001585,2026-04-16,2026-04-09,SEC00168,CL826,PORT-061,17945.0,77.14,JPY,Unmatched,Bloomberg AIM
TRD0001586,2026-04-27,2026-04-13,SEC00177,CL912,PORT-042,14688.0,47.57,GBP,Booked,Aladdin
TRD0001587,2026-04-30,2026-04-11,SEC00238,CL501,PORT-007,29633.0,50.2,CAD,Matched,SimCorp
TRD0001588,2026-04-13,2026-05-12,SEC00095,CL854,PORT-076,15568.0,57.27,USD,Unmatched,Bloomberg AIM
TRD0001589,2026-04-22,2026-04-19,SEC00279,CL798,PORT-054,17601.0,71.26,INR,Matched,Aladdin
TRD0001590,2026-04-19,2026-05-17,SEC00105,CL151,PORT-034,36566.0,63.89,JPY,Unmatched,Aladdin
TRD0001591,2026-04-29,2026-05-17,SEC00170,CL657,PORT-068,16539.0,45.0,JPY,Booked,SimCorp
TRD0001592,2026-05-07,2026-04-08,SEC00298,CL653,PORT-063,22171.0,44.91,INR,Booked,Murex
TRD0001593,2026-04-26,2026-05-15,SEC00172,CL588,PORT-061,22847.0,31.99,USD,Booked,SimCorp
TRD0001594,2026-04-06,2026-04-13,SEC00218,CL794,PORT-014,23486.0,22.38,INR,Matched,Murex
TRD0001595,2026-04-22,2026-05-02,SEC00290,CL899,PORT-050,20171.0,63.68,EUR,Unmatched,Murex
TRD0001596,2026-04-18,2026-05-08,SEC00311,CL594,PORT-023,19454.0,150.22,JPY,Matched,SimCorp
TRD0001597,2026-05-14,2026-05-18,SEC00159,CL388,PORT-007,18753.0,125.07,EUR,Matched,Aladdin
TRD0001598,2026-04-05,2026-04-21,SEC00133,CL983,PORT-027,13680.0,47.35,GBP,Booked,Murex
TRD0001599,2026-05-08,2026-04-19,SEC00063,CL966,PORT-009,20441.0,70.28,INR,Unmatched,Murex
TRD0001600,2026-04-06,2026-04-30,SEC00171,CL716,PORT-009,33215.0,39.94,CAD,Matched,Bloomberg AIM
TRD0001601,2026-04-29,2026-04-15,SEC00293,CL675,PORT-058,27080.0,42.13,CAD,Booked,Murex
TRD0001602,2026-04-08,2026-05-07,SEC00155,CL193,PORT-040,20279.0,43.85,INR,Cancelled,Aladdin
TRD0001603,2026-04-09,2026-04-27,SEC00111,CL461,PORT-032,24419.0,61.63,JPY,Matched,SimCorp
TRD0001604,2026-04-16,2026-05-09,SEC00034,CL278,PORT-016,11481.0,62.56,JPY,Booked,Bloomberg AIM
TRD0001605,2026-04-08,2026-04-25,SEC00124,CL562,PORT-061,16046.0,72.85,CAD,Booked,Aladdin
TRD0001606,2026-04-22,2026-05-15,SEC00075,CL842,PORT-051,25109.0,84.11,EUR,Booked,Murex
TRD0001607,2026-04-11,2026-04-30,SEC00312,CL301,PORT-047,29154.0,59.27,CAD,Matched,Bloomberg AIM
TRD0001608,2026-05-12,2026-04-27,SEC00168,CL996,PORT-016,12219.0,67.54,JPY,Matched,SimCorp
TRD0001609,2026-05-16,2026-04-26,SEC00043,CL216,PORT-010,-14373.0,45.48,JPY,Unmatched,Aladdin
TRD0001610,2026-04-25,2026-05-01,SEC00021,CL188,PORT-010,34360.0,41.66,JPY,Booked,Aladdin
TRD0001611,2026-04-13,2026-04-23,SEC00272,CL976,PORT-002,18722.0,39.46,INR,Matched,Bloomberg AIM
TRD0001612,2026-04-15,2026-04-28,SEC00298,CL190,PORT-077,31675.0,83.7,INR,Matched,Murex
TRD0001613,2026-04-26,2026-05-09,SEC00244,CL760,PORT-030,19551.0,59.25,USD,Matched,Aladdin
TRD0001614,2026-04-26,2026-05-12,SEC00039,CL786,PORT-053,19846.0,34.64,INR,Matched,SimCorp
TRD0001615,2026-04-22,2026-04-22,SEC00031,CL396,PORT-078,15709.0,65.23,INR,Matched,Bloomberg AIM
TRD0001616,2026-04-10,2026-04-09,SEC00063,CL157,PORT-074,25069.0,43.07,CAD,Matched,SimCorp
TRD0001617,2026-04-12,2026-04-18,SEC00240,CL377,PORT-026,28183.0,119.24,CAD,Unmatched,Bloomberg AIM
TRD0001618,2026-05-15,2026-04-23,SEC00244,CL161,PORT-039,10237.0,54.46,CAD,Booked,Bloomberg AIM
TRD0001619,2026-04-23,2026-04-10,SEC00268,CL704,PORT-037,15357.0,84.65,USD,Matched,Murex
TRD0001620,2026-05-02,2026-04-11,SEC00031,CL899,PORT-003,24863.0,97.63,JPY,Matched,Bloomberg AIM
TRD0001621,2026-04-14,2026-04-29,SEC00049,CL996,PORT-061,17028.0,47.74,CAD,Booked,Bloomberg AIM
TRD0001622,2026-04-27,2026-05-17,SEC00288,CL819,PORT-046,14300.0,68.49,CAD,Booked,SimCorp
TRD0001623,2026-04-05,2026-04-23,SEC00297,CL796,PORT-030,25572.0,80.94,JPY,Unmatched,Aladdin
TRD0001624,2026-04-30,2026-04-23,SEC00232,CL892,PORT-045,26276.0,69.44,CAD,Booked,Aladdin
TRD0001625,2026-04-19,2026-05-09,SEC00033,CL792,PORT-059,14628.0,75.67,CAD,Booked,Aladdin
TRD0001626,2026-05-15,2026-04-13,SEC00021,CL684,PORT-002,19593.0,41.87,USD,Matched,Murex
TRD0001627,2026-04-08,2026-04-12,SEC00017,CL995,PORT-052,8936.0,80.96,CAD,Booked,Aladdin
TRD0001628,2026-05-13,2026-05-07,SEC00221,CL389,PORT-069,11284.0,56.25,JPY,Booked,SimCorp
TRD0001629,2026-05-02,2026-04-30,SEC00270,CL471,PORT-058,18931.0,75.36,JPY,Booked,Bloomberg AIM
TRD0001630,2026-04-12,2026-05-13,SEC00202,CL914,PORT-049,18236.0,92.02,EUR,Booked,Bloomberg AIM
TRD0001631,2026-04-06,2026-05-13,SEC00083,CL379,PORT-008,10748.0,84.27,CAD,Matched,Aladdin
TRD0001632,2026-04-28,2026-05-10,SEC00242,CL368,PORT-059,12630.0,75.34,EUR,Matched,Murex
TRD0001633,2026-04-28,2026-05-05,SEC00018,CL236,PORT-060,10012.0,83.49,GBP,Booked,SimCorp
TRD0001634,2026-05-17,2026-05-09,SEC00265,CL347,PORT-040,21413.0,84.85,EUR,Matched,Aladdin
TRD0001635,2026-04-05,2026-05-15,SEC00285,CL633,PORT-047,3243.0,112.55,CAD,Matched,Aladdin
TRD0001636,2026-05-19,2026-05-01,SEC00229,CL896,PORT-049,10413.0,65.9,GBP,Booked,Murex
TRD0001637,2026-05-18,2026-04-23,SEC00281,CL222,PORT-010,4028.0,70.63,USD,Matched,Murex
TRD0001638,2026-04-28,2026-05-07,SEC00187,CL712,PORT-021,21143.0,92.41,USD,Booked,Murex
TRD0001639,2026-05-19,2026-04-27,SEC00149,CL788,PORT-063,4479.0,56.17,CAD,Booked,SimCorp
TRD0001640,2026-05-12,2026-05-09,SEC00103,CL905,PORT-077,18238.0,41.79,EUR,Booked,Murex
TRD0001641,2026-04-21,2026-04-20,SEC00294,CL774,PORT-022,30296.0,79.25,INR,Booked,SimCorp
TRD0001642,2026-04-18,2026-04-22,UNKNOWN,CL240,PORT-032,30551.0,62.05,USD,Unmatched,Aladdin
TRD0001643,2026-05-06,2026-04-08,SEC00060,CL539,PORT-073,4456.0,43.7,CAD,Cancelled,Murex
TRD0001644,2026-04-14,2026-05-19,SEC00306,CL956,PORT-013,20238.0,79.45,JPY,Unmatched,SimCorp
TRD0001645,2026-04-22,2026-04-13,SEC00018,CL916,PORT-021,10583.0,110.05,EUR,Booked,Bloomberg AIM
TRD0001646,2026-05-09,2026-05-06,SEC00188,CL650,PORT-005,9051.0,37.7,CAD,Matched,Bloomberg AIM
TRD0001647,2026-04-17,2026-05-19,SEC00060,CL965,PORT-019,17149.0,95.37,EUR,Matched,Aladdin
TRD0001648,2026-04-23,2026-04-20,SEC00212,CL700,PORT-051,27212.0,27.44,CAD,Booked,Murex
TRD0001649,2026-04-13,2026-05-14,SEC00132,CL158,PORT-028,22497.0,57.97,JPY,Unmatched,Aladdin
TRD0001650,2026-05-13,2026-05-14,SEC00139,CL921,PORT-078,12636.0,127.0,GBP,Matched,Murex
TRD0001651,2026-05-09,2026-04-07,SEC00214,CL251,PORT-071,23288.0,59.45,USD,Booked,SimCorp
TRD0001652,2026-05-06,2026-05-12,SEC00241,CL442,PORT-071,1172.0,68.82,EUR,Unmatched,SimCorp
TRD0001653,2026-05-04,2026-04-27,SEC00121,CL314,PORT-058,12353.0,87.1,USD,Booked,SimCorp
TRD0001654,2026-04-10,2026-05-12,SEC00319,CL746,PORT-056,11821.0,36.57,CAD,Matched,Bloomberg AIM
TRD0001655,2026-04-17,2026-05-16,SEC00159,CL126,PORT-041,18587.0,68.39,USD,Booked,Aladdin
TRD0001656,2026-04-25,2026-05-21,SEC00051,CL675,PORT-079,16479.0,68.2,USD,Booked,Aladdin
TRD0001657,2026-04-25,2026-05-21,SEC00002,CL877,PORT-008,16939.0,127.97,USD,Unmatched,Bloomberg AIM
TRD0001658,2026-04-10,2026-04-30,SEC00064,CL808,PORT-058,16690.0,43.27,CAD,Matched,Bloomberg AIM
TRD0001659,2026-04-29,2026-05-02,SEC00221,CL375,PORT-012,18168.0,58.35,CAD,Booked,Murex
TRD0001660,2026-05-09,2026-05-20,SEC00172,CL906,PORT-027,22051.0,48.19,INR,Matched,Murex
TRD0001661,2026-05-13,2026-05-06,SEC00108,CL425,PORT-021,19120.0,46.43,USD,Unmatched,Murex
TRD0001662,2026-05-05,2026-05-09,SEC00154,CL711,PORT-048,15867.0,98.95,JPY,Unmatched,Murex
TRD0001663,2026-04-20,2026-04-26,SEC00268,CL555,PORT-063,21013.0,67.31,CAD,Unmatched,Murex
TRD0001664,2026-04-28,2026-04-07,SEC00182,CL160,PORT-007,24196.0,54.9,USD,Unmatched,SimCorp
TRD0001665,2026-05-01,2026-04-20,SEC00018,CL102,PORT-048,13830.0,55.63,INR,Matched,Murex
TRD0001666,2026-04-28,2026-04-10,SEC00015,CL264,PORT-018,17554.0,54.76,USD,Booked,Murex
TRD0001667,2026-04-06,2026-05-13,SEC00154,CL940,PORT-007,26714.0,56.5,INR,Unmatched,Bloomberg AIM
TRD0001668,2026-04-05,2026-05-12,SEC00129,CL957,PORT-033,9729.0,42.84,JPY,Booked,Aladdin
TRD0001669,2026-05-12,2026-04-18,SEC00272,CL468,PORT-046,31535.0,60.91,CAD,Booked,Aladdin
TRD0001670,2026-05-14,2026-05-08,SEC00186,CL970,PORT-016,-7956.0,58.81,GBP,Matched,SimCorp
TRD0001671,2026-05-09,2026-04-13,SEC00242,CL144,PORT-031,15410.0,51.15,INR,Booked,Bloomberg AIM
TRD0001672,2026-04-11,2026-05-01,SEC00187,CL969,PORT-076,10874.0,70.41,CAD,Matched,Bloomberg AIM
TRD0001673,2026-04-29,2026-05-12,SEC00110,CL307,PORT-028,34409.0,72.53,EUR,Unmatched,Murex
TRD0001674,2026-04-11,2026-04-14,SEC00210,CL133,PORT-079,14225.0,54.88,JPY,Matched,Bloomberg AIM
TRD0001675,2026-04-20,2026-04-27,SEC00198,CL781,PORT-066,14244.0,63.41,GBP,Matched,Bloomberg AIM
TRD0001676,2026-04-25,2026-04-15,SEC00230,CL443,PORT-030,15219.0,141.96,GBP,Matched,Murex
TRD0001677,2026-05-07,2026-05-01,SEC00060,CL362,PORT-046,18717.0,140.07,INR,Matched,Murex
TRD0001678,2026-05-04,2026-05-16,SEC00205,CL782,PORT-057,15537.0,46.11,EUR,Booked,Bloomberg AIM
TRD0001679,2026-05-13,2026-04-21,SEC00091,CL399,PORT-037,17003.0,48.42,USD,Booked,Bloomberg AIM
TRD0001680,2026-04-26,2026-05-16,SEC00252,CL776,PORT-033,-8469.0,46.03,GBP,Matched,Aladdin
TRD0001681,2026-05-07,2026-04-22,SEC00255,CL275,PORT-027,18429.0,96.54,INR,Matched,Bloomberg AIM
TRD0001682,2026-05-06,2026-05-03,SEC00199,CL177,PORT-012,18134.0,58.0,USD,Booked,Aladdin
TRD0001683,2026-05-18,2026-04-16,SEC00302,CL392,PORT-002,25789.0,72.52,GBP,Booked,SimCorp
TRD0001684,2026-04-14,2026-04-12,SEC00172,CL647,PORT-027,27818.0,134.15,INR,Booked,Bloomberg AIM
TRD0001685,2026-04-07,2026-05-03,SEC00008,CL302,PORT-063,16592.0,66.44,GBP,Matched,Aladdin
TRD0001686,2026-04-27,2026-04-12,SEC00193,CL228,PORT-019,24122.0,85.39,JPY,Matched,Bloomberg AIM
TRD0001687,2026-04-25,2026-05-17,SEC00248,CL773,PORT-015,9738.0,80.01,JPY,Matched,SimCorp
TRD0001688,2026-04-08,2026-05-17,SEC00032,CL543,PORT-026,23755.0,54.28,INR,Unmatched,Bloomberg AIM
TRD0001689,2026-04-26,2026-04-07,SEC00033,CL487,PORT-048,13706.0,96.61,CAD,Matched,SimCorp
TRD0001690,2026-04-21,2026-04-26,SEC00087,CL315,PORT-017,9115.0,49.53,GBP,Booked,SimCorp
TRD0001691,2026-04-30,2026-05-01,SEC00270,CL115,PORT-018,16608.0,106.59,GBP,Matched,SimCorp
TRD0001692,2026-04-26,2026-05-14,SEC00168,CL147,PORT-009,28504.0,54.29,EUR,Booked,Aladdin
TRD0001693,2026-04-26,2026-05-08,SEC00312,CL712,PORT-027,19358.0,56.41,GBP,Booked,Aladdin
TRD0001694,2026-04-18,2026-04-21,SEC00279,CL171,PORT-018,29224.0,45.56,CAD,Matched,Murex
TRD0001695,2026-04-22,2026-04-15,SEC00177,CL321,PORT-066,12385.0,48.26,JPY,Booked,Aladdin
TRD0001696,2026-04-27,2026-04-10,SEC00217,CL918,PORT-072,25859.0,57.43,INR,Booked,SimCorp
TRD0001697,2026-05-16,2026-05-03,SEC00105,CL409,PORT-030,13109.0,28.48,GBP,Unmatched,Aladdin
TRD0001698,2026-04-09,2026-05-01,SEC00028,CL769,PORT-007,19690.0,61.46,INR,Matched,Bloomberg AIM
TRD0001699,2026-04-10,2026-05-14,SEC00127,CL408,PORT-007,19625.0,55.82,INR,Unmatched,Bloomberg AIM
TRD0001700,2026-05-11,2026-05-18,SEC00189,CL937,PORT-026,22961.0,87.93,JPY,Unmatched,SimCorp
TRD0001701,2026-05-06,2026-05-02,SEC00058,CL838,PORT-037,19881.0,77.33,CAD,Booked,Murex
TRD0001702,2026-04-06,2026-04-25,SEC00070,CL522,PORT-042,12456.0,52.06,CAD,Matched,SimCorp
TRD0001703,2026-05-05,2026-05-17,SEC00004,CL715,PORT-025,24602.0,56.8,USD,Booked,Bloomberg AIM
TRD0001704,2026-04-13,2026-05-03,SEC00234,CL471,PORT-029,30987.0,61.43,EUR,Matched,SimCorp
TRD0001705,2026-04-14,2026-04-23,SEC00287,CL949,PORT-023,13621.0,112.18,CAD,Booked,Bloomberg AIM
TRD0001706,2026-04-11,2026-04-15,SEC00264,CL422,PORT-041,4236.0,50.01,GBP,Booked,Aladdin
TRD0001707,2026-05-19,2026-04-09,SEC00121,CL851,PORT-056,21745.0,51.84,EUR,Booked,SimCorp
TRD0001708,2026-04-28,2026-05-06,SEC00189,CL654,PORT-004,15516.0,44.93,INR,Matched,Bloomberg AIM
TRD0001709,2026-04-24,2026-05-04,SEC00307,CL678,PORT-038,17017.0,39.7,JPY,Booked,Murex
TRD0001710,2026-04-12,2026-04-12,SEC00189,CL416,PORT-052,22171.0,74.25,USD,Matched,SimCorp
TRD0001711,2026-05-09,2026-04-20,SEC00094,CL848,PORT-054,14577.0,71.59,USD,Unmatched,SimCorp
TRD0001712,2026-05-06,2026-05-09,SEC00108,CL770,PORT-045,15984.0,104.48,INR,Matched,SimCorp
TRD0001713,2026-05-11,2026-04-21,UNKNOWN,CL832,PORT-042,17249.0,96.01,INR,Booked,SimCorp
TRD0001714,2026-04-15,2026-05-14,SEC00142,CL820,PORT-054,29023.0,154.31,GBP,Booked,Murex
TRD0001715,2026-04-05,2026-05-01,SEC00267,CL241,PORT-030,18226.0,64.98,CAD,Unmatched,Bloomberg AIM
TRD0001716,2026-05-13,2026-05-08,SEC00276,CL887,PORT-045,8732.0,60.87,USD,Matched,SimCorp
TRD0001717,2026-05-09,2026-04-07,SEC00011,CL856,PORT-026,9031.0,42.31,CAD,Booked,SimCorp
TRD0001718,2026-05-06,2026-05-20,SEC00231,CL318,PORT-035,19044.0,85.1,USD,Unmatched,Bloomberg AIM
TRD0001719,2026-04-09,2026-04-13,SEC00118,CL982,PORT-010,9529.0,69.51,JPY,Booked,Bloomberg AIM
TRD0001720,2026-04-29,2026-05-09,SEC00166,CL573,PORT-028,6283.0,83.76,CAD,Matched,SimCorp
TRD0001721,2026-05-07,2026-05-20,SEC00084,CL389,PORT-012,22767.0,44.76,JPY,Booked,Murex
TRD0001722,2026-05-05,2026-04-22,SEC00117,CL300,PORT-018,23134.0,75.42,INR,Booked,SimCorp
TRD0001723,2026-04-23,2026-04-21,SEC00105,CL427,PORT-034,15239.0,71.65,GBP,Booked,SimCorp
TRD0001724,2026-05-02,2026-05-15,SEC00016,CL133,PORT-040,20202.0,70.01,EUR,Matched,Aladdin
TRD0001725,2026-05-13,2026-05-20,SEC00250,CL720,PORT-075,19411.0,52.5,EUR,Booked,SimCorp
TRD0001726,2026-04-13,2026-05-16,SEC00045,CL736,PORT-003,22518.0,101.12,USD,Matched,Murex
TRD0001727,2026-04-30,2026-05-03,SEC00120,CL700,PORT-071,22536.0,136.68,EUR,Matched,Murex
TRD0001728,2026-05-08,2026-05-16,SEC00061,CL593,PORT-026,-1543.0,45.21,EUR,Unmatched,SimCorp
TRD0001729,2026-04-17,2026-04-20,SEC00051,CL426,PORT-058,16196.0,85.81,INR,Booked,Aladdin
TRD0001730,2026-04-16,2026-05-18,SEC00119,CL750,PORT-054,21884.0,24.36,EUR,Matched,Bloomberg AIM
TRD0001731,2026-05-13,2026-04-16,SEC00294,CL883,PORT-077,14922.0,84.27,USD,Booked,Bloomberg AIM
TRD0001732,2026-05-16,2026-04-12,SEC00302,CL178,PORT-009,18272.0,34.66,INR,Matched,Murex
TRD0001733,2026-05-17,2026-04-19,SEC00122,CL444,PORT-077,23630.0,55.49,JPY,Booked,Bloomberg AIM
TRD0001734,2026-04-15,2026-04-09,SEC00161,CL994,PORT-005,18607.0,42.12,EUR,Matched,Aladdin
TRD0001735,2026-04-21,2026-04-09,SEC00315,CL874,PORT-070,29309.0,61.84,INR,Booked,Murex
TRD0001736,2026-04-14,2026-05-19,SEC00075,CL993,PORT-052,26452.0,89.44,EUR,Matched,Bloomberg AIM
TRD0001737,2026-04-21,2026-05-06,SEC00302,CL264,PORT-039,17111.0,34.81,INR,Booked,Murex
TRD0001738,2026-05-01,2026-04-17,SEC00033,CL518,PORT-032,16515.0,58.8,USD,Booked,Aladdin
TRD0001739,2026-04-23,2026-05-06,SEC00072,CL217,PORT-008,-3377.0,55.72,JPY,Matched,SimCorp
TRD0001740,2026-04-17,2026-04-18,SEC00108,CL878,PORT-064,15551.0,115.97,JPY,Booked,SimCorp
TRD0001741,2026-05-02,2026-04-17,SEC00011,CL566,PORT-058,7850.0,77.57,GBP,Matched,SimCorp
TRD0001742,2026-04-08,2026-04-07,SEC00261,CL318,PORT-075,19659.0,44.17,INR,Matched,Murex
TRD0001743,2026-04-09,2026-05-07,SEC00273,CL181,PORT-058,19147.0,56.55,GBP,Matched,Aladdin
TRD0001744,2026-04-13,2026-05-06,SEC00122,CL763,PORT-076,23219.0,114.97,JPY,Matched,Aladdin
TRD0001745,2026-04-05,2026-05-20,SEC00267,CL829,PORT-071,28475.0,85.63,EUR,Matched,Aladdin
TRD0001746,2026-05-02,2026-05-09,SEC00247,CL890,PORT-034,17803.0,48.36,JPY,Unmatched,Murex
TRD0001747,2026-05-14,2026-05-09,SEC00256,CL973,PORT-056,35103.0,60.74,INR,Booked,Aladdin
TRD0001748,2026-04-28,2026-05-01,SEC00256,CL832,PORT-021,19743.0,61.42,CAD,Matched,Bloomberg AIM
TRD0001749,2026-04-16,2026-05-03,SEC00183,CL806,PORT-063,8173.0,55.24,GBP,Matched,Aladdin
TRD0001750,2026-04-14,2026-04-13,SEC00035,CL829,PORT-049,13784.0,36.65,GBP,Booked,SimCorp
TRD0001751,2026-05-02,2026-04-17,SEC00295,CL997,PORT-035,15204.0,52.61,GBP,Booked,Bloomberg AIM
TRD0001752,2026-05-06,2026-04-19,SEC00194,CL516,PORT-050,22441.0,108.44,CAD,Booked,Aladdin
TRD0001753,2026-04-29,2026-05-21,SEC00288,CL781,PORT-022,10896.0,58.36,CAD,Matched,Aladdin
TRD0001754,2026-04-13,2026-04-30,SEC00306,CL837,PORT-050,15765.0,64.32,JPY,Booked,Bloomberg AIM
TRD0001755,2026-05-17,2026-04-19,SEC00059,CL204,PORT-038,-16792.0,70.05,INR,Matched,Aladdin
TRD0001756,2026-05-05,2026-05-10,SEC00128,CL720,PORT-026,14639.0,144.94,USD,Matched,SimCorp
TRD0001757,2026-05-09,2026-05-02,SEC00061,CL404,PORT-078,24086.0,66.89,INR,Matched,Bloomberg AIM
TRD0001758,2026-04-13,2026-04-19,SEC00016,CL219,PORT-006,22810.0,97.8,INR,Booked,Aladdin
TRD0001759,2026-04-28,2026-04-16,SEC00309,CL253,PORT-060,26749.0,54.09,INR,Matched,Aladdin
TRD0001760,2026-05-16,2026-04-13,SEC00295,CL202,PORT-017,15517.0,60.9,JPY,Matched,SimCorp
TRD0001761,2026-05-08,2026-05-02,SEC00298,CL907,PORT-018,27019.0,66.98,CAD,Booked,Bloomberg AIM
TRD0001762,2026-05-18,2026-05-04,SEC00282,CL793,PORT-013,7770.0,50.86,JPY,Booked,Aladdin
TRD0001763,2026-04-28,2026-05-04,SEC00207,CL191,PORT-009,7587.0,62.1,CAD,Booked,SimCorp
TRD0001764,2026-04-05,2026-04-21,SEC00167,CL662,PORT-010,8896.0,91.0,EUR,Unmatched,Murex
TRD0001765,2026-04-24,2026-05-03,SEC00317,CL693,PORT-066,18069.0,50.39,JPY,Booked,SimCorp
TRD0001766,2026-04-10,2026-05-03,SEC00176,CL566,PORT-074,27018.0,66.69,GBP,Booked,SimCorp
TRD0001767,2026-04-16,2026-05-14,SEC00205,CL644,PORT-047,13484.0,85.46,CAD,Booked,Bloomberg AIM
TRD0001768,2026-04-10,2026-04-30,SEC00067,CL915,PORT-002,14425.0,49.97,CAD,Booked,SimCorp
TRD0001769,2026-05-06,2026-05-11,SEC00238,CL566,PORT-069,16380.0,97.85,CAD,Booked,SimCorp
TRD0001770,2026-04-07,2026-04-28,SEC00262,CL692,PORT-048,22296.0,68.41,EUR,Matched,Murex
TRD0001771,2026-05-09,2026-04-12,SEC00217,CL613,PORT-042,14418.0,62.94,GBP,Matched,Aladdin
TRD0001772,2026-04-30,2026-04-17,SEC00159,CL456,PORT-075,13999.0,33.02,USD,Matched,Bloomberg AIM
TRD0001773,2026-04-19,2026-04-30,SEC00063,CL900,PORT-033,7910.0,58.51,CAD,Booked,SimCorp
TRD0001774,2026-05-07,2026-04-08,SEC00010,CL472,PORT-029,13712.0,75.95,EUR,Matched,Murex
TRD0001775,2026-05-08,2026-04-07,SEC00200,CL819,PORT-062,26831.0,122.84,JPY,Matched,Bloomberg AIM
TRD0001776,2026-05-14,2026-05-02,UNKNOWN,CL644,PORT-042,18682.0,81.35,GBP,Matched,Murex
TRD0001777,2026-05-19,2026-04-17,SEC00247,CL715,PORT-057,12451.0,98.91,CAD,Unmatched,Aladdin
TRD0001778,2026-04-27,2026-05-06,UNKNOWN,CL783,PORT-055,27271.0,43.68,INR,Booked,Aladdin
TRD0001779,2026-04-05,2026-04-12,SEC00159,CL761,PORT-067,13611.0,63.79,INR,Matched,Murex
TRD0001780,2026-05-10,2026-05-05,SEC00265,CL607,PORT-026,28650.0,102.23,JPY,Matched,SimCorp
TRD0001781,2026-04-30,2026-05-10,SEC00229,CL653,PORT-006,28527.0,48.88,USD,Booked,Murex
TRD0001782,2026-04-07,2026-05-15,SEC00088,CL557,PORT-038,18420.0,93.49,CAD,Matched,Bloomberg AIM
TRD0001783,2026-04-15,2026-04-14,SEC00270,CL404,PORT-052,6761.0,86.2,USD,Booked,SimCorp
TRD0001784,2026-05-19,2026-05-08,SEC00017,CL753,PORT-065,35171.0,73.42,GBP,Booked,Aladdin
TRD0001785,2026-04-27,2026-04-15,SEC00191,CL890,PORT-022,20905.0,59.44,GBP,Matched,Aladdin
TRD0001786,2026-05-13,2026-05-18,SEC00300,CL734,PORT-059,15571.0,47.22,GBP,Matched,Bloomberg AIM
TRD0001787,2026-05-08,2026-04-29,SEC00210,CL794,PORT-066,25171.0,124.14,CAD,Unmatched,Aladdin
TRD0001788,2026-05-08,2026-05-02,SEC00299,CL846,PORT-064,23267.0,83.19,EUR,Unmatched,Aladdin
TRD0001789,2026-04-22,2026-05-02,SEC00017,CL430,PORT-064,27832.0,75.13,JPY,Booked,Aladdin
TRD0001790,2026-05-11,2026-05-14,SEC00170,CL156,PORT-078,13032.0,57.71,EUR,Matched,Murex
TRD0001791,2026-05-08,2026-05-18,SEC00249,CL403,PORT-053,20389.0,67.58,CAD,Cancelled,Bloomberg AIM
TRD0001792,2026-05-09,2026-05-06,SEC00205,CL778,PORT-030,9106.0,70.64,INR,Booked,Bloomberg AIM
TRD0001793,2026-05-03,2026-04-30,SEC00281,CL833,PORT-035,22998.0,76.7,GBP,Matched,Bloomberg AIM
TRD0001794,2026-04-20,2026-04-16,SEC00148,CL561,PORT-060,17828.0,86.23,USD,Unmatched,Bloomberg AIM
TRD0001795,2026-05-02,2026-05-01,SEC00218,CL799,PORT-019,20108.0,50.71,USD,Booked,SimCorp
TRD0001796,2026-05-05,2026-05-10,SEC00134,CL167,PORT-048,16902.0,39.91,EUR,Unmatched,SimCorp
TRD0001797,2026-04-26,2026-05-10,SEC00279,CL679,PORT-046,16118.0,68.68,GBP,Matched,Bloomberg AIM
TRD0001798,2026-04-22,2026-04-24,SEC00038,CL710,PORT-053,11488.0,36.18,CAD,Unmatched,Murex
TRD0001799,2026-05-19,2026-05-02,SEC00081,CL556,PORT-034,23928.0,59.54,USD,Matched,Murex
TRD0001800,2026-04-09,2026-04-11,SEC00030,CL744,PORT-059,29173.0,55.8,JPY,Matched,Bloomberg AIM
TRD0001801,2026-04-08,2026-05-02,SEC00224,CL541,PORT-006,13825.0,79.21,GBP,Matched,Murex
TRD0001802,2026-04-22,2026-04-26,SEC00074,CL570,PORT-060,22152.0,133.47,USD,Booked,Murex
TRD0001803,2026-04-24,2026-05-19,SEC00101,CL642,PORT-065,21241.0,33.76,JPY,Matched,Bloomberg AIM
TRD0001804,2026-04-18,2026-05-13,SEC00267,CL813,PORT-070,18061.0,147.82,INR,Unmatched,Murex
TRD0001805,2026-04-30,2026-04-13,SEC00115,CL323,PORT-073,6551.0,61.46,CAD,Unmatched,Aladdin
TRD0001806,2026-05-03,2026-05-06,SEC00046,CL369,PORT-028,8238.0,75.32,JPY,Unmatched,Aladdin
TRD0001807,2026-05-04,2026-05-03,SEC00006,CL476,PORT-004,12143.0,40.64,EUR,Matched,SimCorp
TRD0001808,2026-05-12,2026-04-25,SEC00072,CL281,PORT-052,1957.0,94.53,CAD,Matched,Aladdin
TRD0001809,2026-04-12,2026-05-19,SEC00292,CL400,PORT-008,28560.0,67.66,EUR,Matched,SimCorp
TRD0001810,2026-05-05,2026-04-29,SEC00175,CL415,PORT-023,20758.0,65.27,INR,Matched,Aladdin
TRD0001811,2026-05-07,2026-05-06,SEC00318,CL382,PORT-056,17775.0,33.85,CAD,Matched,Murex
TRD0001812,2026-04-06,2026-05-15,SEC00068,CL468,PORT-047,1573.0,68.43,USD,Booked,Bloomberg AIM
TRD0001813,2026-04-27,2026-05-03,SEC00112,CL553,PORT-048,4321.0,89.66,CAD,Booked,Aladdin
TRD0001814,2026-04-22,2026-05-01,SEC00052,CL725,PORT-060,17982.0,61.39,EUR,Matched,Bloomberg AIM
TRD0001815,2026-05-08,2026-05-13,SEC00127,CL372,PORT-014,32779.0,100.58,GBP,Booked,Bloomberg AIM
TRD0001816,2026-05-07,2026-04-27,SEC00180,CL860,PORT-063,12760.0,99.14,EUR,Booked,SimCorp
TRD0001817,2026-04-17,2026-04-18,SEC00258,CL531,PORT-047,24478.0,53.28,USD,Booked,Murex
TRD0001818,2026-04-29,2026-05-09,SEC00117,CL748,PORT-034,14401.0,116.55,INR,Matched,Murex
TRD0001819,2026-05-13,2026-04-08,SEC00246,CL203,PORT-037,18414.0,67.75,GBP,Unmatched,Murex
TRD0001820,2026-04-12,2026-04-24,SEC00200,CL256,PORT-041,27110.0,67.86,JPY,Matched,Aladdin
TRD0001821,2026-05-01,2026-04-17,SEC00093,CL507,PORT-044,15405.0,69.04,GBP,Unmatched,SimCorp
TRD0001822,2026-04-19,2026-05-18,SEC00291,CL429,PORT-027,12824.0,68.32,INR,Unmatched,Murex
TRD0001823,2026-05-04,2026-04-17,SEC00138,CL546,PORT-018,28636.0,26.56,CAD,Booked,SimCorp
TRD0001824,2026-04-24,2026-05-06,SEC00048,CL242,PORT-014,18342.0,62.49,JPY,Booked,SimCorp
TRD0001825,2026-04-15,2026-04-20,SEC00308,CL525,PORT-027,26184.0,41.37,USD,Booked,SimCorp
TRD0001826,2026-04-10,2026-04-15,SEC00292,CL717,PORT-021,12861.0,117.83,EUR,Booked,SimCorp
TRD0001827,2026-05-10,2026-05-10,SEC00015,CL754,PORT-041,28550.0,116.18,GBP,Matched,Bloomberg AIM
TRD0001828,2026-04-19,2026-05-10,SEC00288,CL323,PORT-073,20052.0,89.85,USD,Booked,Aladdin
TRD0001829,2026-04-08,2026-05-19,SEC00303,CL409,PORT-009,21261.0,61.35,EUR,Unmatched,Murex
TRD0001830,2026-04-21,2026-04-24,SEC00265,CL572,PORT-025,18987.0,46.86,EUR,Matched,Bloomberg AIM
TRD0001831,2026-05-13,2026-04-17,SEC00081,CL565,PORT-004,14209.0,52.98,CAD,Booked,Aladdin
TRD0001832,2026-05-11,2026-05-03,SEC00202,CL811,PORT-078,17987.0,131.62,GBP,Cancelled,Murex
TRD0001833,2026-05-10,2026-05-14,SEC00172,CL450,PORT-056,14681.0,52.34,CAD,Unmatched,Bloomberg AIM
TRD0001834,2026-05-15,2026-05-07,SEC00198,CL703,PORT-020,25197.0,29.24,JPY,Matched,SimCorp
TRD0001835,2026-04-16,2026-05-03,SEC00197,CL894,PORT-033,16477.0,95.64,JPY,Matched,SimCorp
TRD0001836,2026-04-06,2026-04-10,SEC00204,CL368,PORT-058,6776.0,112.75,CAD,Cancelled,Bloomberg AIM
TRD0001837,2026-04-26,2026-05-16,SEC00164,CL839,PORT-076,5404.0,119.19,INR,Matched,Aladdin
TRD0001838,2026-04-23,2026-05-06,SEC00220,CL399,PORT-046,5050.0,95.91,EUR,Unmatched,Bloomberg AIM
TRD0001839,2026-04-15,2026-04-23,SEC00168,CL400,PORT-022,22635.0,101.55,EUR,Booked,Bloomberg AIM
TRD0001840,2026-05-01,2026-05-11,SEC00005,CL687,PORT-056,9364.0,67.93,JPY,Matched,SimCorp
TRD0001841,2026-04-28,2026-04-12,SEC00011,CL658,PORT-055,20251.0,32.24,USD,Matched,SimCorp
TRD0001842,2026-04-23,2026-04-11,SEC00306,CL593,PORT-051,19024.0,67.34,USD,Booked,Bloomberg AIM
TRD0001843,2026-05-06,2026-05-04,SEC00290,CL307,PORT-004,17515.0,82.89,USD,Booked,Bloomberg AIM
TRD0001844,2026-05-17,2026-04-18,SEC00187,CL186,PORT-056,21288.0,63.6,INR,Booked,SimCorp
TRD0001845,2026-04-24,2026-04-17,SEC00055,CL917,PORT-002,19187.0,62.6,GBP,Booked,Murex
TRD0001846,2026-04-13,2026-04-21,SEC00250,CL885,PORT-072,-2323.0,47.59,USD,Booked,Murex
TRD0001847,2026-05-16,2026-05-13,SEC00045,CL897,PORT-070,15573.0,46.96,INR,Matched,SimCorp
TRD0001848,2026-05-10,2026-05-19,SEC00120,CL560,PORT-045,21188.0,126.89,JPY,Matched,Bloomberg AIM
TRD0001849,2026-05-08,2026-05-06,SEC00105,CL895,PORT-052,30302.0,128.51,INR,Matched,Murex
TRD0001850,2026-04-13,2026-05-16,SEC00003,CL525,PORT-006,30648.0,66.62,USD,Matched,Aladdin
TRD0001851,2026-04-27,2026-05-08,SEC00258,CL167,PORT-070,7776.0,73.59,CAD,Booked,Bloomberg AIM
TRD0001852,2026-04-25,2026-04-23,SEC00163,CL278,PORT-022,15377.0,47.31,EUR,Matched,Murex
TRD0001853,2026-04-20,2026-04-25,SEC00101,CL345,PORT-021,6254.0,83.5,JPY,Booked,Aladdin
TRD0001854,2026-05-07,2026-05-12,SEC00162,CL438,PORT-056,29399.0,123.46,JPY,Booked,SimCorp
TRD0001855,2026-04-17,2026-05-21,SEC00000,CL944,PORT-075,25596.0,39.05,EUR,Matched,Murex
TRD0001856,2026-05-18,2026-05-11,SEC00139,CL399,PORT-040,20629.0,78.44,GBP,Unmatched,Murex
TRD0001857,2026-05-14,2026-05-01,SEC00166,CL650,PORT-041,19246.0,80.53,USD,Cancelled,Murex
TRD0001858,2026-04-13,2026-04-16,SEC00108,CL343,PORT-044,28355.0,80.21,GBP,Matched,Bloomberg AIM
TRD0001859,2026-04-20,2026-05-05,SEC00265,CL678,PORT-024,27085.0,118.51,INR,Matched,Aladdin
TRD0001860,2026-05-12,2026-05-09,SEC00079,CL610,PORT-048,26685.0,135.99,EUR,Matched,Aladdin
TRD0001861,2026-04-30,2026-04-27,SEC00044,CL235,PORT-076,21425.0,61.45,JPY,Matched,Murex
TRD0001862,2026-05-17,2026-05-18,SEC00168,CL515,PORT-031,15381.0,84.4,CAD,Booked,Bloomberg AIM
TRD0001863,2026-04-19,2026-05-11,SEC00283,CL194,PORT-062,23753.0,68.68,EUR,Booked,Aladdin
TRD0001864,2026-04-15,2026-05-20,SEC00120,CL899,PORT-062,24120.0,53.45,EUR,Cancelled,Aladdin
TRD0001865,2026-05-07,2026-04-28,SEC00014,CL733,PORT-068,16570.0,73.32,USD,Cancelled,Aladdin
TRD0001866,2026-05-04,2026-05-02,SEC00310,CL946,PORT-058,15366.0,84.35,JPY,Booked,Murex
TRD0001867,2026-05-09,2026-04-25,SEC00142,CL887,PORT-073,26500.0,71.95,EUR,Booked,Murex
TRD0001868,2026-05-02,2026-04-24,SEC00055,CL297,PORT-057,30481.0,48.99,CAD,Booked,Murex
TRD0001869,2026-05-07,2026-05-04,SEC00196,CL735,PORT-078,12380.0,56.7,EUR,Matched,Aladdin
TRD0001870,2026-05-08,2026-04-12,SEC00102,CL189,PORT-057,16025.0,56.85,JPY,Booked,Bloomberg AIM
TRD0001871,2026-04-30,2026-04-10,SEC00300,CL963,PORT-067,20632.0,49.66,EUR,Matched,Murex
TRD0001872,2026-04-11,2026-05-17,SEC00094,CL806,PORT-071,21649.0,74.42,EUR,Booked,Bloomberg AIM
TRD0001873,2026-04-15,2026-04-10,SEC00176,CL711,PORT-078,14082.0,77.2,EUR,Booked,Murex
TRD0001874,2026-05-06,2026-05-13,SEC00173,CL994,PORT-048,32126.0,93.96,JPY,Booked,Bloomberg AIM
TRD0001875,2026-04-07,2026-05-10,SEC00077,CL861,PORT-057,21166.0,49.39,USD,Matched,Aladdin
TRD0001876,2026-05-10,2026-04-28,SEC00159,CL876,PORT-077,21985.0,54.48,USD,Booked,SimCorp
TRD0001877,2026-04-09,2026-05-20,SEC00034,CL190,PORT-031,31192.0,114.9,JPY,Matched,SimCorp
TRD0001878,2026-05-06,2026-05-05,SEC00205,CL121,PORT-010,14632.0,62.96,JPY,Matched,Aladdin
TRD0001879,2026-04-25,2026-05-13,SEC00242,CL964,PORT-070,17337.0,67.39,EUR,Matched,Bloomberg AIM
TRD0001880,2026-05-10,2026-04-30,SEC00304,CL325,PORT-050,8600.0,62.72,GBP,Booked,Murex
TRD0001881,2026-04-15,2026-04-15,SEC00104,CL483,PORT-034,16707.0,99.14,GBP,Matched,Aladdin
TRD0001882,2026-05-05,2026-04-10,SEC00091,CL138,PORT-057,6833.0,100.5,INR,Booked,SimCorp
TRD0001883,2026-04-10,2026-05-12,SEC00175,CL660,PORT-003,23609.0,98.46,GBP,Matched,Bloomberg AIM
TRD0001884,2026-05-16,2026-04-27,SEC00221,CL837,PORT-038,21150.0,67.31,CAD,Matched,SimCorp
TRD0001885,2026-04-27,2026-04-30,SEC00317,CL856,PORT-021,15922.0,49.14,EUR,Unmatched,Aladdin
TRD0001886,2026-05-12,2026-05-03,SEC00008,CL622,PORT-023,17247.0,130.82,EUR,Cancelled,Aladdin
TRD0001887,2026-04-09,2026-04-23,SEC00076,CL694,PORT-077,23711.0,89.99,GBP,Matched,Aladdin
TRD0001888,2026-05-01,2026-04-07,SEC00083,CL561,PORT-044,9482.0,56.84,USD,Unmatched,Murex
TRD0001889,2026-04-19,2026-05-03,SEC00081,CL501,PORT-012,19531.0,109.76,INR,Booked,SimCorp
TRD0001890,2026-04-10,2026-05-19,SEC00148,CL598,PORT-029,23246.0,55.29,GBP,Matched,Murex
TRD0001891,2026-04-25,2026-04-10,SEC00279,CL941,PORT-020,4633.0,109.26,GBP,Booked,Bloomberg AIM
TRD0001892,2026-05-17,2026-04-10,SEC00009,CL326,PORT-072,23137.0,111.88,JPY,Booked,SimCorp
TRD0001893,2026-05-10,2026-05-07,SEC00261,CL522,PORT-024,5445.0,48.3,USD,Matched,Murex
TRD0001894,2026-05-10,2026-04-29,SEC00197,CL640,PORT-029,17118.0,81.75,GBP,Matched,SimCorp
TRD0001895,2026-04-08,2026-04-13,SEC00196,CL612,PORT-027,9275.0,87.69,CAD,Matched,Aladdin
TRD0001896,2026-04-09,2026-04-29,SEC00217,CL127,PORT-014,28734.0,166.54,JPY,Unmatched,Murex
TRD0001897,2026-04-28,2026-04-30,SEC00036,CL358,PORT-062,9322.0,51.43,JPY,Matched,Bloomberg AIM
TRD0001898,2026-04-09,2026-04-10,SEC00238,CL680,PORT-046,5624.0,110.1,JPY,Unmatched,SimCorp
TRD0001899,2026-05-08,2026-04-14,SEC00079,CL723,PORT-035,19000.0,67.09,GBP,Unmatched,Bloomberg AIM
TRD0001900,2026-04-19,2026-04-29,SEC00165,CL760,PORT-032,14897.0,43.19,CAD,Unmatched,Murex
TRD0001901,2026-05-02,2026-05-14,UNKNOWN,CL991,PORT-053,6715.0,63.94,CAD,Booked,SimCorp
TRD0001902,2026-05-09,2026-05-02,SEC00193,CL705,PORT-008,21944.0,66.74,GBP,Matched,Murex
TRD0001903,2026-05-08,2026-04-21,SEC00103,CL621,PORT-074,3064.0,46.03,CAD,Matched,Murex
TRD0001904,2026-05-01,2026-05-09,SEC00126,CL398,PORT-045,10228.0,74.39,USD,Cancelled,Murex
TRD0001905,2026-05-04,2026-04-27,SEC00152,CL433,PORT-018,13686.0,93.25,EUR,Booked,Aladdin
TRD0001906,2026-05-10,2026-04-22,SEC00013,CL842,PORT-043,24017.0,72.48,EUR,Booked,Aladdin
TRD0001907,2026-05-04,2026-05-18,SEC00232,CL521,PORT-068,27716.0,55.17,INR,Booked,Aladdin
TRD0001908,2026-05-14,2026-04-26,SEC00031,CL743,PORT-014,26271.0,63.31,JPY,Booked,Bloomberg AIM
TRD0001909,2026-04-06,2026-04-18,UNKNOWN,CL211,PORT-042,16850.0,66.58,GBP,Matched,SimCorp
TRD0001910,2026-05-02,2026-05-12,SEC00209,CL215,PORT-048,-205.0,71.96,EUR,Booked,Murex
TRD0001911,2026-05-15,2026-04-27,SEC00025,CL293,PORT-064,20931.0,98.34,JPY,Booked,Aladdin
TRD0001912,2026-04-24,2026-04-20,SEC00318,CL275,PORT-045,29029.0,73.35,EUR,Matched,SimCorp
TRD0001913,2026-04-10,2026-05-20,SEC00120,CL645,PORT-059,27253.0,40.82,GBP,Booked,SimCorp
TRD0001914,2026-05-03,2026-04-23,SEC00005,CL672,PORT-062,21472.0,54.77,GBP,Booked,Murex
TRD0001915,2026-04-11,2026-05-10,SEC00210,CL601,PORT-071,9079.0,70.68,CAD,Matched,Aladdin
TRD0001916,2026-04-22,2026-05-04,SEC00178,CL360,PORT-029,14060.0,98.83,INR,Matched,SimCorp
TRD0001917,2026-04-16,2026-04-22,SEC00204,CL618,PORT-056,32504.0,105.03,EUR,Cancelled,Murex
TRD0001918,2026-05-06,2026-05-21,SEC00240,CL207,PORT-020,7375.0,124.11,CAD,Matched,Murex
TRD0001919,2026-05-18,2026-05-21,SEC00152,CL525,PORT-067,9391.0,69.81,JPY,Cancelled,Murex
TRD0001920,2026-05-04,2026-05-01,SEC00264,CL239,PORT-076,25069.0,87.11,GBP,Booked,Bloomberg AIM
TRD0001921,2026-04-08,2026-04-09,SEC00118,CL168,PORT-024,14766.0,40.08,JPY,Matched,Aladdin
TRD0001922,2026-04-14,2026-05-21,SEC00174,CL248,PORT-045,9137.0,77.51,EUR,Matched,Aladdin
TRD0001923,2026-04-14,2026-04-16,SEC00050,CL199,PORT-065,29460.0,45.77,USD,Matched,SimCorp
TRD0001924,2026-04-10,2026-05-18,SEC00198,CL529,PORT-003,21458.0,65.24,GBP,Matched,SimCorp
TRD0001925,2026-05-03,2026-04-29,SEC00083,CL590,PORT-056,15136.0,192.57,INR,Booked,Bloomberg AIM
TRD0001926,2026-05-05,2026-05-02,SEC00222,CL646,PORT-065,9407.0,74.16,GBP,Booked,Aladdin
TRD0001927,2026-04-08,2026-04-30,SEC00256,CL495,PORT-069,33356.0,49.29,GBP,Matched,Bloomberg AIM
TRD0001928,2026-04-24,2026-05-18,SEC00274,CL258,PORT-016,17817.0,76.92,CAD,Matched,SimCorp
TRD0001929,2026-05-06,2026-04-18,SEC00297,CL118,PORT-060,28480.0,55.65,CAD,Booked,Aladdin
TRD0001930,2026-05-07,2026-05-09,SEC00039,CL740,PORT-063,24702.0,47.64,GBP,Matched,Murex
TRD0001931,2026-04-10,2026-04-17,SEC00044,CL983,PORT-001,14093.0,139.23,USD,Matched,SimCorp
TRD0001932,2026-05-17,2026-04-22,SEC00296,CL352,PORT-056,14153.0,96.87,INR,Matched,Aladdin
TRD0001933,2026-05-17,2026-04-27,SEC00121,CL284,PORT-050,28847.0,75.26,INR,Booked,SimCorp
TRD0001934,2026-04-16,2026-05-08,SEC00008,CL380,PORT-077,28969.0,58.14,CAD,Unmatched,Murex
TRD0001935,2026-05-19,2026-04-22,SEC00091,CL292,PORT-004,3923.0,59.81,CAD,Matched,Murex
TRD0001936,2026-05-12,2026-04-07,SEC00267,CL300,PORT-077,22123.0,114.42,JPY,Matched,Aladdin
TRD0001937,2026-04-05,2026-04-10,SEC00113,CL544,PORT-046,17091.0,74.24,USD,Matched,Bloomberg AIM
TRD0001938,2026-04-30,2026-04-10,SEC00024,CL805,PORT-022,10250.0,22.67,EUR,Matched,Bloomberg AIM
TRD0001939,2026-04-17,2026-05-12,SEC00231,CL740,PORT-031,19963.0,155.61,INR,Booked,Murex
TRD0001940,2026-04-28,2026-04-25,SEC00062,CL962,PORT-061,7878.0,71.1,JPY,Unmatched,Murex
TRD0001941,2026-05-15,2026-05-04,SEC00112,CL421,PORT-079,14502.0,75.2,GBP,Booked,Bloomberg AIM
TRD0001942,2026-05-11,2026-04-08,SEC00001,CL542,PORT-026,12011.0,97.55,GBP,Matched,Bloomberg AIM
TRD0001943,2026-04-15,2026-04-09,SEC00192,CL441,PORT-078,14252.0,78.48,INR,Unmatched,SimCorp
TRD0001944,2026-05-15,2026-04-12,SEC00142,CL137,PORT-050,17464.0,86.61,GBP,Matched,Murex
TRD0001945,2026-04-23,2026-05-14,SEC00277,CL449,PORT-016,10383.0,57.49,USD,Matched,Murex
TRD0001946,2026-05-04,2026-05-07,SEC00106,CL334,PORT-048,29799.0,43.36,CAD,Booked,Murex
TRD0001947,2026-05-03,2026-04-19,SEC00065,CL530,PORT-064,21700.0,73.56,GBP,Matched,Murex
TRD0001948,2026-04-07,2026-04-18,SEC00053,CL242,PORT-005,31459.0,110.06,EUR,Matched,Bloomberg AIM
TRD0001949,2026-04-22,2026-05-06,SEC00064,CL766,PORT-007,16799.0,53.16,USD,Booked,Murex
TRD0001950,2026-04-22,2026-05-15,SEC00144,CL857,PORT-001,13884.0,51.69,GBP,Booked,Murex
TRD0001951,2026-05-04,2026-05-15,SEC00027,CL963,PORT-046,31188.0,102.24,CAD,Cancelled,Aladdin
TRD0001952,2026-05-02,2026-04-21,SEC00128,CL176,PORT-005,13665.0,56.82,USD,Booked,Aladdin
TRD0001953,2026-04-19,2026-05-01,SEC00273,CL205,PORT-074,16663.0,57.76,EUR,Booked,Murex
TRD0001954,2026-05-18,2026-04-29,SEC00245,CL968,PORT-011,23400.0,58.52,EUR,Booked,SimCorp
TRD0001955,2026-05-09,2026-04-15,SEC00203,CL862,PORT-006,8717.0,65.19,USD,Matched,Murex
TRD0001956,2026-04-22,2026-05-21,SEC00285,CL629,PORT-021,23335.0,38.44,JPY,Matched,SimCorp
TRD0001957,2026-04-21,2026-04-18,SEC00249,CL389,PORT-061,22375.0,55.21,EUR,Matched,SimCorp
TRD0001958,2026-05-15,2026-05-09,SEC00208,CL565,PORT-072,27520.0,72.29,INR,Matched,Murex
TRD0001959,2026-04-14,2026-04-10,SEC00276,CL581,PORT-020,24675.0,72.11,GBP,Booked,Bloomberg AIM
TRD0001960,2026-04-25,2026-04-09,SEC00039,CL861,PORT-041,27750.0,100.01,JPY,Matched,Bloomberg AIM
TRD0001961,2026-05-09,2026-04-29,SEC00261,CL575,PORT-062,17172.0,126.95,USD,Booked,SimCorp
TRD0001962,2026-04-16,2026-05-07,SEC00094,CL124,PORT-063,11530.0,113.22,EUR,Matched,Bloomberg AIM
TRD0001963,2026-04-05,2026-05-11,SEC00234,CL728,PORT-013,33825.0,91.85,GBP,Booked,SimCorp
TRD0001964,2026-04-30,2026-05-13,SEC00292,CL798,PORT-067,6550.0,63.3,USD,Booked,Murex
TRD0001965,2026-05-07,2026-04-07,SEC00158,CL367,PORT-069,7301.0,53.62,GBP,Matched,SimCorp
TRD0001966,2026-05-06,2026-05-13,SEC00028,CL204,PORT-059,22238.0,67.1,GBP,Booked,Aladdin
TRD0001967,2026-04-23,2026-05-01,SEC00118,CL227,PORT-042,30187.0,81.86,GBP,Matched,Bloomberg AIM
TRD0001968,2026-05-17,2026-04-30,SEC00130,CL855,PORT-031,19422.0,88.91,JPY,Matched,Murex
TRD0001969,2026-04-28,2026-04-21,SEC00299,CL502,PORT-071,25495.0,82.94,INR,Unmatched,Murex
TRD0001970,2026-05-18,2026-04-14,SEC00301,CL575,PORT-069,3031.0,63.92,INR,Booked,Aladdin
TRD0001971,2026-05-18,2026-04-26,SEC00181,CL963,PORT-041,14253.0,87.83,USD,Matched,Murex
TRD0001972,2026-04-30,2026-04-17,SEC00304,CL154,PORT-059,3945.0,103.68,JPY,Matched,SimCorp
TRD0001973,2026-04-16,2026-04-26,SEC00139,CL285,PORT-032,23853.0,90.75,CAD,Booked,Murex
TRD0001974,2026-04-10,2026-05-02,SEC00131,CL849,PORT-059,6396.0,65.94,CAD,Matched,Bloomberg AIM
TRD0001975,2026-05-16,2026-05-14,SEC00267,CL585,PORT-008,8416.0,49.81,EUR,Unmatched,Murex
TRD0001976,2026-05-09,2026-05-12,SEC00213,CL124,PORT-072,21855.0,49.4,INR,Matched,SimCorp
TRD0001977,2026-05-01,2026-05-02,SEC00167,CL731,PORT-041,25964.0,52.54,INR,Unmatched,Bloomberg AIM
TRD0001978,2026-04-24,2026-05-19,SEC00146,CL224,PORT-048,16808.0,72.96,GBP,Matched,Bloomberg AIM
TRD0001979,2026-04-05,2026-05-07,SEC00225,CL803,PORT-015,22276.0,79.99,CAD,Booked,Aladdin
TRD0001980,2026-04-19,2026-05-01,SEC00241,CL817,PORT-042,22033.0,40.65,JPY,Unmatched,Murex
TRD0001981,2026-04-25,2026-04-30,SEC00156,CL841,PORT-001,16384.0,55.9,INR,Booked,Aladdin
TRD0001982,2026-05-17,2026-04-15,SEC00010,CL517,PORT-071,9790.0,72.61,INR,Matched,Murex
TRD0001983,2026-05-16,2026-04-08,SEC00032,CL340,PORT-060,22237.0,48.67,INR,Matched,Aladdin
TRD0001984,2026-05-13,2026-04-19,SEC00046,CL892,PORT-036,22598.0,77.62,CAD,Unmatched,Aladdin
TRD0001985,2026-04-20,2026-05-18,SEC00147,CL602,PORT-067,24705.0,59.88,CAD,Unmatched,SimCorp
TRD0001986,2026-05-05,2026-05-03,SEC00196,CL671,PORT-065,20340.0,51.77,GBP,Booked,Aladdin
TRD0001987,2026-05-09,2026-04-19,SEC00257,CL222,PORT-010,9236.0,67.94,JPY,Matched,Aladdin
TRD0001988,2026-04-19,2026-04-25,SEC00074,CL660,PORT-005,23178.0,76.5,JPY,Booked,Aladdin
TRD0001989,2026-04-13,2026-05-01,SEC00251,CL621,PORT-021,17990.0,49.55,CAD,Matched,SimCorp
TRD0001990,2026-04-30,2026-05-02,SEC00213,CL362,PORT-001,14379.0,61.26,GBP,Matched,SimCorp
TRD0001991,2026-04-10,2026-05-03,SEC00016,CL789,PORT-046,15790.0,78.55,EUR,Booked,Aladdin
TRD0001992,2026-04-16,2026-04-25,SEC00112,CL220,PORT-042,12823.0,51.07,INR,Matched,Aladdin
TRD0001993,2026-04-17,2026-05-13,SEC00096,CL746,PORT-043,24666.0,37.33,CAD,Matched,Bloomberg AIM
TRD0001994,2026-04-10,2026-04-28,SEC00283,CL964,PORT-006,7364.0,38.95,CAD,Matched,SimCorp
TRD0001995,2026-05-11,2026-05-12,SEC00294,CL609,PORT-073,10549.0,57.61,USD,Cancelled,Murex
TRD0001996,2026-04-15,2026-04-21,SEC00262,CL194,PORT-078,15534.0,42.04,CAD,Matched,Murex
TRD0001997,2026-04-06,2026-04-13,SEC00168,CL597,PORT-047,30103.0,59.04,INR,Matched,Aladdin
TRD0001998,2026-04-05,2026-04-29,SEC00157,CL575,PORT-001,25907.0,119.43,USD,Booked,Murex
TRD0001999,2026-04-23,2026-05-04,SEC00099,CL596,PORT-032,5694.0,41.16,USD,Booked,Bloomberg AIM
TRD0002000,2026-04-16,2026-04-09,SEC00247,CL345,PORT-057,28135.0,60.41,EUR,Booked,Murex
TRD0002001,2026-04-10,2026-04-22,SEC00027,CL662,PORT-060,28121.0,140.65,CAD,Booked,SimCorp
TRD0002002,2026-04-11,2026-05-02,SEC00086,CL337,PORT-020,9195.0,76.93,INR,Booked,Aladdin
TRD0002003,2026-04-09,2026-05-20,SEC00043,CL601,PORT-065,-911.0,58.63,JPY,Matched,Murex
TRD0002004,2026-04-12,2026-05-21,SEC00158,CL634,PORT-077,17458.0,63.12,JPY,Matched,Bloomberg AIM
TRD0002005,2026-05-02,2026-05-12,SEC00095,CL680,PORT-041,26418.0,77.5,GBP,Booked,Aladdin
TRD0002006,2026-04-17,2026-05-11,SEC00063,CL817,PORT-031,29934.0,120.73,CAD,Matched,Aladdin
TRD0002007,2026-05-01,2026-04-19,SEC00120,CL893,PORT-042,11469.0,55.38,USD,Unmatched,Aladdin
TRD0002008,2026-04-13,2026-04-29,SEC00275,CL798,PORT-003,31140.0,51.15,EUR,Booked,SimCorp
TRD0002009,2026-04-13,2026-04-07,SEC00178,CL815,PORT-042,1291.0,41.16,EUR,Matched,SimCorp
TRD0002010,2026-04-07,2026-04-27,SEC00263,CL881,PORT-003,15240.0,69.14,CAD,Booked,SimCorp
TRD0002011,2026-04-23,2026-04-11,SEC00292,CL317,PORT-003,14871.0,40.77,JPY,Matched,Murex
TRD0002012,2026-04-28,2026-04-27,SEC00288,CL363,PORT-044,26643.0,56.69,INR,Matched,Murex
TRD0002013,2026-05-12,2026-05-05,SEC00112,CL579,PORT-041,27737.0,48.52,CAD,Booked,Bloomberg AIM
TRD0002014,2026-04-21,2026-04-19,SEC00280,CL518,PORT-078,25157.0,97.12,EUR,Booked,Bloomberg AIM
TRD0002015,2026-04-24,2026-05-01,SEC00291,CL731,PORT-041,7871.0,55.82,CAD,Unmatched,Murex
TRD0002016,2026-04-26,2026-05-09,SEC00307,CL108,PORT-078,24470.0,76.63,USD,Booked,SimCorp
TRD0002017,2026-04-19,2026-04-30,SEC00112,CL224,PORT-064,21818.0,38.04,INR,Matched,Bloomberg AIM
TRD0002018,2026-04-11,2026-04-22,SEC00073,CL771,PORT-027,5466.0,69.83,INR,Matched,Bloomberg AIM
TRD0002019,2026-05-13,2026-05-05,SEC00186,CL838,PORT-074,2497.0,43.77,INR,Booked,SimCorp
TRD0002020,2026-04-30,2026-04-20,SEC00298,CL371,PORT-039,25785.0,57.46,USD,Matched,Murex
TRD0002021,2026-04-17,2026-04-07,SEC00288,CL379,PORT-048,16649.0,144.59,CAD,Matched,Aladdin
TRD0002022,2026-04-13,2026-05-03,SEC00182,CL604,PORT-008,8361.0,92.41,INR,Booked,Aladdin
TRD0002023,2026-04-14,2026-05-08,SEC00047,CL528,PORT-017,16439.0,63.76,USD,Unmatched,SimCorp
TRD0002024,2026-04-14,2026-05-03,SEC00135,CL252,PORT-042,20730.0,204.31,JPY,Matched,Murex
TRD0002025,2026-04-11,2026-04-14,SEC00228,CL549,PORT-022,17379.0,48.41,INR,Matched,SimCorp
TRD0002026,2026-04-06,2026-05-13,SEC00179,CL836,PORT-048,6360.0,100.27,GBP,Booked,Aladdin
TRD0002027,2026-04-22,2026-04-08,SEC00110,CL755,PORT-007,32142.0,39.0,GBP,Booked,Murex
TRD0002028,2026-05-08,2026-05-03,SEC00109,CL834,PORT-020,25532.0,61.23,EUR,Matched,Aladdin
TRD0002029,2026-04-24,2026-04-14,SEC00019,CL678,PORT-053,15485.0,41.61,JPY,Matched,Aladdin
TRD0002030,2026-04-18,2026-04-16,SEC00092,CL888,PORT-049,15787.0,72.97,CAD,Booked,Murex
TRD0002031,2026-05-15,2026-04-16,SEC00214,CL324,PORT-078,20696.0,68.01,JPY,Matched,SimCorp
TRD0002032,2026-04-15,2026-04-11,SEC00077,CL141,PORT-072,9528.0,59.88,INR,Matched,Aladdin
TRD0002033,2026-04-25,2026-05-13,SEC00317,CL202,PORT-065,20420.0,97.73,INR,Booked,SimCorp
TRD0002034,2026-04-07,2026-04-25,SEC00026,CL992,PORT-001,8020.0,54.68,INR,Matched,Bloomberg AIM
TRD0002035,2026-05-10,2026-05-17,SEC00188,CL675,PORT-048,17471.0,74.77,GBP,Matched,Murex
TRD0002036,2026-04-09,2026-05-08,SEC00158,CL322,PORT-019,9236.0,88.87,INR,Matched,Aladdin
TRD0002037,2026-04-29,2026-05-20,SEC00266,CL867,PORT-022,9614.0,39.68,EUR,Matched,SimCorp
TRD0002038,2026-04-24,2026-04-21,SEC00284,CL378,PORT-017,30343.0,51.32,JPY,Matched,Bloomberg AIM
TRD0002039,2026-04-20,2026-04-24,SEC00173,CL636,PORT-037,18444.0,67.96,EUR,Unmatched,Bloomberg AIM
TRD0002040,2026-04-23,2026-04-18,SEC00201,CL324,PORT-010,19556.0,83.14,CAD,Matched,Bloomberg AIM
TRD0002041,2026-04-09,2026-05-14,SEC00223,CL185,PORT-043,2915.0,109.67,INR,Booked,SimCorp
TRD0002042,2026-05-12,2026-05-07,SEC00166,CL340,PORT-014,13522.0,61.83,JPY,Matched,Murex
TRD0002043,2026-04-17,2026-04-21,SEC00059,CL305,PORT-040,21459.0,59.69,GBP,Unmatched,Aladdin
TRD0002044,2026-04-06,2026-04-14,SEC00137,CL596,PORT-050,19456.0,49.14,JPY,Unmatched,Murex
TRD0002045,2026-05-10,2026-04-12,SEC00077,CL118,PORT-015,1845.0,74.85,INR,Booked,Murex
TRD0002046,2026-05-08,2026-05-18,SEC00148,CL315,PORT-009,19554.0,60.1,EUR,Booked,Bloomberg AIM
TRD0002047,2026-04-28,2026-05-03,SEC00196,CL610,PORT-064,20749.0,60.59,INR,Booked,SimCorp
TRD0002048,2026-04-17,2026-05-21,SEC00066,CL454,PORT-059,27628.0,64.53,EUR,Unmatched,SimCorp
TRD0002049,2026-04-06,2026-04-15,SEC00079,CL671,PORT-021,13086.0,80.89,USD,Unmatched,SimCorp
TRD0002050,2026-04-14,2026-05-16,SEC00263,CL689,PORT-071,1184.0,54.75,INR,Matched,Aladdin
TRD0002051,2026-04-14,2026-04-15,SEC00120,CL967,PORT-018,10524.0,50.89,INR,Booked,Aladdin
TRD0002052,2026-04-30,2026-05-14,SEC00063,CL851,PORT-074,9772.0,77.56,GBP,Unmatched,Bloomberg AIM
TRD0002053,2026-04-20,2026-05-21,SEC00228,CL305,PORT-009,23525.0,23.13,JPY,Booked,Bloomberg AIM
TRD0002054,2026-05-10,2026-04-12,SEC00229,CL722,PORT-053,-2376.0,53.99,INR,Matched,SimCorp
TRD0002055,2026-04-29,2026-05-02,SEC00264,CL663,PORT-002,14637.0,44.57,INR,Booked,SimCorp
TRD0002056,2026-05-11,2026-05-02,SEC00243,CL634,PORT-016,28693.0,101.61,CAD,Matched,Aladdin
TRD0002057,2026-05-18,2026-04-22,SEC00317,CL818,PORT-032,18054.0,57.15,CAD,Matched,Murex
TRD0002058,2026-04-11,2026-05-09,SEC00183,CL232,PORT-007,24722.0,54.8,GBP,Booked,Murex
TRD0002059,2026-04-13,2026-04-20,SEC00091,CL437,PORT-037,5687.0,65.56,EUR,Booked,Aladdin
TRD0002060,2026-04-27,2026-05-02,SEC00276,CL833,PORT-019,5985.0,54.14,USD,Matched,SimCorp
TRD0002061,2026-05-19,2026-05-09,SEC00084,CL902,PORT-008,28779.0,57.92,JPY,Booked,Bloomberg AIM
TRD0002062,2026-05-15,2026-05-04,SEC00093,CL133,PORT-076,18759.0,68.99,JPY,Matched,Aladdin
TRD0002063,2026-05-14,2026-05-21,SEC00265,CL523,PORT-078,18775.0,57.53,INR,Booked,Aladdin
TRD0002064,2026-04-17,2026-05-08,SEC00282,CL337,PORT-077,9614.0,57.38,USD,Booked,Murex
TRD0002065,2026-05-10,2026-04-25,SEC00108,CL250,PORT-013,18756.0,46.83,INR,Booked,Aladdin
TRD0002066,2026-05-08,2026-05-15,SEC00233,CL151,PORT-031,9405.0,44.53,INR,Matched,Bloomberg AIM
TRD0002067,2026-04-11,2026-05-16,SEC00295,CL583,PORT-026,26902.0,68.12,INR,Matched,Murex
TRD0002068,2026-04-10,2026-04-22,SEC00255,CL700,PORT-026,38459.0,74.24,JPY,Booked,Bloomberg AIM
TRD0002069,2026-04-15,2026-05-02,SEC00001,CL577,PORT-033,21630.0,40.45,USD,Matched,SimCorp
TRD0002070,2026-05-06,2026-05-15,SEC00212,CL431,PORT-041,13238.0,87.01,GBP,Booked,Aladdin
TRD0002071,2026-04-23,2026-04-18,SEC00054,CL793,PORT-039,-1002.0,87.13,JPY,Matched,Bloomberg AIM
TRD0002072,2026-05-10,2026-04-17,SEC00270,CL686,PORT-024,5367.0,93.8,JPY,Booked,SimCorp
TRD0002073,2026-04-11,2026-05-20,SEC00021,CL916,PORT-078,29661.0,74.07,JPY,Unmatched,Murex
TRD0002074,2026-05-16,2026-05-12,SEC00317,CL411,PORT-078,10281.0,83.34,JPY,Booked,Bloomberg AIM
TRD0002075,2026-04-16,2026-05-05,SEC00056,CL314,PORT-027,15219.0,143.27,JPY,Matched,Aladdin
TRD0002076,2026-04-26,2026-04-19,SEC00134,CL509,PORT-018,22915.0,60.01,EUR,Matched,SimCorp
TRD0002077,2026-04-15,2026-05-18,SEC00074,CL555,PORT-043,29117.0,46.25,JPY,Matched,Bloomberg AIM
TRD0002078,2026-04-29,2026-04-15,SEC00260,CL511,PORT-030,16503.0,38.98,EUR,Matched,Bloomberg AIM
TRD0002079,2026-05-12,2026-05-07,SEC00125,CL848,PORT-078,14965.0,123.28,GBP,Booked,Bloomberg AIM
TRD0002080,2026-04-16,2026-05-16,SEC00238,CL140,PORT-034,18537.0,123.85,GBP,Booked,Aladdin
TRD0002081,2026-04-21,2026-04-13,SEC00021,CL574,PORT-004,13293.0,48.25,INR,Unmatched,Aladdin
TRD0002082,2026-04-29,2026-05-18,UNKNOWN,CL486,PORT-010,13696.0,51.7,CAD,Unmatched,Aladdin
TRD0002083,2026-05-03,2026-05-16,SEC00291,CL289,PORT-006,21089.0,59.54,JPY,Matched,Bloomberg AIM
TRD0002084,2026-05-04,2026-04-09,SEC00296,CL676,PORT-031,19390.0,102.36,USD,Matched,Aladdin
TRD0002085,2026-04-28,2026-04-28,SEC00066,CL820,PORT-026,33987.0,42.5,INR,Matched,Murex
TRD0002086,2026-05-08,2026-05-01,SEC00126,CL590,PORT-068,21291.0,33.5,EUR,Matched,SimCorp
TRD0002087,2026-05-07,2026-04-21,SEC00130,CL176,PORT-071,26634.0,142.4,USD,Unmatched,SimCorp
TRD0002088,2026-05-07,2026-04-23,SEC00180,CL167,PORT-012,9965.0,74.39,EUR,Unmatched,Aladdin
TRD0002089,2026-05-19,2026-04-24,SEC00171,CL479,PORT-075,21939.0,78.18,CAD,Booked,SimCorp
TRD0002090,2026-04-08,2026-05-20,SEC00033,CL700,PORT-047,12578.0,62.07,GBP,Matched,Murex
TRD0002091,2026-05-09,2026-04-27,SEC00244,CL381,PORT-025,20966.0,78.49,EUR,Matched,Aladdin
TRD0002092,2026-05-12,2026-05-09,SEC00072,CL377,PORT-033,23164.0,39.25,USD,Booked,Bloomberg AIM
TRD0002093,2026-05-13,2026-04-15,SEC00100,CL873,PORT-035,18374.0,49.68,JPY,Matched,Aladdin
TRD0002094,2026-04-05,2026-04-29,SEC00269,CL112,PORT-014,36055.0,69.19,INR,Matched,Aladdin
TRD0002095,2026-04-28,2026-05-16,SEC00220,CL171,PORT-069,28710.0,30.12,GBP,Booked,Bloomberg AIM
TRD0002096,2026-05-05,2026-04-12,SEC00126,CL239,PORT-001,26829.0,59.99,USD,Matched,Bloomberg AIM
TRD0002097,2026-05-01,2026-05-09,SEC00291,CL984,PORT-006,23732.0,58.71,GBP,Booked,Bloomberg AIM
TRD0002098,2026-05-16,2026-05-09,SEC00126,CL547,PORT-022,31225.0,59.98,JPY,Booked,Aladdin
TRD0002099,2026-05-05,2026-04-09,SEC00180,CL242,PORT-012,7223.0,54.99,USD,Matched,Aladdin
TRD0002100,2026-05-08,2026-04-17,SEC00078,CL379,PORT-005,28277.0,47.06,EUR,Matched,SimCorp
TRD0002101,2026-04-13,2026-04-13,SEC00058,CL971,PORT-031,10566.0,35.24,USD,Matched,Aladdin
TRD0002102,2026-05-17,2026-04-22,SEC00157,CL724,PORT-030,13767.0,70.15,GBP,Booked,Murex
TRD0002103,2026-04-30,2026-04-11,SEC00180,CL301,PORT-010,22210.0,60.04,EUR,Matched,SimCorp
TRD0002104,2026-04-14,2026-05-16,SEC00257,CL316,PORT-065,27249.0,41.21,EUR,Booked,Bloomberg AIM
TRD0002105,2026-04-12,2026-04-25,SEC00125,CL167,PORT-070,9348.0,68.16,USD,Unmatched,Aladdin
TRD0002106,2026-04-26,2026-05-08,SEC00286,CL794,PORT-057,14156.0,60.15,INR,Booked,Bloomberg AIM
TRD0002107,2026-05-09,2026-05-04,SEC00194,CL223,PORT-042,-18731.0,56.75,GBP,Unmatched,Aladdin
TRD0002108,2026-05-04,2026-05-11,SEC00022,CL357,PORT-075,16602.0,31.35,CAD,Booked,SimCorp
TRD0002109,2026-05-09,2026-05-12,SEC00236,CL413,PORT-028,24405.0,84.69,GBP,Booked,SimCorp
TRD0002110,2026-04-20,2026-05-02,SEC00183,CL658,PORT-034,43769.0,43.31,EUR,Matched,Aladdin
TRD0002111,2026-05-06,2026-04-10,SEC00124,CL645,PORT-002,21145.0,68.18,EUR,Matched,Aladdin
TRD0002112,2026-04-21,2026-04-23,SEC00149,CL818,PORT-056,12486.0,50.25,CAD,Unmatched,Murex
TRD0002113,2026-04-20,2026-05-06,SEC00096,CL367,PORT-008,8276.0,58.2,JPY,Matched,SimCorp
TRD0002114,2026-04-07,2026-05-02,SEC00196,CL446,PORT-053,15561.0,99.81,EUR,Booked,Bloomberg AIM
TRD0002115,2026-05-03,2026-04-28,SEC00181,CL449,PORT-062,10948.0,80.32,JPY,Booked,Bloomberg AIM
TRD0002116,2026-04-06,2026-05-10,SEC00143,CL142,PORT-018,21507.0,99.04,JPY,Matched,Bloomberg AIM
TRD0002117,2026-05-01,2026-04-28,SEC00091,CL763,PORT-049,21390.0,74.86,USD,Booked,Bloomberg AIM
TRD0002118,2026-04-19,2026-04-20,SEC00127,CL581,PORT-024,14526.0,76.6,INR,Unmatched,Murex
TRD0002119,2026-04-20,2026-05-11,SEC00159,CL527,PORT-032,32887.0,35.75,USD,Matched,Bloomberg AIM
TRD0002120,2026-04-13,2026-04-25,SEC00151,CL994,PORT-042,12484.0,59.67,EUR,Matched,SimCorp
TRD0002121,2026-04-28,2026-04-20,SEC00098,CL260,PORT-020,17104.0,61.64,INR,Unmatched,SimCorp
TRD0002122,2026-04-14,2026-04-28,SEC00186,CL971,PORT-063,22794.0,102.34,GBP,Booked,Murex
TRD0002123,2026-05-04,2026-05-08,SEC00072,CL711,PORT-032,24690.0,55.86,EUR,Matched,SimCorp
TRD0002124,2026-04-27,2026-04-27,SEC00160,CL298,PORT-037,27582.0,73.16,USD,Unmatched,Bloomberg AIM
TRD0002125,2026-04-27,2026-04-16,SEC00038,CL709,PORT-065,21214.0,72.17,JPY,Matched,Murex
TRD0002126,2026-04-18,2026-05-12,SEC00151,CL779,PORT-018,25882.0,100.0,INR,Matched,Aladdin
TRD0002127,2026-04-22,2026-04-26,SEC00250,CL425,PORT-036,13012.0,63.64,EUR,Unmatched,Aladdin
TRD0002128,2026-05-16,2026-04-21,SEC00261,CL410,PORT-079,24886.0,89.1,GBP,Booked,Aladdin
TRD0002129,2026-04-13,2026-05-07,SEC00222,CL850,PORT-032,24785.0,36.72,GBP,Unmatched,Aladdin
TRD0002130,2026-04-15,2026-05-04,SEC00238,CL244,PORT-010,29347.0,37.91,CAD,Booked,Bloomberg AIM
TRD0002131,2026-05-15,2026-04-12,SEC00021,CL111,PORT-023,5487.0,29.99,INR,Matched,Bloomberg AIM
TRD0002132,2026-04-06,2026-05-05,SEC00109,CL698,PORT-076,11196.0,87.8,EUR,Booked,SimCorp
TRD0002133,2026-04-20,2026-04-25,SEC00209,CL914,PORT-060,24174.0,84.42,JPY,Matched,Aladdin
TRD0002134,2026-05-16,2026-05-15,SEC00256,CL550,PORT-064,-1885.0,91.28,CAD,Booked,Bloomberg AIM
TRD0002135,2026-04-27,2026-04-10,SEC00186,CL221,PORT-021,21690.0,52.61,GBP,Booked,Aladdin
TRD0002136,2026-04-12,2026-04-25,SEC00273,CL584,PORT-067,25949.0,54.75,USD,Booked,Bloomberg AIM
TRD0002137,2026-05-07,2026-04-17,SEC00087,CL326,PORT-032,13677.0,63.92,EUR,Booked,Murex
TRD0002138,2026-04-08,2026-04-24,SEC00049,CL843,PORT-063,14774.0,110.53,JPY,Matched,SimCorp
TRD0002139,2026-05-01,2026-05-06,SEC00027,CL650,PORT-070,9944.0,120.64,CAD,Booked,SimCorp
TRD0002140,2026-05-09,2026-05-06,SEC00186,CL402,PORT-017,14088.0,88.04,EUR,Booked,Bloomberg AIM
TRD0002141,2026-05-03,2026-04-20,SEC00212,CL661,PORT-075,14306.0,74.88,USD,Booked,Aladdin
TRD0002142,2026-04-26,2026-04-13,SEC00091,CL699,PORT-050,12879.0,106.42,EUR,Matched,Bloomberg AIM
TRD0002143,2026-04-19,2026-05-16,SEC00250,CL710,PORT-058,12467.0,60.97,GBP,Booked,SimCorp
TRD0002144,2026-04-08,2026-04-13,UNKNOWN,CL429,PORT-060,15967.0,58.16,USD,Booked,SimCorp
TRD0002145,2026-05-11,2026-04-14,SEC00115,CL612,PORT-014,15877.0,63.74,USD,Matched,Aladdin
TRD0002146,2026-04-06,2026-05-17,SEC00076,CL138,PORT-059,32056.0,47.34,JPY,Matched,Murex
TRD0002147,2026-04-26,2026-05-17,SEC00237,CL462,PORT-017,15044.0,62.72,INR,Matched,SimCorp
TRD0002148,2026-05-14,2026-04-20,SEC00214,CL439,PORT-022,20581.0,45.1,EUR,Booked,Aladdin
TRD0002149,2026-04-08,2026-04-14,SEC00054,CL580,PORT-010,13673.0,95.46,JPY,Unmatched,Murex
TRD0002150,2026-05-04,2026-05-04,SEC00081,CL954,PORT-015,13578.0,80.66,JPY,Matched,Murex
TRD0002151,2026-04-22,2026-04-23,SEC00155,CL957,PORT-078,5217.0,109.99,INR,Matched,Bloomberg AIM
TRD0002152,2026-04-18,2026-04-07,SEC00163,CL534,PORT-026,6215.0,37.7,CAD,Booked,Aladdin
TRD0002153,2026-05-19,2026-05-07,SEC00053,CL680,PORT-031,8948.0,129.75,CAD,Booked,Murex
TRD0002154,2026-05-10,2026-05-11,SEC00303,CL197,PORT-038,19378.0,38.46,EUR,Matched,Aladdin
TRD0002155,2026-04-19,2026-04-07,SEC00124,CL533,PORT-057,26071.0,43.84,CAD,Booked,Aladdin
TRD0002156,2026-05-05,2026-05-09,SEC00122,CL718,PORT-046,4600.0,53.66,USD,Matched,Bloomberg AIM
TRD0002157,2026-05-19,2026-04-30,SEC00019,CL713,PORT-043,13882.0,105.39,CAD,Booked,SimCorp
TRD0002158,2026-05-18,2026-05-02,SEC00280,CL966,PORT-067,7748.0,72.16,USD,Booked,Aladdin
TRD0002159,2026-04-12,2026-04-28,SEC00075,CL519,PORT-040,16018.0,61.23,USD,Booked,Bloomberg AIM
TRD0002160,2026-05-13,2026-05-09,SEC00315,CL916,PORT-061,26068.0,50.53,USD,Booked,SimCorp
TRD0002161,2026-05-15,2026-04-21,SEC00158,CL979,PORT-072,14648.0,41.2,USD,Matched,Murex
TRD0002162,2026-04-24,2026-04-20,SEC00279,CL614,PORT-054,17644.0,99.13,GBP,Booked,Aladdin
TRD0002163,2026-05-14,2026-05-12,SEC00057,CL182,PORT-003,28914.0,88.19,JPY,Matched,Murex
TRD0002164,2026-04-20,2026-04-30,SEC00053,CL438,PORT-021,21434.0,107.06,INR,Booked,Bloomberg AIM
TRD0002165,2026-04-25,2026-05-19,SEC00256,CL787,PORT-049,12299.0,76.62,USD,Matched,Aladdin
TRD0002166,2026-04-20,2026-05-12,SEC00262,CL622,PORT-038,19192.0,26.45,EUR,Unmatched,Bloomberg AIM
TRD0002167,2026-04-27,2026-04-07,SEC00173,CL941,PORT-023,11793.0,43.14,USD,Unmatched,Murex
TRD0002168,2026-04-14,2026-04-29,SEC00010,CL833,PORT-027,21154.0,78.47,USD,Matched,Aladdin
TRD0002169,2026-04-20,2026-04-23,SEC00301,CL156,PORT-007,21865.0,58.59,INR,Booked,Murex
TRD0002170,2026-05-01,2026-04-12,SEC00125,CL874,PORT-019,7746.0,54.84,JPY,Matched,SimCorp
TRD0002171,2026-05-19,2026-04-19,SEC00299,CL421,PORT-062,19314.0,45.33,EUR,Unmatched,Murex
TRD0002172,2026-05-07,2026-04-16,SEC00278,CL836,PORT-001,17118.0,92.91,EUR,Matched,Aladdin
TRD0002173,2026-05-14,2026-04-19,SEC00272,CL556,PORT-067,22085.0,78.23,CAD,Booked,Bloomberg AIM
TRD0002174,2026-05-19,2026-04-29,SEC00220,CL509,PORT-027,24235.0,79.47,JPY,Matched,Murex
TRD0002175,2026-05-07,2026-04-23,SEC00215,CL165,PORT-064,21581.0,53.42,EUR,Booked,SimCorp
TRD0002176,2026-05-10,2026-05-09,SEC00170,CL206,PORT-021,15726.0,70.93,CAD,Matched,Aladdin
TRD0002177,2026-05-16,2026-04-11,SEC00007,CL635,PORT-066,25000.0,41.75,EUR,Booked,SimCorp
TRD0002178,2026-05-05,2026-05-13,SEC00124,CL611,PORT-046,11452.0,63.72,EUR,Booked,Bloomberg AIM
TRD0002179,2026-04-27,2026-04-12,SEC00233,CL598,PORT-068,8096.0,27.53,INR,Matched,Bloomberg AIM
TRD0002180,2026-05-11,2026-04-12,SEC00259,CL240,PORT-005,-5965.0,38.52,JPY,Matched,SimCorp
TRD0002181,2026-05-07,2026-05-15,SEC00179,CL558,PORT-063,17474.0,59.57,USD,Matched,Murex
TRD0002182,2026-05-19,2026-04-20,SEC00227,CL154,PORT-022,11838.0,153.13,INR,Matched,Bloomberg AIM
TRD0002183,2026-05-17,2026-04-07,SEC00006,CL229,PORT-029,20983.0,35.51,EUR,Unmatched,Bloomberg AIM
TRD0002184,2026-05-12,2026-04-26,SEC00149,CL548,PORT-004,3216.0,43.15,INR,Matched,Murex
TRD0002185,2026-04-29,2026-05-06,SEC00162,CL654,PORT-076,13146.0,71.94,GBP,Cancelled,Murex
TRD0002186,2026-04-20,2026-04-12,SEC00285,CL689,PORT-051,21527.0,123.88,INR,Booked,SimCorp
TRD0002187,2026-04-14,2026-04-28,SEC00099,CL982,PORT-078,10276.0,71.58,CAD,Booked,SimCorp
TRD0002188,2026-04-21,2026-05-16,SEC00073,CL867,PORT-045,21069.0,85.26,INR,Unmatched,Bloomberg AIM
TRD0002189,2026-04-22,2026-05-10,UNKNOWN,CL441,PORT-013,13822.0,59.25,CAD,Booked,Bloomberg AIM
TRD0002190,2026-04-07,2026-04-21,SEC00054,CL803,PORT-027,17754.0,55.77,JPY,Unmatched,SimCorp
TRD0002191,2026-05-08,2026-05-01,SEC00178,CL185,PORT-035,22464.0,68.63,USD,Booked,Bloomberg AIM
TRD0002192,2026-04-14,2026-05-12,SEC00205,CL870,PORT-012,25146.0,52.96,JPY,Booked,Bloomberg AIM
TRD0002193,2026-04-07,2026-04-16,SEC00256,CL447,PORT-074,18694.0,85.93,GBP,Booked,Murex
TRD0002194,2026-04-24,2026-05-16,SEC00311,CL783,PORT-076,11895.0,38.01,INR,Matched,SimCorp
TRD0002195,2026-04-12,2026-05-12,SEC00023,CL972,PORT-045,14565.0,91.06,EUR,Matched,Murex
TRD0002196,2026-05-13,2026-05-01,SEC00079,CL732,PORT-047,22777.0,67.61,INR,Booked,Aladdin
TRD0002197,2026-04-10,2026-05-20,SEC00096,CL927,PORT-056,10341.0,61.86,GBP,Booked,Murex
TRD0002198,2026-04-24,2026-05-04,SEC00079,CL109,PORT-054,16665.0,37.52,INR,Booked,Aladdin
TRD0002199,2026-05-10,2026-04-11,SEC00264,CL253,PORT-005,15106.0,47.33,GBP,Booked,Murex
TRD0001451,2026-04-23,2026-05-17,SEC00209,CL262,PORT-032,21364.0,59.48,JPY,Matched,Bloomberg AIM
TRD0001334,2026-05-07,2026-05-01,SEC00134,CL727,PORT-053,21446.0,80.03,EUR,Booked,Murex
TRD0001761,2026-05-08,2026-05-02,SEC00298,CL907,PORT-018,27019.0,66.98,CAD,Booked,Bloomberg AIM
TRD0001735,2026-04-21,2026-04-09,SEC00315,CL874,PORT-070,29309.0,61.84,INR,Booked,Murex
TRD0001576,2026-04-24,2026-04-10,SEC00253,CL187,PORT-053,13375.0,75.2,INR,Booked,SimCorp
TRD0001110,2026-04-07,2026-05-15,SEC00104,CL566,PORT-049,10674.0,64.86,CAD,Unmatched,SimCorp
TRD0001594,2026-04-06,2026-04-13,SEC00218,CL794,PORT-014,23486.0,22.38,INR,Matched,Murex
TRD0000530,2026-04-17,2026-05-14,SEC00175,CL553,PORT-060,24298.0,93.1,EUR,Booked,Bloomberg AIM
TRD0000651,2026-04-24,2026-05-14,SEC00057,CL672,PORT-047,9112.0,94.73,GBP,Booked,SimCorp
TRD0000819,2026-04-14,2026-04-29,SEC00144,CL415,PORT-033,21940.0,83.32,JPY,Booked,SimCorp
TRD0000771,2026-05-12,2026-04-11,SEC00234,CL849,PORT-043,13773.0,43.3,INR,Matched,Murex
TRD0001878,2026-05-06,2026-05-05,SEC00205,CL121,PORT-010,14632.0,62.96,JPY,Matched,Aladdin
TRD0000915,2026-04-20,2026-04-30,SEC00052,CL540,PORT-005,33887.0,44.11,EUR,Matched,Murex
TRD0002015,2026-04-24,2026-05-01,SEC00291,CL731,PORT-041,7871.0,55.82,CAD,Unmatched,Murex
TRD0001876,2026-05-10,2026-04-28,SEC00159,CL876,PORT-077,21985.0,54.48,USD,Booked,SimCorp
TRD0000937,2026-04-13,2026-05-16,SEC00228,CL911,PORT-079,17947.0,45.02,CAD,Booked,Bloomberg AIM
TRD0001562,2026-05-14,2026-05-12,SEC00190,CL773,PORT-050,24039.0,126.97,GBP,Unmatched,SimCorp
TRD0000179,2026-04-29,2026-05-11,SEC00113,CL674,PORT-022,19458.0,55.37,EUR,Unmatched,Aladdin
